hole_id,mine_id,x,y,latitude,longitude,collar_elevation,depth_from,depth_to,sample_depth,sample_elevation,thickness,lithology,mn_grade,fe_grade,sio2,p_content,density,core_recovery_pct,sat_iron_oxide,sat_clay_index,is_synthetic
DH-01-001,MOIL-DB-01,-301.1,1081.71,21.557517,79.701277,341.6,0.0,11.6,5.8,335.8,11.6,Phyllite & Weathered Overburden,2.39,10.05,66.59,0.0401,2.8,79.8,2.676,2.6,True
DH-01-001,MOIL-DB-01,-301.1,1081.71,21.557517,79.701277,341.6,11.6,16.6,14.1,327.5,5.0,Phyllite & Weathered Overburden,2.33,11.82,50.35,0.05,2.65,91.8,2.768,2.353,True
DH-01-001,MOIL-DB-01,-301.1,1081.71,21.557517,79.701277,341.6,16.6,38.7,27.65,313.95,22.1,Quartz-Muscovite Schist,10.53,7.76,59.91,0.0517,3.03,95.9,1.866,2.6,True
DH-01-001,MOIL-DB-01,-301.1,1081.71,21.557517,79.701277,341.6,38.7,51.7,45.2,296.4,13.0,Quartz-Muscovite Schist,10.25,4.21,58.6,0.0737,2.95,90.2,1.562,2.437,True
DH-01-001,MOIL-DB-01,-301.1,1081.71,21.557517,79.701277,341.6,51.7,53.2,52.45,289.15,1.5,Quartz-Muscovite Schist,1.83,8.9,59.89,0.1014,3.02,95.9,2.176,2.6,True
DH-01-001,MOIL-DB-01,-301.1,1081.71,21.557517,79.701277,341.6,53.2,75.4,64.3,277.3,22.2,Quartz-Muscovite Schist,10.37,8.23,61.87,0.1263,3.04,95.6,2.627,2.517,True
DH-01-001,MOIL-DB-01,-301.1,1081.71,21.557517,79.701277,341.6,75.4,115.9,95.65,245.95,40.5,Calc-Silicate Granulite,3.24,3.11,59.31,0.1013,2.77,95.5,1.728,2.6,True
DH-01-002,MOIL-DB-01,362.58,995.9,21.556746,79.70772,347.5,0.0,6.3,3.15,344.35,6.3,Phyllite & Weathered Overburden,6.46,11.21,55.86,0.0532,2.69,99.0,2.627,2.532,True
DH-01-002,MOIL-DB-01,362.58,995.9,21.556746,79.70772,347.5,6.3,30.9,18.6,328.9,24.6,Gondite (Manganiferous Quartzite),24.42,12.18,34.83,0.1251,3.26,92.5,2.736,1.865,True
DH-01-002,MOIL-DB-01,362.58,995.9,21.556746,79.70772,347.5,30.9,32.3,31.6,315.9,1.4,High-Grade Braunite Ore,33.54,5.75,14.92,0.1809,3.85,94.5,1.886,1.284,True
DH-01-002,MOIL-DB-01,362.58,995.9,21.556746,79.70772,347.5,32.3,72.6,52.45,295.05,40.3,High-Grade Braunite Ore,44.55,8.52,12.24,0.2028,4.05,90.0,2.159,1.217,True
DH-01-002,MOIL-DB-01,362.58,995.9,21.556746,79.70772,347.5,72.6,99.4,86.0,261.5,26.8,Gondite (Manganiferous Quartzite),29.19,8.06,36.75,0.2035,3.32,88.0,1.987,1.916,True
DH-01-003,MOIL-DB-01,1062.98,-424.31,21.543988,79.71452,330.94,0.0,8.3,4.15,326.79,8.3,Phyllite & Weathered Overburden,6.99,6.04,67.95,0.0693,2.79,98.2,1.888,2.6,True
DH-01-003,MOIL-DB-01,1062.98,-424.31,21.543988,79.71452,330.94,8.3,31.4,19.85,311.09,23.1,Phyllite & Weathered Overburden,6.76,8.72,55.3,0.1008,2.64,88.6,2.076,2.459,True
DH-01-003,MOIL-DB-01,1062.98,-424.31,21.543988,79.71452,330.94,32.3,88.7,60.5,270.44,56.4,Calc-Silicate Granulite,9.93,6.29,71.64,0.1018,2.98,99.0,1.92,2.6,True
DH-01-003,MOIL-DB-01,1062.98,-424.31,21.543988,79.71452,330.94,88.7,127.3,108.0,222.94,38.6,Quartz-Muscovite Schist,4.92,4.54,65.65,0.1552,2.79,79.7,1.78,2.6,True
DH-01-004,MOIL-DB-01,810.5,421.66,21.551588,79.712069,341.76,0.0,18.8,9.4,332.36,18.8,Phyllite & Weathered Overburden,3.69,5.65,65.64,0.139,2.65,94.6,1.721,2.6,True
DH-01-004,MOIL-DB-01,810.5,421.66,21.551588,79.712069,341.76,18.8,38.7,28.75,313.01,19.9,Gondite (Manganiferous Quartzite),28.14,13.14,26.94,0.1523,3.69,88.4,2.887,1.699,True
DH-01-004,MOIL-DB-01,810.5,421.66,21.551588,79.712069,341.76,38.7,40.5,39.6,302.16,1.8,Banded Hematite-Manganese Quartzite,20.09,12.39,40.91,0.2504,3.32,97.8,2.603,2.148,True
DH-01-004,MOIL-DB-01,810.5,421.66,21.551588,79.712069,341.76,40.5,48.2,44.35,297.41,7.7,Gondite (Manganiferous Quartzite),29.04,13.26,38.07,0.1387,3.4,87.9,2.735,1.899,True
DH-01-004,MOIL-DB-01,810.5,421.66,21.551588,79.712069,341.76,48.2,59.7,53.95,287.81,11.5,Gondite (Manganiferous Quartzite),23.11,15.14,39.52,0.279,3.48,95.1,3.052,2.301,True
DH-01-004,MOIL-DB-01,810.5,421.66,21.551588,79.712069,341.76,59.7,64.0,61.85,279.91,4.3,Banded Hematite-Manganese Quartzite,18.32,13.16,29.07,0.3081,3.72,95.6,2.717,1.708,True
DH-01-004,MOIL-DB-01,810.5,421.66,21.551588,79.712069,341.76,64.0,73.0,68.5,273.26,9.0,Banded Hematite-Manganese Quartzite,30.07,11.43,47.23,0.3127,3.67,89.8,2.501,2.098,True
DH-01-005,MOIL-DB-01,-793.22,136.32,21.549025,79.696499,351.81,0.0,8.9,4.45,347.36,8.9,Phyllite & Weathered Overburden,7.94,5.96,61.3,0.1008,2.52,89.4,2.073,2.496,True
DH-01-005,MOIL-DB-01,-793.22,136.32,21.549025,79.696499,351.81,8.9,26.4,17.65,334.16,17.5,Phyllite & Weathered Overburden,6.28,5.57,45.12,0.1091,2.48,92.3,1.872,2.12,True
DH-01-005,MOIL-DB-01,-793.22,136.32,21.549025,79.696499,351.81,26.4,32.2,29.3,322.51,5.8,Quartz-Muscovite Schist,8.56,5.3,53.41,0.1776,2.99,95.0,1.801,2.385,True
DH-01-005,MOIL-DB-01,-793.22,136.32,21.549025,79.696499,351.81,32.2,37.4,34.8,317.01,5.2,Calc-Silicate Granulite,4.68,6.76,57.19,0.1576,2.76,90.0,2.038,2.586,True
DH-01-005,MOIL-DB-01,-793.22,136.32,21.549025,79.696499,351.81,37.4,40.8,39.1,312.71,3.4,Quartz-Muscovite Schist,8.84,3.97,52.92,0.176,2.94,89.6,1.762,2.401,True
DH-01-005,MOIL-DB-01,-793.22,136.32,21.549025,79.696499,351.81,40.8,45.4,43.1,308.71,4.6,Quartz-Muscovite Schist,9.31,4.76,54.06,0.0605,2.82,91.4,1.739,2.46,True
DH-01-005,MOIL-DB-01,-793.22,136.32,21.549025,79.696499,351.81,45.4,84.9,65.15,286.66,39.5,Calc-Silicate Granulite,2.49,4.28,70.56,0.133,2.86,99.0,1.86,2.6,True
DH-01-005,MOIL-DB-01,-793.22,136.32,21.549025,79.696499,351.81,84.9,126.6,105.75,246.06,41.7,Quartz-Muscovite Schist,2.0,6.96,53.49,0.0656,2.79,89.6,2.175,2.488,True
DH-01-006,MOIL-DB-01,359.46,-1084.66,21.538056,79.70769,352.46,0.0,10.4,5.2,347.26,10.4,Phyllite & Weathered Overburden,6.5,5.19,58.47,0.1434,2.63,85.8,1.534,2.6,True
DH-01-006,MOIL-DB-01,359.46,-1084.66,21.538056,79.70769,352.46,10.4,24.0,17.2,335.26,13.6,Phyllite & Weathered Overburden,5.21,8.82,66.65,0.0825,2.78,96.4,2.229,2.6,True
DH-01-006,MOIL-DB-01,359.46,-1084.66,21.538056,79.70769,352.46,24.0,55.3,39.65,312.81,31.3,Calc-Silicate Granulite,10.05,4.97,52.6,0.1406,2.9,94.9,1.752,2.439,True
DH-01-006,MOIL-DB-01,359.46,-1084.66,21.538056,79.70769,352.46,55.3,74.2,64.75,287.71,18.9,Quartz-Muscovite Schist,4.46,4.24,66.51,0.1549,3.05,88.7,1.462,2.6,True
DH-01-006,MOIL-DB-01,359.46,-1084.66,21.538056,79.70769,352.46,74.2,92.3,83.25,269.21,18.1,Quartz-Muscovite Schist,10.51,6.0,66.52,0.1481,2.69,96.7,2.125,2.6,True
DH-01-006,MOIL-DB-01,359.46,-1084.66,21.538056,79.70769,352.46,92.3,97.2,94.75,257.71,4.9,Quartz-Muscovite Schist,4.86,9.27,58.56,0.0514,3.01,99.0,2.318,2.512,True
DH-01-006,MOIL-DB-01,359.46,-1084.66,21.538056,79.70769,352.46,97.2,126.4,111.8,240.66,29.2,Quartz-Muscovite Schist,4.58,5.3,64.8,0.1478,2.97,92.0,2.022,2.6,True
DH-01-006,MOIL-DB-01,359.46,-1084.66,21.538056,79.70769,352.46,126.4,147.5,136.95,215.51,21.1,Quartz-Muscovite Schist,6.14,9.21,57.72,0.0652,2.71,89.8,2.444,2.6,True
DH-01-007,MOIL-DB-01,772.46,494.98,21.552246,79.7117,309.07,0.0,14.0,7.0,302.07,14.0,Phyllite & Weathered Overburden,4.45,9.96,56.08,0.0816,2.68,86.1,2.475,2.423,True
DH-01-007,MOIL-DB-01,772.46,494.98,21.552246,79.7117,309.07,14.0,34.5,24.25,284.82,20.5,Gondite (Manganiferous Quartzite),21.3,11.24,38.14,0.2682,3.62,86.5,2.688,2.063,True
DH-01-007,MOIL-DB-01,772.46,494.98,21.552246,79.7117,309.07,35.1,51.2,43.15,265.92,16.1,Gondite (Manganiferous Quartzite),24.21,8.66,37.15,0.2073,3.64,93.9,2.397,1.966,True
DH-01-007,MOIL-DB-01,772.46,494.98,21.552246,79.7117,309.07,51.2,52.2,51.7,257.37,1.0,Banded Hematite-Manganese Quartzite,18.56,15.4,46.14,0.1706,3.58,99.0,3.019,2.122,True
DH-01-007,MOIL-DB-01,772.46,494.98,21.552246,79.7117,309.07,52.2,53.9,53.05,256.02,1.7,Gondite (Manganiferous Quartzite),30.46,8.46,34.07,0.1414,3.38,86.8,2.153,1.92,True
DH-01-007,MOIL-DB-01,772.46,494.98,21.552246,79.7117,309.07,53.9,59.3,56.6,252.47,5.4,Banded Hematite-Manganese Quartzite,20.98,10.13,33.29,0.172,3.45,88.8,2.725,1.702,True
DH-01-008,MOIL-DB-01,-1017.12,1057.28,21.557298,79.694325,325.83,0.0,5.2,2.6,323.23,5.2,Phyllite & Weathered Overburden,2.18,7.64,63.64,0.1486,2.46,98.8,2.094,2.547,True
DH-01-008,MOIL-DB-01,-1017.12,1057.28,21.557298,79.694325,325.83,5.2,47.6,26.4,299.43,42.4,Phyllite & Weathered Overburden,8.79,10.89,64.28,0.0916,2.57,93.3,2.546,2.6,True
DH-01-008,MOIL-DB-01,-1017.12,1057.28,21.557298,79.694325,325.83,47.6,98.7,73.15,252.68,51.1,Quartz-Muscovite Schist,11.96,6.89,66.92,0.1728,2.99,84.0,2.106,2.6,True
DH-01-008,MOIL-DB-01,-1017.12,1057.28,21.557298,79.694325,325.83,98.7,106.3,102.5,223.33,7.6,Calc-Silicate Granulite,11.52,7.24,55.03,0.1373,2.9,93.2,1.981,2.442,True
DH-01-008,MOIL-DB-01,-1017.12,1057.28,21.557298,79.694325,325.83,106.3,113.9,110.1,215.73,7.6,Quartz-Muscovite Schist,6.96,8.97,62.14,0.1229,3.0,90.7,2.628,2.573,True
DH-01-009,MOIL-DB-01,-1130.92,612.33,21.553301,79.69322,336.02,0.0,70.7,35.35,300.67,70.7,Phyllite & Weathered Overburden,2.64,10.08,57.59,0.0896,2.76,96.8,2.494,2.357,True
DH-01-009,MOIL-DB-01,-1130.92,612.33,21.553301,79.69322,336.02,70.7,77.5,74.1,261.92,6.8,Quartz-Muscovite Schist,10.34,8.38,51.46,0.056,2.9,89.0,2.345,2.255,True
DH-01-009,MOIL-DB-01,-1130.92,612.33,21.553301,79.69322,336.02,77.5,78.7,78.1,257.92,1.2,Quartz-Muscovite Schist,5.09,6.76,60.12,0.126,2.81,88.2,1.909,2.6,True
DH-01-009,MOIL-DB-01,-1130.92,612.33,21.553301,79.69322,336.02,78.7,81.1,79.9,256.12,2.4,Quartz-Muscovite Schist,6.91,9.81,63.24,0.0791,2.98,85.5,2.678,2.579,True
DH-01-009,MOIL-DB-01,-1130.92,612.33,21.553301,79.69322,336.02,81.1,115.1,98.1,237.92,34.0,Calc-Silicate Granulite,7.26,6.74,57.83,0.1662,2.7,91.8,1.86,2.436,True
DH-01-009,MOIL-DB-01,-1130.92,612.33,21.553301,79.69322,336.02,115.1,125.0,120.05,215.97,9.9,Quartz-Muscovite Schist,6.87,4.1,58.3,0.0503,3.0,88.1,1.577,2.584,True
DH-01-009,MOIL-DB-01,-1130.92,612.33,21.553301,79.69322,336.02,125.0,127.4,126.2,209.82,2.4,Quartz-Muscovite Schist,7.13,9.47,55.19,0.1488,2.86,96.3,2.346,2.49,True
DH-01-010,MOIL-DB-01,599.08,-1126.87,21.537677,79.710016,348.36,0.0,1.8,0.9,347.46,1.8,Phyllite & Weathered Overburden,4.29,5.84,65.48,0.1053,2.67,99.0,2.0,2.6,True
DH-01-010,MOIL-DB-01,599.08,-1126.87,21.537677,79.710016,348.36,1.8,18.8,10.3,338.06,17.0,Phyllite & Weathered Overburden,2.61,8.76,58.5,0.122,2.57,99.0,2.237,2.505,True
DH-01-010,MOIL-DB-01,599.08,-1126.87,21.537677,79.710016,348.36,18.8,21.6,20.2,328.16,2.8,Quartz-Muscovite Schist,5.24,9.91,63.33,0.0808,2.69,88.9,2.242,2.6,True
DH-01-010,MOIL-DB-01,599.08,-1126.87,21.537677,79.710016,348.36,21.6,24.0,22.8,325.56,2.4,Calc-Silicate Granulite,3.46,5.0,53.81,0.1666,2.68,94.0,1.449,2.506,True
DH-01-010,MOIL-DB-01,599.08,-1126.87,21.537677,79.710016,348.36,24.0,28.7,26.35,322.01,4.7,Quartz-Muscovite Schist,10.08,4.81,53.76,0.1369,3.02,99.0,1.788,2.6,True
DH-01-010,MOIL-DB-01,599.08,-1126.87,21.537677,79.710016,348.36,28.7,33.6,31.15,317.21,4.9,Calc-Silicate Granulite,9.58,4.31,57.12,0.1053,2.85,84.4,1.67,2.501,True
DH-01-010,MOIL-DB-01,599.08,-1126.87,21.537677,79.710016,348.36,33.6,89.0,61.3,287.06,55.4,Quartz-Muscovite Schist,3.12,6.37,61.72,0.0567,2.78,95.8,2.116,2.6,True
DH-01-011,MOIL-DB-01,435.61,624.55,21.55341,79.708429,334.78,0.0,10.9,5.45,329.33,10.9,Gondite (Manganiferous Quartzite),20.67,11.03,46.31,0.2643,3.23,95.8,2.666,2.273,True
DH-01-011,MOIL-DB-01,435.61,624.55,21.55341,79.708429,334.78,10.9,41.6,26.25,308.53,30.7,High-Grade Braunite Ore,42.73,5.43,12.83,0.1614,4.29,89.5,2.002,1.096,True
DH-01-011,MOIL-DB-01,435.61,624.55,21.55341,79.708429,334.78,41.6,76.0,58.8,275.98,34.4,High-Grade Braunite Ore,47.17,9.0,17.49,0.1464,3.99,95.4,2.046,1.499,True
DH-01-011,MOIL-DB-01,435.61,624.55,21.55341,79.708429,334.78,76.0,80.9,78.45,256.33,4.9,Medium-Grade Pyrolusite Bed,32.31,5.65,16.51,0.129,3.92,99.0,2.043,1.481,True
DH-01-011,MOIL-DB-01,435.61,624.55,21.55341,79.708429,334.78,80.9,86.7,83.8,250.98,5.8,High-Grade Braunite Ore,40.39,9.49,19.03,0.1731,4.21,91.7,2.333,1.401,True
DH-01-011,MOIL-DB-01,435.61,624.55,21.55341,79.708429,334.78,86.7,95.0,90.85,243.93,8.3,Gondite (Manganiferous Quartzite),19.34,12.29,33.71,0.2114,3.53,92.9,3.013,2.181,True
DH-01-011,MOIL-DB-01,435.61,624.55,21.55341,79.708429,334.78,95.0,101.9,98.45,236.33,6.9,Gondite (Manganiferous Quartzite),23.32,14.18,25.28,0.2397,3.51,86.1,3.08,1.779,True
DH-01-012,MOIL-DB-01,-183.37,-508.97,21.543228,79.70242,335.75,0.0,2.7,1.35,334.4,2.7,Phyllite & Weathered Overburden,8.46,9.95,48.51,0.1034,2.64,89.4,2.342,2.445,True
DH-01-012,MOIL-DB-01,-183.37,-508.97,21.543228,79.70242,335.75,2.7,76.0,39.35,296.4,73.3,High-Grade Braunite Ore,40.18,5.07,21.82,0.1942,3.78,94.6,1.95,1.777,True
DH-01-012,MOIL-DB-01,-183.37,-508.97,21.543228,79.70242,335.75,76.0,84.9,80.45,255.3,8.9,High-Grade Braunite Ore,39.95,8.51,10.06,0.1134,3.96,92.4,2.2,1.27,True
DH-01-012,MOIL-DB-01,-183.37,-508.97,21.543228,79.70242,335.75,84.9,91.9,88.4,247.35,7.0,Banded Hematite-Manganese Quartzite,22.51,13.9,35.4,0.1649,3.45,78.5,2.901,1.884,True
DH-01-012,MOIL-DB-01,-183.37,-508.97,21.543228,79.70242,335.75,91.9,104.7,98.3,237.45,12.8,Gondite (Manganiferous Quartzite),22.71,12.64,39.54,0.1226,3.56,86.5,2.772,2.003,True
DH-01-012,MOIL-DB-01,-183.37,-508.97,21.543228,79.70242,335.75,104.7,131.1,117.9,217.85,26.4,Calc-Silicate Granulite,11.97,6.52,63.1,0.0587,2.95,89.1,2.044,2.6,True
DH-01-012,MOIL-DB-01,-183.37,-508.97,21.543228,79.70242,335.75,131.1,140.1,135.6,200.15,9.0,Calc-Silicate Granulite,6.46,6.95,51.45,0.1508,2.83,97.5,1.987,2.105,True
DH-01-012,MOIL-DB-01,-183.37,-508.97,21.543228,79.70242,335.75,140.1,150.3,145.2,190.55,10.2,Quartz-Muscovite Schist,7.38,4.09,54.0,0.162,3.03,86.4,1.5,2.365,True
DH-01-013,MOIL-DB-01,-1139.07,-825.23,21.540387,79.693141,340.8,0.0,24.0,12.0,328.8,24.0,Phyllite & Weathered Overburden,6.17,7.37,58.1,0.1376,2.62,95.1,2.385,2.6,True
DH-01-013,MOIL-DB-01,-1139.07,-825.23,21.540387,79.693141,340.8,24.0,31.1,27.55,313.25,7.1,Quartz-Muscovite Schist,7.83,8.65,71.18,0.1728,2.71,93.2,2.027,2.6,True
DH-01-013,MOIL-DB-01,-1139.07,-825.23,21.540387,79.693141,340.8,31.1,61.9,46.5,294.3,30.8,Gondite (Manganiferous Quartzite),29.03,8.98,45.16,0.2486,3.59,95.7,2.215,2.213,True
DH-01-013,MOIL-DB-01,-1139.07,-825.23,21.540387,79.693141,340.8,61.9,67.6,64.75,276.05,5.7,Banded Hematite-Manganese Quartzite,28.73,10.9,25.79,0.2861,3.39,90.2,2.469,1.762,True
DH-01-013,MOIL-DB-01,-1139.07,-825.23,21.540387,79.693141,340.8,67.6,122.5,95.05,245.75,54.9,Quartz-Muscovite Schist,9.69,3.8,62.45,0.1781,2.84,85.3,1.746,2.6,True
DH-01-014,MOIL-DB-01,29.9,580.05,21.553011,79.70449,339.94,0.0,13.1,6.55,333.39,13.1,Phyllite & Weathered Overburden,3.2,6.91,45.42,0.1406,2.45,99.0,1.819,2.253,True
DH-01-014,MOIL-DB-01,29.9,580.05,21.553011,79.70449,339.94,13.1,49.6,31.35,308.59,36.5,Gondite (Manganiferous Quartzite),20.68,8.09,28.15,0.3,3.68,99.0,2.319,1.866,True
DH-01-014,MOIL-DB-01,29.9,580.05,21.553011,79.70449,339.94,49.6,78.7,64.15,275.79,29.1,High-Grade Braunite Ore,34.06,7.09,10.56,0.0866,4.18,88.2,1.895,1.22,True
DH-01-014,MOIL-DB-01,29.9,580.05,21.553011,79.70449,339.94,78.7,92.8,85.75,254.19,14.1,Banded Hematite-Manganese Quartzite,23.06,10.31,33.18,0.2638,3.36,94.5,2.346,2.111,True
DH-01-014,MOIL-DB-01,29.9,580.05,21.553011,79.70449,339.94,92.8,94.3,93.55,246.39,1.5,Gondite (Manganiferous Quartzite),20.79,8.25,31.03,0.239,3.23,91.5,2.259,2.043,True
DH-01-015,MOIL-DB-01,-397.81,650.19,21.553641,79.700338,310.33,0.0,24.1,12.05,298.28,24.1,Phyllite & Weathered Overburden,2.53,5.54,45.05,0.1464,2.4,95.3,1.847,2.121,True
DH-01-015,MOIL-DB-01,-397.81,650.19,21.553641,79.700338,310.33,24.1,26.8,25.45,284.88,2.7,Quartz-Muscovite Schist,2.41,9.71,66.68,0.1331,2.95,98.8,2.565,2.6,True
DH-01-015,MOIL-DB-01,-397.81,650.19,21.553641,79.700338,310.33,26.8,34.9,30.85,279.48,8.1,Quartz-Muscovite Schist,10.99,7.53,65.25,0.0567,2.92,82.2,2.156,2.6,True
DH-01-015,MOIL-DB-01,-397.81,650.19,21.553641,79.700338,310.33,34.9,41.1,38.0,272.33,6.2,Calc-Silicate Granulite,9.18,4.35,52.54,0.1048,2.97,78.4,1.702,2.537,True
DH-01-015,MOIL-DB-01,-397.81,650.19,21.553641,79.700338,310.33,41.1,58.3,49.7,260.63,17.2,Gondite (Manganiferous Quartzite),26.45,10.92,37.9,0.2162,3.69,99.0,2.185,2.113,True
DH-01-016,MOIL-DB-01,729.54,92.16,21.548628,79.711283,338.08,0.0,3.2,1.6,336.48,3.2,Phyllite & Weathered Overburden,8.09,5.15,65.12,0.0982,2.78,88.6,1.558,2.6,True
DH-01-016,MOIL-DB-01,729.54,92.16,21.548628,79.711283,338.08,3.2,30.6,16.9,321.18,27.4,Phyllite & Weathered Overburden,4.81,8.36,59.43,0.1361,2.79,99.0,2.178,2.6,True
DH-01-016,MOIL-DB-01,729.54,92.16,21.548628,79.711283,338.08,30.6,80.8,55.7,282.38,50.2,Banded Hematite-Manganese Quartzite,19.44,10.84,31.61,0.1793,3.33,93.2,2.476,1.8,True
DH-01-016,MOIL-DB-01,729.54,92.16,21.548628,79.711283,338.08,80.8,116.2,98.5,239.58,35.4,Quartz-Muscovite Schist,8.64,4.53,70.9,0.1522,2.69,91.8,1.914,2.6,True
DH-01-016,MOIL-DB-01,729.54,92.16,21.548628,79.711283,338.08,116.2,131.2,123.7,214.38,15.0,Quartz-Muscovite Schist,3.25,9.94,55.1,0.1726,2.91,99.0,2.543,2.503,True
DH-01-017,MOIL-DB-01,-646.39,-776.33,21.540826,79.697924,316.02,0.0,15.3,7.65,308.37,15.3,Phyllite & Weathered Overburden,5.68,6.82,56.85,0.094,2.8,98.9,2.04,2.6,True
DH-01-017,MOIL-DB-01,-646.39,-776.33,21.540826,79.697924,316.02,15.3,36.5,25.9,290.12,21.2,Banded Hematite-Manganese Quartzite,29.63,14.88,35.52,0.1982,3.35,91.8,3.163,1.854,True
DH-01-017,MOIL-DB-01,-646.39,-776.33,21.540826,79.697924,316.02,36.5,42.1,39.3,276.72,5.6,High-Grade Braunite Ore,40.26,9.16,18.82,0.105,3.86,88.8,2.317,1.442,True
DH-01-017,MOIL-DB-01,-646.39,-776.33,21.540826,79.697924,316.02,42.1,44.4,43.25,272.77,2.3,High-Grade Braunite Ore,40.65,9.03,16.86,0.1659,4.05,95.2,2.484,1.423,True
DH-01-017,MOIL-DB-01,-646.39,-776.33,21.540826,79.697924,316.02,44.4,56.5,50.45,265.57,12.1,High-Grade Braunite Ore,39.18,5.29,11.92,0.1134,3.86,95.0,1.943,1.148,True
DH-01-017,MOIL-DB-01,-646.39,-776.33,21.540826,79.697924,316.02,56.5,58.3,57.4,258.62,1.8,High-Grade Braunite Ore,40.35,8.9,10.06,0.1912,3.85,93.7,2.395,1.344,True
DH-01-017,MOIL-DB-01,-646.39,-776.33,21.540826,79.697924,316.02,58.3,70.5,64.4,251.62,12.2,Medium-Grade Pyrolusite Bed,42.78,5.08,14.52,0.0615,4.23,88.6,1.551,1.276,True
DH-01-018,MOIL-DB-01,-1155.77,-162.62,21.546339,79.692979,347.01,0.0,6.3,3.15,343.86,6.3,Phyllite & Weathered Overburden,6.96,5.47,58.39,0.078,2.65,99.0,1.8,2.6,True
DH-01-018,MOIL-DB-01,-1155.77,-162.62,21.546339,79.692979,347.01,6.3,9.5,7.9,339.11,3.2,Phyllite & Weathered Overburden,6.78,8.12,51.29,0.1497,2.57,91.1,2.205,2.243,True
DH-01-018,MOIL-DB-01,-1155.77,-162.62,21.546339,79.692979,347.01,9.5,28.0,18.75,328.26,18.5,Phyllite & Weathered Overburden,7.56,9.86,50.08,0.0491,2.67,95.3,2.24,2.418,True
DH-01-018,MOIL-DB-01,-1155.77,-162.62,21.546339,79.692979,347.01,28.0,64.1,46.05,300.96,36.1,Quartz-Muscovite Schist,8.2,5.78,56.03,0.1779,2.81,93.8,1.908,2.477,True
DH-01-018,MOIL-DB-01,-1155.77,-162.62,21.546339,79.692979,347.01,64.1,86.8,75.45,271.56,22.7,Calc-Silicate Granulite,1.83,7.56,58.11,0.1624,2.84,94.8,2.197,2.6,True
DH-01-018,MOIL-DB-01,-1155.77,-162.62,21.546339,79.692979,347.01,87.3,93.1,90.2,256.81,5.8,Quartz-Muscovite Schist,8.08,3.92,50.72,0.1697,2.9,99.0,1.757,2.34,True
DH-01-019,MOIL-DB-01,-918.46,-899.55,21.539719,79.695283,339.28,0.0,15.7,7.85,331.43,15.7,Phyllite & Weathered Overburden,5.03,11.89,48.44,0.0911,2.67,96.5,2.736,2.277,True
DH-01-019,MOIL-DB-01,-918.46,-899.55,21.539719,79.695283,339.28,15.7,22.0,18.85,320.43,6.3,Gondite (Manganiferous Quartzite),30.38,15.26,41.66,0.2698,3.28,87.4,3.299,2.107,True
DH-01-019,MOIL-DB-01,-918.46,-899.55,21.539719,79.695283,339.28,22.0,31.7,26.85,312.43,9.7,Banded Hematite-Manganese Quartzite,24.27,9.68,32.96,0.2752,3.72,89.6,2.42,1.764,True
DH-01-019,MOIL-DB-01,-918.46,-899.55,21.539719,79.695283,339.28,31.7,57.5,44.6,294.68,25.8,Banded Hematite-Manganese Quartzite,30.71,9.61,40.94,0.2843,3.22,92.7,2.562,2.105,True
DH-01-019,MOIL-DB-01,-918.46,-899.55,21.539719,79.695283,339.28,57.5,63.4,60.45,278.83,5.9,Medium-Grade Pyrolusite Bed,41.24,7.58,17.36,0.1078,4.31,94.6,2.28,1.41,True
DH-01-019,MOIL-DB-01,-918.46,-899.55,21.539719,79.695283,339.28,63.4,97.3,80.35,258.93,33.9,Gondite (Manganiferous Quartzite),25.96,11.88,40.2,0.2306,3.53,99.0,2.669,2.198,True
DH-01-020,MOIL-DB-01,223.87,360.71,21.55104,79.706373,328.96,0.0,21.4,10.7,318.26,21.4,Gondite (Manganiferous Quartzite),27.35,9.83,47.92,0.315,3.56,86.9,2.359,2.33,True
DH-01-020,MOIL-DB-01,223.87,360.71,21.55104,79.706373,328.96,21.4,39.7,30.55,298.41,18.3,Medium-Grade Pyrolusite Bed,44.32,8.14,18.91,0.1281,3.92,99.0,2.2,1.284,True
DH-01-020,MOIL-DB-01,223.87,360.71,21.55104,79.706373,328.96,39.7,58.7,49.2,279.76,19.0,High-Grade Braunite Ore,44.28,9.0,15.06,0.1043,4.09,98.9,2.32,1.478,True
DH-01-020,MOIL-DB-01,223.87,360.71,21.55104,79.706373,328.96,58.7,77.6,68.15,260.81,18.9,High-Grade Braunite Ore,41.91,9.05,12.16,0.098,4.33,90.5,2.228,1.28,True
DH-01-020,MOIL-DB-01,223.87,360.71,21.55104,79.706373,328.96,77.6,93.0,85.3,243.66,15.4,High-Grade Braunite Ore,42.4,6.73,16.18,0.1175,4.09,86.4,1.985,1.326,True
DH-01-020,MOIL-DB-01,223.87,360.71,21.55104,79.706373,328.96,93.0,114.9,103.95,225.01,21.9,Gondite (Manganiferous Quartzite),21.36,13.25,32.48,0.2747,3.27,92.4,2.85,1.876,True
DH-01-020,MOIL-DB-01,223.87,360.71,21.55104,79.706373,328.96,114.9,117.7,116.3,212.66,2.8,Quartz-Muscovite Schist,10.2,6.02,55.47,0.1302,2.93,90.3,1.76,2.45,True
DH-01-021,MOIL-DB-01,-1111.99,567.36,21.552897,79.693404,338.19,0.0,45.6,22.8,315.39,45.6,Phyllite & Weathered Overburden,5.78,5.24,67.69,0.0535,2.49,88.9,1.877,2.6,True
DH-01-021,MOIL-DB-01,-1111.99,567.36,21.552897,79.693404,338.19,45.6,57.0,51.3,286.89,11.4,Calc-Silicate Granulite,2.58,7.09,65.14,0.1017,2.84,94.5,2.006,2.6,True
DH-01-021,MOIL-DB-01,-1111.99,567.36,21.552897,79.693404,338.19,57.0,72.1,64.55,273.64,15.1,Quartz-Muscovite Schist,5.1,6.73,52.77,0.0673,2.71,90.0,2.05,2.42,True
DH-01-021,MOIL-DB-01,-1111.99,567.36,21.552897,79.693404,338.19,72.1,88.3,80.2,257.99,16.2,Quartz-Muscovite Schist,3.14,4.64,71.19,0.0832,2.91,93.0,1.716,2.6,True
DH-01-021,MOIL-DB-01,-1111.99,567.36,21.552897,79.693404,338.19,88.3,102.2,95.25,242.94,13.9,Calc-Silicate Granulite,4.06,8.82,69.02,0.1499,2.7,94.5,2.395,2.6,True
DH-01-022,MOIL-DB-01,185.24,-363.42,21.544535,79.705998,312.96,0.0,47.4,23.7,289.26,47.4,Gondite (Manganiferous Quartzite),23.25,10.62,40.35,0.2816,3.62,98.9,2.676,2.023,True
DH-01-022,MOIL-DB-01,185.24,-363.42,21.544535,79.705998,312.96,47.4,66.1,56.75,256.21,18.7,High-Grade Braunite Ore,40.92,4.53,13.9,0.1186,3.96,99.0,1.612,1.208,True
DH-01-022,MOIL-DB-01,185.24,-363.42,21.544535,79.705998,312.96,66.1,86.1,76.1,236.86,20.0,Gondite (Manganiferous Quartzite),21.09,10.99,30.23,0.1346,3.53,80.8,2.737,1.917,True
DH-01-022,MOIL-DB-01,185.24,-363.42,21.544535,79.705998,312.96,86.1,91.2,88.65,224.31,5.1,Gondite (Manganiferous Quartzite),24.75,11.83,25.59,0.1882,3.41,82.9,2.577,1.776,True
DH-01-022,MOIL-DB-01,185.24,-363.42,21.544535,79.705998,312.96,91.2,101.5,96.35,216.61,10.3,Quartz-Muscovite Schist,7.88,8.35,67.89,0.1434,3.03,91.1,2.206,2.6,True
DH-01-022,MOIL-DB-01,185.24,-363.42,21.544535,79.705998,312.96,101.5,113.9,107.7,205.26,12.4,Calc-Silicate Granulite,6.6,4.8,56.27,0.0899,2.97,94.0,1.883,2.316,True
DH-01-022,MOIL-DB-01,185.24,-363.42,21.544535,79.705998,312.96,113.9,116.5,115.2,197.76,2.6,Quartz-Muscovite Schist,9.02,4.91,59.1,0.0658,2.72,99.0,1.668,2.6,True
DH-01-023,MOIL-DB-01,-943.5,161.55,21.549251,79.69504,317.83,0.4,13.6,7.0,310.83,13.2,Phyllite & Weathered Overburden,5.61,9.15,63.26,0.1111,2.47,90.7,2.378,2.6,True
DH-01-023,MOIL-DB-01,-943.5,161.55,21.549251,79.69504,317.83,13.6,17.5,15.55,302.28,3.9,Phyllite & Weathered Overburden,7.39,8.9,50.88,0.0732,2.69,94.9,2.377,2.443,True
DH-01-023,MOIL-DB-01,-943.5,161.55,21.549251,79.69504,317.83,17.5,58.2,37.85,279.98,40.7,Calc-Silicate Granulite,5.95,4.07,55.18,0.163,2.84,92.7,1.811,2.345,True
DH-01-023,MOIL-DB-01,-943.5,161.55,21.549251,79.69504,317.83,58.2,82.1,70.15,247.68,23.9,Quartz-Muscovite Schist,3.92,4.44,64.04,0.0834,2.9,88.9,1.855,2.575,True
DH-01-023,MOIL-DB-01,-943.5,161.55,21.549251,79.69504,317.83,82.1,99.5,90.8,227.03,17.4,Quartz-Muscovite Schist,9.11,3.11,57.5,0.1564,2.89,90.6,1.873,2.6,True
DH-01-023,MOIL-DB-01,-943.5,161.55,21.549251,79.69504,317.83,99.5,127.2,113.35,204.48,27.7,Quartz-Muscovite Schist,4.28,7.52,63.11,0.1022,2.8,98.2,2.314,2.548,True
DH-01-023,MOIL-DB-01,-943.5,161.55,21.549251,79.69504,317.83,127.2,155.9,141.55,176.28,28.7,Quartz-Muscovite Schist,2.23,7.48,55.97,0.1271,2.92,84.3,2.103,2.474,True
DH-01-024,MOIL-DB-01,-743.22,-1074.39,21.538149,79.696984,323.92,0.0,5.4,2.7,321.22,5.4,Phyllite & Weathered Overburden,6.83,6.41,57.32,0.0506,2.58,97.5,1.89,2.6,True
DH-01-024,MOIL-DB-01,-743.22,-1074.39,21.538149,79.696984,323.92,5.4,15.8,10.6,313.32,10.4,Gondite (Manganiferous Quartzite),21.05,11.19,28.51,0.3185,3.71,92.7,2.691,1.836,True
DH-01-024,MOIL-DB-01,-743.22,-1074.39,21.538149,79.696984,323.92,15.8,41.8,28.8,295.12,26.0,High-Grade Braunite Ore,37.88,8.28,11.53,0.1922,4.21,87.6,2.268,1.122,True
DH-01-024,MOIL-DB-01,-743.22,-1074.39,21.538149,79.696984,323.92,41.8,50.6,46.2,277.72,8.8,High-Grade Braunite Ore,34.07,6.48,15.37,0.1561,4.04,96.2,2.087,1.338,True
DH-01-024,MOIL-DB-01,-743.22,-1074.39,21.538149,79.696984,323.92,50.6,65.7,58.15,265.77,15.1,High-Grade Braunite Ore,39.15,9.15,11.4,0.1908,3.95,95.0,2.414,1.282,True
DH-01-024,MOIL-DB-01,-743.22,-1074.39,21.538149,79.696984,323.92,65.7,86.1,75.9,248.02,20.4,Medium-Grade Pyrolusite Bed,39.89,5.37,18.34,0.1154,4.33,94.4,1.758,1.533,True
DH-01-024,MOIL-DB-01,-743.22,-1074.39,21.538149,79.696984,323.92,86.1,89.9,88.0,235.92,3.8,Banded Hematite-Manganese Quartzite,29.21,15.38,36.2,0.2413,3.62,86.7,3.124,1.803,True
DH-01-025,MOIL-DB-01,-317.92,-1036.39,21.53849,79.701113,306.29,0.0,5.2,2.6,303.69,5.2,Phyllite & Weathered Overburden,7.96,5.0,45.41,0.1063,2.55,81.9,1.78,2.312,True
DH-01-025,MOIL-DB-01,-317.92,-1036.39,21.53849,79.701113,306.29,5.2,7.9,6.55,299.74,2.7,Phyllite & Weathered Overburden,3.34,6.48,56.15,0.123,2.65,88.5,1.921,2.33,True
DH-01-025,MOIL-DB-01,-317.92,-1036.39,21.53849,79.701113,306.29,7.9,18.0,12.95,293.34,10.1,Banded Hematite-Manganese Quartzite,26.99,12.94,39.56,0.1658,3.33,89.5,2.946,1.971,True
DH-01-025,MOIL-DB-01,-317.92,-1036.39,21.53849,79.701113,306.29,18.0,38.6,28.3,277.99,20.6,Gondite (Manganiferous Quartzite),29.02,13.79,43.22,0.201,3.56,85.4,2.981,1.917,True
DH-01-025,MOIL-DB-01,-317.92,-1036.39,21.53849,79.701113,306.29,38.6,50.4,44.5,261.79,11.8,High-Grade Braunite Ore,40.24,9.32,12.98,0.0814,3.97,87.0,2.423,1.408,True
DH-01-025,MOIL-DB-01,-317.92,-1036.39,21.53849,79.701113,306.29,50.4,56.8,53.6,252.69,6.4,High-Grade Braunite Ore,42.53,6.12,20.01,0.1607,3.83,91.9,1.756,1.396,True
DH-01-025,MOIL-DB-01,-317.92,-1036.39,21.53849,79.701113,306.29,56.8,60.7,58.75,247.54,3.9,Medium-Grade Pyrolusite Bed,48.26,5.25,11.53,0.1983,3.86,97.1,2.02,1.283,True
DH-01-025,MOIL-DB-01,-317.92,-1036.39,21.53849,79.701113,306.29,60.7,64.9,62.8,243.49,4.2,High-Grade Braunite Ore,41.62,9.28,11.6,0.0763,4.13,91.6,2.33,1.193,True
DH-01-026,MOIL-DB-01,674.81,780.32,21.55481,79.710752,329.77,0.0,6.2,3.1,326.67,6.2,Phyllite & Weathered Overburden,7.16,8.59,60.65,0.0446,2.43,92.9,2.296,2.596,True
DH-01-026,MOIL-DB-01,674.81,780.32,21.55481,79.710752,329.77,6.2,13.9,10.05,319.72,7.7,Banded Hematite-Manganese Quartzite,18.16,15.65,41.96,0.1907,3.36,86.8,3.337,2.033,True
DH-01-026,MOIL-DB-01,674.81,780.32,21.55481,79.710752,329.77,13.9,48.0,30.95,298.82,34.1,Medium-Grade Pyrolusite Bed,42.38,4.99,17.92,0.1823,3.87,85.7,1.915,1.543,True
DH-01-026,MOIL-DB-01,674.81,780.32,21.55481,79.710752,329.77,48.0,56.8,52.4,277.37,8.8,Medium-Grade Pyrolusite Bed,38.74,7.58,19.3,0.163,4.04,92.3,2.05,1.544,True
DH-01-026,MOIL-DB-01,674.81,780.32,21.55481,79.710752,329.77,56.8,58.9,57.85,271.92,2.1,High-Grade Braunite Ore,41.44,8.24,19.74,0.165,3.78,89.0,2.314,1.443,True
DH-01-026,MOIL-DB-01,674.81,780.32,21.55481,79.710752,329.77,58.9,92.5,75.7,254.07,33.6,High-Grade Braunite Ore,36.02,6.7,17.36,0.2109,3.86,93.5,2.004,1.368,True
DH-01-027,MOIL-DB-01,-513.82,758.27,21.554612,79.699211,348.07,0.0,31.6,15.8,332.27,31.6,Phyllite & Weathered Overburden,7.24,8.9,49.15,0.0459,2.53,96.5,2.435,2.222,True
DH-01-027,MOIL-DB-01,-513.82,758.27,21.554612,79.699211,348.07,31.6,77.9,54.75,293.32,46.3,Quartz-Muscovite Schist,9.14,3.76,65.08,0.0619,3.04,87.1,1.49,2.6,True
DH-01-027,MOIL-DB-01,-513.82,758.27,21.554612,79.699211,348.07,77.9,91.0,84.45,263.62,13.1,Quartz-Muscovite Schist,9.31,7.28,52.33,0.0697,2.69,93.0,1.845,2.495,True
DH-01-027,MOIL-DB-01,-513.82,758.27,21.554612,79.699211,348.07,91.0,140.0,115.5,232.57,49.0,Quartz-Muscovite Schist,3.19,6.91,67.86,0.1464,3.0,93.7,1.935,2.6,True
DH-01-027,MOIL-DB-01,-513.82,758.27,21.554612,79.699211,348.07,140.0,143.1,141.55,206.52,3.1,Quartz-Muscovite Schist,9.29,8.71,63.53,0.1394,2.8,99.0,2.411,2.6,True
DH-01-028,MOIL-DB-01,835.31,815.91,21.555129,79.71231,346.63,0.0,7.6,3.8,342.83,7.6,Phyllite & Weathered Overburden,4.14,11.14,67.92,0.0805,2.58,83.5,2.68,2.6,True
DH-01-028,MOIL-DB-01,835.31,815.91,21.555129,79.71231,346.63,7.6,16.7,12.15,334.48,9.1,Phyllite & Weathered Overburden,4.89,9.87,45.07,0.1082,2.54,99.0,2.652,2.133,True
DH-01-028,MOIL-DB-01,835.31,815.91,21.555129,79.71231,346.63,16.7,18.8,17.75,328.88,2.1,Gondite (Manganiferous Quartzite),18.84,12.64,37.91,0.2321,3.53,95.9,2.934,2.043,True
DH-01-028,MOIL-DB-01,835.31,815.91,21.555129,79.71231,346.63,18.8,49.1,33.95,312.68,30.3,Gondite (Manganiferous Quartzite),19.0,8.47,32.69,0.277,3.59,99.0,2.176,1.843,True
DH-01-028,MOIL-DB-01,835.31,815.91,21.555129,79.71231,346.63,49.1,51.2,50.15,296.48,2.1,High-Grade Braunite Ore,38.99,6.67,11.06,0.0953,4.09,94.9,1.901,1.235,True
DH-01-029,MOIL-DB-01,-189.0,326.83,21.550736,79.702365,344.28,0.0,12.8,6.4,337.88,12.8,Phyllite & Weathered Overburden,5.96,11.86,48.8,0.117,2.63,89.1,2.934,2.368,True
DH-01-029,MOIL-DB-01,-189.0,326.83,21.550736,79.702365,344.28,12.8,46.6,29.7,314.58,33.8,Gondite (Manganiferous Quartzite),24.25,11.48,46.56,0.2612,3.55,92.7,2.44,2.24,True
DH-01-029,MOIL-DB-01,-189.0,326.83,21.550736,79.702365,344.28,47.1,59.9,53.5,290.78,12.8,Medium-Grade Pyrolusite Bed,39.54,9.11,15.66,0.0621,3.88,87.2,2.189,1.252,True
DH-01-029,MOIL-DB-01,-189.0,326.83,21.550736,79.702365,344.28,59.9,62.5,61.2,283.08,2.6,High-Grade Braunite Ore,40.27,6.64,20.14,0.1029,3.8,99.0,2.067,1.581,True
DH-01-030,MOIL-DB-01,-369.79,-443.55,21.543816,79.70061,343.59,0.0,1.3,0.65,342.94,1.3,Phyllite & Weathered Overburden,4.93,6.82,61.81,0.1479,2.5,85.3,1.886,2.6,True
DH-01-030,MOIL-DB-01,-369.79,-443.55,21.543816,79.70061,343.59,1.3,3.1,2.2,341.39,1.8,Phyllite & Weathered Overburden,8.8,9.26,53.04,0.0526,2.46,87.9,2.72,2.342,True
DH-01-030,MOIL-DB-01,-369.79,-443.55,21.543816,79.70061,343.59,3.1,33.3,18.2,325.39,30.2,Gondite (Manganiferous Quartzite),25.3,12.19,27.64,0.292,3.6,87.9,2.75,1.653,True
DH-01-030,MOIL-DB-01,-369.79,-443.55,21.543816,79.70061,343.59,33.3,39.5,36.4,307.19,6.2,High-Grade Braunite Ore,40.8,6.92,11.99,0.2113,4.25,99.0,1.998,1.444,True
DH-01-030,MOIL-DB-01,-369.79,-443.55,21.543816,79.70061,343.59,39.5,55.7,47.6,295.99,16.2,High-Grade Braunite Ore,36.88,4.81,16.15,0.189,4.0,89.6,1.705,1.282,True
DH-01-030,MOIL-DB-01,-369.79,-443.55,21.543816,79.70061,343.59,55.7,57.3,56.5,287.09,1.6,High-Grade Braunite Ore,37.16,7.1,12.46,0.2005,4.27,93.6,2.033,1.307,True
DH-01-030,MOIL-DB-01,-369.79,-443.55,21.543816,79.70061,343.59,57.3,59.5,58.4,285.19,2.2,High-Grade Braunite Ore,40.39,4.64,10.78,0.1342,4.29,93.5,1.752,1.527,True
DH-01-031,MOIL-DB-01,773.05,-286.99,21.545222,79.711705,343.78,0.0,14.7,7.35,336.43,14.7,Phyllite & Weathered Overburden,3.37,11.28,56.96,0.0892,2.62,86.4,2.497,2.566,True
DH-01-031,MOIL-DB-01,773.05,-286.99,21.545222,79.711705,343.78,14.7,29.1,21.9,321.88,14.4,Phyllite & Weathered Overburden,4.54,11.28,48.88,0.0958,2.64,95.9,2.596,2.264,True
DH-01-031,MOIL-DB-01,773.05,-286.99,21.545222,79.711705,343.78,29.1,43.2,36.15,307.63,14.1,Quartz-Muscovite Schist,9.89,9.77,68.85,0.0653,2.95,91.8,2.507,2.6,True
DH-01-031,MOIL-DB-01,773.05,-286.99,21.545222,79.711705,343.78,43.2,48.8,46.0,297.78,5.6,Quartz-Muscovite Schist,4.89,9.98,71.56,0.1353,2.7,89.4,2.357,2.6,True
DH-01-031,MOIL-DB-01,773.05,-286.99,21.545222,79.711705,343.78,48.8,55.7,52.25,291.53,6.9,Quartz-Muscovite Schist,5.04,5.08,70.2,0.0644,2.95,97.4,1.646,2.6,True
DH-01-031,MOIL-DB-01,773.05,-286.99,21.545222,79.711705,343.78,55.7,100.3,78.0,265.78,44.6,Calc-Silicate Granulite,10.1,9.16,61.56,0.0818,2.7,96.3,2.381,2.6,True
DH-01-031,MOIL-DB-01,773.05,-286.99,21.545222,79.711705,343.78,100.3,118.2,109.25,234.53,17.9,Quartz-Muscovite Schist,3.51,7.3,59.58,0.125,2.95,93.9,2.087,2.6,True
DH-01-031,MOIL-DB-01,773.05,-286.99,21.545222,79.711705,343.78,118.2,156.1,137.15,206.63,37.9,Calc-Silicate Granulite,1.83,8.18,52.34,0.0909,2.65,96.3,2.083,2.446,True
DH-01-032,MOIL-DB-01,-682.73,-335.09,21.54479,79.697572,308.43,0.0,87.5,43.75,264.68,87.5,Gondite (Manganiferous Quartzite),26.64,10.08,45.87,0.2541,3.51,87.1,2.404,2.197,True
DH-01-032,MOIL-DB-01,-682.73,-335.09,21.54479,79.697572,308.43,87.5,102.6,95.05,213.38,15.1,Quartz-Muscovite Schist,10.58,6.83,58.37,0.177,2.69,93.7,1.973,2.559,True
DH-01-032,MOIL-DB-01,-682.73,-335.09,21.54479,79.697572,308.43,102.6,116.7,109.65,198.78,14.1,Calc-Silicate Granulite,10.51,5.05,70.04,0.148,2.97,97.4,1.859,2.6,True
DH-01-032,MOIL-DB-01,-682.73,-335.09,21.54479,79.697572,308.43,116.7,125.7,121.2,187.23,9.0,Quartz-Muscovite Schist,4.46,9.11,52.48,0.1415,2.87,91.9,2.305,2.364,True
DH-01-032,MOIL-DB-01,-682.73,-335.09,21.54479,79.697572,308.43,125.7,133.9,129.8,178.63,8.2,Quartz-Muscovite Schist,7.78,5.08,56.6,0.1466,2.67,99.0,1.79,2.6,True
DH-01-033,MOIL-DB-01,941.53,-755.21,21.541016,79.713341,308.95,0.0,20.4,10.2,298.75,20.4,Phyllite & Weathered Overburden,6.01,9.61,50.8,0.0642,2.6,86.4,2.429,2.522,True
DH-01-033,MOIL-DB-01,941.53,-755.21,21.541016,79.713341,308.95,20.4,21.8,21.1,287.85,1.4,Quartz-Muscovite Schist,3.23,4.19,70.86,0.1079,2.97,97.5,1.708,2.6,True
DH-01-033,MOIL-DB-01,941.53,-755.21,21.541016,79.713341,308.95,21.8,32.8,27.3,281.65,11.0,Calc-Silicate Granulite,3.96,8.51,71.36,0.0841,2.76,88.9,2.316,2.6,True
DH-01-033,MOIL-DB-01,941.53,-755.21,21.541016,79.713341,308.95,32.8,60.2,46.5,262.45,27.4,Quartz-Muscovite Schist,1.53,3.28,63.29,0.168,2.75,84.3,1.377,2.458,True
DH-01-033,MOIL-DB-01,941.53,-755.21,21.541016,79.713341,308.95,60.2,76.3,68.25,240.7,16.1,Quartz-Muscovite Schist,8.04,6.29,59.84,0.1117,2.89,89.6,2.16,2.6,True
DH-01-034,MOIL-DB-01,-89.16,-147.51,21.546475,79.703334,315.93,0.0,8.2,4.1,311.83,8.2,Banded Hematite-Manganese Quartzite,24.6,14.99,36.35,0.2605,3.75,88.7,3.191,1.899,True
DH-01-034,MOIL-DB-01,-89.16,-147.51,21.546475,79.703334,315.93,8.2,10.7,9.45,306.48,2.5,Banded Hematite-Manganese Quartzite,23.48,11.29,45.88,0.2628,3.53,92.7,2.749,2.156,True
DH-01-034,MOIL-DB-01,-89.16,-147.51,21.546475,79.703334,315.93,10.7,37.2,23.95,291.98,26.5,High-Grade Braunite Ore,38.35,5.07,14.61,0.133,3.94,91.3,1.802,1.219,True
DH-01-034,MOIL-DB-01,-89.16,-147.51,21.546475,79.703334,315.93,37.2,57.8,47.5,268.43,20.6,Medium-Grade Pyrolusite Bed,40.77,6.27,21.3,0.167,4.14,93.0,2.161,1.335,True
DH-01-034,MOIL-DB-01,-89.16,-147.51,21.546475,79.703334,315.93,57.8,87.3,72.55,243.38,29.5,High-Grade Braunite Ore,43.16,8.12,11.45,0.2044,3.74,91.8,2.043,1.238,True
DH-01-034,MOIL-DB-01,-89.16,-147.51,21.546475,79.703334,315.93,87.3,93.6,90.45,225.48,6.3,Medium-Grade Pyrolusite Bed,39.77,6.93,16.93,0.067,3.78,96.3,1.772,1.457,True
DH-01-035,MOIL-DB-01,829.45,461.98,21.55195,79.712253,326.5,0.0,28.1,14.05,312.45,28.1,Phyllite & Weathered Overburden,6.05,10.32,47.27,0.1379,2.4,91.6,2.683,2.223,True
DH-01-035,MOIL-DB-01,829.45,461.98,21.55195,79.712253,326.5,28.1,47.7,37.9,288.6,19.6,Banded Hematite-Manganese Quartzite,24.84,12.09,28.81,0.2491,3.22,98.4,2.746,1.512,True
DH-01-035,MOIL-DB-01,829.45,461.98,21.55195,79.712253,326.5,47.7,55.8,51.75,274.75,8.1,Gondite (Manganiferous Quartzite),19.32,14.78,37.21,0.2883,3.52,92.7,2.972,1.869,True
DH-01-035,MOIL-DB-01,829.45,461.98,21.55195,79.712253,326.5,55.8,67.3,61.55,264.95,11.5,Banded Hematite-Manganese Quartzite,30.64,9.83,47.48,0.2264,3.27,91.3,2.411,2.241,True
DH-01-035,MOIL-DB-01,829.45,461.98,21.55195,79.712253,326.5,67.3,73.2,70.25,256.25,5.9,Banded Hematite-Manganese Quartzite,22.07,9.18,36.22,0.146,3.66,84.7,2.458,1.794,True
DH-01-035,MOIL-DB-01,829.45,461.98,21.55195,79.712253,326.5,73.2,106.9,90.05,236.45,33.7,Quartz-Muscovite Schist,6.16,9.96,62.0,0.0615,2.89,85.7,2.443,2.6,True
DH-01-035,MOIL-DB-01,829.45,461.98,21.55195,79.712253,326.5,106.9,124.0,115.45,211.05,17.1,Calc-Silicate Granulite,10.3,5.49,68.19,0.1422,2.72,92.4,1.905,2.6,True
DH-01-036,MOIL-DB-01,-635.91,793.65,21.554929,79.698026,332.24,0.0,9.5,4.75,327.49,9.5,Phyllite & Weathered Overburden,8.16,9.36,58.1,0.1083,2.48,99.0,2.301,2.549,True
DH-01-036,MOIL-DB-01,-635.91,793.65,21.554929,79.698026,332.24,9.5,27.4,18.45,313.79,17.9,Phyllite & Weathered Overburden,3.59,11.75,65.92,0.1194,2.61,93.4,2.443,2.6,True
DH-01-036,MOIL-DB-01,-635.91,793.65,21.554929,79.698026,332.24,27.4,30.3,28.85,303.39,2.9,Quartz-Muscovite Schist,4.4,9.14,70.77,0.0693,2.84,93.3,2.34,2.6,True
DH-01-036,MOIL-DB-01,-635.91,793.65,21.554929,79.698026,332.24,30.3,33.3,31.8,300.44,3.0,Quartz-Muscovite Schist,4.5,4.42,66.76,0.1003,2.85,90.7,1.91,2.6,True
DH-01-036,MOIL-DB-01,-635.91,793.65,21.554929,79.698026,332.24,33.3,42.7,38.0,294.24,9.4,Quartz-Muscovite Schist,11.8,5.85,68.21,0.1494,2.88,91.3,2.107,2.6,True
DH-01-036,MOIL-DB-01,-635.91,793.65,21.554929,79.698026,332.24,42.7,67.8,55.25,276.99,25.1,Quartz-Muscovite Schist,8.08,9.48,50.42,0.112,2.93,97.5,2.536,2.436,True
DH-01-037,MOIL-DB-01,-877.36,-481.45,21.543475,79.695682,322.94,0.0,12.4,6.2,316.74,12.4,Phyllite & Weathered Overburden,2.02,5.31,52.86,0.1096,2.43,93.7,1.934,2.459,True
DH-01-037,MOIL-DB-01,-877.36,-481.45,21.543475,79.695682,322.94,12.4,27.8,20.1,302.84,15.4,Phyllite & Weathered Overburden,2.73,7.79,61.63,0.0708,2.67,95.9,2.275,2.6,True
DH-01-037,MOIL-DB-01,-877.36,-481.45,21.543475,79.695682,322.94,27.8,73.2,50.5,272.44,45.4,Gondite (Manganiferous Quartzite),27.07,8.05,27.32,0.2938,3.57,94.2,2.186,1.519,True
DH-01-037,MOIL-DB-01,-877.36,-481.45,21.543475,79.695682,322.94,73.2,101.5,87.35,235.59,28.3,Quartz-Muscovite Schist,3.72,9.04,58.83,0.088,2.71,93.4,2.217,2.6,True
DH-01-037,MOIL-DB-01,-877.36,-481.45,21.543475,79.695682,322.94,101.5,109.9,105.7,217.24,8.4,Quartz-Muscovite Schist,3.8,3.24,54.72,0.1041,2.95,91.3,1.694,2.379,True
DH-01-037,MOIL-DB-01,-877.36,-481.45,21.543475,79.695682,322.94,109.9,137.2,123.55,199.39,27.3,Quartz-Muscovite Schist,7.32,7.46,61.58,0.1102,2.74,86.9,2.296,2.551,True
DH-01-038,MOIL-DB-01,151.89,-912.11,21.539606,79.705675,350.84,0.0,7.0,3.5,347.34,7.0,Phyllite & Weathered Overburden,2.0,8.58,46.08,0.0704,2.68,90.6,2.143,2.329,True
DH-01-038,MOIL-DB-01,151.89,-912.11,21.539606,79.705675,350.84,7.0,17.3,12.15,338.69,10.3,Phyllite & Weathered Overburden,3.89,10.9,52.21,0.1268,2.76,91.3,2.446,2.477,True
DH-01-038,MOIL-DB-01,151.89,-912.11,21.539606,79.705675,350.84,17.3,36.7,27.0,323.84,19.4,Quartz-Muscovite Schist,11.62,3.63,65.11,0.1142,2.81,96.8,1.867,2.6,True
DH-01-038,MOIL-DB-01,151.89,-912.11,21.539606,79.705675,350.84,36.7,41.1,38.9,311.94,4.4,Gondite (Manganiferous Quartzite),27.89,15.61,41.16,0.1796,3.26,98.0,3.336,2.138,True
DH-01-038,MOIL-DB-01,151.89,-912.11,21.539606,79.705675,350.84,41.1,64.2,52.65,298.19,23.1,Banded Hematite-Manganese Quartzite,22.68,15.65,36.51,0.2065,3.45,89.5,3.074,1.821,True
DH-01-038,MOIL-DB-01,151.89,-912.11,21.539606,79.705675,350.84,64.2,81.4,72.8,278.04,17.2,Gondite (Manganiferous Quartzite),23.41,14.58,44.56,0.1624,3.56,91.6,3.0,2.277,True
DH-01-038,MOIL-DB-01,151.89,-912.11,21.539606,79.705675,350.84,81.4,96.8,89.1,261.74,15.4,Calc-Silicate Granulite,8.62,7.25,56.5,0.0678,2.91,86.1,1.976,2.6,True
DH-01-038,MOIL-DB-01,151.89,-912.11,21.539606,79.705675,350.84,96.8,129.3,113.05,237.79,32.5,Quartz-Muscovite Schist,3.59,9.23,56.32,0.0978,2.67,87.0,2.6,2.513,True
DH-01-039,MOIL-DB-01,-557.78,805.15,21.555033,79.698785,305.73,0.0,2.9,1.45,304.28,2.9,Phyllite & Weathered Overburden,3.87,10.07,65.19,0.0446,2.56,87.7,2.419,2.6,True
DH-01-039,MOIL-DB-01,-557.78,805.15,21.555033,79.698785,305.73,2.9,30.3,16.6,289.13,27.4,Phyllite & Weathered Overburden,2.92,11.0,58.23,0.0484,2.55,89.7,2.467,2.451,True
DH-01-039,MOIL-DB-01,-557.78,805.15,21.555033,79.698785,305.73,30.3,65.1,47.7,258.03,34.8,Quartz-Muscovite Schist,4.99,5.39,66.26,0.079,2.91,95.0,2.14,2.6,True
DH-01-039,MOIL-DB-01,-557.78,805.15,21.555033,79.698785,305.73,65.1,67.5,66.3,239.43,2.4,Quartz-Muscovite Schist,8.59,6.83,68.25,0.1288,2.77,90.0,2.352,2.6,True
DH-01-039,MOIL-DB-01,-557.78,805.15,21.555033,79.698785,305.73,67.5,76.9,72.2,233.53,9.4,Quartz-Muscovite Schist,8.96,9.56,63.27,0.1115,2.67,99.0,2.523,2.6,True
DH-01-039,MOIL-DB-01,-557.78,805.15,21.555033,79.698785,305.73,76.9,83.1,80.0,225.73,6.2,Quartz-Muscovite Schist,7.39,8.44,54.51,0.1443,2.9,87.3,2.32,2.344,True
DH-01-039,MOIL-DB-01,-557.78,805.15,21.555033,79.698785,305.73,83.1,87.0,85.05,220.68,3.9,Quartz-Muscovite Schist,7.04,9.34,53.61,0.1336,2.97,93.5,2.345,2.473,True
DH-01-039,MOIL-DB-01,-557.78,805.15,21.555033,79.698785,305.73,87.0,91.7,89.35,216.38,4.7,Calc-Silicate Granulite,8.74,7.83,70.47,0.1147,2.74,89.3,2.441,2.6,True
DH-01-040,MOIL-DB-01,-475.4,626.61,21.553429,79.699584,322.71,0.0,11.8,5.9,316.81,11.8,Phyllite & Weathered Overburden,5.03,5.31,48.81,0.089,2.48,84.0,1.799,2.353,True
DH-01-040,MOIL-DB-01,-475.4,626.61,21.553429,79.699584,322.71,11.8,42.4,27.1,295.61,30.6,Phyllite & Weathered Overburden,5.06,9.15,46.68,0.1085,2.79,89.1,2.414,2.289,True
DH-01-040,MOIL-DB-01,-475.4,626.61,21.553429,79.699584,322.71,42.4,71.0,56.7,266.01,28.6,Quartz-Muscovite Schist,11.41,9.72,61.47,0.1771,2.95,87.2,2.402,2.532,True
DH-01-040,MOIL-DB-01,-475.4,626.61,21.553429,79.699584,322.71,71.0,84.4,77.7,245.01,13.4,Quartz-Muscovite Schist,8.5,4.14,62.43,0.1503,2.85,91.0,1.842,2.6,True
DH-01-040,MOIL-DB-01,-475.4,626.61,21.553429,79.699584,322.71,84.4,124.6,104.5,218.21,40.2,Calc-Silicate Granulite,8.16,4.55,57.08,0.1602,2.94,91.9,1.746,2.443,True
DH-01-040,MOIL-DB-01,-475.4,626.61,21.553429,79.699584,322.71,124.6,154.4,139.5,183.21,29.8,Quartz-Muscovite Schist,2.74,5.02,58.75,0.1695,3.05,84.0,1.755,2.444,True
DH-01-041,MOIL-DB-01,610.24,1004.22,21.556821,79.710125,352.55,0.0,43.8,21.9,330.65,43.8,High-Grade Braunite Ore,42.21,5.64,21.48,0.0837,4.14,84.7,2.004,1.477,True
DH-01-041,MOIL-DB-01,610.24,1004.22,21.556821,79.710125,352.55,43.8,47.2,45.5,307.05,3.4,High-Grade Braunite Ore,33.73,6.13,20.08,0.083,3.98,89.3,2.22,1.616,True
DH-01-041,MOIL-DB-01,610.24,1004.22,21.556821,79.710125,352.55,47.2,65.1,56.15,296.4,17.9,High-Grade Braunite Ore,40.89,5.52,13.06,0.1073,4.09,90.4,2.038,1.282,True
DH-01-041,MOIL-DB-01,610.24,1004.22,21.556821,79.710125,352.55,65.1,70.6,67.85,284.7,5.5,High-Grade Braunite Ore,42.87,6.8,11.14,0.1923,3.73,95.7,1.995,1.308,True
DH-01-041,MOIL-DB-01,610.24,1004.22,21.556821,79.710125,352.55,70.6,112.6,91.6,260.95,42.0,Banded Hematite-Manganese Quartzite,28.72,12.13,35.66,0.1291,3.36,99.0,2.691,1.985,True
DH-01-042,MOIL-DB-01,217.03,-1052.81,21.538343,79.706307,323.11,0.2,29.3,14.75,308.36,29.1,Phyllite & Weathered Overburden,3.57,9.64,62.06,0.1333,2.57,86.0,2.77,2.567,True
DH-01-042,MOIL-DB-01,217.03,-1052.81,21.538343,79.706307,323.11,29.8,39.4,34.6,288.51,9.6,Quartz-Muscovite Schist,10.08,4.27,58.16,0.1673,2.97,89.0,1.953,2.39,True
DH-01-042,MOIL-DB-01,217.03,-1052.81,21.538343,79.706307,323.11,39.4,94.5,66.95,256.16,55.1,Quartz-Muscovite Schist,8.95,4.17,67.17,0.1259,3.03,96.0,1.756,2.6,True
DH-01-042,MOIL-DB-01,217.03,-1052.81,21.538343,79.706307,323.11,94.5,125.2,109.85,213.26,30.7,Quartz-Muscovite Schist,9.47,3.72,61.3,0.1162,2.8,96.1,1.827,2.6,True
DH-01-042,MOIL-DB-01,217.03,-1052.81,21.538343,79.706307,323.11,125.2,129.5,127.35,195.76,4.3,Quartz-Muscovite Schist,9.15,9.03,56.03,0.1549,2.73,85.9,2.318,2.371,True
DH-01-043,MOIL-DB-01,1148.46,855.69,21.555487,79.71535,340.06,0.0,40.6,20.3,319.76,40.6,Phyllite & Weathered Overburden,8.35,5.11,62.99,0.0537,2.72,92.7,2.0,2.6,True
DH-01-043,MOIL-DB-01,1148.46,855.69,21.555487,79.71535,340.06,40.6,50.3,45.45,294.61,9.7,Gondite (Manganiferous Quartzite),27.18,12.27,37.44,0.2059,3.37,91.8,2.599,1.866,True
DH-01-043,MOIL-DB-01,1148.46,855.69,21.555487,79.71535,340.06,50.3,56.6,53.45,286.61,6.3,Gondite (Manganiferous Quartzite),27.29,15.62,30.21,0.2959,3.64,96.8,3.311,1.913,True
DH-01-043,MOIL-DB-01,1148.46,855.69,21.555487,79.71535,340.06,56.6,62.7,59.65,280.41,6.1,Gondite (Manganiferous Quartzite),18.92,10.5,46.51,0.2901,3.74,95.4,2.429,2.094,True
DH-01-043,MOIL-DB-01,1148.46,855.69,21.555487,79.71535,340.06,62.7,65.9,64.3,275.76,3.2,Banded Hematite-Manganese Quartzite,20.43,8.16,33.99,0.1583,3.43,93.3,2.203,1.941,True
DH-01-043,MOIL-DB-01,1148.46,855.69,21.555487,79.71535,340.06,65.9,71.4,68.65,271.41,5.5,Banded Hematite-Manganese Quartzite,22.63,8.67,32.67,0.2555,3.24,85.7,2.426,1.783,True
DH-01-043,MOIL-DB-01,1148.46,855.69,21.555487,79.71535,340.06,71.4,130.0,100.7,239.36,58.6,Quartz-Muscovite Schist,9.74,8.13,52.56,0.1515,2.96,94.0,2.28,2.385,True
DH-01-044,MOIL-DB-01,-952.51,114.68,21.54883,79.694952,353.95,0.0,29.4,14.7,339.25,29.4,Phyllite & Weathered Overburden,3.44,8.38,51.18,0.0716,2.66,94.0,2.241,2.371,True
DH-01-044,MOIL-DB-01,-952.51,114.68,21.54883,79.694952,353.95,29.4,38.5,33.95,320.0,9.1,Calc-Silicate Granulite,2.29,9.66,56.54,0.062,2.89,97.9,2.632,2.6,True
DH-01-044,MOIL-DB-01,-952.51,114.68,21.54883,79.694952,353.95,38.5,44.2,41.35,312.6,5.7,Quartz-Muscovite Schist,4.79,4.9,63.15,0.1626,3.03,93.4,1.964,2.6,True
DH-01-044,MOIL-DB-01,-952.51,114.68,21.54883,79.694952,353.95,44.2,47.0,45.6,308.35,2.8,Quartz-Muscovite Schist,8.86,7.76,58.98,0.052,2.88,91.5,2.121,2.423,True
DH-01-044,MOIL-DB-01,-952.51,114.68,21.54883,79.694952,353.95,47.0,78.3,62.65,291.3,31.3,Quartz-Muscovite Schist,3.48,7.71,71.49,0.0632,2.65,91.3,2.238,2.6,True
DH-01-044,MOIL-DB-01,-952.51,114.68,21.54883,79.694952,353.95,78.3,111.1,94.7,259.25,32.8,Quartz-Muscovite Schist,11.1,6.04,55.69,0.1065,2.94,99.0,1.957,2.483,True
DH-01-045,MOIL-DB-01,-619.15,513.73,21.552415,79.698189,309.57,0.0,1.1,0.55,309.02,1.1,Phyllite & Weathered Overburden,8.38,7.48,54.77,0.0637,2.64,98.4,2.329,2.293,True
DH-01-045,MOIL-DB-01,-619.15,513.73,21.552415,79.698189,309.57,1.1,2.1,1.6,307.97,1.0,Phyllite & Weathered Overburden,4.33,11.19,53.82,0.0943,2.51,83.6,2.528,2.57,True
DH-01-045,MOIL-DB-01,-619.15,513.73,21.552415,79.698189,309.57,2.1,3.6,2.85,306.72,1.5,Phyllite & Weathered Overburden,8.91,7.04,62.73,0.087,2.48,97.4,2.094,2.6,True
DH-01-045,MOIL-DB-01,-619.15,513.73,21.552415,79.698189,309.57,3.6,5.5,4.55,305.02,1.9,Phyllite & Weathered Overburden,8.06,11.41,64.78,0.0439,2.71,97.3,2.776,2.6,True
DH-01-045,MOIL-DB-01,-619.15,513.73,21.552415,79.698189,309.57,5.5,25.6,15.55,294.02,20.1,Phyllite & Weathered Overburden,5.5,8.75,48.32,0.1262,2.57,92.0,2.359,2.431,True
DH-01-045,MOIL-DB-01,-619.15,513.73,21.552415,79.698189,309.57,25.6,65.6,45.6,263.97,40.0,Quartz-Muscovite Schist,3.61,7.13,58.97,0.111,2.66,95.7,1.989,2.495,True
DH-01-045,MOIL-DB-01,-619.15,513.73,21.552415,79.698189,309.57,65.6,71.9,68.75,240.82,6.3,Calc-Silicate Granulite,6.92,8.51,70.74,0.1471,2.94,98.3,2.239,2.6,True
DH-01-046,MOIL-DB-01,734.03,-1180.89,21.537192,79.711326,351.23,0.0,34.9,17.45,333.78,34.9,Phyllite & Weathered Overburden,4.15,11.4,66.91,0.0759,2.54,97.3,2.731,2.6,True
DH-01-046,MOIL-DB-01,734.03,-1180.89,21.537192,79.711326,351.23,35.2,52.9,44.05,307.18,17.7,Quartz-Muscovite Schist,3.54,9.01,64.89,0.1589,2.99,99.0,2.005,2.6,True
DH-01-046,MOIL-DB-01,734.03,-1180.89,21.537192,79.711326,351.23,52.9,78.0,65.45,285.78,25.1,Quartz-Muscovite Schist,3.18,7.72,53.94,0.1402,2.74,90.6,2.181,2.6,True
DH-01-046,MOIL-DB-01,734.03,-1180.89,21.537192,79.711326,351.23,78.0,81.8,79.9,271.33,3.8,Quartz-Muscovite Schist,2.61,4.56,61.42,0.129,2.75,89.0,1.833,2.6,True
DH-01-046,MOIL-DB-01,734.03,-1180.89,21.537192,79.711326,351.23,81.8,98.8,90.3,260.93,17.0,Calc-Silicate Granulite,3.81,9.72,63.56,0.1224,2.82,97.4,2.616,2.483,True
DH-01-047,MOIL-DB-01,-787.93,0.27,21.547802,79.69655,325.6,0.0,3.2,1.6,324.0,3.2,Phyllite & Weathered Overburden,5.07,11.86,56.78,0.0526,2.71,95.6,2.841,2.6,True
DH-01-047,MOIL-DB-01,-787.93,0.27,21.547802,79.69655,325.6,3.2,72.3,37.75,287.85,69.1,Phyllite & Weathered Overburden,8.66,10.44,59.06,0.1343,2.67,95.6,2.645,2.565,True
DH-01-047,MOIL-DB-01,-787.93,0.27,21.547802,79.69655,325.6,72.3,101.5,86.9,238.7,29.2,Quartz-Muscovite Schist,9.18,7.88,66.56,0.1105,3.0,90.6,2.044,2.6,True
DH-01-047,MOIL-DB-01,-787.93,0.27,21.547802,79.69655,325.6,101.5,136.0,118.75,206.85,34.5,Calc-Silicate Granulite,7.08,6.57,68.05,0.1026,2.84,87.5,2.016,2.6,True
DH-01-047,MOIL-DB-01,-787.93,0.27,21.547802,79.69655,325.6,136.0,137.8,136.9,188.7,1.8,Calc-Silicate Granulite,6.53,4.27,66.35,0.1602,2.87,93.8,1.633,2.6,True
DH-01-047,MOIL-DB-01,-787.93,0.27,21.547802,79.69655,325.6,137.8,145.8,141.8,183.8,8.0,Quartz-Muscovite Schist,11.89,4.62,70.74,0.0556,2.83,99.0,1.8,2.6,True
DH-01-048,MOIL-DB-01,-301.25,-313.24,21.544986,79.701275,307.27,0.7,19.3,10.0,297.27,18.6,Gondite (Manganiferous Quartzite),18.86,14.13,38.43,0.2764,3.61,99.0,3.088,2.006,True
DH-01-048,MOIL-DB-01,-301.25,-313.24,21.544986,79.701275,307.27,19.3,42.8,31.05,276.22,23.5,Medium-Grade Pyrolusite Bed,44.26,8.21,12.04,0.0912,4.28,93.1,2.455,1.28,True
DH-01-048,MOIL-DB-01,-301.25,-313.24,21.544986,79.701275,307.27,42.8,58.6,50.7,256.57,15.8,High-Grade Braunite Ore,46.45,8.95,16.95,0.1612,3.8,90.9,2.479,1.565,True
DH-01-048,MOIL-DB-01,-301.25,-313.24,21.544986,79.701275,307.27,58.6,68.4,63.5,243.77,9.8,Medium-Grade Pyrolusite Bed,38.29,5.71,12.58,0.128,4.29,92.2,1.762,1.122,True
DH-01-048,MOIL-DB-01,-301.25,-313.24,21.544986,79.701275,307.27,68.4,71.2,69.8,237.47,2.8,Medium-Grade Pyrolusite Bed,37.32,8.61,17.91,0.1874,3.88,96.5,2.504,1.303,True
DH-01-048,MOIL-DB-01,-301.25,-313.24,21.544986,79.701275,307.27,71.2,88.5,79.85,227.42,17.3,High-Grade Braunite Ore,35.52,5.85,12.29,0.1711,3.84,95.1,2.097,1.099,True
DH-01-049,MOIL-DB-01,388.73,755.86,21.55459,79.707974,343.9,0.0,20.1,10.05,333.85,20.1,Gondite (Manganiferous Quartzite),21.43,11.32,45.43,0.2849,3.55,85.2,2.671,2.245,True
DH-01-049,MOIL-DB-01,388.73,755.86,21.55459,79.707974,343.9,20.1,29.0,24.55,319.35,8.9,High-Grade Braunite Ore,39.37,8.18,15.24,0.1667,3.76,99.0,2.334,1.394,True
DH-01-049,MOIL-DB-01,388.73,755.86,21.55459,79.707974,343.9,29.0,100.0,64.5,279.4,71.0,Medium-Grade Pyrolusite Bed,36.38,6.09,21.53,0.2027,4.25,90.8,1.933,1.512,True
DH-01-049,MOIL-DB-01,388.73,755.86,21.55459,79.707974,343.9,100.0,103.4,101.7,242.2,3.4,Banded Hematite-Manganese Quartzite,18.22,15.33,41.24,0.1818,3.27,92.0,3.037,2.058,True
DH-01-049,MOIL-DB-01,388.73,755.86,21.55459,79.707974,343.9,103.4,105.2,104.3,239.6,1.8,Gondite (Manganiferous Quartzite),23.39,11.22,33.98,0.1339,3.55,93.2,2.735,1.988,True
DH-01-049,MOIL-DB-01,388.73,755.86,21.55459,79.707974,343.9,105.2,133.7,119.45,224.45,28.5,Quartz-Muscovite Schist,10.62,5.65,58.17,0.1304,2.9,85.2,1.746,2.31,True
DH-01-050,MOIL-DB-01,-14.05,866.51,21.555584,79.704064,328.06,0.0,8.2,4.1,323.96,8.2,Phyllite & Weathered Overburden,8.59,6.17,56.51,0.116,2.68,94.0,1.775,2.6,True
DH-01-050,MOIL-DB-01,-14.05,866.51,21.555584,79.704064,328.06,8.2,57.2,32.7,295.36,49.0,Gondite (Manganiferous Quartzite),20.33,13.64,35.47,0.2536,3.66,98.7,2.752,1.966,True
DH-01-050,MOIL-DB-01,-14.05,866.51,21.555584,79.704064,328.06,57.2,69.8,63.5,264.56,12.6,Gondite (Manganiferous Quartzite),28.9,14.42,47.1,0.2272,3.47,83.7,2.837,2.214,True
DH-01-050,MOIL-DB-01,-14.05,866.51,21.555584,79.704064,328.06,69.8,103.5,86.65,241.41,33.7,Gondite (Manganiferous Quartzite),25.58,12.74,33.16,0.1304,3.22,91.3,2.874,1.767,True
DH-01-050,MOIL-DB-01,-14.05,866.51,21.555584,79.704064,328.06,103.9,153.4,128.65,199.41,49.5,Quartz-Muscovite Schist,10.75,9.18,64.5,0.0775,3.0,87.5,2.323,2.6,True
DH-01-051,MOIL-DB-01,726.34,1193.37,21.55852,79.711252,306.5,0.0,19.0,9.5,297.0,19.0,Gondite (Manganiferous Quartzite),23.15,13.35,45.51,0.1812,3.5,98.8,3.019,2.161,True
DH-01-051,MOIL-DB-01,726.34,1193.37,21.55852,79.711252,306.5,19.0,51.7,35.35,271.15,32.7,Medium-Grade Pyrolusite Bed,38.13,9.21,10.9,0.1302,4.04,89.6,2.346,1.17,True
DH-01-051,MOIL-DB-01,726.34,1193.37,21.55852,79.711252,306.5,51.7,89.7,70.7,235.8,38.0,High-Grade Braunite Ore,38.93,6.27,13.63,0.2161,3.81,93.4,2.147,1.309,True
DH-01-051,MOIL-DB-01,726.34,1193.37,21.55852,79.711252,306.5,89.7,92.1,90.9,215.6,2.4,Medium-Grade Pyrolusite Bed,43.48,5.28,15.74,0.1849,3.9,91.5,2.085,1.361,True
DH-01-051,MOIL-DB-01,726.34,1193.37,21.55852,79.711252,306.5,92.1,115.4,103.75,202.75,23.3,Gondite (Manganiferous Quartzite),30.8,11.17,41.45,0.1764,3.4,93.1,2.515,1.975,True
DH-01-051,MOIL-DB-01,726.34,1193.37,21.55852,79.711252,306.5,115.4,139.9,127.65,178.85,24.5,Quartz-Muscovite Schist,3.59,3.31,52.78,0.1231,2.96,99.0,1.617,2.154,True
DH-01-051,MOIL-DB-01,726.34,1193.37,21.55852,79.711252,306.5,139.9,148.7,144.3,162.2,8.8,Quartz-Muscovite Schist,7.38,7.81,64.48,0.0652,2.97,94.2,2.232,2.6,True
DH-01-052,MOIL-DB-01,967.92,935.72,21.556206,79.713597,345.89,0.0,24.4,12.2,333.69,24.4,Phyllite & Weathered Overburden,5.87,7.61,60.22,0.0555,2.63,87.8,1.757,2.562,True
DH-01-052,MOIL-DB-01,967.92,935.72,21.556206,79.713597,345.89,24.4,52.0,38.2,307.69,27.6,Banded Hematite-Manganese Quartzite,20.38,14.61,31.57,0.3054,3.73,98.1,2.86,1.824,True
DH-01-052,MOIL-DB-01,967.92,935.72,21.556206,79.713597,345.89,52.0,61.5,56.75,289.14,9.5,Banded Hematite-Manganese Quartzite,19.13,12.45,44.44,0.2792,3.3,95.4,2.68,2.059,True
DH-01-052,MOIL-DB-01,967.92,935.72,21.556206,79.713597,345.89,61.5,68.4,64.95,280.94,6.9,Banded Hematite-Manganese Quartzite,29.36,10.0,31.05,0.1201,3.68,88.8,2.53,1.91,True
DH-01-052,MOIL-DB-01,967.92,935.72,21.556206,79.713597,345.89,68.4,106.1,87.25,258.64,37.7,Gondite (Manganiferous Quartzite),22.57,8.75,36.18,0.3041,3.22,88.7,2.363,1.84,True
DH-01-053,MOIL-DB-01,-628.45,980.24,21.556606,79.698099,328.4,0.0,52.0,26.0,302.4,52.0,Phyllite & Weathered Overburden,6.93,11.55,53.64,0.1179,2.59,92.7,2.813,2.508,True
DH-01-053,MOIL-DB-01,-628.45,980.24,21.556606,79.698099,328.4,52.0,62.3,57.15,271.25,10.3,Calc-Silicate Granulite,8.54,6.28,67.02,0.066,2.9,89.7,1.924,2.6,True
DH-01-053,MOIL-DB-01,-628.45,980.24,21.556606,79.698099,328.4,62.3,71.2,66.75,261.65,8.9,Quartz-Muscovite Schist,11.96,8.57,66.58,0.078,2.78,93.1,2.501,2.6,True
DH-01-053,MOIL-DB-01,-628.45,980.24,21.556606,79.698099,328.4,71.2,77.0,74.1,254.3,5.8,Quartz-Muscovite Schist,3.6,3.39,62.51,0.1347,2.73,92.9,1.696,2.6,True
DH-01-053,MOIL-DB-01,-628.45,980.24,21.556606,79.698099,328.4,77.0,101.3,89.15,239.25,24.3,Quartz-Muscovite Schist,11.24,5.56,57.0,0.1474,2.82,83.6,1.858,2.482,True
DH-01-054,MOIL-DB-01,-402.71,-494.94,21.543354,79.70029,307.07,0.0,38.1,19.05,288.02,38.1,Gondite (Manganiferous Quartzite),21.61,10.25,47.16,0.1221,3.59,99.0,2.383,2.335,True
DH-01-054,MOIL-DB-01,-402.71,-494.94,21.543354,79.70029,307.07,38.1,73.4,55.75,251.32,35.3,High-Grade Braunite Ore,36.69,4.89,15.31,0.1018,3.92,86.2,1.62,1.291,True
DH-01-054,MOIL-DB-01,-402.71,-494.94,21.543354,79.70029,307.07,73.4,81.5,77.45,229.62,8.1,High-Grade Braunite Ore,41.63,5.25,21.62,0.1315,4.03,83.8,1.684,1.499,True
DH-01-054,MOIL-DB-01,-402.71,-494.94,21.543354,79.70029,307.07,81.5,101.8,91.65,215.42,20.3,Gondite (Manganiferous Quartzite),27.77,14.03,38.29,0.3009,3.65,96.7,2.812,2.169,True
DH-01-054,MOIL-DB-01,-402.71,-494.94,21.543354,79.70029,307.07,101.8,106.3,104.05,203.02,4.5,Gondite (Manganiferous Quartzite),29.82,10.51,40.89,0.1743,3.3,86.7,2.478,2.016,True
DH-01-054,MOIL-DB-01,-402.71,-494.94,21.543354,79.70029,307.07,106.3,113.7,110.0,197.07,7.4,Quartz-Muscovite Schist,10.22,3.84,66.17,0.1191,2.77,85.2,1.393,2.6,True
DH-01-054,MOIL-DB-01,-402.71,-494.94,21.543354,79.70029,307.07,113.7,120.1,116.9,190.17,6.4,Calc-Silicate Granulite,2.72,6.83,69.85,0.0947,2.94,93.0,2.351,2.6,True
DH-01-055,MOIL-DB-01,770.35,159.85,21.549236,79.711679,337.85,0.0,12.3,6.15,331.7,12.3,Phyllite & Weathered Overburden,2.69,5.53,53.32,0.0501,2.63,95.5,1.94,2.401,True
DH-01-055,MOIL-DB-01,770.35,159.85,21.549236,79.711679,337.85,12.3,37.8,25.05,312.8,25.5,Phyllite & Weathered Overburden,6.32,11.04,50.13,0.136,2.72,99.0,2.729,2.372,True
DH-01-055,MOIL-DB-01,770.35,159.85,21.549236,79.711679,337.85,37.8,83.4,60.6,277.25,45.6,Banded Hematite-Manganese Quartzite,23.51,14.35,25.73,0.2764,3.33,86.6,2.997,1.588,True
DH-01-055,MOIL-DB-01,770.35,159.85,21.549236,79.711679,337.85,83.4,116.1,99.75,238.1,32.7,Quartz-Muscovite Schist,10.93,8.22,51.68,0.1665,2.97,93.0,2.26,2.258,True
DH-01-055,MOIL-DB-01,770.35,159.85,21.549236,79.711679,337.85,116.1,140.3,128.2,209.65,24.2,Quartz-Muscovite Schist,5.26,9.39,62.45,0.0737,2.71,88.4,2.598,2.6,True
DH-01-055,MOIL-DB-01,770.35,159.85,21.549236,79.711679,337.85,140.3,148.8,144.55,193.3,8.5,Calc-Silicate Granulite,1.68,7.75,51.68,0.1047,2.89,94.0,2.304,2.359,True
DH-01-056,MOIL-DB-01,-600.55,369.98,21.551124,79.698369,335.96,0.0,5.9,2.95,333.01,5.9,Phyllite & Weathered Overburden,6.29,11.57,60.22,0.0484,2.54,94.0,2.318,2.6,True
DH-01-056,MOIL-DB-01,-600.55,369.98,21.551124,79.698369,335.96,5.9,10.1,8.0,327.96,4.2,Phyllite & Weathered Overburden,6.28,7.61,50.87,0.0516,2.54,87.7,2.216,2.527,True
DH-01-056,MOIL-DB-01,-600.55,369.98,21.551124,79.698369,335.96,10.1,36.1,23.1,312.86,26.0,Phyllite & Weathered Overburden,6.61,5.49,54.09,0.06,2.46,92.8,1.706,2.416,True
DH-01-056,MOIL-DB-01,-600.55,369.98,21.551124,79.698369,335.96,36.1,61.8,48.95,287.01,25.7,Banded Hematite-Manganese Quartzite,24.53,13.85,47.04,0.1641,3.69,99.0,3.084,2.381,True
DH-01-056,MOIL-DB-01,-600.55,369.98,21.551124,79.698369,335.96,61.8,86.5,74.15,261.81,24.7,Quartz-Muscovite Schist,9.4,6.72,64.9,0.1057,2.94,92.8,1.995,2.6,True
DH-01-057,MOIL-DB-01,827.2,-164.88,21.546319,79.712231,323.95,0.0,32.4,16.2,307.75,32.4,Phyllite & Weathered Overburden,5.92,10.8,61.4,0.1166,2.53,88.7,2.738,2.582,True
DH-01-057,MOIL-DB-01,827.2,-164.88,21.546319,79.712231,323.95,32.4,37.6,35.0,288.95,5.2,Quartz-Muscovite Schist,10.11,6.08,52.91,0.0997,2.9,80.3,2.183,2.388,True
DH-01-057,MOIL-DB-01,827.2,-164.88,21.546319,79.712231,323.95,37.6,41.3,39.45,284.5,3.7,Quartz-Muscovite Schist,3.58,3.46,69.52,0.1046,2.85,86.7,1.427,2.6,True
DH-01-057,MOIL-DB-01,827.2,-164.88,21.546319,79.712231,323.95,41.3,65.4,53.35,270.6,24.1,Quartz-Muscovite Schist,9.87,8.07,65.19,0.0943,2.97,95.2,2.122,2.6,True
DH-01-057,MOIL-DB-01,827.2,-164.88,21.546319,79.712231,323.95,65.4,82.5,73.95,250.0,17.1,Quartz-Muscovite Schist,4.7,4.85,56.16,0.0861,2.66,91.9,1.73,2.489,True
DH-01-057,MOIL-DB-01,827.2,-164.88,21.546319,79.712231,323.95,82.5,133.2,107.85,216.1,50.7,Quartz-Muscovite Schist,9.18,9.63,67.2,0.0908,2.75,91.4,2.258,2.6,True
DH-01-057,MOIL-DB-01,827.2,-164.88,21.546319,79.712231,323.95,133.2,135.8,134.5,189.45,2.6,Calc-Silicate Granulite,7.12,6.96,66.53,0.0672,2.86,90.5,2.073,2.6,True
DH-01-057,MOIL-DB-01,827.2,-164.88,21.546319,79.712231,323.95,135.8,150.7,143.25,180.7,14.9,Calc-Silicate Granulite,4.83,4.82,51.93,0.0617,2.73,87.0,1.823,2.333,True
DH-01-058,MOIL-DB-01,-403.2,390.71,21.55131,79.700285,348.53,0.0,21.5,10.75,337.78,21.5,Phyllite & Weathered Overburden,6.0,10.64,62.48,0.0569,2.46,85.3,2.384,2.6,True
DH-01-058,MOIL-DB-01,-403.2,390.71,21.55131,79.700285,348.53,21.5,44.6,33.05,315.48,23.1,Gondite (Manganiferous Quartzite),26.84,8.45,25.8,0.1984,3.58,94.6,2.335,1.523,True
DH-01-058,MOIL-DB-01,-403.2,390.71,21.55131,79.700285,348.53,44.6,52.7,48.65,299.88,8.1,Gondite (Manganiferous Quartzite),21.86,9.84,34.46,0.1681,3.57,96.9,2.381,1.936,True
DH-01-058,MOIL-DB-01,-403.2,390.71,21.55131,79.700285,348.53,52.7,70.7,61.7,286.83,18.0,Gondite (Manganiferous Quartzite),23.16,9.25,41.97,0.1921,3.57,95.0,2.3,2.079,True
DH-01-058,MOIL-DB-01,-403.2,390.71,21.55131,79.700285,348.53,70.7,133.5,102.1,246.43,62.8,Quartz-Muscovite Schist,10.59,5.03,60.29,0.1305,2.81,88.1,1.996,2.439,True
DH-01-059,MOIL-DB-01,154.16,841.38,21.555358,79.705697,315.08,0.0,15.2,7.6,307.48,15.2,Phyllite & Weathered Overburden,5.3,8.45,49.49,0.1117,2.71,88.4,2.325,2.445,True
DH-01-059,MOIL-DB-01,154.16,841.38,21.555358,79.705697,315.08,15.2,19.7,17.45,297.63,4.5,Banded Hematite-Manganese Quartzite,19.21,15.71,28.11,0.1504,3.69,90.3,3.167,1.602,True
DH-01-059,MOIL-DB-01,154.16,841.38,21.555358,79.705697,315.08,19.7,38.7,29.2,285.88,19.0,Banded Hematite-Manganese Quartzite,24.03,15.54,32.45,0.2522,3.56,90.2,3.257,1.701,True
DH-01-059,MOIL-DB-01,154.16,841.38,21.555358,79.705697,315.08,38.7,42.6,40.65,274.43,3.9,High-Grade Braunite Ore,39.54,5.07,21.96,0.0894,4.09,92.4,1.683,1.504,True
DH-01-059,MOIL-DB-01,154.16,841.38,21.555358,79.705697,315.08,42.6,80.0,61.3,253.78,37.4,High-Grade Braunite Ore,39.44,8.71,15.79,0.1844,4.14,97.8,2.28,1.53,True
DH-01-059,MOIL-DB-01,154.16,841.38,21.555358,79.705697,315.08,80.0,92.2,86.1,228.98,12.2,Banded Hematite-Manganese Quartzite,28.48,12.74,28.82,0.1249,3.4,92.8,2.868,1.845,True
DH-01-059,MOIL-DB-01,154.16,841.38,21.555358,79.705697,315.08,92.2,152.8,122.5,192.58,60.6,Calc-Silicate Granulite,9.9,9.04,53.32,0.1607,3.05,96.4,2.462,2.493,True
DH-01-060,MOIL-DB-01,274.77,194.87,21.549551,79.706868,317.68,0.0,2.2,1.1,316.58,2.2,Phyllite & Weathered Overburden,6.66,8.9,52.88,0.0548,2.44,93.4,2.237,2.335,True
DH-01-060,MOIL-DB-01,274.77,194.87,21.549551,79.706868,317.68,2.2,29.0,15.6,302.08,26.8,Gondite (Manganiferous Quartzite),27.48,14.24,27.72,0.12,3.59,92.1,2.785,1.616,True
DH-01-060,MOIL-DB-01,274.77,194.87,21.549551,79.706868,317.68,29.0,43.1,36.05,281.63,14.1,High-Grade Braunite Ore,39.45,9.29,16.79,0.1423,3.76,84.2,2.038,1.467,True
DH-01-060,MOIL-DB-01,274.77,194.87,21.549551,79.706868,317.68,43.1,79.0,61.05,256.63,35.9,Medium-Grade Pyrolusite Bed,45.76,4.97,13.78,0.0755,3.81,97.3,1.817,1.321,True
DH-01-060,MOIL-DB-01,274.77,194.87,21.549551,79.706868,317.68,79.0,84.4,81.7,235.98,5.4,High-Grade Braunite Ore,40.82,7.41,19.75,0.1123,3.9,86.2,2.378,1.37,True
DH-01-060,MOIL-DB-01,274.77,194.87,21.549551,79.706868,317.68,84.4,88.2,86.3,231.38,3.8,Banded Hematite-Manganese Quartzite,26.22,9.03,38.31,0.2587,3.59,93.8,2.499,2.048,True
DH-01-060,MOIL-DB-01,274.77,194.87,21.549551,79.706868,317.68,88.2,97.1,92.65,225.03,8.9,Gondite (Manganiferous Quartzite),27.49,12.95,29.29,0.1251,3.36,90.2,3.132,1.635,True
DH-01-060,MOIL-DB-01,274.77,194.87,21.549551,79.706868,317.68,97.1,133.2,115.15,202.53,36.1,Calc-Silicate Granulite,11.62,3.76,60.53,0.1261,2.87,87.5,1.732,2.6,True
DH-01-061,MOIL-DB-01,106.43,-639.02,21.54206,79.705233,336.89,0.0,38.1,19.05,317.84,38.1,Phyllite & Weathered Overburden,3.08,11.84,57.53,0.0549,2.76,92.2,2.575,2.6,True
DH-01-061,MOIL-DB-01,106.43,-639.02,21.54206,79.705233,336.89,38.1,56.0,47.05,289.84,17.9,Gondite (Manganiferous Quartzite),30.01,15.8,44.16,0.1806,3.73,92.9,3.28,2.225,True
DH-01-061,MOIL-DB-01,106.43,-639.02,21.54206,79.705233,336.89,56.0,73.4,64.7,272.19,17.4,Gondite (Manganiferous Quartzite),21.99,10.96,37.66,0.278,3.37,91.3,2.296,2.07,True
DH-01-061,MOIL-DB-01,106.43,-639.02,21.54206,79.705233,336.89,73.4,83.9,78.65,258.24,10.5,Banded Hematite-Manganese Quartzite,20.16,8.49,36.48,0.1413,3.26,91.8,2.462,1.973,True
DH-01-061,MOIL-DB-01,106.43,-639.02,21.54206,79.705233,336.89,83.9,91.5,87.7,249.19,7.6,Banded Hematite-Manganese Quartzite,25.98,12.93,35.52,0.1994,3.45,90.5,3.054,1.857,True
DH-01-061,MOIL-DB-01,106.43,-639.02,21.54206,79.705233,336.89,91.5,140.2,115.85,221.04,48.7,Calc-Silicate Granulite,4.26,6.68,52.45,0.1629,2.77,87.4,1.981,2.447,True
DH-01-062,MOIL-DB-01,-1108.59,287.92,21.550386,79.693437,339.91,0.0,25.4,12.7,327.21,25.4,Phyllite & Weathered Overburden,2.55,8.96,65.88,0.0836,2.52,99.0,2.309,2.6,True
DH-01-062,MOIL-DB-01,-1108.59,287.92,21.550386,79.693437,339.91,25.4,39.8,32.6,307.31,14.4,Calc-Silicate Granulite,11.37,8.29,62.91,0.1577,2.68,90.0,2.028,2.6,True
DH-01-062,MOIL-DB-01,-1108.59,287.92,21.550386,79.693437,339.91,39.8,42.5,41.15,298.76,2.7,Quartz-Muscovite Schist,9.73,4.94,70.7,0.0662,3.0,95.4,1.883,2.6,True
DH-01-062,MOIL-DB-01,-1108.59,287.92,21.550386,79.693437,339.91,42.5,43.8,43.15,296.76,1.3,Quartz-Muscovite Schist,6.55,8.67,70.91,0.0529,3.04,90.0,2.302,2.6,True
DH-01-062,MOIL-DB-01,-1108.59,287.92,21.550386,79.693437,339.91,43.8,59.1,51.45,288.46,15.3,Quartz-Muscovite Schist,8.26,5.67,51.2,0.1279,3.01,89.0,1.714,2.31,True
DH-01-062,MOIL-DB-01,-1108.59,287.92,21.550386,79.693437,339.91,59.1,64.2,61.65,278.26,5.1,Quartz-Muscovite Schist,10.18,7.12,57.77,0.154,2.87,97.5,2.078,2.595,True
DH-01-062,MOIL-DB-01,-1108.59,287.92,21.550386,79.693437,339.91,64.2,73.6,68.9,271.01,9.4,Quartz-Muscovite Schist,7.78,5.9,71.07,0.1203,2.89,85.6,2.023,2.6,True
DH-01-063,MOIL-DB-01,-1056.99,250.46,21.55005,79.693938,343.18,0.0,1.3,0.65,342.53,1.3,Phyllite & Weathered Overburden,7.2,6.71,58.75,0.0824,2.74,88.9,2.083,2.496,True
DH-01-063,MOIL-DB-01,-1056.99,250.46,21.55005,79.693938,343.18,1.3,15.4,8.35,334.83,14.1,Phyllite & Weathered Overburden,5.32,5.05,45.59,0.1009,2.61,78.8,1.754,2.17,True
DH-01-063,MOIL-DB-01,-1056.99,250.46,21.55005,79.693938,343.18,15.4,40.2,27.8,315.38,24.8,Quartz-Muscovite Schist,7.69,6.18,59.93,0.1718,3.04,95.7,2.175,2.6,True
DH-01-063,MOIL-DB-01,-1056.99,250.46,21.55005,79.693938,343.18,40.2,58.4,49.3,293.88,18.2,Quartz-Muscovite Schist,3.24,3.41,65.2,0.1447,2.67,97.7,1.772,2.6,True
DH-01-063,MOIL-DB-01,-1056.99,250.46,21.55005,79.693938,343.18,58.4,67.3,62.85,280.33,8.9,Quartz-Muscovite Schist,8.36,7.06,50.49,0.1785,2.67,94.5,1.973,2.348,True
DH-01-063,MOIL-DB-01,-1056.99,250.46,21.55005,79.693938,343.18,67.3,107.6,87.45,255.73,40.3,Quartz-Muscovite Schist,2.7,6.43,53.73,0.0566,2.9,90.4,2.065,2.3,True
DH-01-064,MOIL-DB-01,675.92,-151.08,21.546443,79.710762,336.39,0.0,27.2,13.6,322.79,27.2,Phyllite & Weathered Overburden,4.87,11.85,49.16,0.1279,2.53,99.0,2.568,2.249,True
DH-01-064,MOIL-DB-01,675.92,-151.08,21.546443,79.710762,336.39,27.2,29.2,28.2,308.19,2.0,Quartz-Muscovite Schist,10.24,8.63,69.06,0.0578,2.93,80.9,2.241,2.6,True
DH-01-064,MOIL-DB-01,675.92,-151.08,21.546443,79.710762,336.39,29.2,48.4,38.8,297.59,19.2,Quartz-Muscovite Schist,11.96,3.95,64.86,0.1015,2.7,86.2,1.859,2.6,True
DH-01-064,MOIL-DB-01,675.92,-151.08,21.546443,79.710762,336.39,48.4,100.7,74.55,261.84,52.3,Quartz-Muscovite Schist,5.89,5.5,63.06,0.1248,2.71,85.0,2.274,2.566,True
DH-01-064,MOIL-DB-01,675.92,-151.08,21.546443,79.710762,336.39,100.7,106.0,103.35,233.04,5.3,Quartz-Muscovite Schist,1.76,5.48,67.16,0.1233,2.75,99.0,1.936,2.6,True
DH-01-064,MOIL-DB-01,675.92,-151.08,21.546443,79.710762,336.39,106.0,120.3,113.15,223.24,14.3,Quartz-Muscovite Schist,9.22,7.27,60.74,0.0673,2.75,82.8,2.38,2.488,True
DH-01-065,MOIL-DB-01,-1184.49,-9.03,21.547719,79.6927,319.28,0.0,13.7,6.85,312.43,13.7,Phyllite & Weathered Overburden,2.43,5.22,61.43,0.0798,2.45,85.5,1.87,2.6,True
DH-01-065,MOIL-DB-01,-1184.49,-9.03,21.547719,79.6927,319.28,13.7,16.8,15.25,304.03,3.1,Phyllite & Weathered Overburden,3.93,8.46,47.8,0.1047,2.53,84.3,2.434,2.314,True
DH-01-065,MOIL-DB-01,-1184.49,-9.03,21.547719,79.6927,319.28,16.8,41.7,29.25,290.03,24.9,Calc-Silicate Granulite,4.94,4.15,53.99,0.1528,2.8,85.2,1.845,2.6,True
DH-01-065,MOIL-DB-01,-1184.49,-9.03,21.547719,79.6927,319.28,41.7,75.1,58.4,260.88,33.4,Quartz-Muscovite Schist,2.21,8.82,53.9,0.144,2.96,84.1,2.394,2.6,True
DH-01-065,MOIL-DB-01,-1184.49,-9.03,21.547719,79.6927,319.28,75.1,130.8,102.95,216.33,55.7,Quartz-Muscovite Schist,4.74,5.05,55.85,0.0933,2.87,98.3,2.054,2.595,True
DH-01-066,MOIL-DB-01,738.52,926.19,21.55612,79.71137,345.8,0.0,2.6,1.3,344.5,2.6,Phyllite & Weathered Overburden,3.62,11.28,50.89,0.0643,2.46,86.3,2.61,2.469,True
DH-01-066,MOIL-DB-01,738.52,926.19,21.55612,79.71137,345.8,2.6,15.0,8.8,337.0,12.4,Gondite (Manganiferous Quartzite),27.88,10.5,34.45,0.1619,3.74,92.9,2.626,1.94,True
DH-01-066,MOIL-DB-01,738.52,926.19,21.55612,79.71137,345.8,15.0,37.5,26.25,319.55,22.5,Banded Hematite-Manganese Quartzite,28.16,14.13,40.91,0.3131,3.42,94.7,3.023,1.987,True
DH-01-066,MOIL-DB-01,738.52,926.19,21.55612,79.71137,345.8,37.5,45.8,41.65,304.15,8.3,Medium-Grade Pyrolusite Bed,46.18,7.02,13.75,0.1284,4.12,84.3,1.953,1.369,True
DH-01-066,MOIL-DB-01,738.52,926.19,21.55612,79.71137,345.8,45.8,52.1,48.95,296.85,6.3,Medium-Grade Pyrolusite Bed,38.29,8.42,20.91,0.1192,4.19,91.9,2.026,1.382,True
DH-01-067,MOIL-DB-01,-938.37,-603.5,21.542379,79.69509,320.85,0.0,38.0,19.0,301.85,38.0,Phyllite & Weathered Overburden,8.38,5.68,64.63,0.0761,2.42,95.6,1.801,2.6,True
DH-01-067,MOIL-DB-01,-938.37,-603.5,21.542379,79.69509,320.85,38.0,75.9,56.95,263.9,37.9,Banded Hematite-Manganese Quartzite,21.98,8.51,29.07,0.121,3.44,90.0,2.301,1.674,True
DH-01-067,MOIL-DB-01,-938.37,-603.5,21.542379,79.69509,320.85,75.9,109.1,92.5,228.35,33.2,Quartz-Muscovite Schist,9.93,9.91,63.15,0.0607,2.91,98.7,2.542,2.6,True
DH-01-067,MOIL-DB-01,-938.37,-603.5,21.542379,79.69509,320.85,109.1,121.1,115.1,205.75,12.0,Quartz-Muscovite Schist,10.53,9.72,54.79,0.0615,2.73,85.9,2.495,2.563,True
DH-01-067,MOIL-DB-01,-938.37,-603.5,21.542379,79.69509,320.85,121.1,128.7,124.9,195.95,7.6,Quartz-Muscovite Schist,4.73,6.34,67.45,0.1776,3.02,95.3,2.247,2.6,True
DH-01-067,MOIL-DB-01,-938.37,-603.5,21.542379,79.69509,320.85,128.7,139.0,133.85,187.0,10.3,Quartz-Muscovite Schist,8.91,9.46,53.12,0.0896,2.71,89.4,2.149,2.508,True
DH-01-068,MOIL-DB-01,-360.49,869.99,21.555615,79.7007,316.65,0.0,17.6,8.8,307.85,17.6,Phyllite & Weathered Overburden,2.08,8.81,67.44,0.0806,2.54,81.3,2.27,2.6,True
DH-01-068,MOIL-DB-01,-360.49,869.99,21.555615,79.7007,316.65,17.6,37.7,27.65,289.0,20.1,Quartz-Muscovite Schist,10.74,6.54,61.17,0.068,3.04,97.0,1.99,2.6,True
DH-01-068,MOIL-DB-01,-360.49,869.99,21.555615,79.7007,316.65,37.7,49.7,43.7,272.95,12.0,Quartz-Muscovite Schist,5.93,8.5,54.31,0.1566,2.91,80.4,2.517,2.332,True
DH-01-068,MOIL-DB-01,-360.49,869.99,21.555615,79.7007,316.65,49.7,98.1,73.9,242.75,48.4,Calc-Silicate Granulite,9.4,6.59,57.06,0.1275,3.05,89.7,2.143,2.518,True
DH-01-068,MOIL-DB-01,-360.49,869.99,21.555615,79.7007,316.65,98.1,119.1,108.6,208.05,21.0,Calc-Silicate Granulite,5.9,4.54,50.0,0.169,2.99,94.6,1.743,2.257,True
DH-01-068,MOIL-DB-01,-360.49,869.99,21.555615,79.7007,316.65,119.1,126.5,122.8,193.85,7.4,Calc-Silicate Granulite,2.21,8.07,70.43,0.106,2.7,99.0,1.882,2.6,True
DH-01-069,MOIL-DB-01,524.92,-934.55,21.539405,79.709296,306.78,0.0,12.9,6.45,300.33,12.9,Phyllite & Weathered Overburden,6.81,10.71,65.18,0.1251,2.67,89.5,2.317,2.6,True
DH-01-069,MOIL-DB-01,524.92,-934.55,21.539405,79.709296,306.78,12.9,37.1,25.0,281.78,24.2,Phyllite & Weathered Overburden,2.26,10.66,52.38,0.1019,2.51,97.1,2.583,2.421,True
DH-01-069,MOIL-DB-01,524.92,-934.55,21.539405,79.709296,306.78,37.1,43.7,40.4,266.38,6.6,Calc-Silicate Granulite,7.11,9.01,57.17,0.174,2.7,92.8,2.283,2.399,True
DH-01-069,MOIL-DB-01,524.92,-934.55,21.539405,79.709296,306.78,43.7,72.1,57.9,248.88,28.4,Quartz-Muscovite Schist,2.14,4.57,57.99,0.107,3.04,98.1,1.863,2.6,True
DH-01-069,MOIL-DB-01,524.92,-934.55,21.539405,79.709296,306.78,72.1,99.6,85.85,220.93,27.5,Quartz-Muscovite Schist,8.94,9.96,56.92,0.1376,2.99,94.2,2.465,2.55,True
DH-01-069,MOIL-DB-01,524.92,-934.55,21.539405,79.709296,306.78,99.6,117.8,108.7,198.08,18.2,Calc-Silicate Granulite,4.93,3.15,66.74,0.0556,3.0,91.1,1.85,2.6,True
DH-01-069,MOIL-DB-01,524.92,-934.55,21.539405,79.709296,306.78,117.8,119.6,118.7,188.08,1.8,Quartz-Muscovite Schist,3.73,3.81,68.4,0.1153,2.66,99.0,1.511,2.6,True
DH-01-069,MOIL-DB-01,524.92,-934.55,21.539405,79.709296,306.78,119.6,159.4,139.5,167.28,39.8,Quartz-Muscovite Schist,11.5,8.28,59.8,0.127,2.93,94.4,2.2,2.472,True
DH-01-070,MOIL-DB-01,-213.11,392.07,21.551322,79.702131,310.91,0.0,3.7,1.85,309.06,3.7,Phyllite & Weathered Overburden,4.47,5.3,49.12,0.0831,2.78,89.3,2.016,2.344,True
DH-01-070,MOIL-DB-01,-213.11,392.07,21.551322,79.702131,310.91,3.7,25.8,14.75,296.16,22.1,Phyllite & Weathered Overburden,2.76,11.87,53.78,0.1253,2.54,97.9,2.507,2.485,True
DH-01-070,MOIL-DB-01,-213.11,392.07,21.551322,79.702131,310.91,25.8,35.5,30.65,280.26,9.7,Banded Hematite-Manganese Quartzite,22.35,10.51,39.62,0.1912,3.28,93.9,2.586,2.156,True
DH-01-070,MOIL-DB-01,-213.11,392.07,21.551322,79.702131,310.91,35.5,38.9,37.2,273.71,3.4,Banded Hematite-Manganese Quartzite,19.72,9.57,30.46,0.18,3.55,97.5,2.638,1.853,True
DH-01-070,MOIL-DB-01,-213.11,392.07,21.551322,79.702131,310.91,38.9,89.8,64.35,246.56,50.9,Banded Hematite-Manganese Quartzite,24.1,14.41,29.14,0.142,3.69,86.5,2.931,1.862,True
DH-01-070,MOIL-DB-01,-213.11,392.07,21.551322,79.702131,310.91,90.0,94.2,92.1,218.81,4.2,Calc-Silicate Granulite,8.75,5.21,51.23,0.1293,2.75,89.7,1.743,2.344,True
DH-01-071,MOIL-DB-01,-984.58,985.98,21.556657,79.694641,305.3,0.0,11.5,5.75,299.55,11.5,Phyllite & Weathered Overburden,7.0,6.68,55.21,0.0711,2.43,95.0,1.917,2.514,True
DH-01-071,MOIL-DB-01,-984.58,985.98,21.556657,79.694641,305.3,11.5,35.4,23.45,281.85,23.9,Phyllite & Weathered Overburden,4.11,9.2,49.63,0.1379,2.45,99.0,2.35,2.3,True
DH-01-071,MOIL-DB-01,-984.58,985.98,21.556657,79.694641,305.3,35.4,58.9,47.15,258.15,23.5,Calc-Silicate Granulite,4.8,6.49,54.76,0.1634,2.68,91.4,2.276,2.6,True
DH-01-071,MOIL-DB-01,-984.58,985.98,21.556657,79.694641,305.3,58.9,60.0,59.45,245.85,1.1,Calc-Silicate Granulite,8.05,8.81,54.19,0.1692,2.87,97.6,2.21,2.273,True
DH-01-071,MOIL-DB-01,-984.58,985.98,21.556657,79.694641,305.3,60.0,83.9,71.95,233.35,23.9,Quartz-Muscovite Schist,10.25,9.9,67.41,0.1282,2.79,92.3,2.297,2.6,True
DH-01-071,MOIL-DB-01,-984.58,985.98,21.556657,79.694641,305.3,83.9,103.2,93.55,211.75,19.3,Quartz-Muscovite Schist,6.18,3.14,51.38,0.1004,2.88,99.0,1.931,2.3,True
DH-01-072,MOIL-DB-01,-674.1,-929.18,21.539453,79.697655,334.82,0.0,22.3,11.15,323.67,22.3,Gondite (Manganiferous Quartzite),23.55,11.8,45.65,0.225,3.59,83.9,2.637,2.17,True
DH-01-072,MOIL-DB-01,-674.1,-929.18,21.539453,79.697655,334.82,22.3,49.9,36.1,298.72,27.6,Medium-Grade Pyrolusite Bed,43.13,8.7,16.61,0.0845,4.17,95.3,2.109,1.526,True
DH-01-072,MOIL-DB-01,-674.1,-929.18,21.539453,79.697655,334.82,49.9,73.9,61.9,272.92,24.0,High-Grade Braunite Ore,40.71,6.21,17.78,0.071,4.28,88.1,2.034,1.373,True
DH-01-072,MOIL-DB-01,-674.1,-929.18,21.539453,79.697655,334.82,73.9,99.9,86.9,247.92,26.0,Gondite (Manganiferous Quartzite),25.77,11.15,35.89,0.2909,3.39,90.6,2.674,1.968,True
DH-01-072,MOIL-DB-01,-674.1,-929.18,21.539453,79.697655,334.82,99.9,103.3,101.6,233.22,3.4,Banded Hematite-Manganese Quartzite,27.19,12.28,39.61,0.1593,3.32,90.8,2.543,2.022,True
DH-01-073,MOIL-DB-01,143.39,859.04,21.555517,79.705592,338.35,0.0,9.1,4.55,333.8,9.1,Phyllite & Weathered Overburden,7.75,5.71,63.21,0.1293,2.59,92.9,2.069,2.6,True
DH-01-073,MOIL-DB-01,143.39,859.04,21.555517,79.705592,338.35,9.1,18.9,14.0,324.35,9.8,Phyllite & Weathered Overburden,2.87,5.85,61.59,0.0602,2.53,91.9,2.065,2.6,True
DH-01-073,MOIL-DB-01,143.39,859.04,21.555517,79.705592,338.35,18.9,25.9,22.4,315.95,7.0,Banded Hematite-Manganese Quartzite,23.3,10.24,28.14,0.2656,3.65,92.7,2.605,1.63,True
DH-01-073,MOIL-DB-01,143.39,859.04,21.555517,79.705592,338.35,25.9,52.1,39.0,299.35,26.2,Gondite (Manganiferous Quartzite),27.75,14.44,28.15,0.1339,3.69,88.0,2.642,1.553,True
DH-01-073,MOIL-DB-01,143.39,859.04,21.555517,79.705592,338.35,52.1,68.2,60.15,278.2,16.1,High-Grade Braunite Ore,41.04,6.08,20.23,0.0665,3.73,92.8,1.981,1.418,True
DH-01-073,MOIL-DB-01,143.39,859.04,21.555517,79.705592,338.35,68.2,97.9,83.05,255.3,29.7,Banded Hematite-Manganese Quartzite,26.75,10.7,29.13,0.1763,3.45,90.6,2.762,1.719,True
DH-01-074,MOIL-DB-01,829.6,-925.83,21.539483,79.712254,317.77,0.0,5.1,2.55,315.22,5.1,Phyllite & Weathered Overburden,7.84,5.83,46.04,0.0882,2.74,84.1,2.172,2.163,True
DH-01-074,MOIL-DB-01,829.6,-925.83,21.539483,79.712254,317.77,5.1,7.4,6.25,311.52,2.3,Phyllite & Weathered Overburden,2.28,8.14,58.29,0.1028,2.53,88.1,2.116,2.533,True
DH-01-074,MOIL-DB-01,829.6,-925.83,21.539483,79.712254,317.77,7.4,8.7,8.05,309.72,1.3,Phyllite & Weathered Overburden,7.37,11.76,67.31,0.1352,2.64,97.0,2.632,2.6,True
DH-01-074,MOIL-DB-01,829.6,-925.83,21.539483,79.712254,317.77,8.7,16.8,12.75,305.02,8.1,Phyllite & Weathered Overburden,6.42,8.19,56.09,0.1234,2.51,91.9,2.301,2.48,True
DH-01-074,MOIL-DB-01,829.6,-925.83,21.539483,79.712254,317.77,16.8,81.4,49.1,268.67,64.6,Quartz-Muscovite Schist,7.91,6.82,55.49,0.0946,2.99,99.0,1.95,2.556,True
DH-01-074,MOIL-DB-01,829.6,-925.83,21.539483,79.712254,317.77,81.4,141.1,111.25,206.52,59.7,Calc-Silicate Granulite,1.67,9.75,58.29,0.1284,2.68,86.9,2.487,2.585,True
DH-01-075,MOIL-DB-01,196.13,639.23,21.553542,79.706104,325.32,0.0,28.2,14.1,311.22,28.2,Gondite (Manganiferous Quartzite),24.19,13.36,34.25,0.1796,3.54,86.8,2.901,1.84,True
DH-01-075,MOIL-DB-01,196.13,639.23,21.553542,79.706104,325.32,28.2,39.9,34.05,291.27,11.7,Medium-Grade Pyrolusite Bed,41.6,9.48,15.4,0.1004,3.99,94.3,2.405,1.3,True
DH-01-075,MOIL-DB-01,196.13,639.23,21.553542,79.706104,325.32,39.9,46.4,43.15,282.17,6.5,High-Grade Braunite Ore,41.89,6.09,10.11,0.1211,3.9,89.2,2.027,1.189,True
DH-01-075,MOIL-DB-01,196.13,639.23,21.553542,79.706104,325.32,46.4,105.6,76.0,249.32,59.2,High-Grade Braunite Ore,45.22,5.1,21.72,0.0899,3.99,91.7,2.063,1.657,True
DH-01-075,MOIL-DB-01,196.13,639.23,21.553542,79.706104,325.32,105.6,146.8,126.2,199.12,41.2,Calc-Silicate Granulite,6.0,7.4,54.73,0.1316,3.02,84.8,2.01,2.357,True
DH-03-076,MOIL-BL-03,-711.63,1090.93,21.8223,80.178691,375.93,0.0,10.0,5.0,370.93,10.0,Phyllite & Weathered Overburden,3.53,7.28,62.39,0.0833,2.64,90.1,2.026,2.6,True
DH-03-076,MOIL-BL-03,-711.63,1090.93,21.8223,80.178691,375.93,10.0,20.8,15.4,360.53,10.8,Phyllite & Weathered Overburden,3.6,5.41,51.9,0.0922,2.47,92.6,1.702,2.215,True
DH-03-076,MOIL-BL-03,-711.63,1090.93,21.8223,80.178691,375.93,20.8,24.0,22.4,353.53,3.2,Quartz-Muscovite Schist,3.09,7.18,64.62,0.1045,2.93,78.9,2.003,2.6,True
DH-03-076,MOIL-BL-03,-711.63,1090.93,21.8223,80.178691,375.93,24.0,44.2,34.1,341.83,20.2,Calc-Silicate Granulite,8.76,7.63,50.84,0.0979,3.04,93.3,2.164,2.081,True
DH-03-076,MOIL-BL-03,-711.63,1090.93,21.8223,80.178691,375.93,44.2,48.0,46.1,329.83,3.8,Quartz-Muscovite Schist,9.88,9.05,60.05,0.1118,2.8,91.8,2.404,2.539,True
DH-03-076,MOIL-BL-03,-711.63,1090.93,21.8223,80.178691,375.93,48.0,52.3,50.15,325.78,4.3,Quartz-Muscovite Schist,5.88,9.14,54.49,0.1574,2.87,97.7,2.064,2.468,True
DH-03-076,MOIL-BL-03,-711.63,1090.93,21.8223,80.178691,375.93,52.3,53.9,53.1,322.83,1.6,Quartz-Muscovite Schist,3.52,3.9,56.55,0.1514,2.84,89.6,1.673,2.456,True
DH-03-076,MOIL-BL-03,-711.63,1090.93,21.8223,80.178691,375.93,53.9,55.2,54.55,321.38,1.3,Quartz-Muscovite Schist,11.37,5.4,71.74,0.1131,2.72,87.1,1.86,2.6,True
DH-03-077,MOIL-BL-03,-757.68,-1105.53,21.802569,80.178244,331.09,0.0,25.5,12.75,318.34,25.5,Banded Hematite-Manganese Quartzite,25.31,8.9,39.02,0.2337,3.64,92.1,2.459,2.104,True
DH-03-077,MOIL-BL-03,-757.68,-1105.53,21.802569,80.178244,331.09,25.5,56.0,40.75,290.34,30.5,High-Grade Braunite Ore,46.18,4.79,21.17,0.0681,4.06,94.6,1.795,1.474,True
DH-03-077,MOIL-BL-03,-757.68,-1105.53,21.802569,80.178244,331.09,56.0,61.8,58.9,272.19,5.8,High-Grade Braunite Ore,44.94,8.62,18.51,0.154,4.23,81.3,2.258,1.324,True
DH-03-077,MOIL-BL-03,-757.68,-1105.53,21.802569,80.178244,331.09,61.8,126.5,94.15,236.94,64.7,Gondite (Manganiferous Quartzite),22.65,8.51,26.71,0.1431,3.68,84.7,2.537,1.639,True
DH-03-077,MOIL-BL-03,-757.68,-1105.53,21.802569,80.178244,331.09,126.5,135.2,130.85,200.24,8.7,Quartz-Muscovite Schist,9.84,7.38,70.63,0.1384,2.88,92.7,2.025,2.6,True
DH-03-078,MOIL-BL-03,691.68,-1142.3,21.802239,80.192315,356.71,0.0,36.1,18.05,338.66,36.1,Phyllite & Weathered Overburden,3.18,11.84,64.63,0.0948,2.64,92.8,2.717,2.594,True
DH-03-078,MOIL-BL-03,691.68,-1142.3,21.802239,80.192315,356.71,36.1,51.0,43.55,313.16,14.9,Quartz-Muscovite Schist,7.92,5.6,66.99,0.0722,2.8,82.4,2.189,2.6,True
DH-03-078,MOIL-BL-03,691.68,-1142.3,21.802239,80.192315,356.71,51.0,67.0,59.0,297.71,16.0,Quartz-Muscovite Schist,6.58,8.56,62.68,0.0945,2.97,83.4,2.156,2.6,True
DH-03-078,MOIL-BL-03,691.68,-1142.3,21.802239,80.192315,356.71,67.7,92.2,79.95,276.76,24.5,Calc-Silicate Granulite,8.31,6.58,59.8,0.1757,2.88,93.0,2.027,2.6,True
DH-03-078,MOIL-BL-03,691.68,-1142.3,21.802239,80.192315,356.71,92.2,125.1,108.65,248.06,32.9,Quartz-Muscovite Schist,9.04,5.6,52.03,0.1095,2.81,88.2,1.843,2.441,True
DH-03-079,MOIL-BL-03,949.33,1119.89,21.82256,80.194817,352.17,0.0,9.1,4.55,347.62,9.1,Phyllite & Weathered Overburden,2.97,10.23,46.1,0.1443,2.68,92.4,2.292,2.369,True
DH-03-079,MOIL-BL-03,949.33,1119.89,21.82256,80.194817,352.17,9.1,10.2,9.65,342.52,1.1,Phyllite & Weathered Overburden,5.66,9.49,63.09,0.0846,2.4,90.8,2.333,2.6,True
DH-03-079,MOIL-BL-03,949.33,1119.89,21.82256,80.194817,352.17,10.2,14.8,12.5,339.67,4.6,Gondite (Manganiferous Quartzite),30.82,10.23,34.09,0.2574,3.65,88.3,2.478,1.702,True
DH-03-079,MOIL-BL-03,949.33,1119.89,21.82256,80.194817,352.17,14.8,19.6,17.2,334.97,4.8,Gondite (Manganiferous Quartzite),26.8,8.95,26.59,0.2167,3.32,93.3,2.4,1.624,True
DH-03-079,MOIL-BL-03,949.33,1119.89,21.82256,80.194817,352.17,19.6,22.8,21.2,330.97,3.2,Banded Hematite-Manganese Quartzite,27.88,13.78,25.17,0.2218,3.28,81.5,2.849,1.476,True
DH-03-079,MOIL-BL-03,949.33,1119.89,21.82256,80.194817,352.17,22.8,70.1,46.45,305.72,47.3,Medium-Grade Pyrolusite Bed,40.69,5.84,15.19,0.0746,4.19,88.7,2.134,1.278,True
DH-03-079,MOIL-BL-03,949.33,1119.89,21.82256,80.194817,352.17,70.1,85.3,77.7,274.47,15.2,Gondite (Manganiferous Quartzite),30.91,14.22,30.19,0.1552,3.68,93.3,2.813,1.746,True
DH-03-080,MOIL-BL-03,1161.38,983.38,21.821334,80.196875,372.59,0.0,8.7,4.35,368.24,8.7,Phyllite & Weathered Overburden,7.26,8.98,51.32,0.0922,2.53,93.0,2.367,2.46,True
DH-03-080,MOIL-BL-03,1161.38,983.38,21.821334,80.196875,372.59,8.7,34.0,21.35,351.24,25.3,Phyllite & Weathered Overburden,5.99,9.42,56.93,0.0456,2.49,92.1,2.083,2.518,True
DH-03-080,MOIL-BL-03,1161.38,983.38,21.821334,80.196875,372.59,34.0,36.9,35.45,337.14,2.9,Banded Hematite-Manganese Quartzite,21.36,11.71,28.07,0.3055,3.68,93.6,2.462,1.642,True
DH-03-080,MOIL-BL-03,1161.38,983.38,21.821334,80.196875,372.59,36.9,51.0,43.95,328.64,14.1,Gondite (Manganiferous Quartzite),28.5,14.14,27.62,0.2488,3.66,99.0,3.247,1.787,True
DH-03-080,MOIL-BL-03,1161.38,983.38,21.821334,80.196875,372.59,51.0,55.8,53.4,319.19,4.8,Banded Hematite-Manganese Quartzite,26.31,8.65,35.01,0.1785,3.5,88.1,1.908,1.94,True
DH-03-081,MOIL-BL-03,708.03,-807.95,21.805242,80.192474,335.22,0.0,8.5,4.25,330.97,8.5,Phyllite & Weathered Overburden,6.5,7.21,59.29,0.0642,2.58,91.8,2.277,2.553,True
DH-03-081,MOIL-BL-03,708.03,-807.95,21.805242,80.192474,335.22,8.5,17.6,13.05,322.17,9.1,Phyllite & Weathered Overburden,5.55,9.01,66.44,0.1344,2.47,79.9,2.398,2.6,True
DH-03-081,MOIL-BL-03,708.03,-807.95,21.805242,80.192474,335.22,17.6,28.8,23.2,312.02,11.2,Quartz-Muscovite Schist,7.83,7.58,71.96,0.0597,2.74,95.8,1.887,2.6,True
DH-03-081,MOIL-BL-03,708.03,-807.95,21.805242,80.192474,335.22,28.8,34.6,31.7,303.52,5.8,Quartz-Muscovite Schist,7.16,4.79,66.89,0.1477,2.89,91.4,1.852,2.6,True
DH-03-081,MOIL-BL-03,708.03,-807.95,21.805242,80.192474,335.22,34.6,44.0,39.3,295.92,9.4,Calc-Silicate Granulite,7.72,8.78,68.88,0.1103,2.96,95.2,2.398,2.6,True
DH-03-081,MOIL-BL-03,708.03,-807.95,21.805242,80.192474,335.22,44.0,49.0,46.5,288.72,5.0,Quartz-Muscovite Schist,8.45,8.72,66.49,0.1409,2.77,89.7,2.252,2.6,True
DH-03-081,MOIL-BL-03,708.03,-807.95,21.805242,80.192474,335.22,49.0,60.1,54.55,280.67,11.1,Quartz-Muscovite Schist,2.58,3.08,53.07,0.143,3.04,94.0,1.585,2.453,True
DH-03-081,MOIL-BL-03,708.03,-807.95,21.805242,80.192474,335.22,60.1,66.0,63.05,272.17,5.9,Quartz-Muscovite Schist,7.51,3.96,70.63,0.0958,2.83,98.2,1.786,2.6,True
DH-03-082,MOIL-BL-03,-589.78,314.52,21.815325,80.179874,331.25,0.0,11.8,5.9,325.35,11.8,Phyllite & Weathered Overburden,3.31,6.32,49.24,0.0463,2.64,89.3,2.004,2.247,True
DH-03-082,MOIL-BL-03,-589.78,314.52,21.815325,80.179874,331.25,11.8,44.3,28.05,303.2,32.5,Phyllite & Weathered Overburden,4.45,9.17,51.31,0.0429,2.69,99.0,2.496,2.485,True
DH-03-082,MOIL-BL-03,-589.78,314.52,21.815325,80.179874,331.25,44.3,56.6,50.45,280.8,12.3,Gondite (Manganiferous Quartzite),26.78,9.65,33.11,0.1452,3.27,92.5,2.533,1.888,True
DH-03-082,MOIL-BL-03,-589.78,314.52,21.815325,80.179874,331.25,56.6,70.6,63.6,267.65,14.0,Banded Hematite-Manganese Quartzite,19.37,14.5,38.31,0.2437,3.63,94.6,3.071,2.079,True
DH-03-082,MOIL-BL-03,-589.78,314.52,21.815325,80.179874,331.25,70.6,75.3,72.95,258.3,4.7,Calc-Silicate Granulite,9.35,8.96,56.29,0.1333,2.78,87.8,2.14,2.537,True
DH-03-082,MOIL-BL-03,-589.78,314.52,21.815325,80.179874,331.25,75.3,97.8,86.55,244.7,22.5,Calc-Silicate Granulite,6.69,9.4,54.66,0.0688,2.95,92.0,2.458,2.55,True
DH-03-082,MOIL-BL-03,-589.78,314.52,21.815325,80.179874,331.25,97.8,109.1,103.45,227.8,11.3,Calc-Silicate Granulite,8.28,4.63,53.45,0.1388,2.89,81.2,1.658,2.535,True
DH-03-082,MOIL-BL-03,-589.78,314.52,21.815325,80.179874,331.25,109.1,129.3,119.2,212.05,20.2,Quartz-Muscovite Schist,4.57,5.06,57.8,0.1234,2.75,93.9,1.654,2.53,True
DH-03-083,MOIL-BL-03,949.96,-951.66,21.803951,80.194823,362.83,0.0,28.5,14.25,348.58,28.5,Phyllite & Weathered Overburden,2.5,10.73,52.72,0.1032,2.61,85.1,2.394,2.41,True
DH-03-083,MOIL-BL-03,949.96,-951.66,21.803951,80.194823,362.83,28.5,33.4,30.95,331.88,4.9,Quartz-Muscovite Schist,10.32,6.81,51.91,0.0808,2.72,87.5,1.718,2.351,True
DH-03-083,MOIL-BL-03,949.96,-951.66,21.803951,80.194823,362.83,33.4,70.3,51.85,310.98,36.9,Calc-Silicate Granulite,3.79,3.38,50.39,0.0634,2.72,90.9,1.686,2.062,True
DH-03-083,MOIL-BL-03,949.96,-951.66,21.803951,80.194823,362.83,70.3,78.0,74.15,288.68,7.7,Quartz-Muscovite Schist,3.43,3.05,60.27,0.1391,2.74,88.3,1.418,2.532,True
DH-03-083,MOIL-BL-03,949.96,-951.66,21.803951,80.194823,362.83,78.0,81.7,79.85,282.98,3.7,Quartz-Muscovite Schist,10.08,6.14,60.76,0.0783,2.68,95.4,1.834,2.6,True
DH-03-083,MOIL-BL-03,949.96,-951.66,21.803951,80.194823,362.83,81.7,102.4,92.05,270.78,20.7,Quartz-Muscovite Schist,4.01,7.37,60.43,0.1638,2.76,86.5,2.109,2.493,True
DH-03-083,MOIL-BL-03,949.96,-951.66,21.803951,80.194823,362.83,102.4,149.8,126.1,236.73,47.4,Quartz-Muscovite Schist,8.65,5.1,60.07,0.0624,3.01,92.5,1.812,2.6,True
DH-03-084,MOIL-BL-03,990.25,-774.36,21.805544,80.195214,330.35,0.0,36.8,18.4,311.95,36.8,Phyllite & Weathered Overburden,5.52,10.57,48.12,0.1475,2.79,87.8,2.436,2.224,True
DH-03-084,MOIL-BL-03,990.25,-774.36,21.805544,80.195214,330.35,36.8,91.9,64.35,266.0,55.1,Calc-Silicate Granulite,4.35,8.71,58.32,0.0615,2.79,86.1,2.293,2.577,True
DH-03-084,MOIL-BL-03,990.25,-774.36,21.805544,80.195214,330.35,91.9,126.9,109.4,220.95,35.0,Quartz-Muscovite Schist,10.12,4.97,51.54,0.0574,2.7,92.7,1.777,2.445,True
DH-03-084,MOIL-BL-03,990.25,-774.36,21.805544,80.195214,330.35,126.9,133.8,130.35,200.0,6.9,Quartz-Muscovite Schist,10.35,6.12,65.59,0.1451,2.72,91.0,2.17,2.6,True
DH-03-084,MOIL-BL-03,990.25,-774.36,21.805544,80.195214,330.35,133.8,138.6,136.2,194.15,4.8,Quartz-Muscovite Schist,11.96,6.32,67.95,0.1062,2.97,93.1,1.899,2.6,True
DH-03-085,MOIL-BL-03,-213.74,250.33,21.814749,80.183525,361.5,0.0,2.8,1.4,360.1,2.8,Phyllite & Weathered Overburden,5.15,7.42,48.97,0.1084,2.75,93.6,2.268,2.424,True
DH-03-085,MOIL-BL-03,-213.74,250.33,21.814749,80.183525,361.5,2.8,26.6,14.7,346.8,23.8,Gondite (Manganiferous Quartzite),23.66,12.2,29.59,0.2701,3.61,89.9,2.746,1.63,True
DH-03-085,MOIL-BL-03,-213.74,250.33,21.814749,80.183525,361.5,26.6,60.1,43.35,318.15,33.5,High-Grade Braunite Ore,41.21,7.39,17.17,0.1782,3.72,92.3,2.108,1.325,True
DH-03-085,MOIL-BL-03,-213.74,250.33,21.814749,80.183525,361.5,60.1,61.7,60.9,300.6,1.6,High-Grade Braunite Ore,44.04,6.71,11.57,0.1066,4.26,95.4,2.324,1.389,True
DH-03-085,MOIL-BL-03,-213.74,250.33,21.814749,80.183525,361.5,61.7,95.9,78.8,282.7,34.2,Gondite (Manganiferous Quartzite),19.06,9.74,30.76,0.2863,3.45,95.9,2.53,1.777,True
DH-03-086,MOIL-BL-03,-104.38,-841.35,21.804942,80.184587,376.5,0.0,16.5,8.25,368.25,16.5,Phyllite & Weathered Overburden,6.97,7.93,56.9,0.0493,2.79,96.8,2.232,2.402,True
DH-03-086,MOIL-BL-03,-104.38,-841.35,21.804942,80.184587,376.5,16.5,22.1,19.3,357.2,5.6,Gondite (Manganiferous Quartzite),19.42,15.73,29.02,0.2496,3.33,97.2,3.306,1.802,True
DH-03-086,MOIL-BL-03,-104.38,-841.35,21.804942,80.184587,376.5,22.1,40.8,31.45,345.05,18.7,Gondite (Manganiferous Quartzite),19.02,10.65,30.71,0.3176,3.41,97.7,2.765,1.867,True
DH-03-086,MOIL-BL-03,-104.38,-841.35,21.804942,80.184587,376.5,40.8,78.2,59.5,317.0,37.4,Medium-Grade Pyrolusite Bed,41.01,6.56,12.81,0.0631,4.27,93.2,1.877,1.258,True
DH-03-086,MOIL-BL-03,-104.38,-841.35,21.804942,80.184587,376.5,78.2,93.1,85.65,290.85,14.9,Banded Hematite-Manganese Quartzite,18.09,13.44,43.99,0.1493,3.29,92.6,2.957,2.284,True
DH-03-086,MOIL-BL-03,-104.38,-841.35,21.804942,80.184587,376.5,93.1,100.5,96.8,279.7,7.4,Quartz-Muscovite Schist,5.37,8.39,67.84,0.102,3.03,89.6,2.178,2.6,True
DH-03-087,MOIL-BL-03,-38.69,954.08,21.821071,80.185224,375.39,0.0,8.8,4.4,370.99,8.8,Phyllite & Weathered Overburden,3.28,8.97,53.67,0.1461,2.51,93.2,2.356,2.429,True
DH-03-087,MOIL-BL-03,-38.69,954.08,21.821071,80.185224,375.39,8.8,12.9,10.85,364.54,4.1,Phyllite & Weathered Overburden,3.8,9.91,45.33,0.0454,2.64,91.3,2.923,2.233,True
DH-03-087,MOIL-BL-03,-38.69,954.08,21.821071,80.185224,375.39,12.9,32.3,22.6,352.79,19.4,Phyllite & Weathered Overburden,8.32,10.0,63.82,0.1134,2.45,96.9,2.341,2.6,True
DH-03-087,MOIL-BL-03,-38.69,954.08,21.821071,80.185224,375.39,32.3,48.5,40.4,334.99,16.2,Gondite (Manganiferous Quartzite),29.18,9.7,38.98,0.1368,3.55,99.0,2.332,2.061,True
DH-03-087,MOIL-BL-03,-38.69,954.08,21.821071,80.185224,375.39,48.5,56.1,52.3,323.09,7.6,Banded Hematite-Manganese Quartzite,18.41,8.96,39.31,0.3069,3.31,99.0,2.413,2.063,True
DH-03-087,MOIL-BL-03,-38.69,954.08,21.821071,80.185224,375.39,56.1,57.7,56.9,318.49,1.6,Gondite (Manganiferous Quartzite),21.39,10.38,25.01,0.3126,3.7,92.4,2.535,1.602,True
DH-03-087,MOIL-BL-03,-38.69,954.08,21.821071,80.185224,375.39,57.7,59.6,58.65,316.74,1.9,Gondite (Manganiferous Quartzite),19.32,8.13,39.17,0.3122,3.7,87.4,2.127,2.048,True
DH-03-088,MOIL-BL-03,631.56,725.4,21.819016,80.191732,349.26,0.0,12.2,6.1,343.16,12.2,Phyllite & Weathered Overburden,7.31,5.74,56.64,0.1296,2.77,92.1,1.744,2.583,True
DH-03-088,MOIL-BL-03,631.56,725.4,21.819016,80.191732,349.26,12.2,15.4,13.8,335.46,3.2,Gondite (Manganiferous Quartzite),23.12,14.79,36.34,0.2144,3.47,83.5,3.09,1.967,True
DH-03-088,MOIL-BL-03,631.56,725.4,21.819016,80.191732,349.26,15.4,41.0,28.2,321.06,25.6,Gondite (Manganiferous Quartzite),25.45,9.91,43.26,0.2173,3.38,90.0,2.292,2.109,True
DH-03-088,MOIL-BL-03,631.56,725.4,21.819016,80.191732,349.26,41.0,67.2,54.1,295.16,26.2,High-Grade Braunite Ore,40.7,6.8,13.69,0.0656,3.91,99.0,1.972,1.506,True
DH-03-088,MOIL-BL-03,631.56,725.4,21.819016,80.191732,349.26,67.2,96.0,81.6,267.66,28.8,Banded Hematite-Manganese Quartzite,23.81,15.72,33.68,0.1716,3.33,95.3,3.403,1.837,True
DH-03-089,MOIL-BL-03,-1149.24,-194.56,21.810752,80.174442,368.79,0.0,40.4,20.2,348.59,40.4,Phyllite & Weathered Overburden,7.73,9.78,49.22,0.1303,2.57,87.7,2.283,2.246,True
DH-03-089,MOIL-BL-03,-1149.24,-194.56,21.810752,80.174442,368.79,40.4,50.9,45.65,323.14,10.5,Calc-Silicate Granulite,6.95,4.64,52.72,0.0661,2.88,91.9,1.648,2.522,True
DH-03-089,MOIL-BL-03,-1149.24,-194.56,21.810752,80.174442,368.79,50.9,80.0,65.45,303.34,29.1,Quartz-Muscovite Schist,1.9,8.1,61.62,0.0763,2.69,90.1,2.342,2.6,True
DH-03-089,MOIL-BL-03,-1149.24,-194.56,21.810752,80.174442,368.79,80.0,82.5,81.25,287.54,2.5,Quartz-Muscovite Schist,7.83,8.09,52.53,0.1265,2.92,89.0,2.254,2.379,True
DH-03-089,MOIL-BL-03,-1149.24,-194.56,21.810752,80.174442,368.79,82.5,87.3,84.9,283.89,4.8,Quartz-Muscovite Schist,8.2,7.9,52.46,0.1604,2.86,91.9,2.039,2.437,True
DH-03-090,MOIL-BL-03,576.91,-916.79,21.804264,80.191201,367.83,0.0,29.5,14.75,353.08,29.5,Phyllite & Weathered Overburden,2.35,5.44,49.31,0.0436,2.7,90.6,1.778,2.35,True
DH-03-090,MOIL-BL-03,576.91,-916.79,21.804264,80.191201,367.83,29.5,32.7,31.1,336.73,3.2,Quartz-Muscovite Schist,4.11,5.61,55.6,0.1136,2.81,92.8,1.941,2.435,True
DH-03-090,MOIL-BL-03,576.91,-916.79,21.804264,80.191201,367.83,32.7,35.1,33.9,333.93,2.4,Quartz-Muscovite Schist,6.88,6.69,62.36,0.0722,2.73,90.4,2.166,2.513,True
DH-03-090,MOIL-BL-03,576.91,-916.79,21.804264,80.191201,367.83,35.1,37.8,36.45,331.38,2.7,Quartz-Muscovite Schist,1.73,8.62,67.34,0.0886,2.7,88.0,2.242,2.6,True
DH-03-090,MOIL-BL-03,576.91,-916.79,21.804264,80.191201,367.83,37.8,57.2,47.5,320.33,19.4,Quartz-Muscovite Schist,9.72,9.56,65.22,0.0703,2.75,93.0,2.332,2.6,True
DH-03-090,MOIL-BL-03,576.91,-916.79,21.804264,80.191201,367.83,57.2,60.5,58.85,308.98,3.3,Quartz-Muscovite Schist,11.16,7.55,51.99,0.1732,2.75,83.6,2.081,2.284,True
DH-03-091,MOIL-BL-03,-1077.06,-8.36,21.812425,80.175143,336.17,0.0,1.4,0.7,335.47,1.4,Phyllite & Weathered Overburden,7.46,7.53,54.35,0.129,2.55,91.1,2.149,2.23,True
DH-03-091,MOIL-BL-03,-1077.06,-8.36,21.812425,80.175143,336.17,1.4,9.9,5.65,330.52,8.5,Phyllite & Weathered Overburden,5.51,7.69,67.36,0.0575,2.54,85.2,2.16,2.6,True
DH-03-091,MOIL-BL-03,-1077.06,-8.36,21.812425,80.175143,336.17,9.9,25.2,17.55,318.62,15.3,Phyllite & Weathered Overburden,6.66,6.51,50.08,0.1202,2.6,92.6,1.834,2.3,True
DH-03-091,MOIL-BL-03,-1077.06,-8.36,21.812425,80.175143,336.17,25.2,49.0,37.1,299.07,23.8,Quartz-Muscovite Schist,4.52,5.29,52.54,0.1005,2.66,94.9,1.731,2.426,True
DH-03-091,MOIL-BL-03,-1077.06,-8.36,21.812425,80.175143,336.17,49.0,53.2,51.1,285.07,4.2,Quartz-Muscovite Schist,10.77,6.31,61.43,0.0748,2.83,98.0,1.931,2.6,True
DH-03-091,MOIL-BL-03,-1077.06,-8.36,21.812425,80.175143,336.17,53.2,87.7,70.45,265.72,34.5,Quartz-Muscovite Schist,10.27,9.73,67.05,0.1309,2.89,97.9,2.603,2.6,True
DH-03-091,MOIL-BL-03,-1077.06,-8.36,21.812425,80.175143,336.17,87.7,94.1,90.9,245.27,6.4,Quartz-Muscovite Schist,6.84,3.44,58.45,0.1078,2.71,90.7,1.642,2.475,True
DH-03-092,MOIL-BL-03,587.03,1114.64,21.822513,80.191299,365.89,0.0,13.3,6.65,359.24,13.3,Gondite (Manganiferous Quartzite),23.75,11.88,42.89,0.1965,3.44,85.1,2.606,1.978,True
DH-03-092,MOIL-BL-03,587.03,1114.64,21.822513,80.191299,365.89,13.3,49.6,31.45,334.44,36.3,High-Grade Braunite Ore,42.01,7.12,18.05,0.1031,3.88,93.4,2.261,1.43,True
DH-03-092,MOIL-BL-03,587.03,1114.64,21.822513,80.191299,365.89,49.6,55.7,52.65,313.24,6.1,High-Grade Braunite Ore,43.03,7.59,16.11,0.1473,3.93,94.8,2.159,1.349,True
DH-03-092,MOIL-BL-03,587.03,1114.64,21.822513,80.191299,365.89,55.7,115.3,85.5,280.39,59.6,High-Grade Braunite Ore,44.89,7.04,12.92,0.1792,3.81,85.2,2.348,1.252,True
DH-03-092,MOIL-BL-03,587.03,1114.64,21.822513,80.191299,365.89,115.3,140.3,127.8,238.09,25.0,Calc-Silicate Granulite,4.1,7.52,64.32,0.1572,2.82,92.3,2.114,2.6,True
DH-03-092,MOIL-BL-03,587.03,1114.64,21.822513,80.191299,365.89,140.3,159.2,149.75,216.14,18.9,Quartz-Muscovite Schist,1.58,6.63,50.83,0.124,3.02,94.5,2.071,2.356,True
DH-03-093,MOIL-BL-03,-100.31,1068.04,21.822094,80.184626,363.68,0.0,14.7,7.35,356.33,14.7,Phyllite & Weathered Overburden,2.42,11.41,59.16,0.0612,2.64,95.1,2.67,2.6,True
DH-03-093,MOIL-BL-03,-100.31,1068.04,21.822094,80.184626,363.68,14.7,28.8,21.75,341.93,14.1,Phyllite & Weathered Overburden,8.63,5.38,47.44,0.0591,2.68,93.5,2.118,2.335,True
DH-03-093,MOIL-BL-03,-100.31,1068.04,21.822094,80.184626,363.68,28.8,30.9,29.85,333.83,2.1,Quartz-Muscovite Schist,6.84,9.94,55.85,0.1583,2.82,87.2,2.639,2.581,True
DH-03-093,MOIL-BL-03,-100.31,1068.04,21.822094,80.184626,363.68,30.9,36.0,33.45,330.23,5.1,Quartz-Muscovite Schist,7.4,8.94,59.76,0.1694,2.83,93.2,2.372,2.6,True
DH-03-093,MOIL-BL-03,-100.31,1068.04,21.822094,80.184626,363.68,36.1,45.8,40.95,322.73,9.7,Gondite (Manganiferous Quartzite),30.48,13.28,37.02,0.1247,3.43,88.9,3.017,1.873,True
DH-03-093,MOIL-BL-03,-100.31,1068.04,21.822094,80.184626,363.68,45.8,51.8,48.8,314.88,6.0,Banded Hematite-Manganese Quartzite,19.63,10.49,45.38,0.275,3.6,96.2,2.42,2.131,True
DH-03-093,MOIL-BL-03,-100.31,1068.04,21.822094,80.184626,363.68,51.8,57.1,54.45,309.23,5.3,Gondite (Manganiferous Quartzite),19.78,10.69,38.5,0.1406,3.6,85.3,2.732,1.948,True
DH-03-094,MOIL-BL-03,563.43,-594.85,21.807156,80.19107,354.54,0.0,6.7,3.35,351.19,6.7,Phyllite & Weathered Overburden,3.88,5.15,61.63,0.0436,2.64,92.2,1.839,2.6,True
DH-03-094,MOIL-BL-03,563.43,-594.85,21.807156,80.19107,354.54,7.4,30.9,19.15,335.39,23.5,Phyllite & Weathered Overburden,5.39,5.45,57.69,0.1325,2.8,85.0,1.608,2.478,True
DH-03-094,MOIL-BL-03,563.43,-594.85,21.807156,80.19107,354.54,30.9,32.2,31.55,322.99,1.3,Calc-Silicate Granulite,5.15,4.86,65.09,0.1733,2.76,92.3,2.063,2.6,True
DH-03-094,MOIL-BL-03,563.43,-594.85,21.807156,80.19107,354.54,32.8,58.3,45.55,308.99,25.5,Quartz-Muscovite Schist,9.55,7.61,68.13,0.1342,3.04,86.9,2.211,2.6,True
DH-03-095,MOIL-BL-03,67.63,-895.51,21.804456,80.186257,359.62,0.0,11.6,5.8,353.82,11.6,Phyllite & Weathered Overburden,3.15,6.94,46.51,0.1177,2.5,81.5,2.074,2.123,True
DH-03-095,MOIL-BL-03,67.63,-895.51,21.804456,80.186257,359.62,11.6,27.7,19.65,339.97,16.1,Phyllite & Weathered Overburden,8.24,7.88,48.34,0.0977,2.79,85.6,2.214,2.285,True
DH-03-095,MOIL-BL-03,67.63,-895.51,21.804456,80.186257,359.62,27.7,41.8,34.75,324.87,14.1,Gondite (Manganiferous Quartzite),21.63,10.79,46.23,0.1613,3.68,97.0,2.691,2.257,True
DH-03-095,MOIL-BL-03,67.63,-895.51,21.804456,80.186257,359.62,41.8,50.8,46.3,313.32,9.0,Gondite (Manganiferous Quartzite),20.72,12.3,41.96,0.2455,3.46,93.3,2.75,2.122,True
DH-03-095,MOIL-BL-03,67.63,-895.51,21.804456,80.186257,359.62,50.8,86.2,68.5,291.12,35.4,Gondite (Manganiferous Quartzite),19.04,10.88,44.74,0.1665,3.26,88.6,2.627,2.069,True
DH-03-095,MOIL-BL-03,67.63,-895.51,21.804456,80.186257,359.62,86.2,100.0,93.1,266.52,13.8,Quartz-Muscovite Schist,10.61,6.5,51.35,0.1429,2.9,93.2,2.021,2.413,True
DH-03-095,MOIL-BL-03,67.63,-895.51,21.804456,80.186257,359.62,100.0,103.1,101.55,258.07,3.1,Quartz-Muscovite Schist,8.81,7.7,55.29,0.1467,2.95,82.0,1.849,2.462,True
DH-03-096,MOIL-BL-03,-492.95,-579.11,21.807298,80.180814,331.29,0.0,4.3,2.15,329.14,4.3,Phyllite & Weathered Overburden,4.26,6.29,58.27,0.057,2.54,85.5,2.068,2.6,True
DH-03-096,MOIL-BL-03,-492.95,-579.11,21.807298,80.180814,331.29,4.3,19.5,11.9,319.39,15.2,Gondite (Manganiferous Quartzite),18.08,8.63,45.27,0.1356,3.59,93.8,2.001,2.173,True
DH-03-096,MOIL-BL-03,-492.95,-579.11,21.807298,80.180814,331.29,19.5,61.4,40.45,290.84,41.9,High-Grade Braunite Ore,47.27,9.21,18.87,0.0739,4.13,79.7,2.378,1.359,True
DH-03-096,MOIL-BL-03,-492.95,-579.11,21.807298,80.180814,331.29,61.4,77.7,69.55,261.74,16.3,Medium-Grade Pyrolusite Bed,45.75,6.77,13.62,0.1214,4.26,96.6,1.958,1.204,True
DH-03-096,MOIL-BL-03,-492.95,-579.11,21.807298,80.180814,331.29,77.7,81.4,79.55,251.74,3.7,Medium-Grade Pyrolusite Bed,44.72,7.41,16.4,0.1554,3.94,98.9,2.103,1.379,True
DH-03-097,MOIL-BL-03,-919.81,-890.24,21.804503,80.17667,356.84,0.0,8.7,4.35,352.49,8.7,Phyllite & Weathered Overburden,6.64,9.13,54.72,0.0621,2.52,95.5,2.663,2.498,True
DH-03-097,MOIL-BL-03,-919.81,-890.24,21.804503,80.17667,356.84,8.7,13.3,11.0,345.84,4.6,Phyllite & Weathered Overburden,8.81,7.0,46.64,0.078,2.7,90.7,2.185,2.362,True
DH-03-097,MOIL-BL-03,-919.81,-890.24,21.804503,80.17667,356.84,13.3,29.9,21.6,335.24,16.6,Gondite (Manganiferous Quartzite),30.09,15.58,26.59,0.2113,3.54,86.5,3.062,1.509,True
DH-03-097,MOIL-BL-03,-919.81,-890.24,21.804503,80.17667,356.84,29.9,81.2,55.55,301.29,51.3,High-Grade Braunite Ore,46.3,7.99,11.09,0.1396,3.87,91.2,2.073,1.277,True
DH-03-097,MOIL-BL-03,-919.81,-890.24,21.804503,80.17667,356.84,81.2,92.6,86.9,269.94,11.4,Banded Hematite-Manganese Quartzite,23.69,11.27,34.87,0.2371,3.49,99.0,2.75,1.94,True
DH-03-097,MOIL-BL-03,-919.81,-890.24,21.804503,80.17667,356.84,92.6,103.0,97.8,259.04,10.4,Quartz-Muscovite Schist,9.99,5.72,67.51,0.0897,2.68,88.6,1.89,2.6,True
DH-03-097,MOIL-BL-03,-919.81,-890.24,21.804503,80.17667,356.84,103.0,153.0,128.0,228.84,50.0,Quartz-Muscovite Schist,10.67,3.29,68.27,0.1243,2.89,92.3,1.745,2.6,True
DH-03-098,MOIL-BL-03,-1095.76,-573.53,21.807348,80.174962,373.79,0.0,2.1,1.05,372.74,2.1,Phyllite & Weathered Overburden,2.51,10.53,50.01,0.1145,2.72,85.9,2.759,2.37,True
DH-03-098,MOIL-BL-03,-1095.76,-573.53,21.807348,80.174962,373.79,2.1,41.1,21.6,352.19,39.0,Phyllite & Weathered Overburden,7.66,7.06,58.14,0.122,2.55,82.7,2.287,2.523,True
DH-03-098,MOIL-BL-03,-1095.76,-573.53,21.807348,80.174962,373.79,41.1,46.7,43.9,329.89,5.6,Gondite (Manganiferous Quartzite),30.09,12.36,40.21,0.3007,3.25,93.4,2.86,1.951,True
DH-03-098,MOIL-BL-03,-1095.76,-573.53,21.807348,80.174962,373.79,46.7,49.5,48.1,325.69,2.8,Gondite (Manganiferous Quartzite),19.16,11.5,30.31,0.1782,3.62,84.8,2.676,1.957,True
DH-03-098,MOIL-BL-03,-1095.76,-573.53,21.807348,80.174962,373.79,49.5,72.2,60.85,312.94,22.7,Banded Hematite-Manganese Quartzite,22.39,8.72,47.12,0.2815,3.45,95.3,2.142,2.201,True
DH-03-098,MOIL-BL-03,-1095.76,-573.53,21.807348,80.174962,373.79,72.2,92.2,82.2,291.59,20.0,Calc-Silicate Granulite,4.0,9.57,53.76,0.0647,2.88,97.7,2.41,2.429,True
DH-03-098,MOIL-BL-03,-1095.76,-573.53,21.807348,80.174962,373.79,92.2,132.8,112.5,261.29,40.6,Quartz-Muscovite Schist,8.63,3.52,71.84,0.103,2.76,98.1,1.367,2.6,True
DH-03-099,MOIL-BL-03,173.56,1198.1,21.823263,80.187285,344.34,0.0,5.2,2.6,341.74,5.2,Phyllite & Weathered Overburden,6.28,6.85,51.61,0.0962,2.72,89.3,2.029,2.387,True
DH-03-099,MOIL-BL-03,173.56,1198.1,21.823263,80.187285,344.34,5.2,42.1,23.65,320.69,36.9,Gondite (Manganiferous Quartzite),20.04,8.12,32.19,0.2376,3.28,84.3,2.442,1.606,True
DH-03-099,MOIL-BL-03,173.56,1198.1,21.823263,80.187285,344.34,42.1,44.0,43.05,301.29,1.9,Gondite (Manganiferous Quartzite),28.12,15.53,44.82,0.2329,3.43,90.2,3.243,2.1,True
DH-03-099,MOIL-BL-03,173.56,1198.1,21.823263,80.187285,344.34,44.0,45.3,44.65,299.69,1.3,Banded Hematite-Manganese Quartzite,26.95,10.08,30.86,0.3196,3.3,94.9,2.738,1.898,True
DH-03-099,MOIL-BL-03,173.56,1198.1,21.823263,80.187285,344.34,45.3,48.7,47.0,297.34,3.4,Gondite (Manganiferous Quartzite),28.64,15.66,43.96,0.233,3.3,94.8,2.83,2.261,True
DH-03-099,MOIL-BL-03,173.56,1198.1,21.823263,80.187285,344.34,48.7,78.6,63.65,280.69,29.9,Gondite (Manganiferous Quartzite),18.71,12.28,46.52,0.2395,3.65,86.7,2.848,2.311,True
DH-03-099,MOIL-BL-03,173.56,1198.1,21.823263,80.187285,344.34,78.6,80.9,79.75,264.59,2.3,Gondite (Manganiferous Quartzite),21.77,14.82,33.92,0.1846,3.71,84.0,3.06,1.741,True
DH-03-100,MOIL-BL-03,-945.38,409.07,21.816175,80.176422,344.44,0.0,9.8,4.9,339.54,9.8,Phyllite & Weathered Overburden,4.91,8.14,58.78,0.0479,2.49,94.3,2.382,2.432,True
DH-03-100,MOIL-BL-03,-945.38,409.07,21.816175,80.176422,344.44,9.8,13.9,11.85,332.59,4.1,Phyllite & Weathered Overburden,6.44,5.5,65.91,0.1454,2.43,93.6,1.85,2.594,True
DH-03-100,MOIL-BL-03,-945.38,409.07,21.816175,80.176422,344.44,13.9,19.1,16.5,327.94,5.2,Phyllite & Weathered Overburden,4.75,6.26,58.3,0.1454,2.6,96.5,2.013,2.493,True
DH-03-100,MOIL-BL-03,-945.38,409.07,21.816175,80.176422,344.44,19.1,22.2,20.65,323.79,3.1,Quartz-Muscovite Schist,3.52,4.34,66.91,0.0845,2.96,86.8,1.681,2.6,True
DH-03-100,MOIL-BL-03,-945.38,409.07,21.816175,80.176422,344.44,22.2,104.1,63.15,281.29,81.9,Quartz-Muscovite Schist,11.4,9.52,54.55,0.0966,2.71,91.1,1.93,2.536,True
DH-03-100,MOIL-BL-03,-945.38,409.07,21.816175,80.176422,344.44,104.1,114.4,109.25,235.19,10.3,Quartz-Muscovite Schist,9.97,3.03,57.04,0.1048,2.74,96.0,1.217,2.398,True
DH-03-101,MOIL-BL-03,-1074.37,-645.65,21.8067,80.175169,370.1,0.0,8.4,4.2,365.9,8.4,Phyllite & Weathered Overburden,4.66,10.29,60.46,0.0984,2.44,93.5,2.531,2.6,True
DH-03-101,MOIL-BL-03,-1074.37,-645.65,21.8067,80.175169,370.1,8.4,10.0,9.2,360.9,1.6,Phyllite & Weathered Overburden,8.14,8.85,60.09,0.082,2.51,94.1,2.264,2.6,True
DH-03-101,MOIL-BL-03,-1074.37,-645.65,21.8067,80.175169,370.1,10.0,93.2,51.6,318.5,83.2,Gondite (Manganiferous Quartzite),24.65,9.27,26.23,0.2091,3.23,88.0,2.064,1.765,True
DH-03-101,MOIL-BL-03,-1074.37,-645.65,21.8067,80.175169,370.1,93.2,129.8,111.5,258.6,36.6,Quartz-Muscovite Schist,7.15,3.03,51.59,0.0877,3.0,88.2,1.738,2.419,True
DH-03-101,MOIL-BL-03,-1074.37,-645.65,21.8067,80.175169,370.1,129.8,133.2,131.5,238.6,3.4,Quartz-Muscovite Schist,9.8,4.7,69.98,0.0621,2.84,83.7,1.833,2.6,True
DH-03-101,MOIL-BL-03,-1074.37,-645.65,21.8067,80.175169,370.1,133.2,143.7,138.45,231.65,10.5,Quartz-Muscovite Schist,6.84,5.23,71.32,0.1713,3.0,88.4,1.751,2.6,True
DH-03-102,MOIL-BL-03,966.79,841.03,21.820055,80.194986,350.72,0.0,3.8,1.9,348.82,3.8,Phyllite & Weathered Overburden,7.24,10.8,62.74,0.0443,2.48,93.5,2.66,2.6,True
DH-03-102,MOIL-BL-03,966.79,841.03,21.820055,80.194986,350.72,3.8,25.8,14.8,335.92,22.0,Phyllite & Weathered Overburden,4.12,8.01,55.83,0.0573,2.41,91.3,2.244,2.472,True
DH-03-102,MOIL-BL-03,966.79,841.03,21.820055,80.194986,350.72,25.8,27.2,26.5,324.22,1.4,Gondite (Manganiferous Quartzite),25.54,13.34,45.97,0.1891,3.54,85.8,2.943,2.276,True
DH-03-102,MOIL-BL-03,966.79,841.03,21.820055,80.194986,350.72,27.2,34.1,30.65,320.07,6.9,Gondite (Manganiferous Quartzite),18.0,9.93,29.79,0.1701,3.64,88.9,2.216,1.665,True
DH-03-102,MOIL-BL-03,966.79,841.03,21.820055,80.194986,350.72,34.1,37.5,35.8,314.92,3.4,Gondite (Manganiferous Quartzite),29.25,9.93,26.81,0.1913,3.61,91.2,2.639,1.687,True
DH-03-102,MOIL-BL-03,966.79,841.03,21.820055,80.194986,350.72,37.5,62.4,49.95,300.77,24.9,Banded Hematite-Manganese Quartzite,30.8,11.07,28.5,0.2533,3.36,99.0,2.959,1.883,True
DH-03-103,MOIL-BL-03,-130.25,806.68,21.819747,80.184335,343.25,0.0,26.4,13.2,330.05,26.4,Phyllite & Weathered Overburden,2.13,11.53,46.8,0.1157,2.71,98.3,2.582,2.269,True
DH-03-103,MOIL-BL-03,-130.25,806.68,21.819747,80.184335,343.25,26.4,50.2,38.3,304.95,23.8,Banded Hematite-Manganese Quartzite,24.08,10.18,35.66,0.2976,3.45,98.2,2.443,1.707,True
DH-03-103,MOIL-BL-03,-130.25,806.68,21.819747,80.184335,343.25,50.2,58.7,54.45,288.8,8.5,Gondite (Manganiferous Quartzite),18.2,10.27,35.04,0.2468,3.45,92.7,2.319,1.742,True
DH-03-103,MOIL-BL-03,-130.25,806.68,21.819747,80.184335,343.25,58.7,85.7,72.2,271.05,27.0,Gondite (Manganiferous Quartzite),18.17,8.16,47.38,0.1643,3.64,97.1,2.207,2.273,True
DH-03-103,MOIL-BL-03,-130.25,806.68,21.819747,80.184335,343.25,85.7,99.3,92.5,250.75,13.6,Calc-Silicate Granulite,4.21,5.85,60.12,0.0887,2.66,92.0,2.032,2.6,True
DH-03-104,MOIL-BL-03,614.41,-114.45,21.811472,80.191565,332.16,0.0,3.7,1.85,330.31,3.7,Phyllite & Weathered Overburden,2.06,6.41,67.06,0.1075,2.5,90.4,2.032,2.6,True
DH-03-104,MOIL-BL-03,614.41,-114.45,21.811472,80.191565,332.16,3.7,19.9,11.8,320.36,16.2,Phyllite & Weathered Overburden,4.91,10.04,66.12,0.0849,2.48,95.3,2.59,2.6,True
DH-03-104,MOIL-BL-03,614.41,-114.45,21.811472,80.191565,332.16,19.9,70.2,45.05,287.11,50.3,Gondite (Manganiferous Quartzite),19.59,12.27,45.23,0.202,3.47,90.4,2.999,2.175,True
DH-03-104,MOIL-BL-03,614.41,-114.45,21.811472,80.191565,332.16,70.2,74.8,72.5,259.66,4.6,Banded Hematite-Manganese Quartzite,30.29,10.26,35.6,0.2543,3.29,93.6,2.74,1.907,True
DH-03-104,MOIL-BL-03,614.41,-114.45,21.811472,80.191565,332.16,74.8,84.1,79.45,252.71,9.3,Quartz-Muscovite Schist,2.83,9.62,52.92,0.1507,2.76,93.5,2.545,2.427,True
DH-03-105,MOIL-BL-03,609.15,-674.26,21.806443,80.191514,352.15,0.0,28.2,14.1,338.05,28.2,Phyllite & Weathered Overburden,7.12,7.01,61.95,0.0477,2.75,99.0,1.642,2.6,True
DH-03-105,MOIL-BL-03,609.15,-674.26,21.806443,80.191514,352.15,28.2,33.1,30.65,321.5,4.9,Calc-Silicate Granulite,9.44,4.93,69.91,0.1563,2.79,97.6,2.026,2.6,True
DH-03-105,MOIL-BL-03,609.15,-674.26,21.806443,80.191514,352.15,33.1,37.6,35.35,316.8,4.5,Calc-Silicate Granulite,11.6,7.57,60.03,0.1017,2.78,79.1,2.123,2.417,True
DH-03-105,MOIL-BL-03,609.15,-674.26,21.806443,80.191514,352.15,37.6,60.0,48.8,303.35,22.4,Calc-Silicate Granulite,3.02,4.78,70.12,0.0647,2.95,95.0,1.502,2.6,True
DH-03-105,MOIL-BL-03,609.15,-674.26,21.806443,80.191514,352.15,60.0,68.9,64.45,287.7,8.9,Quartz-Muscovite Schist,4.26,4.57,60.24,0.0845,2.94,91.6,1.906,2.6,True
DH-03-105,MOIL-BL-03,609.15,-674.26,21.806443,80.191514,352.15,68.9,77.3,73.1,279.05,8.4,Quartz-Muscovite Schist,9.48,5.94,70.76,0.1673,3.0,93.0,1.661,2.6,True
DH-03-105,MOIL-BL-03,609.15,-674.26,21.806443,80.191514,352.15,77.3,96.8,87.05,265.1,19.5,Calc-Silicate Granulite,2.56,3.08,62.07,0.1765,2.83,95.1,1.66,2.6,True
DH-03-105,MOIL-BL-03,609.15,-674.26,21.806443,80.191514,352.15,96.8,118.0,107.4,244.75,21.2,Quartz-Muscovite Schist,7.48,5.4,62.35,0.0595,2.96,90.3,1.812,2.6,True
DH-03-106,MOIL-BL-03,-317.16,-857.22,21.804799,80.182521,364.79,0.0,8.2,4.1,360.69,8.2,Phyllite & Weathered Overburden,5.72,6.99,46.08,0.1135,2.75,94.3,2.133,2.174,True
DH-03-106,MOIL-BL-03,-317.16,-857.22,21.804799,80.182521,364.79,8.2,29.6,18.9,345.89,21.4,Banded Hematite-Manganese Quartzite,25.18,8.4,26.01,0.2641,3.44,89.0,2.211,1.566,True
DH-03-106,MOIL-BL-03,-317.16,-857.22,21.804799,80.182521,364.79,29.6,55.8,42.7,322.09,26.2,High-Grade Braunite Ore,42.68,6.27,13.85,0.2142,4.12,90.1,1.624,1.29,True
DH-03-106,MOIL-BL-03,-317.16,-857.22,21.804799,80.182521,364.79,55.8,61.7,58.75,306.04,5.9,High-Grade Braunite Ore,41.79,8.29,17.27,0.1513,3.73,87.0,2.194,1.427,True
DH-03-106,MOIL-BL-03,-317.16,-857.22,21.804799,80.182521,364.79,61.7,68.1,64.9,299.89,6.4,Medium-Grade Pyrolusite Bed,54.0,5.92,21.38,0.1948,4.17,91.9,1.982,1.386,True
DH-03-107,MOIL-BL-03,1147.84,-819.55,21.805138,80.196744,354.37,0.0,26.4,13.2,341.17,26.4,Phyllite & Weathered Overburden,2.5,6.8,61.42,0.0928,2.56,88.2,2.021,2.539,True
DH-03-107,MOIL-BL-03,1147.84,-819.55,21.805138,80.196744,354.37,26.4,33.6,30.0,324.37,7.2,Calc-Silicate Granulite,8.52,9.81,63.35,0.0656,2.78,94.5,2.556,2.6,True
DH-03-107,MOIL-BL-03,1147.84,-819.55,21.805138,80.196744,354.37,33.6,56.8,45.2,309.17,23.2,Quartz-Muscovite Schist,5.73,4.45,67.89,0.1466,2.91,99.0,1.707,2.6,True
DH-03-107,MOIL-BL-03,1147.84,-819.55,21.805138,80.196744,354.37,56.8,60.3,58.55,295.82,3.5,Calc-Silicate Granulite,2.09,3.56,71.84,0.1519,3.02,86.2,1.963,2.6,True
DH-03-107,MOIL-BL-03,1147.84,-819.55,21.805138,80.196744,354.37,60.3,72.2,66.25,288.12,11.9,Quartz-Muscovite Schist,5.17,5.97,52.82,0.066,2.9,99.0,2.111,2.479,True
DH-03-107,MOIL-BL-03,1147.84,-819.55,21.805138,80.196744,354.37,72.2,90.1,81.15,273.22,17.9,Calc-Silicate Granulite,3.2,9.89,51.67,0.1382,2.72,97.2,2.554,2.475,True
DH-03-108,MOIL-BL-03,-637.92,-552.88,21.807533,80.179407,362.74,0.0,17.6,8.8,353.94,17.6,Phyllite & Weathered Overburden,8.31,9.72,59.57,0.0509,2.64,87.9,2.05,2.6,True
DH-03-108,MOIL-BL-03,-637.92,-552.88,21.807533,80.179407,362.74,17.6,34.7,26.15,336.59,17.1,Gondite (Manganiferous Quartzite),20.27,15.9,37.91,0.2575,3.38,83.6,3.214,1.923,True
DH-03-108,MOIL-BL-03,-637.92,-552.88,21.807533,80.179407,362.74,34.7,44.6,39.65,323.09,9.9,High-Grade Braunite Ore,37.62,4.81,11.95,0.2032,4.15,99.0,1.845,1.309,True
DH-03-108,MOIL-BL-03,-637.92,-552.88,21.807533,80.179407,362.74,44.6,45.8,45.2,317.54,1.2,High-Grade Braunite Ore,39.5,7.85,21.65,0.0881,4.09,81.4,2.092,1.369,True
DH-03-108,MOIL-BL-03,-637.92,-552.88,21.807533,80.179407,362.74,45.8,53.8,49.8,312.94,8.0,Medium-Grade Pyrolusite Bed,43.59,7.22,13.66,0.0891,3.76,95.1,2.298,1.201,True
DH-03-108,MOIL-BL-03,-637.92,-552.88,21.807533,80.179407,362.74,53.8,92.9,73.35,289.39,39.1,Gondite (Manganiferous Quartzite),23.07,11.33,35.79,0.1935,3.26,85.8,2.778,1.797,True
DH-03-109,MOIL-BL-03,-95.75,-735.73,21.805891,80.18467,340.52,0.3,1.8,1.05,339.47,1.5,Phyllite & Weathered Overburden,5.15,10.28,66.98,0.1249,2.74,94.5,2.628,2.6,True
DH-03-109,MOIL-BL-03,-95.75,-735.73,21.805891,80.18467,340.52,1.8,27.3,14.55,325.97,25.5,Gondite (Manganiferous Quartzite),20.54,15.14,35.55,0.2554,3.47,93.7,3.051,1.862,True
DH-03-109,MOIL-BL-03,-95.75,-735.73,21.805891,80.18467,340.52,27.3,40.7,34.0,306.52,13.4,Banded Hematite-Manganese Quartzite,29.72,12.46,44.97,0.2869,3.66,97.1,2.919,2.077,True
DH-03-109,MOIL-BL-03,-95.75,-735.73,21.805891,80.18467,340.52,40.7,45.2,42.95,297.57,4.5,Medium-Grade Pyrolusite Bed,49.73,8.77,11.68,0.1471,3.71,93.1,2.402,1.195,True
DH-03-109,MOIL-BL-03,-95.75,-735.73,21.805891,80.18467,340.52,45.2,47.9,46.55,293.97,2.7,High-Grade Braunite Ore,45.63,8.57,21.49,0.2014,4.31,96.0,2.219,1.557,True
DH-03-109,MOIL-BL-03,-95.75,-735.73,21.805891,80.18467,340.52,47.9,52.5,50.2,290.32,4.6,Medium-Grade Pyrolusite Bed,40.75,7.52,16.04,0.1987,4.32,79.2,2.036,1.376,True
DH-03-110,MOIL-BL-03,1131.64,-537.03,21.807676,80.196587,369.62,0.0,24.4,12.2,357.42,24.4,Phyllite & Weathered Overburden,7.86,11.97,45.52,0.0524,2.64,95.7,2.611,2.285,True
DH-03-110,MOIL-BL-03,1131.64,-537.03,21.807676,80.196587,369.62,24.4,31.0,27.7,341.92,6.6,Calc-Silicate Granulite,5.38,6.54,62.33,0.1447,2.79,99.0,1.916,2.6,True
DH-03-110,MOIL-BL-03,1131.64,-537.03,21.807676,80.196587,369.62,31.0,45.4,38.2,331.42,14.4,Quartz-Muscovite Schist,8.23,4.82,51.86,0.0655,2.74,96.9,1.988,2.382,True
DH-03-110,MOIL-BL-03,1131.64,-537.03,21.807676,80.196587,369.62,45.4,69.6,57.5,312.12,24.2,Quartz-Muscovite Schist,5.75,5.76,54.22,0.058,2.89,89.4,2.021,2.519,True
DH-03-110,MOIL-BL-03,1131.64,-537.03,21.807676,80.196587,369.62,69.6,74.8,72.2,297.42,5.2,Quartz-Muscovite Schist,11.43,5.86,64.56,0.1104,2.9,99.0,1.732,2.6,True
DH-03-111,MOIL-BL-03,745.45,565.25,21.817578,80.192837,363.19,0.0,18.3,9.15,354.04,18.3,Phyllite & Weathered Overburden,3.92,10.13,47.16,0.1447,2.65,97.3,2.601,2.144,True
DH-03-111,MOIL-BL-03,745.45,565.25,21.817578,80.192837,363.19,18.3,21.4,19.85,343.34,3.1,Gondite (Manganiferous Quartzite),20.91,15.46,36.23,0.2461,3.6,98.0,3.345,1.852,True
DH-03-111,MOIL-BL-03,745.45,565.25,21.817578,80.192837,363.19,21.4,24.5,22.95,340.24,3.1,Gondite (Manganiferous Quartzite),22.98,9.78,43.97,0.2417,3.44,92.7,2.575,2.167,True
DH-03-111,MOIL-BL-03,745.45,565.25,21.817578,80.192837,363.19,24.5,52.0,38.25,324.94,27.5,Banded Hematite-Manganese Quartzite,21.01,13.88,32.01,0.1552,3.63,93.2,3.019,1.789,True
DH-03-111,MOIL-BL-03,745.45,565.25,21.817578,80.192837,363.19,52.0,62.5,57.25,305.94,10.5,Gondite (Manganiferous Quartzite),29.45,14.45,38.86,0.1792,3.69,98.2,3.04,2.0,True
DH-03-112,MOIL-BL-03,-1106.21,332.5,21.815487,80.17486,332.53,0.0,23.9,11.95,320.58,23.9,Phyllite & Weathered Overburden,6.55,11.23,55.13,0.1391,2.7,90.4,2.977,2.448,True
DH-03-112,MOIL-BL-03,-1106.21,332.5,21.815487,80.17486,332.53,23.9,66.5,45.2,287.33,42.6,Quartz-Muscovite Schist,8.04,3.39,50.53,0.1085,2.78,89.9,1.642,2.18,True
DH-03-112,MOIL-BL-03,-1106.21,332.5,21.815487,80.17486,332.53,66.5,78.0,72.25,260.28,11.5,Calc-Silicate Granulite,8.74,6.6,54.4,0.0915,2.89,96.8,2.148,2.536,True
DH-03-112,MOIL-BL-03,-1106.21,332.5,21.815487,80.17486,332.53,78.0,85.9,81.95,250.58,7.9,Quartz-Muscovite Schist,8.24,3.27,63.67,0.1511,2.85,87.7,1.791,2.585,True
DH-03-112,MOIL-BL-03,-1106.21,332.5,21.815487,80.17486,332.53,85.9,104.9,95.4,237.13,19.0,Quartz-Muscovite Schist,8.77,9.1,57.53,0.1501,2.87,99.0,2.348,2.6,True
DH-03-112,MOIL-BL-03,-1106.21,332.5,21.815487,80.17486,332.53,104.9,130.8,117.85,214.68,25.9,Quartz-Muscovite Schist,11.63,3.51,51.18,0.1719,2.86,99.0,1.729,2.326,True
DH-03-112,MOIL-BL-03,-1106.21,332.5,21.815487,80.17486,332.53,130.8,151.9,141.35,191.18,21.1,Calc-Silicate Granulite,9.56,8.23,56.86,0.0898,2.99,92.9,2.315,2.374,True
DH-03-113,MOIL-BL-03,-205.37,454.88,21.816586,80.183606,347.2,0.0,2.7,1.35,345.85,2.7,Phyllite & Weathered Overburden,7.57,7.38,45.15,0.0927,2.41,88.8,2.191,2.163,True
DH-03-113,MOIL-BL-03,-205.37,454.88,21.816586,80.183606,347.2,2.7,8.0,5.35,341.85,5.3,Phyllite & Weathered Overburden,5.06,6.96,58.38,0.0461,2.46,89.5,1.951,2.6,True
DH-03-113,MOIL-BL-03,-205.37,454.88,21.816586,80.183606,347.2,8.0,45.1,26.55,320.65,37.1,Gondite (Manganiferous Quartzite),20.31,8.88,38.04,0.3057,3.23,88.8,2.333,2.156,True
DH-03-113,MOIL-BL-03,-205.37,454.88,21.816586,80.183606,347.2,45.1,55.9,50.5,296.7,10.8,Gondite (Manganiferous Quartzite),28.48,9.44,47.07,0.197,3.39,99.0,2.406,2.348,True
DH-03-113,MOIL-BL-03,-205.37,454.88,21.816586,80.183606,347.2,55.9,80.5,68.2,279.0,24.6,Gondite (Manganiferous Quartzite),20.11,13.39,28.07,0.2812,3.74,81.6,2.893,1.608,True
DH-03-114,MOIL-BL-03,-1088.56,-1167.04,21.802016,80.175031,376.07,0.0,8.2,4.1,371.97,8.2,Phyllite & Weathered Overburden,8.24,6.38,59.12,0.0496,2.56,84.8,2.139,2.6,True
DH-03-114,MOIL-BL-03,-1088.56,-1167.04,21.802016,80.175031,376.07,8.2,15.9,12.05,364.02,7.7,Phyllite & Weathered Overburden,4.65,5.72,61.54,0.0954,2.68,86.3,2.039,2.578,True
DH-03-114,MOIL-BL-03,-1088.56,-1167.04,21.802016,80.175031,376.07,16.8,27.3,22.05,354.02,10.5,Banded Hematite-Manganese Quartzite,18.33,10.73,43.48,0.2995,3.49,91.9,2.468,2.138,True
DH-03-114,MOIL-BL-03,-1088.56,-1167.04,21.802016,80.175031,376.07,27.3,44.1,35.7,340.37,16.8,Banded Hematite-Manganese Quartzite,30.01,8.2,38.37,0.2298,3.32,87.6,2.327,2.186,True
DH-03-114,MOIL-BL-03,-1088.56,-1167.04,21.802016,80.175031,376.07,44.1,48.0,46.05,330.02,3.9,Gondite (Manganiferous Quartzite),18.01,15.49,28.78,0.1667,3.34,91.2,3.246,1.767,True
DH-03-114,MOIL-BL-03,-1088.56,-1167.04,21.802016,80.175031,376.07,48.0,56.6,52.3,323.77,8.6,Banded Hematite-Manganese Quartzite,24.71,10.03,46.63,0.3012,3.51,84.3,2.316,2.107,True
DH-03-114,MOIL-BL-03,-1088.56,-1167.04,21.802016,80.175031,376.07,56.6,64.1,60.35,315.72,7.5,Gondite (Manganiferous Quartzite),27.46,11.61,44.7,0.3088,3.38,90.1,2.519,2.191,True
DH-03-115,MOIL-BL-03,-705.11,903.75,21.820618,80.178754,337.91,0.0,41.2,20.6,317.31,41.2,Phyllite & Weathered Overburden,3.66,10.11,48.03,0.1148,2.74,90.2,2.266,2.321,True
DH-03-115,MOIL-BL-03,-705.11,903.75,21.820618,80.178754,337.91,41.2,47.2,44.2,293.71,6.0,Calc-Silicate Granulite,11.08,3.83,64.21,0.0825,2.98,82.4,1.51,2.6,True
DH-03-115,MOIL-BL-03,-705.11,903.75,21.820618,80.178754,337.91,47.2,84.0,65.6,272.31,36.8,Quartz-Muscovite Schist,10.76,5.87,56.38,0.0519,2.88,85.4,2.154,2.342,True
DH-03-115,MOIL-BL-03,-705.11,903.75,21.820618,80.178754,337.91,84.0,90.7,87.35,250.56,6.7,Calc-Silicate Granulite,6.02,9.89,56.55,0.128,2.96,96.8,2.316,2.6,True
DH-03-115,MOIL-BL-03,-705.11,903.75,21.820618,80.178754,337.91,90.7,100.1,95.4,242.51,9.4,Calc-Silicate Granulite,6.08,4.57,58.55,0.1041,2.95,87.4,1.815,2.576,True
DH-03-116,MOIL-BL-03,154.07,-14.02,21.812374,80.187096,366.59,0.0,13.9,6.95,359.64,13.9,Gondite (Manganiferous Quartzite),24.38,14.79,41.24,0.2181,3.34,88.4,3.078,2.175,True
DH-03-116,MOIL-BL-03,154.07,-14.02,21.812374,80.187096,366.59,13.9,29.2,21.55,345.04,15.3,Gondite (Manganiferous Quartzite),18.57,15.94,28.0,0.2792,3.42,91.9,3.061,1.804,True
DH-03-116,MOIL-BL-03,154.07,-14.02,21.812374,80.187096,366.59,29.2,36.9,33.05,333.54,7.7,High-Grade Braunite Ore,41.59,4.51,12.94,0.1689,3.78,87.3,1.772,1.248,True
DH-03-116,MOIL-BL-03,154.07,-14.02,21.812374,80.187096,366.59,36.9,46.4,41.65,324.94,9.5,High-Grade Braunite Ore,40.82,4.9,21.28,0.1017,4.25,94.5,1.897,1.545,True
DH-03-116,MOIL-BL-03,154.07,-14.02,21.812374,80.187096,366.59,46.4,73.9,60.15,306.44,27.5,Medium-Grade Pyrolusite Bed,45.68,7.48,14.05,0.102,3.78,93.5,2.232,1.565,True
DH-03-116,MOIL-BL-03,154.07,-14.02,21.812374,80.187096,366.59,73.9,92.2,83.05,283.54,18.3,High-Grade Braunite Ore,36.0,7.71,20.82,0.0862,3.95,87.1,2.103,1.529,True
DH-03-117,MOIL-BL-03,549.29,1036.59,21.821812,80.190933,343.94,0.0,12.2,6.1,337.84,12.2,Gondite (Manganiferous Quartzite),21.17,14.11,38.49,0.1722,3.74,91.0,3.06,2.015,True
DH-03-117,MOIL-BL-03,549.29,1036.59,21.821812,80.190933,343.94,12.2,107.1,59.65,284.29,94.9,Medium-Grade Pyrolusite Bed,43.37,4.59,10.43,0.2064,3.93,96.2,1.732,1.193,True
DH-03-117,MOIL-BL-03,549.29,1036.59,21.821812,80.190933,343.94,107.1,121.3,114.2,229.74,14.2,Quartz-Muscovite Schist,9.41,6.13,56.81,0.1128,2.78,96.2,1.872,2.473,True
DH-03-117,MOIL-BL-03,549.29,1036.59,21.821812,80.190933,343.94,121.3,127.7,124.5,219.44,6.4,Quartz-Muscovite Schist,2.94,7.81,70.09,0.1291,2.87,87.6,2.193,2.6,True
DH-03-117,MOIL-BL-03,549.29,1036.59,21.821812,80.190933,343.94,127.7,136.0,131.85,212.09,8.3,Quartz-Muscovite Schist,9.22,5.12,57.6,0.1788,2.69,91.3,1.688,2.481,True
DH-03-117,MOIL-BL-03,549.29,1036.59,21.821812,80.190933,343.94,136.0,141.2,138.6,205.34,5.2,Quartz-Muscovite Schist,2.47,7.72,51.24,0.1375,2.99,83.9,2.245,2.119,True
DH-03-117,MOIL-BL-03,549.29,1036.59,21.821812,80.190933,343.94,141.2,154.5,147.85,196.09,13.3,Quartz-Muscovite Schist,4.36,8.06,54.54,0.0825,2.78,99.0,2.088,2.343,True
DH-03-118,MOIL-BL-03,588.35,-687.44,21.806325,80.191312,330.53,0.0,14.8,7.4,323.13,14.8,Phyllite & Weathered Overburden,2.69,6.9,64.67,0.0781,2.79,91.3,1.924,2.6,True
DH-03-118,MOIL-BL-03,588.35,-687.44,21.806325,80.191312,330.53,14.8,33.3,24.05,306.48,18.5,Phyllite & Weathered Overburden,8.72,9.85,63.43,0.0837,2.53,84.1,2.407,2.6,True
DH-03-118,MOIL-BL-03,588.35,-687.44,21.806325,80.191312,330.53,33.3,47.9,40.6,289.93,14.6,Quartz-Muscovite Schist,8.13,4.8,70.87,0.0721,3.04,89.0,1.798,2.6,True
DH-03-118,MOIL-BL-03,588.35,-687.44,21.806325,80.191312,330.53,47.9,87.0,67.45,263.08,39.1,Quartz-Muscovite Schist,6.07,5.9,66.12,0.1392,2.98,84.9,1.643,2.6,True
DH-03-118,MOIL-BL-03,588.35,-687.44,21.806325,80.191312,330.53,87.0,107.6,97.3,233.23,20.6,Quartz-Muscovite Schist,5.38,6.4,56.9,0.0684,2.74,94.0,2.047,2.458,True
DH-03-118,MOIL-BL-03,588.35,-687.44,21.806325,80.191312,330.53,107.6,109.2,108.4,222.13,1.6,Quartz-Muscovite Schist,2.05,9.19,68.98,0.1076,2.88,94.2,2.37,2.6,True
DH-03-118,MOIL-BL-03,588.35,-687.44,21.806325,80.191312,330.53,109.2,135.4,122.3,208.23,26.2,Quartz-Muscovite Schist,2.37,4.34,59.7,0.126,2.98,99.0,1.552,2.6,True
DH-03-119,MOIL-BL-03,648.99,-0.92,21.812492,80.191901,345.26,0.0,49.1,24.55,320.71,49.1,Phyllite & Weathered Overburden,7.79,9.16,63.26,0.1488,2.67,90.5,2.34,2.6,True
DH-03-119,MOIL-BL-03,648.99,-0.92,21.812492,80.191901,345.26,49.1,52.0,50.55,294.71,2.9,Banded Hematite-Manganese Quartzite,28.91,8.26,36.96,0.2334,3.51,90.0,2.452,1.944,True
DH-03-119,MOIL-BL-03,648.99,-0.92,21.812492,80.191901,345.26,52.0,75.8,63.9,281.36,23.8,Gondite (Manganiferous Quartzite),26.98,11.23,45.13,0.2031,3.42,89.4,2.487,2.195,True
DH-03-119,MOIL-BL-03,648.99,-0.92,21.812492,80.191901,345.26,75.8,116.3,96.05,249.21,40.5,Quartz-Muscovite Schist,2.7,5.14,67.19,0.0976,2.75,92.0,1.686,2.6,True
DH-03-119,MOIL-BL-03,648.99,-0.92,21.812492,80.191901,345.26,116.3,157.1,136.7,208.56,40.8,Quartz-Muscovite Schist,2.83,7.75,62.59,0.1124,2.85,92.6,2.45,2.6,True
DH-03-120,MOIL-BL-03,-981.0,-1153.19,21.802141,80.176076,370.29,0.0,12.1,6.05,364.24,12.1,Phyllite & Weathered Overburden,4.09,9.47,51.63,0.066,2.69,80.7,2.268,2.329,True
DH-03-120,MOIL-BL-03,-981.0,-1153.19,21.802141,80.176076,370.29,12.1,30.1,21.1,349.19,18.0,Gondite (Manganiferous Quartzite),23.13,10.68,29.77,0.1956,3.37,97.0,2.585,1.632,True
DH-03-120,MOIL-BL-03,-981.0,-1153.19,21.802141,80.176076,370.29,30.1,49.7,39.9,330.39,19.6,High-Grade Braunite Ore,46.1,6.39,17.97,0.1008,3.78,90.3,1.977,1.398,True
DH-03-120,MOIL-BL-03,-981.0,-1153.19,21.802141,80.176076,370.29,50.5,61.9,56.2,314.09,11.4,Medium-Grade Pyrolusite Bed,45.66,4.58,16.69,0.1207,4.03,95.1,1.673,1.194,True
DH-03-121,MOIL-BL-03,-491.74,560.16,21.817532,80.180826,373.56,0.0,12.0,6.0,367.56,12.0,Phyllite & Weathered Overburden,4.96,5.03,52.21,0.0979,2.53,93.8,1.808,2.295,True
DH-03-121,MOIL-BL-03,-491.74,560.16,21.817532,80.180826,373.56,12.0,17.7,14.85,358.71,5.7,Phyllite & Weathered Overburden,2.71,5.34,45.12,0.0761,2.66,99.0,1.835,2.155,True
DH-03-121,MOIL-BL-03,-491.74,560.16,21.817532,80.180826,373.56,17.7,24.3,21.0,352.56,6.6,Quartz-Muscovite Schist,5.28,7.67,50.89,0.1008,2.97,88.7,2.254,2.443,True
DH-03-121,MOIL-BL-03,-491.74,560.16,21.817532,80.180826,373.56,24.3,41.4,32.85,340.71,17.1,Quartz-Muscovite Schist,2.59,4.26,52.86,0.0926,2.73,90.3,1.619,2.064,True
DH-03-121,MOIL-BL-03,-491.74,560.16,21.817532,80.180826,373.56,41.4,54.2,47.8,325.76,12.8,Gondite (Manganiferous Quartzite),18.45,10.56,38.72,0.241,3.46,86.9,2.516,2.142,True
DH-03-121,MOIL-BL-03,-491.74,560.16,21.817532,80.180826,373.56,54.2,69.4,61.8,311.76,15.2,Banded Hematite-Manganese Quartzite,19.83,12.87,29.12,0.1652,3.21,95.0,2.876,1.816,True
DH-03-121,MOIL-BL-03,-491.74,560.16,21.817532,80.180826,373.56,69.4,71.2,70.3,303.26,1.8,Quartz-Muscovite Schist,2.84,9.32,64.79,0.1667,2.83,92.2,2.581,2.6,True
DH-03-122,MOIL-BL-03,807.32,792.46,21.819619,80.193438,377.81,0.0,27.2,13.6,364.21,27.2,Phyllite & Weathered Overburden,2.28,6.41,49.11,0.0772,2.57,98.0,1.865,1.978,True
DH-03-122,MOIL-BL-03,807.32,792.46,21.819619,80.193438,377.81,27.2,32.8,30.0,347.81,5.6,Banded Hematite-Manganese Quartzite,18.38,12.84,34.1,0.1797,3.68,86.5,2.898,1.917,True
DH-03-122,MOIL-BL-03,807.32,792.46,21.819619,80.193438,377.81,32.8,89.9,61.35,316.46,57.1,High-Grade Braunite Ore,43.75,5.53,15.29,0.0704,4.24,95.4,1.875,1.448,True
DH-03-122,MOIL-BL-03,807.32,792.46,21.819619,80.193438,377.81,89.9,100.0,94.95,282.86,10.1,Gondite (Manganiferous Quartzite),23.61,14.29,35.64,0.3082,3.47,91.0,3.196,2.066,True
DH-03-122,MOIL-BL-03,807.32,792.46,21.819619,80.193438,377.81,100.0,105.1,102.55,275.26,5.1,Quartz-Muscovite Schist,7.32,4.26,60.29,0.1758,2.95,92.8,2.054,2.576,True
DH-03-122,MOIL-BL-03,807.32,792.46,21.819619,80.193438,377.81,105.1,126.8,115.95,261.86,21.7,Calc-Silicate Granulite,4.83,4.97,61.68,0.0567,2.71,93.2,1.995,2.6,True
DH-03-123,MOIL-BL-03,-639.85,-111.91,21.811495,80.179388,355.86,0.0,8.4,4.2,351.66,8.4,Phyllite & Weathered Overburden,6.82,9.25,57.38,0.0916,2.52,89.7,2.357,2.359,True
DH-03-123,MOIL-BL-03,-639.85,-111.91,21.811495,80.179388,355.86,8.4,60.1,34.25,321.61,51.7,Banded Hematite-Manganese Quartzite,25.63,8.53,44.08,0.2325,3.57,97.1,2.121,2.054,True
DH-03-123,MOIL-BL-03,-639.85,-111.91,21.811495,80.179388,355.86,60.1,63.8,61.95,293.91,3.7,Gondite (Manganiferous Quartzite),30.43,14.13,47.3,0.2693,3.3,85.3,2.985,2.182,True
DH-03-123,MOIL-BL-03,-639.85,-111.91,21.811495,80.179388,355.86,63.8,115.6,89.7,266.16,51.8,Quartz-Muscovite Schist,5.35,5.22,68.7,0.16,2.79,93.3,1.725,2.6,True
DH-03-123,MOIL-BL-03,-639.85,-111.91,21.811495,80.179388,355.86,115.6,129.7,122.65,233.21,14.1,Quartz-Muscovite Schist,2.2,3.01,61.51,0.0947,3.05,87.4,1.686,2.6,True
DH-03-123,MOIL-BL-03,-639.85,-111.91,21.811495,80.179388,355.86,129.7,134.0,131.85,224.01,4.3,Quartz-Muscovite Schist,5.47,6.31,63.87,0.168,2.82,96.3,1.914,2.6,True
DH-03-124,MOIL-BL-03,475.13,-1196.21,21.801754,80.190213,373.58,0.0,3.4,1.7,371.88,3.4,Phyllite & Weathered Overburden,5.15,5.15,59.74,0.0855,2.51,85.8,1.934,2.493,True
DH-03-124,MOIL-BL-03,475.13,-1196.21,21.801754,80.190213,373.58,3.4,13.2,8.3,365.28,9.8,Phyllite & Weathered Overburden,6.82,8.96,64.75,0.0529,2.71,93.7,2.271,2.6,True
DH-03-124,MOIL-BL-03,475.13,-1196.21,21.801754,80.190213,373.58,13.2,31.3,22.25,351.33,18.1,Phyllite & Weathered Overburden,6.86,8.09,66.73,0.0556,2.66,93.2,2.281,2.6,True
DH-03-124,MOIL-BL-03,475.13,-1196.21,21.801754,80.190213,373.58,31.3,46.0,38.65,334.93,14.7,Quartz-Muscovite Schist,4.34,8.62,71.9,0.0828,2.82,92.9,2.265,2.6,True
DH-03-124,MOIL-BL-03,475.13,-1196.21,21.801754,80.190213,373.58,46.0,51.3,48.65,324.93,5.3,Calc-Silicate Granulite,3.81,4.97,59.76,0.0722,3.0,98.6,1.747,2.6,True
DH-03-124,MOIL-BL-03,475.13,-1196.21,21.801754,80.190213,373.58,51.3,53.3,52.3,321.28,2.0,Quartz-Muscovite Schist,1.53,4.74,70.41,0.1712,2.94,92.9,1.985,2.6,True
DH-03-125,MOIL-BL-03,33.3,-644.2,21.806713,80.185923,339.06,0.0,19.4,9.7,329.36,19.4,Phyllite & Weathered Overburden,2.16,11.08,57.74,0.107,2.77,90.3,2.773,2.6,True
DH-03-125,MOIL-BL-03,33.3,-644.2,21.806713,80.185923,339.06,19.4,40.0,29.7,309.36,20.6,Banded Hematite-Manganese Quartzite,30.59,15.38,45.33,0.2104,3.67,79.0,3.16,2.145,True
DH-03-125,MOIL-BL-03,33.3,-644.2,21.806713,80.185923,339.06,40.0,46.3,43.15,295.91,6.3,Banded Hematite-Manganese Quartzite,22.63,9.3,36.25,0.2788,3.56,93.4,2.358,1.837,True
DH-03-125,MOIL-BL-03,33.3,-644.2,21.806713,80.185923,339.06,46.3,59.3,52.8,286.26,13.0,High-Grade Braunite Ore,50.43,7.61,21.62,0.0752,3.95,90.5,2.378,1.334,True
DH-03-125,MOIL-BL-03,33.3,-644.2,21.806713,80.185923,339.06,59.3,120.7,90.0,249.06,61.4,Banded Hematite-Manganese Quartzite,30.43,13.87,40.22,0.2834,3.27,97.3,2.884,2.077,True
DH-03-125,MOIL-BL-03,33.3,-644.2,21.806713,80.185923,339.06,120.7,125.0,122.85,216.21,4.3,Quartz-Muscovite Schist,10.07,8.62,68.61,0.065,3.04,92.1,2.26,2.6,True
DH-03-125,MOIL-BL-03,33.3,-644.2,21.806713,80.185923,339.06,125.0,130.9,127.95,211.11,5.9,Quartz-Muscovite Schist,4.53,4.8,64.61,0.1045,3.04,95.2,1.824,2.6,True
DH-03-125,MOIL-BL-03,33.3,-644.2,21.806713,80.185923,339.06,130.9,139.1,135.0,204.06,8.2,Calc-Silicate Granulite,2.33,6.41,56.92,0.0763,3.03,88.8,1.811,2.504,True
DH-03-126,MOIL-BL-03,1198.36,-556.77,21.807498,80.197235,346.44,0.0,7.5,3.75,342.69,7.5,Phyllite & Weathered Overburden,3.55,8.24,55.82,0.1361,2.71,92.8,2.099,2.6,True
DH-03-126,MOIL-BL-03,1198.36,-556.77,21.807498,80.197235,346.44,7.5,33.1,20.3,326.14,25.6,Phyllite & Weathered Overburden,7.93,5.07,54.27,0.1398,2.7,93.5,2.09,2.6,True
DH-03-126,MOIL-BL-03,1198.36,-556.77,21.807498,80.197235,346.44,33.1,94.2,63.65,282.79,61.1,Quartz-Muscovite Schist,5.89,8.0,68.95,0.0701,2.83,87.9,1.877,2.6,True
DH-03-126,MOIL-BL-03,1198.36,-556.77,21.807498,80.197235,346.44,94.2,108.4,101.3,245.14,14.2,Calc-Silicate Granulite,8.22,9.14,59.2,0.1684,3.05,92.1,2.305,2.555,True
DH-03-126,MOIL-BL-03,1198.36,-556.77,21.807498,80.197235,346.44,108.4,122.5,115.45,230.99,14.1,Quartz-Muscovite Schist,1.71,7.23,56.09,0.1621,2.76,98.0,1.904,2.6,True
DH-03-127,MOIL-BL-03,-668.42,-1116.48,21.802471,80.179111,350.46,0.0,29.3,14.65,335.81,29.3,Gondite (Manganiferous Quartzite),25.11,12.43,36.42,0.1812,3.71,98.1,2.501,2.102,True
DH-03-127,MOIL-BL-03,-668.42,-1116.48,21.802471,80.179111,350.46,29.3,31.0,30.15,320.31,1.7,High-Grade Braunite Ore,46.2,7.0,11.35,0.1305,4.01,91.9,2.041,1.31,True
DH-03-127,MOIL-BL-03,-668.42,-1116.48,21.802471,80.179111,350.46,31.0,41.3,36.15,314.31,10.3,High-Grade Braunite Ore,45.98,4.54,20.79,0.209,4.32,99.0,1.754,1.497,True
DH-03-127,MOIL-BL-03,-668.42,-1116.48,21.802471,80.179111,350.46,41.3,45.5,43.4,307.06,4.2,Medium-Grade Pyrolusite Bed,46.61,5.35,16.0,0.155,3.8,90.7,1.993,1.336,True
DH-03-127,MOIL-BL-03,-668.42,-1116.48,21.802471,80.179111,350.46,45.5,72.6,59.05,291.41,27.1,High-Grade Braunite Ore,47.06,6.58,17.78,0.1095,4.09,89.0,1.957,1.41,True
DH-03-127,MOIL-BL-03,-668.42,-1116.48,21.802471,80.179111,350.46,72.6,77.5,75.05,275.41,4.9,High-Grade Braunite Ore,43.21,6.58,15.51,0.116,4.11,93.9,2.115,1.461,True
DH-03-127,MOIL-BL-03,-668.42,-1116.48,21.802471,80.179111,350.46,77.5,81.8,79.65,270.81,4.3,High-Grade Braunite Ore,44.61,7.87,12.58,0.162,4.03,95.3,2.304,1.312,True
DH-03-128,MOIL-BL-03,-1046.72,-1124.11,21.802402,80.175438,342.93,0.0,32.8,16.4,326.53,32.8,Banded Hematite-Manganese Quartzite,22.63,10.27,29.05,0.2687,3.34,87.6,2.554,1.51,True
DH-03-128,MOIL-BL-03,-1046.72,-1124.11,21.802402,80.175438,342.93,32.8,46.7,39.75,303.18,13.9,Gondite (Manganiferous Quartzite),23.08,8.64,27.07,0.2382,3.53,92.1,2.04,1.483,True
DH-03-128,MOIL-BL-03,-1046.72,-1124.11,21.802402,80.175438,342.93,46.7,57.9,52.3,290.63,11.2,High-Grade Braunite Ore,41.44,5.25,11.25,0.0798,3.77,88.5,1.669,1.266,True
DH-03-128,MOIL-BL-03,-1046.72,-1124.11,21.802402,80.175438,342.93,57.9,60.2,59.05,283.88,2.3,High-Grade Braunite Ore,41.91,8.77,12.77,0.1124,3.84,93.4,2.237,1.264,True
DH-03-128,MOIL-BL-03,-1046.72,-1124.11,21.802402,80.175438,342.93,60.2,108.0,84.1,258.83,47.8,Gondite (Manganiferous Quartzite),20.14,14.43,43.22,0.1454,3.42,88.4,3.31,2.082,True
DH-03-128,MOIL-BL-03,-1046.72,-1124.11,21.802402,80.175438,342.93,108.0,112.4,110.2,232.73,4.4,Calc-Silicate Granulite,7.34,5.88,70.85,0.0664,3.04,87.5,2.045,2.6,True
DH-03-128,MOIL-BL-03,-1046.72,-1124.11,21.802402,80.175438,342.93,112.4,129.1,120.75,222.18,16.7,Quartz-Muscovite Schist,4.74,7.61,62.46,0.1113,2.85,93.2,2.09,2.6,True
DH-03-128,MOIL-BL-03,-1046.72,-1124.11,21.802402,80.175438,342.93,129.1,149.1,139.1,203.83,20.0,Quartz-Muscovite Schist,10.91,3.4,53.09,0.1432,2.82,86.6,1.471,2.39,True
DH-03-129,MOIL-BL-03,-56.11,632.68,21.818183,80.185055,342.91,0.0,22.5,11.25,331.66,22.5,Phyllite & Weathered Overburden,3.09,9.67,58.92,0.0496,2.41,96.3,2.411,2.435,True
DH-03-129,MOIL-BL-03,-56.11,632.68,21.818183,80.185055,342.91,22.5,29.0,25.75,317.16,6.5,Banded Hematite-Manganese Quartzite,27.87,10.51,35.57,0.1674,3.55,82.9,2.402,1.958,True
DH-03-129,MOIL-BL-03,-56.11,632.68,21.818183,80.185055,342.91,29.0,53.7,41.35,301.56,24.7,Gondite (Manganiferous Quartzite),28.95,12.67,26.42,0.2511,3.2,97.6,2.585,1.722,True
DH-03-129,MOIL-BL-03,-56.11,632.68,21.818183,80.185055,342.91,53.7,56.8,55.25,287.66,3.1,Banded Hematite-Manganese Quartzite,21.8,14.39,43.02,0.1905,3.36,92.3,2.969,2.131,True
DH-03-129,MOIL-BL-03,-56.11,632.68,21.818183,80.185055,342.91,56.8,77.5,67.15,275.76,20.7,Gondite (Manganiferous Quartzite),26.48,8.49,37.09,0.2193,3.28,96.0,2.057,1.948,True
DH-03-129,MOIL-BL-03,-56.11,632.68,21.818183,80.185055,342.91,77.5,102.9,90.2,252.71,25.4,Gondite (Manganiferous Quartzite),23.46,12.86,27.41,0.2108,3.33,94.8,2.878,1.738,True
DH-03-130,MOIL-BL-03,798.44,-718.01,21.80605,80.193352,352.6,0.5,16.9,8.7,343.9,16.4,Phyllite & Weathered Overburden,2.79,5.66,52.66,0.0811,2.49,99.0,2.029,2.264,True
DH-03-130,MOIL-BL-03,798.44,-718.01,21.80605,80.193352,352.6,16.9,84.7,50.8,301.8,67.8,Calc-Silicate Granulite,4.86,8.67,65.17,0.1442,2.93,95.8,2.19,2.6,True
DH-03-130,MOIL-BL-03,798.44,-718.01,21.80605,80.193352,352.6,84.7,115.6,100.15,252.45,30.9,Quartz-Muscovite Schist,6.69,3.07,53.08,0.0919,2.88,90.8,1.504,2.488,True
DH-03-130,MOIL-BL-03,798.44,-718.01,21.80605,80.193352,352.6,115.6,116.6,116.1,236.5,1.0,Quartz-Muscovite Schist,9.43,7.25,63.79,0.1329,2.9,96.4,2.15,2.6,True
DH-03-130,MOIL-BL-03,798.44,-718.01,21.80605,80.193352,352.6,116.6,126.1,121.35,231.25,9.5,Quartz-Muscovite Schist,3.76,3.59,60.62,0.1168,2.98,83.9,1.758,2.6,True
DH-03-131,MOIL-BL-03,64.97,-1108.31,21.802544,80.186231,360.76,0.8,50.4,25.6,335.16,49.6,Phyllite & Weathered Overburden,2.76,7.95,61.72,0.0518,2.48,92.9,2.248,2.6,True
DH-03-131,MOIL-BL-03,64.97,-1108.31,21.802544,80.186231,360.76,50.4,83.6,67.0,293.76,33.2,Banded Hematite-Manganese Quartzite,27.83,15.72,27.63,0.1829,3.65,88.5,3.102,1.604,True
DH-03-131,MOIL-BL-03,64.97,-1108.31,21.802544,80.186231,360.76,83.6,101.8,92.7,268.06,18.2,Quartz-Muscovite Schist,11.86,6.9,56.12,0.1018,2.72,84.8,2.177,2.576,True
DH-03-131,MOIL-BL-03,64.97,-1108.31,21.802544,80.186231,360.76,101.8,119.6,110.7,250.06,17.8,Quartz-Muscovite Schist,9.74,4.34,64.04,0.1351,3.03,95.0,1.79,2.6,True
DH-03-131,MOIL-BL-03,64.97,-1108.31,21.802544,80.186231,360.76,119.6,141.1,130.35,230.41,21.5,Quartz-Muscovite Schist,3.46,5.98,62.09,0.1382,2.89,94.6,1.725,2.6,True
DH-03-132,MOIL-BL-03,348.96,449.69,21.81654,80.188988,348.63,0.9,43.6,22.25,326.38,42.7,High-Grade Braunite Ore,40.7,6.38,21.31,0.1909,4.08,90.5,1.881,1.444,True
DH-03-132,MOIL-BL-03,348.96,449.69,21.81654,80.188988,348.63,43.6,50.3,46.95,301.68,6.7,Medium-Grade Pyrolusite Bed,36.43,7.07,11.98,0.2164,3.77,99.0,2.35,1.262,True
DH-03-132,MOIL-BL-03,348.96,449.69,21.81654,80.188988,348.63,51.2,78.9,65.05,283.58,27.7,Medium-Grade Pyrolusite Bed,40.36,6.01,16.94,0.1397,4.08,90.9,1.819,1.243,True
DH-03-133,MOIL-BL-03,-950.94,751.03,21.819247,80.176368,331.94,0.0,12.4,6.2,325.74,12.4,Phyllite & Weathered Overburden,7.66,7.58,47.88,0.0446,2.51,84.2,2.128,2.305,True
DH-03-133,MOIL-BL-03,-950.94,751.03,21.819247,80.176368,331.94,12.4,13.8,13.1,318.84,1.4,Phyllite & Weathered Overburden,2.15,8.64,54.01,0.1035,2.68,82.9,2.249,2.335,True
DH-03-133,MOIL-BL-03,-950.94,751.03,21.819247,80.176368,331.94,13.8,62.2,38.0,293.94,48.4,Phyllite & Weathered Overburden,6.65,8.43,56.9,0.0876,2.8,94.3,2.007,2.505,True
DH-03-133,MOIL-BL-03,-950.94,751.03,21.819247,80.176368,331.94,62.2,65.3,63.75,268.19,3.1,Calc-Silicate Granulite,10.32,9.98,56.44,0.0965,3.03,95.1,2.295,2.6,True
DH-03-133,MOIL-BL-03,-950.94,751.03,21.819247,80.176368,331.94,65.3,97.3,81.3,250.64,32.0,Quartz-Muscovite Schist,9.29,8.16,53.92,0.1572,2.76,95.1,2.237,2.421,True
DH-03-133,MOIL-BL-03,-950.94,751.03,21.819247,80.176368,331.94,97.3,106.9,102.1,229.84,9.6,Quartz-Muscovite Schist,4.3,6.6,52.35,0.1358,2.98,97.1,2.054,2.576,True
DH-03-133,MOIL-BL-03,-950.94,751.03,21.819247,80.176368,331.94,106.9,122.5,114.7,217.24,15.6,Quartz-Muscovite Schist,9.35,6.09,66.14,0.1313,2.99,91.5,2.089,2.6,True
DH-03-134,MOIL-BL-03,-955.02,243.39,21.814686,80.176328,373.69,0.0,5.4,2.7,370.99,5.4,Phyllite & Weathered Overburden,7.01,5.95,51.7,0.0559,2.72,92.2,2.053,2.284,True
DH-03-134,MOIL-BL-03,-955.02,243.39,21.814686,80.176328,373.69,5.4,18.3,11.85,361.84,12.9,Phyllite & Weathered Overburden,5.78,8.23,52.5,0.0923,2.64,89.9,2.331,2.6,True
DH-03-134,MOIL-BL-03,-955.02,243.39,21.814686,80.176328,373.69,18.3,20.5,19.4,354.29,2.2,Quartz-Muscovite Schist,5.63,9.73,59.15,0.1281,2.93,96.4,2.438,2.6,True
DH-03-134,MOIL-BL-03,-955.02,243.39,21.814686,80.176328,373.69,20.5,23.9,22.2,351.49,3.4,Quartz-Muscovite Schist,8.44,5.26,60.59,0.1303,2.81,92.4,1.748,2.6,True
DH-03-134,MOIL-BL-03,-955.02,243.39,21.814686,80.176328,373.69,23.9,36.4,30.15,343.54,12.5,Quartz-Muscovite Schist,5.23,5.85,59.0,0.1207,2.87,85.6,1.763,2.585,True
DH-03-134,MOIL-BL-03,-955.02,243.39,21.814686,80.176328,373.69,36.4,50.0,43.2,330.49,13.6,Calc-Silicate Granulite,11.29,7.23,64.51,0.1022,3.01,95.2,2.102,2.6,True
DH-03-134,MOIL-BL-03,-955.02,243.39,21.814686,80.176328,373.69,50.0,59.2,54.6,319.09,9.2,Quartz-Muscovite Schist,11.58,8.74,68.79,0.0724,2.76,91.1,2.143,2.6,True
DH-03-134,MOIL-BL-03,-955.02,243.39,21.814686,80.176328,373.69,59.2,63.2,61.2,312.49,4.0,Calc-Silicate Granulite,3.93,8.59,62.39,0.0508,2.82,90.9,2.22,2.589,True
DH-03-135,MOIL-BL-03,422.74,485.03,21.816857,80.189704,366.04,0.0,40.4,20.2,345.84,40.4,Gondite (Manganiferous Quartzite),28.96,11.85,29.74,0.2857,3.5,96.9,2.684,1.629,True
DH-03-135,MOIL-BL-03,422.74,485.03,21.816857,80.189704,366.04,40.4,61.1,50.75,315.29,20.7,Medium-Grade Pyrolusite Bed,43.0,8.88,16.15,0.1247,3.81,85.3,2.375,1.382,True
DH-03-135,MOIL-BL-03,422.74,485.03,21.816857,80.189704,366.04,61.1,108.2,84.65,281.39,47.1,High-Grade Braunite Ore,41.53,8.48,10.05,0.161,4.09,95.9,2.184,0.996,True
DH-03-135,MOIL-BL-03,422.74,485.03,21.816857,80.189704,366.04,108.2,128.1,118.15,247.89,19.9,Quartz-Muscovite Schist,7.09,5.75,56.41,0.157,2.83,93.2,1.817,2.6,True
DH-03-135,MOIL-BL-03,422.74,485.03,21.816857,80.189704,366.04,128.1,130.1,129.1,236.94,2.0,Quartz-Muscovite Schist,4.19,3.84,52.17,0.1485,2.74,87.8,1.737,2.286,True
DH-03-136,MOIL-BL-03,-205.25,-1164.46,21.80204,80.183607,372.05,0.0,4.5,2.25,369.8,4.5,Phyllite & Weathered Overburden,6.43,6.74,52.0,0.1248,2.53,89.4,1.988,2.319,True
DH-03-136,MOIL-BL-03,-205.25,-1164.46,21.80204,80.183607,372.05,4.5,21.2,12.85,359.2,16.7,Phyllite & Weathered Overburden,7.42,5.91,55.44,0.0958,2.67,91.8,2.111,2.533,True
DH-03-136,MOIL-BL-03,-205.25,-1164.46,21.80204,80.183607,372.05,21.2,32.8,27.0,345.05,11.6,Banded Hematite-Manganese Quartzite,19.9,10.31,32.12,0.2244,3.57,88.0,2.475,1.964,True
DH-03-136,MOIL-BL-03,-205.25,-1164.46,21.80204,80.183607,372.05,32.8,47.9,40.35,331.7,15.1,Banded Hematite-Manganese Quartzite,21.77,12.33,25.55,0.136,3.43,95.5,2.754,1.647,True
DH-03-136,MOIL-BL-03,-205.25,-1164.46,21.80204,80.183607,372.05,47.9,52.1,50.0,322.05,4.2,Gondite (Manganiferous Quartzite),23.25,9.77,36.78,0.2298,3.5,92.4,2.642,2.013,True
DH-03-136,MOIL-BL-03,-205.25,-1164.46,21.80204,80.183607,372.05,52.4,97.4,74.9,297.15,45.0,Gondite (Manganiferous Quartzite),29.38,14.41,46.7,0.1397,3.35,99.0,3.183,2.233,True
DH-03-136,MOIL-BL-03,-205.25,-1164.46,21.80204,80.183607,372.05,97.4,106.5,101.95,270.1,9.1,Calc-Silicate Granulite,4.15,8.12,53.62,0.0957,2.76,87.2,2.221,2.565,True
DH-03-137,MOIL-BL-03,-317.17,132.63,21.813691,80.182521,335.0,0.0,34.6,17.3,317.7,34.6,Gondite (Manganiferous Quartzite),30.86,11.7,26.71,0.3155,3.66,92.3,2.488,1.512,True
DH-03-137,MOIL-BL-03,-317.17,132.63,21.813691,80.182521,335.0,34.6,49.3,41.95,293.05,14.7,Banded Hematite-Manganese Quartzite,22.8,13.78,29.01,0.238,3.58,86.8,3.057,1.859,True
DH-03-137,MOIL-BL-03,-317.17,132.63,21.813691,80.182521,335.0,49.3,85.4,67.35,267.65,36.1,Gondite (Manganiferous Quartzite),24.14,11.06,30.78,0.2408,3.68,98.7,2.438,1.616,True
DH-03-137,MOIL-BL-03,-317.17,132.63,21.813691,80.182521,335.0,85.4,131.3,108.35,226.65,45.9,Calc-Silicate Granulite,10.13,5.07,65.52,0.1167,2.88,88.1,1.526,2.6,True
DH-03-137,MOIL-BL-03,-317.17,132.63,21.813691,80.182521,335.0,131.3,138.6,134.95,200.05,7.3,Calc-Silicate Granulite,2.69,6.83,65.6,0.0565,2.68,95.1,2.135,2.6,True
DH-03-138,MOIL-BL-03,-136.37,318.47,21.815361,80.184276,373.14,0.7,4.4,2.55,370.59,3.7,Phyllite & Weathered Overburden,4.1,9.05,53.65,0.0988,2.75,94.0,2.122,2.41,True
DH-03-138,MOIL-BL-03,-136.37,318.47,21.815361,80.184276,373.14,4.4,14.5,9.45,363.69,10.1,Phyllite & Weathered Overburden,5.23,8.84,66.83,0.1498,2.49,87.5,2.19,2.6,True
DH-03-138,MOIL-BL-03,-136.37,318.47,21.815361,80.184276,373.14,14.5,17.5,16.0,357.14,3.0,Banded Hematite-Manganese Quartzite,26.93,10.35,37.88,0.1802,3.29,89.5,2.039,1.84,True
DH-03-138,MOIL-BL-03,-136.37,318.47,21.815361,80.184276,373.14,17.5,24.1,20.8,352.34,6.6,Gondite (Manganiferous Quartzite),20.58,12.07,28.62,0.2542,3.61,92.8,2.696,1.619,True
DH-03-138,MOIL-BL-03,-136.37,318.47,21.815361,80.184276,373.14,24.1,40.9,32.5,340.64,16.8,Banded Hematite-Manganese Quartzite,24.86,12.14,46.26,0.2298,3.52,91.4,2.613,2.278,True
DH-03-138,MOIL-BL-03,-136.37,318.47,21.815361,80.184276,373.14,40.9,51.5,46.2,326.94,10.6,High-Grade Braunite Ore,46.52,6.66,19.94,0.1917,3.82,97.1,1.96,1.363,True
DH-03-138,MOIL-BL-03,-136.37,318.47,21.815361,80.184276,373.14,51.5,58.8,55.15,317.99,7.3,Medium-Grade Pyrolusite Bed,47.47,5.65,10.01,0.1744,3.81,90.1,1.764,1.161,True
DH-03-139,MOIL-BL-03,-288.24,-57.82,21.811981,80.182802,332.23,0.0,21.1,10.55,321.68,21.1,Gondite (Manganiferous Quartzite),22.61,8.58,40.48,0.285,3.37,83.2,2.178,2.255,True
DH-03-139,MOIL-BL-03,-288.24,-57.82,21.811981,80.182802,332.23,21.1,23.7,22.4,309.83,2.6,Banded Hematite-Manganese Quartzite,27.3,13.77,31.5,0.2871,3.37,93.8,2.59,1.739,True
DH-03-139,MOIL-BL-03,-288.24,-57.82,21.811981,80.182802,332.23,23.7,44.4,34.05,298.18,20.7,Medium-Grade Pyrolusite Bed,46.79,7.73,14.76,0.0725,3.94,98.1,1.915,1.432,True
DH-03-139,MOIL-BL-03,-288.24,-57.82,21.811981,80.182802,332.23,44.4,124.3,84.35,247.88,79.9,Banded Hematite-Manganese Quartzite,18.1,14.02,27.45,0.1365,3.2,85.0,2.974,1.401,True
DH-03-139,MOIL-BL-03,-288.24,-57.82,21.811981,80.182802,332.23,124.3,139.1,131.7,200.53,14.8,Quartz-Muscovite Schist,3.28,8.82,62.58,0.1259,2.73,88.1,2.444,2.6,True
DH-03-139,MOIL-BL-03,-288.24,-57.82,21.811981,80.182802,332.23,139.1,156.8,147.95,184.28,17.7,Quartz-Muscovite Schist,2.5,9.65,71.57,0.1209,3.03,89.8,2.421,2.6,True
DH-03-140,MOIL-BL-03,774.04,-675.02,21.806436,80.193115,342.15,0.0,38.9,19.45,322.7,38.9,Phyllite & Weathered Overburden,6.7,5.52,55.6,0.138,2.44,90.0,1.772,2.59,True
DH-03-140,MOIL-BL-03,774.04,-675.02,21.806436,80.193115,342.15,38.9,47.7,43.3,298.85,8.8,Quartz-Muscovite Schist,6.13,7.44,67.04,0.0544,2.89,89.8,2.051,2.6,True
DH-03-140,MOIL-BL-03,774.04,-675.02,21.806436,80.193115,342.15,47.7,63.9,55.8,286.35,16.2,Quartz-Muscovite Schist,2.63,4.02,50.74,0.1111,3.03,98.7,1.384,2.429,True
DH-03-140,MOIL-BL-03,774.04,-675.02,21.806436,80.193115,342.15,63.9,73.6,68.75,273.4,9.7,Quartz-Muscovite Schist,10.18,3.75,61.1,0.1406,2.88,84.4,1.72,2.6,True
DH-03-140,MOIL-BL-03,774.04,-675.02,21.806436,80.193115,342.15,73.6,113.3,93.45,248.7,39.7,Quartz-Muscovite Schist,10.86,6.47,68.14,0.1023,2.69,86.4,1.836,2.6,True
DH-03-140,MOIL-BL-03,774.04,-675.02,21.806436,80.193115,342.15,113.3,120.7,117.0,225.15,7.4,Quartz-Muscovite Schist,9.3,3.36,54.86,0.0857,2.87,97.9,1.566,2.345,True
DH-03-141,MOIL-BL-03,24.51,-893.16,21.804477,80.185838,366.95,0.0,5.2,2.6,364.35,5.2,Phyllite & Weathered Overburden,3.31,11.37,56.96,0.1267,2.49,91.2,2.533,2.304,True
DH-03-141,MOIL-BL-03,24.51,-893.16,21.804477,80.185838,366.95,6.0,14.4,10.2,356.75,8.4,Phyllite & Weathered Overburden,7.79,5.16,50.61,0.0568,2.74,94.3,1.486,2.265,True
DH-03-141,MOIL-BL-03,24.51,-893.16,21.804477,80.185838,366.95,14.4,85.7,50.05,316.9,71.3,Gondite (Manganiferous Quartzite),27.18,10.32,28.8,0.3043,3.43,83.1,2.483,1.699,True
DH-03-141,MOIL-BL-03,24.51,-893.16,21.804477,80.185838,366.95,85.7,93.7,89.7,277.25,8.0,Quartz-Muscovite Schist,5.56,6.94,67.67,0.1055,2.74,94.5,2.139,2.6,True
DH-03-142,MOIL-BL-03,-538.66,721.94,21.818985,80.18037,375.91,0.0,2.5,1.25,374.66,2.5,Phyllite & Weathered Overburden,7.48,8.72,58.57,0.0621,2.51,88.7,2.252,2.524,True
DH-03-142,MOIL-BL-03,-538.66,721.94,21.818985,80.18037,375.91,2.5,15.4,8.95,366.96,12.9,Phyllite & Weathered Overburden,3.57,8.64,57.94,0.1439,2.48,84.0,2.445,2.6,True
DH-03-142,MOIL-BL-03,-538.66,721.94,21.818985,80.18037,375.91,15.4,37.4,26.4,349.51,22.0,Calc-Silicate Granulite,1.91,5.14,66.38,0.0562,2.74,95.5,1.902,2.6,True
DH-03-142,MOIL-BL-03,-538.66,721.94,21.818985,80.18037,375.91,37.4,43.8,40.6,335.31,6.4,Quartz-Muscovite Schist,8.83,5.72,53.52,0.1018,2.88,89.8,1.604,2.438,True
DH-03-142,MOIL-BL-03,-538.66,721.94,21.818985,80.18037,375.91,43.8,56.3,50.05,325.86,12.5,Quartz-Muscovite Schist,10.11,6.88,59.91,0.0871,2.77,90.1,2.061,2.6,True
DH-03-142,MOIL-BL-03,-538.66,721.94,21.818985,80.18037,375.91,56.3,58.3,57.3,318.61,2.0,Quartz-Muscovite Schist,6.11,5.75,68.62,0.1055,2.87,98.9,2.033,2.6,True
DH-03-142,MOIL-BL-03,-538.66,721.94,21.818985,80.18037,375.91,58.3,78.2,68.25,307.66,19.9,Quartz-Muscovite Schist,3.76,8.01,67.6,0.095,2.72,91.8,2.222,2.6,True
DH-03-142,MOIL-BL-03,-538.66,721.94,21.818985,80.18037,375.91,78.2,116.3,97.25,278.66,38.1,Quartz-Muscovite Schist,7.33,4.32,68.91,0.0835,2.74,88.5,1.707,2.509,True
DH-03-143,MOIL-BL-03,-792.71,524.3,21.81721,80.177904,368.5,0.0,16.4,8.2,360.3,16.4,Phyllite & Weathered Overburden,6.03,5.92,55.52,0.0695,2.74,89.6,1.808,2.575,True
DH-03-143,MOIL-BL-03,-792.71,524.3,21.81721,80.177904,368.5,16.4,26.3,21.35,347.15,9.9,Quartz-Muscovite Schist,9.13,6.57,63.68,0.1014,2.96,98.4,1.825,2.489,True
DH-03-143,MOIL-BL-03,-792.71,524.3,21.81721,80.177904,368.5,26.3,34.0,30.15,338.35,7.7,Quartz-Muscovite Schist,5.17,7.69,64.13,0.171,2.99,98.2,2.172,2.598,True
DH-03-143,MOIL-BL-03,-792.71,524.3,21.81721,80.177904,368.5,34.0,55.9,44.95,323.55,21.9,Quartz-Muscovite Schist,7.54,9.9,55.45,0.0604,2.68,98.3,2.519,2.501,True
DH-03-143,MOIL-BL-03,-792.71,524.3,21.81721,80.177904,368.5,55.9,78.6,67.25,301.25,22.7,Quartz-Muscovite Schist,10.12,3.31,66.62,0.0847,2.84,96.0,1.742,2.6,True
DH-03-143,MOIL-BL-03,-792.71,524.3,21.81721,80.177904,368.5,78.6,100.9,89.75,278.75,22.3,Calc-Silicate Granulite,8.65,6.73,61.32,0.0834,2.66,88.9,1.906,2.6,True
DH-03-144,MOIL-BL-03,-970.69,381.28,21.815925,80.176176,362.36,1.1,13.6,7.35,355.01,12.5,Phyllite & Weathered Overburden,3.85,8.6,58.18,0.1418,2.66,91.3,2.261,2.6,True
DH-03-144,MOIL-BL-03,-970.69,381.28,21.815925,80.176176,362.36,13.6,27.8,20.7,341.66,14.2,Phyllite & Weathered Overburden,7.49,6.4,48.01,0.1143,2.62,87.0,2.102,2.354,True
DH-03-144,MOIL-BL-03,-970.69,381.28,21.815925,80.176176,362.36,27.8,53.6,40.7,321.66,25.8,Quartz-Muscovite Schist,4.14,8.44,71.06,0.1406,2.89,88.8,2.268,2.6,True
DH-03-145,MOIL-BL-03,-352.79,327.29,21.81544,80.182175,367.56,0.0,1.5,0.75,366.81,1.5,Phyllite & Weathered Overburden,3.74,10.03,58.88,0.1408,2.42,87.7,2.517,2.533,True
DH-03-145,MOIL-BL-03,-352.79,327.29,21.81544,80.182175,367.56,1.5,45.4,23.45,344.11,43.9,Gondite (Manganiferous Quartzite),28.23,11.27,43.94,0.2561,3.63,93.0,2.561,2.327,True
DH-03-145,MOIL-BL-03,-352.79,327.29,21.81544,80.182175,367.56,45.4,49.6,47.5,320.06,4.2,Gondite (Manganiferous Quartzite),30.34,14.95,36.12,0.1872,3.28,99.0,2.817,1.806,True
DH-03-145,MOIL-BL-03,-352.79,327.29,21.81544,80.182175,367.56,49.6,71.6,60.6,306.96,22.0,Gondite (Manganiferous Quartzite),27.47,13.15,32.71,0.1269,3.36,95.2,2.948,1.764,True
DH-03-145,MOIL-BL-03,-352.79,327.29,21.81544,80.182175,367.56,71.6,110.0,90.8,276.76,38.4,Quartz-Muscovite Schist,7.59,4.2,55.76,0.1145,2.82,98.3,1.834,2.579,True
DH-03-145,MOIL-BL-03,-352.79,327.29,21.81544,80.182175,367.56,110.0,122.1,116.05,251.51,12.1,Quartz-Muscovite Schist,11.63,4.52,65.71,0.0981,2.76,85.5,1.809,2.6,True
DH-03-145,MOIL-BL-03,-352.79,327.29,21.81544,80.182175,367.56,122.1,123.9,123.0,244.56,1.8,Calc-Silicate Granulite,3.6,9.93,67.64,0.1473,2.97,94.4,2.452,2.6,True
DH-03-146,MOIL-BL-03,582.55,-205.66,21.810653,80.191256,353.68,0.0,16.0,8.0,345.68,16.0,Phyllite & Weathered Overburden,2.21,7.3,65.89,0.0507,2.64,91.6,2.058,2.6,True
DH-03-146,MOIL-BL-03,582.55,-205.66,21.810653,80.191256,353.68,16.0,37.3,26.65,327.03,21.3,Calc-Silicate Granulite,3.73,3.21,59.55,0.0861,3.0,87.5,1.84,2.6,True
DH-03-146,MOIL-BL-03,582.55,-205.66,21.810653,80.191256,353.68,37.3,80.5,58.9,294.78,43.2,Gondite (Manganiferous Quartzite),30.99,14.68,45.55,0.2846,3.26,90.4,3.046,2.136,True
DH-03-146,MOIL-BL-03,582.55,-205.66,21.810653,80.191256,353.68,80.5,87.4,83.95,269.73,6.9,Quartz-Muscovite Schist,8.61,9.12,66.48,0.172,2.67,86.0,2.19,2.6,True
DH-03-146,MOIL-BL-03,582.55,-205.66,21.810653,80.191256,353.68,87.4,95.2,91.3,262.38,7.8,Quartz-Muscovite Schist,6.12,6.59,64.8,0.1003,2.75,86.9,1.89,2.6,True
DH-03-147,MOIL-BL-03,580.34,616.09,21.818034,80.191234,363.35,0.0,58.3,29.15,334.2,58.3,Banded Hematite-Manganese Quartzite,27.59,12.8,29.08,0.1807,3.39,92.1,2.983,1.756,True
DH-03-147,MOIL-BL-03,580.34,616.09,21.818034,80.191234,363.35,58.3,59.6,58.95,304.4,1.3,High-Grade Braunite Ore,43.97,6.85,14.68,0.1228,4.1,88.5,2.088,1.219,True
DH-03-147,MOIL-BL-03,580.34,616.09,21.818034,80.191234,363.35,59.6,64.9,62.25,301.1,5.3,High-Grade Braunite Ore,50.51,7.54,12.64,0.1367,4.14,95.0,2.059,1.238,True
DH-03-147,MOIL-BL-03,580.34,616.09,21.818034,80.191234,363.35,64.9,75.7,70.3,293.05,10.8,High-Grade Braunite Ore,44.19,9.03,20.02,0.0836,4.16,97.5,2.093,1.431,True
DH-03-148,MOIL-BL-03,-768.25,994.67,21.821435,80.178141,367.56,0.0,4.9,2.45,365.11,4.9,Phyllite & Weathered Overburden,7.1,11.49,52.65,0.0954,2.41,89.7,2.765,2.377,True
DH-03-148,MOIL-BL-03,-768.25,994.67,21.821435,80.178141,367.56,4.9,98.3,51.6,315.96,93.4,Phyllite & Weathered Overburden,3.24,5.2,65.91,0.0409,2.69,93.5,1.895,2.6,True
DH-03-148,MOIL-BL-03,-768.25,994.67,21.821435,80.178141,367.56,98.3,116.0,107.15,260.41,17.7,Quartz-Muscovite Schist,10.88,5.04,62.38,0.063,3.02,89.5,1.941,2.6,True
DH-03-148,MOIL-BL-03,-768.25,994.67,21.821435,80.178141,367.56,116.5,135.3,125.9,241.66,18.8,Quartz-Muscovite Schist,9.52,7.34,55.11,0.0501,2.95,95.5,2.253,2.466,True
DH-03-148,MOIL-BL-03,-768.25,994.67,21.821435,80.178141,367.56,135.3,152.7,144.0,223.56,17.4,Quartz-Muscovite Schist,6.2,8.43,61.59,0.0912,2.75,89.5,1.879,2.6,True
DH-03-149,MOIL-BL-03,-648.09,-844.48,21.804914,80.179308,362.69,0.0,92.8,46.4,316.29,92.8,Medium-Grade Pyrolusite Bed,42.92,5.15,16.28,0.1613,4.08,90.8,1.747,1.405,True
DH-03-149,MOIL-BL-03,-648.09,-844.48,21.804914,80.179308,362.69,92.8,102.2,97.5,265.19,9.4,Banded Hematite-Manganese Quartzite,22.52,13.75,42.64,0.2032,3.21,93.5,2.828,2.135,True
DH-03-149,MOIL-BL-03,-648.09,-844.48,21.804914,80.179308,362.69,102.2,112.4,107.3,255.39,10.2,Quartz-Muscovite Schist,5.15,6.41,71.53,0.1755,2.82,86.6,1.884,2.6,True
DH-03-149,MOIL-BL-03,-648.09,-844.48,21.804914,80.179308,362.69,112.4,123.7,118.05,244.64,11.3,Calc-Silicate Granulite,7.09,7.25,60.75,0.103,2.73,99.0,1.788,2.6,True
DH-03-149,MOIL-BL-03,-648.09,-844.48,21.804914,80.179308,362.69,123.7,124.9,124.3,238.39,1.2,Quartz-Muscovite Schist,6.36,6.89,56.27,0.0532,2.9,86.1,2.132,2.588,True
DH-03-150,MOIL-BL-03,592.82,998.23,21.821467,80.191356,377.91,0.0,3.7,1.85,376.06,3.7,Gondite (Manganiferous Quartzite),29.01,12.81,40.68,0.3187,3.33,93.6,2.695,2.283,True
DH-03-150,MOIL-BL-03,592.82,998.23,21.821467,80.191356,377.91,3.7,12.8,8.25,369.66,9.1,Gondite (Manganiferous Quartzite),25.19,8.25,35.79,0.3049,3.42,94.9,2.107,2.05,True
DH-03-150,MOIL-BL-03,592.82,998.23,21.821467,80.191356,377.91,12.8,36.8,24.8,353.11,24.0,High-Grade Braunite Ore,47.83,6.46,20.66,0.0984,3.88,89.8,2.016,1.346,True
DH-03-150,MOIL-BL-03,592.82,998.23,21.821467,80.191356,377.91,36.8,42.0,39.4,338.51,5.2,Medium-Grade Pyrolusite Bed,51.22,6.87,14.7,0.2065,3.78,87.2,2.206,1.139,True
DH-03-150,MOIL-BL-03,592.82,998.23,21.821467,80.191356,377.91,42.0,45.6,43.8,334.11,3.6,High-Grade Braunite Ore,48.2,5.2,16.16,0.0988,3.82,86.5,1.427,1.554,True
DH-03-150,MOIL-BL-03,592.82,998.23,21.821467,80.191356,377.91,45.6,51.2,48.4,329.51,5.6,High-Grade Braunite Ore,42.66,6.44,14.51,0.1624,4.02,91.1,2.303,1.294,True
DH-02-151,MOIL-GM-02,312.96,-477.06,21.386915,78.984538,295.93,0.0,36.2,18.1,277.83,36.2,Phyllite & Weathered Overburden,3.48,10.96,54.83,0.1458,2.69,96.1,2.769,2.55,True
DH-02-151,MOIL-GM-02,312.96,-477.06,21.386915,78.984538,295.93,36.2,68.1,52.15,243.78,31.9,Gondite (Manganiferous Quartzite),26.85,15.18,45.49,0.3153,3.59,92.0,2.583,2.073,True
DH-02-151,MOIL-GM-02,312.96,-477.06,21.386915,78.984538,295.93,68.1,88.3,78.2,217.73,20.2,Gondite (Manganiferous Quartzite),21.79,10.26,30.48,0.295,3.68,97.0,2.413,1.996,True
DH-02-151,MOIL-GM-02,312.96,-477.06,21.386915,78.984538,295.93,88.3,98.6,93.45,202.48,10.3,Quartz-Muscovite Schist,5.49,5.68,62.96,0.1342,2.83,82.9,2.152,2.6,True
DH-02-151,MOIL-GM-02,312.96,-477.06,21.386915,78.984538,295.93,98.6,105.9,102.25,193.68,7.3,Calc-Silicate Granulite,5.33,4.92,61.13,0.0937,2.94,90.0,1.65,2.6,True
DH-02-151,MOIL-GM-02,312.96,-477.06,21.386915,78.984538,295.93,105.9,109.9,107.9,188.03,4.0,Quartz-Muscovite Schist,11.28,5.26,70.38,0.1531,3.02,95.7,1.895,2.6,True
DH-02-151,MOIL-GM-02,312.96,-477.06,21.386915,78.984538,295.93,109.9,145.7,127.8,168.13,35.8,Quartz-Muscovite Schist,3.43,4.49,55.96,0.0896,2.86,97.6,1.82,2.519,True
DH-02-151,MOIL-GM-02,312.96,-477.06,21.386915,78.984538,295.93,145.7,147.8,146.75,149.18,2.1,Quartz-Muscovite Schist,9.68,8.03,60.93,0.0554,2.88,89.3,2.129,2.6,True
DH-02-152,MOIL-GM-02,720.99,203.98,21.393032,78.9885,344.85,0.0,9.9,4.95,339.9,9.9,Phyllite & Weathered Overburden,6.33,6.01,57.01,0.0408,2.53,89.9,1.923,2.6,True
DH-02-152,MOIL-GM-02,720.99,203.98,21.393032,78.9885,344.85,10.9,42.8,26.85,318.0,31.9,Gondite (Manganiferous Quartzite),29.85,14.57,27.94,0.3196,3.34,93.3,3.001,1.745,True
DH-02-152,MOIL-GM-02,720.99,203.98,21.393032,78.9885,344.85,42.8,83.0,62.9,281.95,40.2,Banded Hematite-Manganese Quartzite,29.81,10.48,47.46,0.1763,3.72,82.9,2.525,2.235,True
DH-02-152,MOIL-GM-02,720.99,203.98,21.393032,78.9885,344.85,83.0,100.1,91.55,253.3,17.1,Calc-Silicate Granulite,8.91,4.34,62.16,0.0829,3.03,84.6,2.137,2.6,True
DH-02-153,MOIL-GM-02,-641.45,-20.76,21.391013,78.975272,338.62,0.0,4.9,2.45,336.17,4.9,Phyllite & Weathered Overburden,8.99,10.46,51.6,0.0843,2.7,90.4,2.501,2.423,True
DH-02-153,MOIL-GM-02,-641.45,-20.76,21.391013,78.975272,338.62,4.9,18.9,11.9,326.72,14.0,Phyllite & Weathered Overburden,2.06,8.44,57.22,0.0621,2.51,99.0,2.323,2.517,True
DH-02-153,MOIL-GM-02,-641.45,-20.76,21.391013,78.975272,338.62,18.9,42.8,30.85,307.77,23.9,Banded Hematite-Manganese Quartzite,26.09,13.22,42.7,0.1513,3.61,89.2,2.761,2.134,True
DH-02-153,MOIL-GM-02,-641.45,-20.76,21.391013,78.975272,338.62,42.8,45.4,44.1,294.52,2.6,Banded Hematite-Manganese Quartzite,23.82,10.77,32.78,0.2816,3.27,94.3,2.743,1.842,True
DH-02-153,MOIL-GM-02,-641.45,-20.76,21.391013,78.975272,338.62,45.4,117.7,81.55,257.07,72.3,Banded Hematite-Manganese Quartzite,19.71,12.73,39.56,0.1306,3.33,82.4,2.853,2.122,True
DH-02-153,MOIL-GM-02,-641.45,-20.76,21.391013,78.975272,338.62,117.7,128.3,123.0,215.62,10.6,Calc-Silicate Granulite,10.16,4.0,56.81,0.124,2.75,91.9,1.577,2.6,True
DH-02-154,MOIL-GM-02,-70.71,1077.55,21.40088,78.980814,337.38,0.0,14.9,7.45,329.93,14.9,Phyllite & Weathered Overburden,3.95,6.11,49.5,0.147,2.46,86.6,2.056,2.158,True
DH-02-154,MOIL-GM-02,-70.71,1077.55,21.40088,78.980814,337.38,14.9,42.6,28.75,308.63,27.7,Phyllite & Weathered Overburden,7.56,10.5,50.46,0.0718,2.78,96.5,2.564,2.396,True
DH-02-154,MOIL-GM-02,-70.71,1077.55,21.40088,78.980814,337.38,43.5,56.1,49.8,287.58,12.6,Banded Hematite-Manganese Quartzite,23.44,12.47,29.31,0.2096,3.53,89.6,2.924,1.67,True
DH-02-154,MOIL-GM-02,-70.71,1077.55,21.40088,78.980814,337.38,56.1,86.6,71.35,266.03,30.5,Gondite (Manganiferous Quartzite),19.35,14.7,28.51,0.1366,3.55,91.7,3.175,1.804,True
DH-02-155,MOIL-GM-02,-328.35,-510.83,21.386611,78.978312,320.04,0.0,15.4,7.7,312.34,15.4,Banded Hematite-Manganese Quartzite,25.98,15.56,26.11,0.1202,3.53,86.0,3.24,1.61,True
DH-02-155,MOIL-GM-02,-328.35,-510.83,21.386611,78.978312,320.04,15.4,26.6,21.0,299.04,11.2,Medium-Grade Pyrolusite Bed,32.73,5.22,16.98,0.0869,3.98,92.1,1.794,1.382,True
DH-02-155,MOIL-GM-02,-328.35,-510.83,21.386611,78.978312,320.04,26.6,34.4,30.5,289.54,7.8,High-Grade Braunite Ore,34.92,9.21,12.15,0.0765,3.73,94.4,2.653,1.143,True
DH-02-155,MOIL-GM-02,-328.35,-510.83,21.386611,78.978312,320.04,34.4,62.4,48.4,271.64,28.0,Medium-Grade Pyrolusite Bed,39.33,6.81,20.92,0.1123,4.02,88.1,1.925,1.582,True
DH-02-155,MOIL-GM-02,-328.35,-510.83,21.386611,78.978312,320.04,62.4,82.4,72.4,247.64,20.0,High-Grade Braunite Ore,35.64,5.02,20.03,0.1903,4.05,86.9,1.893,1.602,True
DH-02-155,MOIL-GM-02,-328.35,-510.83,21.386611,78.978312,320.04,82.4,93.2,87.8,232.24,10.8,High-Grade Braunite Ore,40.01,8.24,15.55,0.1562,4.21,95.9,2.122,1.35,True
DH-02-155,MOIL-GM-02,-328.35,-510.83,21.386611,78.978312,320.04,93.2,100.2,96.7,223.34,7.0,Gondite (Manganiferous Quartzite),26.31,8.54,30.82,0.2816,3.29,95.5,2.408,1.881,True
DH-02-156,MOIL-GM-02,-407.73,-426.49,21.387369,78.977541,322.89,0.0,77.3,38.65,284.24,77.3,High-Grade Braunite Ore,41.29,7.41,10.85,0.2027,3.72,96.0,2.055,1.293,True
DH-02-156,MOIL-GM-02,-407.73,-426.49,21.387369,78.977541,322.89,77.3,98.3,87.8,235.09,21.0,Gondite (Manganiferous Quartzite),18.7,12.77,34.84,0.1861,3.25,93.2,2.661,2.165,True
DH-02-156,MOIL-GM-02,-407.73,-426.49,21.387369,78.977541,322.89,98.3,102.2,100.25,222.64,3.9,Gondite (Manganiferous Quartzite),27.97,15.24,34.42,0.3106,3.68,89.5,2.978,1.801,True
DH-02-156,MOIL-GM-02,-407.73,-426.49,21.387369,78.977541,322.89,102.2,126.4,114.3,208.59,24.2,Quartz-Muscovite Schist,5.72,7.03,62.83,0.1475,2.85,92.3,2.055,2.6,True
DH-02-156,MOIL-GM-02,-407.73,-426.49,21.387369,78.977541,322.89,126.4,144.7,135.55,187.34,18.3,Quartz-Muscovite Schist,6.06,9.5,62.99,0.1319,2.99,85.2,2.369,2.6,True
DH-02-157,MOIL-GM-02,974.28,962.31,21.399845,78.990959,343.82,0.0,1.5,0.75,343.07,1.5,Phyllite & Weathered Overburden,3.13,7.25,50.17,0.1366,2.59,91.6,2.409,2.47,True
DH-02-157,MOIL-GM-02,974.28,962.31,21.399845,78.990959,343.82,1.5,27.4,14.45,329.37,25.9,Phyllite & Weathered Overburden,2.13,7.34,49.23,0.1148,2.42,93.6,2.456,2.165,True
DH-02-157,MOIL-GM-02,974.28,962.31,21.399845,78.990959,343.82,27.4,42.8,35.1,308.72,15.4,Gondite (Manganiferous Quartzite),22.36,10.6,46.24,0.2035,3.73,92.9,2.637,2.253,True
DH-02-157,MOIL-GM-02,974.28,962.31,21.399845,78.990959,343.82,42.8,56.5,49.65,294.17,13.7,Gondite (Manganiferous Quartzite),28.41,11.18,29.88,0.3022,3.71,92.0,2.582,1.731,True
DH-02-157,MOIL-GM-02,974.28,962.31,21.399845,78.990959,343.82,56.5,71.2,63.85,279.97,14.7,Banded Hematite-Manganese Quartzite,25.45,8.19,34.13,0.1807,3.59,99.0,2.221,1.807,True
DH-02-157,MOIL-GM-02,974.28,962.31,21.399845,78.990959,343.82,71.2,101.1,86.15,257.67,29.9,Gondite (Manganiferous Quartzite),21.96,13.46,44.49,0.2587,3.71,95.9,3.071,2.266,True
DH-02-157,MOIL-GM-02,974.28,962.31,21.399845,78.990959,343.82,101.1,133.4,117.25,226.57,32.3,Calc-Silicate Granulite,5.91,6.4,55.64,0.1187,2.77,93.7,1.953,2.6,True
DH-02-157,MOIL-GM-02,974.28,962.31,21.399845,78.990959,343.82,133.4,149.2,141.3,202.52,15.8,Quartz-Muscovite Schist,5.3,5.23,69.68,0.1146,2.89,85.4,1.849,2.6,True
DH-02-158,MOIL-GM-02,-540.84,553.53,21.396172,78.976249,336.63,0.0,17.9,8.95,327.68,17.9,Phyllite & Weathered Overburden,2.02,6.72,61.21,0.0509,2.76,94.2,1.944,2.587,True
DH-02-158,MOIL-GM-02,-540.84,553.53,21.396172,78.976249,336.63,17.9,57.2,37.55,299.08,39.3,Quartz-Muscovite Schist,3.48,5.0,60.47,0.1741,2.75,99.0,1.873,2.584,True
DH-02-158,MOIL-GM-02,-540.84,553.53,21.396172,78.976249,336.63,57.2,75.8,66.5,270.13,18.6,Calc-Silicate Granulite,6.29,3.5,67.57,0.0816,2.94,99.0,1.669,2.6,True
DH-02-158,MOIL-GM-02,-540.84,553.53,21.396172,78.976249,336.63,75.8,113.5,94.65,241.98,37.7,Quartz-Muscovite Schist,3.44,6.1,53.65,0.1777,2.69,98.2,1.937,2.6,True
DH-02-158,MOIL-GM-02,-540.84,553.53,21.396172,78.976249,336.63,113.5,128.6,121.05,215.58,15.1,Quartz-Muscovite Schist,8.45,3.81,62.21,0.0873,3.03,92.3,1.793,2.565,True
DH-02-159,MOIL-GM-02,930.76,465.02,21.395377,78.990537,314.73,0.0,2.3,1.15,313.58,2.3,Phyllite & Weathered Overburden,8.0,8.37,63.01,0.056,2.6,84.5,2.011,2.6,True
DH-02-159,MOIL-GM-02,930.76,465.02,21.395377,78.990537,314.73,2.3,13.2,7.75,306.98,10.9,Phyllite & Weathered Overburden,2.31,10.26,46.82,0.1122,2.41,83.4,2.426,2.276,True
DH-02-159,MOIL-GM-02,930.76,465.02,21.395377,78.990537,314.73,13.2,47.7,30.45,284.28,34.5,Gondite (Manganiferous Quartzite),22.18,13.8,31.55,0.2705,3.22,82.9,2.941,1.8,True
DH-02-159,MOIL-GM-02,930.76,465.02,21.395377,78.990537,314.73,47.7,50.3,49.0,265.73,2.6,Banded Hematite-Manganese Quartzite,20.42,15.48,47.47,0.2679,3.34,99.0,3.253,2.126,True
DH-02-159,MOIL-GM-02,930.76,465.02,21.395377,78.990537,314.73,50.3,54.9,52.6,262.13,4.6,Banded Hematite-Manganese Quartzite,29.55,10.16,40.36,0.2813,3.29,77.4,2.466,2.022,True
DH-02-159,MOIL-GM-02,930.76,465.02,21.395377,78.990537,314.73,54.9,72.6,63.75,250.98,17.7,Banded Hematite-Manganese Quartzite,24.26,10.54,33.3,0.2539,3.55,92.1,2.569,1.828,True
DH-02-159,MOIL-GM-02,930.76,465.02,21.395377,78.990537,314.73,72.6,89.2,80.9,233.83,16.6,Quartz-Muscovite Schist,5.46,7.95,64.78,0.0755,2.92,98.8,2.364,2.6,True
DH-02-159,MOIL-GM-02,930.76,465.02,21.395377,78.990537,314.73,89.2,91.0,90.1,224.63,1.8,Quartz-Muscovite Schist,7.02,9.63,63.09,0.1355,2.68,99.0,2.327,2.6,True
DH-02-160,MOIL-GM-02,-429.02,-344.68,21.388104,78.977335,307.81,0.0,15.7,7.85,299.96,15.7,Phyllite & Weathered Overburden,2.39,11.68,47.96,0.1167,2.6,97.9,2.693,2.278,True
DH-02-160,MOIL-GM-02,-429.02,-344.68,21.388104,78.977335,307.81,15.7,33.5,24.6,283.21,17.8,Banded Hematite-Manganese Quartzite,19.58,10.91,30.87,0.2213,3.73,90.2,2.705,1.8,True
DH-02-160,MOIL-GM-02,-429.02,-344.68,21.388104,78.977335,307.81,33.5,38.5,36.0,271.81,5.0,High-Grade Braunite Ore,43.72,6.86,20.42,0.1067,3.78,92.0,2.097,1.592,True
DH-02-160,MOIL-GM-02,-429.02,-344.68,21.388104,78.977335,307.81,38.5,45.0,41.75,266.06,6.5,High-Grade Braunite Ore,33.84,7.63,19.52,0.1049,4.06,94.1,2.046,1.499,True
DH-02-160,MOIL-GM-02,-429.02,-344.68,21.388104,78.977335,307.81,45.0,54.6,49.8,258.01,9.6,High-Grade Braunite Ore,40.45,6.2,11.3,0.141,3.76,89.0,1.999,1.386,True
DH-02-160,MOIL-GM-02,-429.02,-344.68,21.388104,78.977335,307.81,54.6,69.4,62.0,245.81,14.8,High-Grade Braunite Ore,35.57,7.43,13.37,0.2056,3.9,88.5,2.408,1.068,True
DH-02-160,MOIL-GM-02,-429.02,-344.68,21.388104,78.977335,307.81,69.4,78.0,73.7,234.11,8.6,High-Grade Braunite Ore,35.47,7.5,16.16,0.1711,3.74,98.4,2.265,1.305,True
DH-02-161,MOIL-GM-02,-833.07,-1041.2,21.381847,78.973412,305.8,0.0,34.5,17.25,288.55,34.5,Gondite (Manganiferous Quartzite),21.9,9.28,39.89,0.3059,3.28,85.6,2.124,2.013,True
DH-02-161,MOIL-GM-02,-833.07,-1041.2,21.381847,78.973412,305.8,34.5,42.8,38.65,267.15,8.3,High-Grade Braunite Ore,32.63,7.6,16.43,0.0696,3.75,99.0,2.022,1.317,True
DH-02-161,MOIL-GM-02,-833.07,-1041.2,21.381847,78.973412,305.8,42.8,50.7,46.75,259.05,7.9,High-Grade Braunite Ore,27.18,5.03,21.08,0.1888,3.85,83.6,1.743,1.572,True
DH-02-161,MOIL-GM-02,-833.07,-1041.2,21.381847,78.973412,305.8,51.3,64.1,57.7,248.1,12.8,High-Grade Braunite Ore,39.93,6.9,10.04,0.0988,3.91,90.7,2.104,1.258,True
DH-02-162,MOIL-GM-02,1156.04,-359.83,21.387968,78.992724,308.03,0.0,8.9,4.45,303.58,8.9,Phyllite & Weathered Overburden,4.21,8.67,56.16,0.0789,2.76,99.0,2.244,2.48,True
DH-02-162,MOIL-GM-02,1156.04,-359.83,21.387968,78.992724,308.03,8.9,44.5,26.7,281.33,35.6,Phyllite & Weathered Overburden,3.36,7.74,66.77,0.0671,2.67,99.0,2.302,2.6,True
DH-02-162,MOIL-GM-02,1156.04,-359.83,21.387968,78.992724,308.03,44.5,61.4,52.95,255.08,16.9,Quartz-Muscovite Schist,9.23,6.21,62.53,0.14,2.89,87.1,1.927,2.6,True
DH-02-162,MOIL-GM-02,1156.04,-359.83,21.387968,78.992724,308.03,61.4,77.4,69.4,238.63,16.0,Calc-Silicate Granulite,1.95,9.09,64.92,0.1359,2.9,98.0,2.233,2.6,True
DH-02-162,MOIL-GM-02,1156.04,-359.83,21.387968,78.992724,308.03,77.4,94.0,85.7,222.33,16.6,Quartz-Muscovite Schist,5.27,9.49,65.37,0.0834,2.88,83.6,2.217,2.6,True
DH-02-162,MOIL-GM-02,1156.04,-359.83,21.387968,78.992724,308.03,94.6,96.4,95.5,212.53,1.8,Calc-Silicate Granulite,11.46,7.49,69.29,0.1379,2.79,92.7,2.261,2.6,True
DH-02-162,MOIL-GM-02,1156.04,-359.83,21.387968,78.992724,308.03,96.4,110.2,103.3,204.73,13.8,Quartz-Muscovite Schist,4.16,9.12,70.33,0.1372,3.02,91.8,2.42,2.6,True
DH-02-163,MOIL-GM-02,-95.22,159.52,21.392633,78.980576,302.47,0.0,1.6,0.8,301.67,1.6,Phyllite & Weathered Overburden,2.6,5.66,51.15,0.1094,2.61,94.6,2.043,2.329,True
DH-02-163,MOIL-GM-02,-95.22,159.52,21.392633,78.980576,302.47,1.6,19.4,10.5,291.97,17.8,Banded Hematite-Manganese Quartzite,30.25,11.69,32.16,0.2181,3.63,93.3,2.736,1.756,True
DH-02-163,MOIL-GM-02,-95.22,159.52,21.392633,78.980576,302.47,19.4,42.5,30.95,271.52,23.1,High-Grade Braunite Ore,41.91,5.16,17.15,0.1319,3.97,90.5,1.74,1.254,True
DH-02-163,MOIL-GM-02,-95.22,159.52,21.392633,78.980576,302.47,42.5,49.7,46.1,256.37,7.2,Medium-Grade Pyrolusite Bed,34.58,8.1,10.58,0.1642,3.84,93.4,2.177,1.152,True
DH-02-163,MOIL-GM-02,-95.22,159.52,21.392633,78.980576,302.47,49.7,71.8,60.75,241.72,22.1,High-Grade Braunite Ore,30.97,9.33,21.56,0.131,4.22,87.9,2.371,1.486,True
DH-02-163,MOIL-GM-02,-95.22,159.52,21.392633,78.980576,302.47,71.8,101.6,86.7,215.77,29.8,Banded Hematite-Manganese Quartzite,20.03,11.53,36.65,0.1962,3.44,91.1,2.748,2.103,True
DH-02-164,MOIL-GM-02,-947.42,645.48,21.396998,78.972302,329.43,0.0,5.3,2.65,326.78,5.3,Phyllite & Weathered Overburden,8.93,6.91,65.12,0.1243,2.54,92.8,1.989,2.6,True
DH-02-164,MOIL-GM-02,-947.42,645.48,21.396998,78.972302,329.43,5.3,41.4,23.35,306.08,36.1,Phyllite & Weathered Overburden,4.05,9.59,59.76,0.063,2.41,83.1,2.618,2.6,True
DH-02-164,MOIL-GM-02,-947.42,645.48,21.396998,78.972302,329.43,41.4,43.7,42.55,286.88,2.3,Quartz-Muscovite Schist,11.25,6.7,66.58,0.1071,2.95,95.9,1.958,2.6,True
DH-02-164,MOIL-GM-02,-947.42,645.48,21.396998,78.972302,329.43,43.7,61.9,52.8,276.63,18.2,Quartz-Muscovite Schist,6.2,8.96,67.06,0.0875,2.78,99.0,2.397,2.6,True
DH-02-164,MOIL-GM-02,-947.42,645.48,21.396998,78.972302,329.43,61.9,92.1,77.0,252.43,30.2,Calc-Silicate Granulite,4.75,9.3,65.14,0.1782,2.96,96.5,2.308,2.6,True
DH-02-164,MOIL-GM-02,-947.42,645.48,21.396998,78.972302,329.43,92.1,96.2,94.15,235.28,4.1,Quartz-Muscovite Schist,1.73,7.27,58.09,0.104,2.98,91.2,2.051,2.595,True
DH-02-164,MOIL-GM-02,-947.42,645.48,21.396998,78.972302,329.43,96.2,108.7,102.45,226.98,12.5,Calc-Silicate Granulite,8.46,7.7,55.55,0.0922,2.98,88.4,2.051,2.6,True
DH-02-164,MOIL-GM-02,-947.42,645.48,21.396998,78.972302,329.43,108.7,131.6,120.15,209.28,22.9,Calc-Silicate Granulite,6.6,3.6,68.55,0.1433,3.03,92.8,1.659,2.6,True
DH-02-165,MOIL-GM-02,130.83,240.52,21.393361,78.98277,343.85,0.0,24.1,12.05,331.8,24.1,Banded Hematite-Manganese Quartzite,24.96,15.35,40.77,0.2689,3.66,86.1,3.039,2.047,True
DH-02-165,MOIL-GM-02,130.83,240.52,21.393361,78.98277,343.85,24.1,39.3,31.7,312.15,15.2,High-Grade Braunite Ore,37.83,8.2,19.4,0.1083,4.03,91.9,2.398,1.498,True
DH-02-165,MOIL-GM-02,130.83,240.52,21.393361,78.98277,343.85,39.3,46.2,42.75,301.1,6.9,Medium-Grade Pyrolusite Bed,35.57,5.1,20.94,0.2197,3.82,95.6,1.76,1.582,True
DH-02-165,MOIL-GM-02,130.83,240.52,21.393361,78.98277,343.85,46.2,68.6,57.4,286.45,22.4,Medium-Grade Pyrolusite Bed,35.78,6.64,11.22,0.139,4.15,85.7,1.89,1.116,True
DH-02-165,MOIL-GM-02,130.83,240.52,21.393361,78.98277,343.85,68.6,76.5,72.55,271.3,7.9,Medium-Grade Pyrolusite Bed,41.89,7.79,20.02,0.1493,3.72,99.0,1.862,1.257,True
DH-02-165,MOIL-GM-02,130.83,240.52,21.393361,78.98277,343.85,76.5,120.6,98.55,245.3,44.1,Banded Hematite-Manganese Quartzite,24.53,12.71,32.9,0.2537,3.33,91.7,2.864,1.853,True
DH-02-166,MOIL-GM-02,-364.63,-368.4,21.387891,78.97796,324.78,0.0,51.5,25.75,299.03,51.5,Medium-Grade Pyrolusite Bed,39.09,5.87,13.28,0.1084,4.1,89.7,1.896,1.447,True
DH-02-166,MOIL-GM-02,-364.63,-368.4,21.387891,78.97796,324.78,51.5,140.7,96.1,228.68,89.2,Gondite (Manganiferous Quartzite),26.76,9.64,46.45,0.1729,3.28,86.7,2.424,2.142,True
DH-02-166,MOIL-GM-02,-364.63,-368.4,21.387891,78.97796,324.78,141.4,149.4,145.4,179.38,8.0,Quartz-Muscovite Schist,10.08,8.33,55.77,0.0819,3.04,82.2,2.095,2.42,True
DH-02-166,MOIL-GM-02,-364.63,-368.4,21.387891,78.97796,324.78,149.4,156.8,153.1,171.68,7.4,Quartz-Muscovite Schist,7.67,5.23,62.18,0.145,2.67,93.9,1.85,2.6,True
DH-02-167,MOIL-GM-02,-686.27,-161.16,21.389752,78.974837,304.88,0.0,31.2,15.6,289.28,31.2,Phyllite & Weathered Overburden,5.31,10.62,61.94,0.0727,2.42,91.1,2.4,2.6,True
DH-02-167,MOIL-GM-02,-686.27,-161.16,21.389752,78.974837,304.88,31.2,32.6,31.9,272.98,1.4,Gondite (Manganiferous Quartzite),26.64,9.05,39.72,0.2744,3.67,89.3,2.182,2.073,True
DH-02-167,MOIL-GM-02,-686.27,-161.16,21.389752,78.974837,304.88,32.6,71.2,51.9,252.98,38.6,Gondite (Manganiferous Quartzite),30.01,10.72,36.57,0.2126,3.29,94.8,2.652,2.097,True
DH-02-167,MOIL-GM-02,-686.27,-161.16,21.389752,78.974837,304.88,71.2,104.3,87.75,217.13,33.1,Quartz-Muscovite Schist,10.43,6.57,65.82,0.1541,2.85,93.6,1.997,2.6,True
DH-02-167,MOIL-GM-02,-686.27,-161.16,21.389752,78.974837,304.88,104.3,109.0,106.65,198.23,4.7,Quartz-Muscovite Schist,3.45,9.75,58.89,0.135,2.66,89.9,2.587,2.6,True
DH-02-167,MOIL-GM-02,-686.27,-161.16,21.389752,78.974837,304.88,109.0,110.3,109.65,195.23,1.3,Quartz-Muscovite Schist,4.86,3.26,57.94,0.0523,2.73,89.0,1.625,2.471,True
DH-02-168,MOIL-GM-02,-674.45,186.63,21.392877,78.974952,298.26,0.0,19.5,9.75,288.51,19.5,Phyllite & Weathered Overburden,7.29,9.24,60.84,0.0711,2.59,92.5,2.292,2.6,True
DH-02-168,MOIL-GM-02,-674.45,186.63,21.392877,78.974952,298.26,19.5,22.3,20.9,277.36,2.8,Calc-Silicate Granulite,3.28,7.57,63.47,0.1524,2.75,94.5,2.261,2.6,True
DH-02-168,MOIL-GM-02,-674.45,186.63,21.392877,78.974952,298.26,22.3,41.6,31.95,266.31,19.3,Calc-Silicate Granulite,6.25,9.17,59.27,0.1591,2.89,85.5,2.055,2.6,True
DH-02-168,MOIL-GM-02,-674.45,186.63,21.392877,78.974952,298.26,41.6,44.0,42.8,255.46,2.4,Gondite (Manganiferous Quartzite),23.18,8.96,34.58,0.1346,3.25,91.0,2.065,1.815,True
DH-02-168,MOIL-GM-02,-674.45,186.63,21.392877,78.974952,298.26,44.0,45.7,44.85,253.41,1.7,Gondite (Manganiferous Quartzite),24.89,13.63,30.98,0.3084,3.49,97.4,3.004,1.742,True
DH-02-168,MOIL-GM-02,-674.45,186.63,21.392877,78.974952,298.26,45.7,72.8,59.25,239.01,27.1,Banded Hematite-Manganese Quartzite,26.76,8.06,35.93,0.1586,3.55,92.2,2.203,1.966,True
DH-02-168,MOIL-GM-02,-674.45,186.63,21.392877,78.974952,298.26,72.8,89.7,81.25,217.01,16.9,Quartz-Muscovite Schist,11.27,9.23,67.29,0.0885,2.87,84.6,2.556,2.6,True
DH-02-168,MOIL-GM-02,-674.45,186.63,21.392877,78.974952,298.26,89.7,97.8,93.75,204.51,8.1,Quartz-Muscovite Schist,10.23,9.27,59.12,0.0523,2.99,91.6,2.422,2.476,True
DH-02-169,MOIL-GM-02,1166.3,-958.34,21.382591,78.992823,316.18,0.0,11.9,5.95,310.23,11.9,Phyllite & Weathered Overburden,3.96,11.52,60.72,0.0689,2.66,97.5,2.59,2.6,True
DH-02-169,MOIL-GM-02,1166.3,-958.34,21.382591,78.992823,316.18,11.9,26.7,19.3,296.88,14.8,Phyllite & Weathered Overburden,7.81,6.08,63.92,0.0994,2.49,93.9,1.984,2.6,True
DH-02-169,MOIL-GM-02,1166.3,-958.34,21.382591,78.992823,316.18,26.7,32.9,29.8,286.38,6.2,Calc-Silicate Granulite,5.89,4.84,51.56,0.1205,3.01,96.0,2.017,2.258,True
DH-02-169,MOIL-GM-02,1166.3,-958.34,21.382591,78.992823,316.18,32.9,46.6,39.75,276.43,13.7,Quartz-Muscovite Schist,11.4,8.06,65.17,0.1759,2.97,91.9,2.151,2.6,True
DH-02-169,MOIL-GM-02,1166.3,-958.34,21.382591,78.992823,316.18,47.0,83.8,65.4,250.78,36.8,Calc-Silicate Granulite,6.32,7.88,71.95,0.0921,2.86,96.3,2.265,2.6,True
DH-02-170,MOIL-GM-02,-937.77,1077.45,21.400879,78.972395,319.42,0.0,4.4,2.2,317.22,4.4,Phyllite & Weathered Overburden,4.63,5.99,61.31,0.134,2.67,89.8,1.966,2.579,True
DH-02-170,MOIL-GM-02,-937.77,1077.45,21.400879,78.972395,319.42,4.4,40.2,22.3,297.12,35.8,Phyllite & Weathered Overburden,7.87,8.89,60.87,0.1469,2.43,90.4,2.355,2.6,True
DH-02-170,MOIL-GM-02,-937.77,1077.45,21.400879,78.972395,319.42,40.2,63.0,51.6,267.82,22.8,Quartz-Muscovite Schist,6.82,7.16,65.58,0.1583,2.7,81.0,2.082,2.6,True
DH-02-170,MOIL-GM-02,-937.77,1077.45,21.400879,78.972395,319.42,63.0,66.1,64.55,254.87,3.1,Quartz-Muscovite Schist,11.42,6.84,70.97,0.0734,2.94,97.0,1.841,2.6,True
DH-02-170,MOIL-GM-02,-937.77,1077.45,21.400879,78.972395,319.42,66.1,77.9,72.0,247.42,11.8,Quartz-Muscovite Schist,7.43,9.03,68.08,0.0659,2.99,91.0,2.1,2.6,True
DH-02-170,MOIL-GM-02,-937.77,1077.45,21.400879,78.972395,319.42,77.9,90.0,83.95,235.47,12.1,Quartz-Muscovite Schist,4.27,3.03,60.9,0.063,2.95,83.5,1.736,2.597,True
DH-02-170,MOIL-GM-02,-937.77,1077.45,21.400879,78.972395,319.42,90.0,105.3,97.65,221.77,15.3,Calc-Silicate Granulite,4.51,8.47,53.33,0.1341,3.02,90.5,2.408,2.481,True
DH-02-171,MOIL-GM-02,946.89,516.25,21.395838,78.990693,326.98,0.0,39.5,19.75,307.23,39.5,Phyllite & Weathered Overburden,7.68,10.31,51.11,0.0566,2.68,91.2,2.42,2.388,True
DH-02-171,MOIL-GM-02,946.89,516.25,21.395838,78.990693,326.98,39.5,41.2,40.35,286.63,1.7,Banded Hematite-Manganese Quartzite,22.14,8.44,41.18,0.2983,3.55,89.3,2.29,2.101,True
DH-02-171,MOIL-GM-02,946.89,516.25,21.395838,78.990693,326.98,41.2,59.0,50.1,276.88,17.8,Banded Hematite-Manganese Quartzite,30.07,10.46,34.16,0.2599,3.36,98.6,2.683,1.922,True
DH-02-171,MOIL-GM-02,946.89,516.25,21.395838,78.990693,326.98,59.0,64.7,61.85,265.13,5.7,Gondite (Manganiferous Quartzite),23.96,10.22,35.67,0.21,3.52,94.2,2.417,1.899,True
DH-02-171,MOIL-GM-02,946.89,516.25,21.395838,78.990693,326.98,65.0,106.2,85.6,241.38,41.2,Calc-Silicate Granulite,10.49,7.86,66.9,0.1587,2.7,98.6,2.064,2.6,True
DH-02-171,MOIL-GM-02,946.89,516.25,21.395838,78.990693,326.98,106.2,118.3,112.25,214.73,12.1,Quartz-Muscovite Schist,10.81,3.17,58.42,0.1184,2.92,92.1,1.448,2.484,True
DH-02-171,MOIL-GM-02,946.89,516.25,21.395838,78.990693,326.98,118.3,123.0,120.65,206.33,4.7,Quartz-Muscovite Schist,9.5,6.01,51.2,0.0719,2.83,97.9,1.591,2.318,True
DH-02-172,MOIL-GM-02,92.39,940.33,21.399647,78.982397,340.69,0.0,1.6,0.8,339.89,1.6,Phyllite & Weathered Overburden,3.63,11.34,45.85,0.0642,2.52,89.2,2.717,2.438,True
DH-02-172,MOIL-GM-02,92.39,940.33,21.399647,78.982397,340.69,1.6,10.7,6.15,334.54,9.1,Phyllite & Weathered Overburden,3.66,8.52,51.24,0.1442,2.59,91.3,2.195,2.371,True
DH-02-172,MOIL-GM-02,92.39,940.33,21.399647,78.982397,340.69,10.7,24.8,17.75,322.94,14.1,Phyllite & Weathered Overburden,4.3,9.57,51.43,0.1028,2.71,89.8,2.376,2.394,True
DH-02-172,MOIL-GM-02,92.39,940.33,21.399647,78.982397,340.69,24.8,26.2,25.5,315.19,1.4,Gondite (Manganiferous Quartzite),29.72,8.72,28.03,0.2191,3.26,89.9,1.984,1.607,True
DH-02-172,MOIL-GM-02,92.39,940.33,21.399647,78.982397,340.69,26.2,42.3,34.25,306.44,16.1,Gondite (Manganiferous Quartzite),30.34,15.97,33.63,0.2398,3.67,85.3,3.25,1.79,True
DH-02-172,MOIL-GM-02,92.39,940.33,21.399647,78.982397,340.69,42.3,50.7,46.5,294.19,8.4,Gondite (Manganiferous Quartzite),18.99,13.56,30.81,0.1823,3.27,97.6,2.833,1.778,True
DH-02-172,MOIL-GM-02,92.39,940.33,21.399647,78.982397,340.69,50.7,61.4,56.05,284.64,10.7,Gondite (Manganiferous Quartzite),25.4,11.28,29.43,0.269,3.27,88.7,2.657,1.683,True
DH-02-172,MOIL-GM-02,92.39,940.33,21.399647,78.982397,340.69,61.4,73.7,67.55,273.14,12.3,Gondite (Manganiferous Quartzite),23.84,13.67,39.34,0.2489,3.59,86.1,2.759,1.923,True
DH-02-173,MOIL-GM-02,-148.81,-462.09,21.387049,78.980055,344.25,0.0,8.5,4.25,340.0,8.5,Phyllite & Weathered Overburden,7.01,5.26,54.87,0.123,2.63,92.1,1.765,2.443,True
DH-02-173,MOIL-GM-02,-148.81,-462.09,21.387049,78.980055,344.25,8.5,22.6,15.55,328.7,14.1,Banded Hematite-Manganese Quartzite,28.62,14.95,39.71,0.2095,3.56,93.6,3.171,2.095,True
DH-02-173,MOIL-GM-02,-148.81,-462.09,21.387049,78.980055,344.25,22.6,123.8,73.2,271.05,101.2,High-Grade Braunite Ore,41.22,9.32,11.81,0.0629,4.26,86.6,2.376,1.2,True
DH-02-173,MOIL-GM-02,-148.81,-462.09,21.387049,78.980055,344.25,124.6,139.5,132.05,212.2,14.9,Calc-Silicate Granulite,4.71,9.83,65.5,0.1426,2.69,86.1,2.565,2.6,True
DH-02-174,MOIL-GM-02,-184.71,831.06,21.398666,78.979707,328.51,0.0,17.3,8.65,319.86,17.3,Phyllite & Weathered Overburden,3.24,7.55,53.59,0.1492,2.8,89.1,2.247,2.465,True
DH-02-174,MOIL-GM-02,-184.71,831.06,21.398666,78.979707,328.51,17.3,29.4,23.35,305.16,12.1,Calc-Silicate Granulite,1.82,3.74,71.24,0.1723,2.73,99.0,1.594,2.6,True
DH-02-174,MOIL-GM-02,-184.71,831.06,21.398666,78.979707,328.51,29.4,51.6,40.5,288.01,22.2,Banded Hematite-Manganese Quartzite,27.84,10.48,46.21,0.2513,3.44,94.6,2.601,2.278,True
DH-02-174,MOIL-GM-02,-184.71,831.06,21.398666,78.979707,328.51,51.6,61.4,56.5,272.01,9.8,Banded Hematite-Manganese Quartzite,22.42,15.49,28.79,0.1284,3.45,92.3,3.228,1.79,True
DH-02-174,MOIL-GM-02,-184.71,831.06,21.398666,78.979707,328.51,62.3,113.9,88.1,240.41,51.6,Calc-Silicate Granulite,7.68,8.45,52.05,0.0724,2.65,93.1,2.38,2.48,True
DH-02-174,MOIL-GM-02,-184.71,831.06,21.398666,78.979707,328.51,113.9,130.6,122.25,206.26,16.7,Quartz-Muscovite Schist,11.81,3.44,69.87,0.1558,2.78,92.4,1.687,2.6,True
DH-02-175,MOIL-GM-02,-343.69,701.32,21.3975,78.978163,332.91,0.0,72.0,36.0,296.91,72.0,Phyllite & Weathered Overburden,6.21,10.5,61.71,0.1172,2.69,78.9,2.357,2.515,True
DH-02-175,MOIL-GM-02,-343.69,701.32,21.3975,78.978163,332.91,72.0,87.8,79.9,253.01,15.8,Quartz-Muscovite Schist,1.85,4.69,53.4,0.1652,2.76,91.6,1.631,2.418,True
DH-02-175,MOIL-GM-02,-343.69,701.32,21.3975,78.978163,332.91,87.8,106.2,97.0,235.91,18.4,Quartz-Muscovite Schist,7.8,5.45,59.77,0.0584,2.97,84.1,1.964,2.584,True
DH-02-175,MOIL-GM-02,-343.69,701.32,21.3975,78.978163,332.91,106.2,148.5,127.35,205.56,42.3,Quartz-Muscovite Schist,7.39,8.73,65.22,0.1362,2.86,87.6,2.26,2.6,True
DH-02-175,MOIL-GM-02,-343.69,701.32,21.3975,78.978163,332.91,148.5,150.2,149.35,183.56,1.7,Calc-Silicate Granulite,5.86,9.0,65.88,0.1649,2.9,89.0,2.437,2.6,True
DH-02-176,MOIL-GM-02,-617.07,562.52,21.396253,78.975509,329.31,0.4,1.8,1.1,328.21,1.4,Phyllite & Weathered Overburden,5.26,6.67,60.87,0.1022,2.43,94.7,1.979,2.528,True
DH-02-176,MOIL-GM-02,-617.07,562.52,21.396253,78.975509,329.31,1.8,25.2,13.5,315.81,23.4,Phyllite & Weathered Overburden,4.91,5.65,56.14,0.05,2.45,90.0,1.821,2.56,True
DH-02-176,MOIL-GM-02,-617.07,562.52,21.396253,78.975509,329.31,25.2,74.0,49.6,279.71,48.8,Quartz-Muscovite Schist,10.18,5.34,55.99,0.1214,2.94,93.5,1.883,2.475,True
DH-02-176,MOIL-GM-02,-617.07,562.52,21.396253,78.975509,329.31,74.0,83.2,78.6,250.71,9.2,Quartz-Muscovite Schist,11.52,6.58,70.1,0.1758,2.99,88.9,2.064,2.6,True
DH-02-176,MOIL-GM-02,-617.07,562.52,21.396253,78.975509,329.31,83.2,85.0,84.1,245.21,1.8,Quartz-Muscovite Schist,6.26,9.14,52.2,0.0835,2.95,99.0,2.301,2.328,True
DH-02-177,MOIL-GM-02,-820.48,865.45,21.398974,78.973534,317.38,0.0,15.6,7.8,309.58,15.6,Phyllite & Weathered Overburden,6.01,7.81,54.87,0.1465,2.69,91.7,1.963,2.438,True
DH-02-177,MOIL-GM-02,-820.48,865.45,21.398974,78.973534,317.38,15.6,22.8,19.2,298.18,7.2,Calc-Silicate Granulite,8.69,8.86,65.57,0.1028,2.66,96.8,2.194,2.6,True
DH-02-177,MOIL-GM-02,-820.48,865.45,21.398974,78.973534,317.38,22.8,100.1,61.45,255.93,77.3,Quartz-Muscovite Schist,9.06,3.59,52.34,0.0666,3.01,92.6,1.665,2.541,True
DH-02-177,MOIL-GM-02,-820.48,865.45,21.398974,78.973534,317.38,100.1,121.8,110.95,206.43,21.7,Calc-Silicate Granulite,11.24,8.75,54.94,0.1636,2.76,98.1,2.194,2.387,True
DH-02-177,MOIL-GM-02,-820.48,865.45,21.398974,78.973534,317.38,121.8,150.9,136.35,181.03,29.1,Quartz-Muscovite Schist,9.97,5.08,61.22,0.1368,2.66,87.3,1.683,2.6,True
DH-02-178,MOIL-GM-02,-593.77,1098.49,21.401068,78.975735,296.51,0.0,37.0,18.5,278.01,37.0,Phyllite & Weathered Overburden,5.9,6.45,59.34,0.0793,2.74,90.9,2.264,2.56,True
DH-02-178,MOIL-GM-02,-593.77,1098.49,21.401068,78.975735,296.51,37.0,84.5,60.75,235.76,47.5,Quartz-Muscovite Schist,9.99,4.12,56.11,0.0929,2.91,96.1,1.592,2.584,True
DH-02-178,MOIL-GM-02,-593.77,1098.49,21.401068,78.975735,296.51,84.5,132.3,108.4,188.11,47.8,Quartz-Muscovite Schist,10.01,6.06,52.73,0.1234,3.03,94.9,2.012,2.543,True
DH-02-178,MOIL-GM-02,-593.77,1098.49,21.401068,78.975735,296.51,132.3,136.3,134.3,162.21,4.0,Quartz-Muscovite Schist,4.98,9.84,69.0,0.092,2.84,90.7,2.46,2.6,True
DH-02-178,MOIL-GM-02,-593.77,1098.49,21.401068,78.975735,296.51,136.3,155.4,145.85,150.66,19.1,Quartz-Muscovite Schist,5.75,9.13,54.17,0.1212,2.66,89.4,2.409,2.595,True
DH-02-179,MOIL-GM-02,-693.51,-1021.61,21.382023,78.974767,309.45,0.0,30.1,15.05,294.4,30.1,Gondite (Manganiferous Quartzite),22.22,13.92,44.83,0.1891,3.39,90.4,2.962,2.098,True
DH-02-179,MOIL-GM-02,-693.51,-1021.61,21.382023,78.974767,309.45,30.1,52.4,41.25,268.2,22.3,Medium-Grade Pyrolusite Bed,35.6,7.93,13.47,0.1959,3.98,93.6,2.047,1.344,True
DH-02-179,MOIL-GM-02,-693.51,-1021.61,21.382023,78.974767,309.45,52.4,75.5,63.95,245.5,23.1,Medium-Grade Pyrolusite Bed,40.52,6.62,20.05,0.2004,3.89,93.6,1.915,1.439,True
DH-02-179,MOIL-GM-02,-693.51,-1021.61,21.382023,78.974767,309.45,75.5,88.7,82.1,227.35,13.2,Medium-Grade Pyrolusite Bed,30.79,7.4,16.94,0.0931,4.22,97.2,2.14,1.239,True
DH-02-179,MOIL-GM-02,-693.51,-1021.61,21.382023,78.974767,309.45,88.7,119.0,103.85,205.6,30.3,Banded Hematite-Manganese Quartzite,29.42,14.69,30.28,0.1271,3.64,85.9,2.912,1.789,True
DH-02-180,MOIL-GM-02,658.92,-698.2,21.384928,78.987897,317.66,0.0,1.0,0.5,317.16,1.0,Phyllite & Weathered Overburden,6.17,7.06,45.31,0.0485,2.56,86.8,2.417,2.157,True
DH-02-180,MOIL-GM-02,658.92,-698.2,21.384928,78.987897,317.66,1.0,8.7,4.85,312.81,7.7,Phyllite & Weathered Overburden,6.4,8.83,50.32,0.0778,2.65,81.7,2.365,2.396,True
DH-02-180,MOIL-GM-02,658.92,-698.2,21.384928,78.987897,317.66,9.3,16.9,13.1,304.56,7.6,Phyllite & Weathered Overburden,4.56,11.16,45.9,0.1487,2.67,92.3,2.714,2.195,True
DH-02-180,MOIL-GM-02,658.92,-698.2,21.384928,78.987897,317.66,16.9,28.9,22.9,294.76,12.0,Quartz-Muscovite Schist,6.59,3.74,56.11,0.1657,2.87,97.0,1.559,2.489,True
DH-02-180,MOIL-GM-02,658.92,-698.2,21.384928,78.987897,317.66,28.9,32.7,30.8,286.86,3.8,Quartz-Muscovite Schist,6.86,6.04,63.05,0.0803,3.03,96.0,2.113,2.532,True
DH-02-180,MOIL-GM-02,658.92,-698.2,21.384928,78.987897,317.66,32.7,45.2,38.95,278.71,12.5,Quartz-Muscovite Schist,9.96,4.13,56.44,0.1383,2.78,82.9,1.659,2.543,True
DH-02-180,MOIL-GM-02,658.92,-698.2,21.384928,78.987897,317.66,45.2,67.2,56.2,261.46,22.0,Calc-Silicate Granulite,7.98,6.56,71.82,0.1778,2.9,77.5,2.171,2.6,True
DH-02-181,MOIL-GM-02,437.95,-956.22,21.38261,78.985752,311.42,0.0,5.8,2.9,308.52,5.8,Phyllite & Weathered Overburden,5.26,8.27,50.91,0.1335,2.54,89.6,2.139,2.302,True
DH-02-181,MOIL-GM-02,437.95,-956.22,21.38261,78.985752,311.42,5.8,19.6,12.7,298.72,13.8,Phyllite & Weathered Overburden,2.23,9.24,59.24,0.0983,2.7,88.7,2.325,2.6,True
DH-02-181,MOIL-GM-02,437.95,-956.22,21.38261,78.985752,311.42,19.6,22.1,20.85,290.57,2.5,Calc-Silicate Granulite,10.74,6.57,51.81,0.1302,2.65,89.3,2.12,2.5,True
DH-02-181,MOIL-GM-02,437.95,-956.22,21.38261,78.985752,311.42,22.1,27.2,24.65,286.77,5.1,Calc-Silicate Granulite,8.78,5.26,62.57,0.1744,2.77,84.3,1.669,2.6,True
DH-02-181,MOIL-GM-02,437.95,-956.22,21.38261,78.985752,311.42,27.2,58.3,42.75,268.67,31.1,Quartz-Muscovite Schist,6.19,3.48,53.71,0.1529,2.91,92.4,1.452,2.46,True
DH-02-182,MOIL-GM-02,283.04,1067.92,21.400793,78.984248,327.32,0.0,15.8,7.9,319.42,15.8,Phyllite & Weathered Overburden,2.57,5.08,54.83,0.0851,2.8,91.0,1.851,2.299,True
DH-02-182,MOIL-GM-02,283.04,1067.92,21.400793,78.984248,327.32,15.8,21.5,18.65,308.67,5.7,Gondite (Manganiferous Quartzite),24.38,12.79,27.2,0.1966,3.72,95.7,2.536,1.778,True
DH-02-182,MOIL-GM-02,283.04,1067.92,21.400793,78.984248,327.32,21.6,30.8,26.2,301.12,9.2,Banded Hematite-Manganese Quartzite,24.57,15.67,28.97,0.2639,3.54,98.7,3.193,1.616,True
DH-02-182,MOIL-GM-02,283.04,1067.92,21.400793,78.984248,327.32,30.8,56.4,43.6,283.72,25.6,Medium-Grade Pyrolusite Bed,32.54,6.6,12.26,0.0613,4.33,91.7,2.126,1.296,True
DH-02-182,MOIL-GM-02,283.04,1067.92,21.400793,78.984248,327.32,56.4,73.8,65.1,262.22,17.4,Medium-Grade Pyrolusite Bed,31.58,8.45,19.4,0.078,4.29,85.9,2.314,1.5,True
DH-02-183,MOIL-GM-02,1165.52,917.75,21.399444,78.992816,342.83,0.0,17.5,8.75,334.08,17.5,Phyllite & Weathered Overburden,8.62,11.05,46.54,0.1115,2.45,92.0,2.62,2.079,True
DH-02-183,MOIL-GM-02,1165.52,917.75,21.399444,78.992816,342.83,17.5,30.7,24.1,318.73,13.2,Quartz-Muscovite Schist,6.57,8.53,60.5,0.1518,2.82,86.2,2.359,2.547,True
DH-02-183,MOIL-GM-02,1165.52,917.75,21.399444,78.992816,342.83,30.7,35.8,33.25,309.58,5.1,Banded Hematite-Manganese Quartzite,24.47,9.18,43.67,0.2041,3.62,96.8,2.362,2.207,True
DH-02-183,MOIL-GM-02,1165.52,917.75,21.399444,78.992816,342.83,35.8,60.7,48.25,294.58,24.9,Banded Hematite-Manganese Quartzite,27.72,8.73,30.97,0.2303,3.45,95.8,2.513,1.821,True
DH-02-183,MOIL-GM-02,1165.52,917.75,21.399444,78.992816,342.83,60.7,72.9,66.8,276.03,12.2,Gondite (Manganiferous Quartzite),30.49,8.96,41.97,0.1457,3.41,99.0,2.554,2.155,True
DH-02-183,MOIL-GM-02,1165.52,917.75,21.399444,78.992816,342.83,72.9,74.2,73.55,269.28,1.3,Gondite (Manganiferous Quartzite),21.95,12.32,29.37,0.1574,3.52,93.8,3.085,1.665,True
DH-02-183,MOIL-GM-02,1165.52,917.75,21.399444,78.992816,342.83,74.2,85.3,79.75,263.08,11.1,Banded Hematite-Manganese Quartzite,25.35,10.16,34.03,0.2001,3.3,99.0,2.618,1.984,True
DH-02-183,MOIL-GM-02,1165.52,917.75,21.399444,78.992816,342.83,85.3,87.7,86.5,256.33,2.4,Quartz-Muscovite Schist,8.49,4.86,62.55,0.1075,2.87,92.3,1.871,2.6,True
DH-02-184,MOIL-GM-02,364.32,-746.98,21.38449,78.985037,298.15,0.0,24.4,12.2,285.95,24.4,Phyllite & Weathered Overburden,3.27,6.71,64.16,0.1076,2.77,92.0,1.972,2.6,True
DH-02-184,MOIL-GM-02,364.32,-746.98,21.38449,78.985037,298.15,24.4,32.1,28.25,269.9,7.7,Quartz-Muscovite Schist,8.8,5.16,69.29,0.1516,2.66,96.6,1.812,2.6,True
DH-02-184,MOIL-GM-02,364.32,-746.98,21.38449,78.985037,298.15,32.1,46.7,39.4,258.75,14.6,Calc-Silicate Granulite,3.88,6.28,59.35,0.0876,2.72,88.1,1.877,2.6,True
DH-02-184,MOIL-GM-02,364.32,-746.98,21.38449,78.985037,298.15,46.7,92.3,69.5,228.65,45.6,Calc-Silicate Granulite,7.29,7.24,65.52,0.1384,2.77,86.3,2.0,2.6,True
DH-02-184,MOIL-GM-02,364.32,-746.98,21.38449,78.985037,298.15,92.3,96.7,94.5,203.65,4.4,Quartz-Muscovite Schist,3.73,5.62,55.99,0.0615,2.98,92.4,1.843,2.55,True
DH-02-185,MOIL-GM-02,-692.33,-255.75,21.388903,78.974778,298.21,0.0,7.0,3.5,294.71,7.0,Phyllite & Weathered Overburden,6.35,11.42,51.88,0.1089,2.73,92.5,2.605,2.564,True
DH-02-185,MOIL-GM-02,-692.33,-255.75,21.388903,78.974778,298.21,7.0,24.2,15.6,282.61,17.2,Phyllite & Weathered Overburden,4.18,7.14,60.35,0.1176,2.77,90.7,2.066,2.472,True
DH-02-185,MOIL-GM-02,-692.33,-255.75,21.388903,78.974778,298.21,24.2,38.7,31.45,266.76,14.5,Gondite (Manganiferous Quartzite),22.86,10.16,31.83,0.1921,3.74,96.6,2.447,1.842,True
DH-02-185,MOIL-GM-02,-692.33,-255.75,21.388903,78.974778,298.21,38.7,52.4,45.55,252.66,13.7,Gondite (Manganiferous Quartzite),22.44,11.72,45.61,0.1745,3.7,93.6,2.496,2.129,True
DH-02-185,MOIL-GM-02,-692.33,-255.75,21.388903,78.974778,298.21,52.4,74.9,63.65,234.56,22.5,Banded Hematite-Manganese Quartzite,25.35,11.23,34.11,0.1587,3.5,95.8,2.585,1.907,True
DH-02-186,MOIL-GM-02,280.17,302.16,21.393914,78.98422,309.81,0.0,57.9,28.95,280.86,57.9,High-Grade Braunite Ore,34.76,7.81,17.36,0.145,4.14,93.6,2.069,1.482,True
DH-02-186,MOIL-GM-02,280.17,302.16,21.393914,78.98422,309.81,57.9,61.5,59.7,250.11,3.6,High-Grade Braunite Ore,33.69,7.89,20.83,0.1217,4.21,92.5,2.306,1.476,True
DH-02-186,MOIL-GM-02,280.17,302.16,21.393914,78.98422,309.81,61.5,65.0,63.25,246.56,3.5,High-Grade Braunite Ore,35.99,5.11,17.13,0.1152,3.72,96.2,1.846,1.165,True
DH-02-186,MOIL-GM-02,280.17,302.16,21.393914,78.98422,309.81,65.0,82.4,73.7,236.11,17.4,Medium-Grade Pyrolusite Bed,38.61,5.58,13.16,0.0934,4.2,92.6,1.98,1.282,True
DH-02-186,MOIL-GM-02,280.17,302.16,21.393914,78.98422,309.81,82.4,95.7,89.05,220.76,13.3,Gondite (Manganiferous Quartzite),26.3,11.1,34.79,0.1351,3.22,99.0,2.503,2.074,True
DH-02-187,MOIL-GM-02,-534.3,-57.86,21.39068,78.976313,318.54,0.0,35.8,17.9,300.64,35.8,Phyllite & Weathered Overburden,3.06,6.22,47.31,0.1212,2.68,93.6,2.252,2.253,True
DH-02-187,MOIL-GM-02,-534.3,-57.86,21.39068,78.976313,318.54,35.8,49.2,42.5,276.04,13.4,Gondite (Manganiferous Quartzite),25.49,14.99,41.58,0.2486,3.51,99.0,2.986,2.251,True
DH-02-187,MOIL-GM-02,-534.3,-57.86,21.39068,78.976313,318.54,49.2,55.5,52.35,266.19,6.3,Banded Hematite-Manganese Quartzite,21.73,10.58,37.94,0.1757,3.25,90.1,2.444,1.948,True
DH-02-187,MOIL-GM-02,-534.3,-57.86,21.39068,78.976313,318.54,55.5,72.1,63.8,254.74,16.6,Gondite (Manganiferous Quartzite),21.7,13.72,38.06,0.3154,3.35,91.1,3.032,1.878,True
DH-02-187,MOIL-GM-02,-534.3,-57.86,21.39068,78.976313,318.54,72.1,86.8,79.45,239.09,14.7,Gondite (Manganiferous Quartzite),25.58,8.56,26.1,0.1322,3.72,92.9,2.228,1.664,True
DH-02-187,MOIL-GM-02,-534.3,-57.86,21.39068,78.976313,318.54,86.8,92.7,89.75,228.79,5.9,Quartz-Muscovite Schist,6.81,4.73,58.83,0.1435,3.0,91.5,1.99,2.338,True
DH-02-188,MOIL-GM-02,-38.73,-675.78,21.385129,78.981124,325.15,0.0,5.8,2.9,322.25,5.8,Phyllite & Weathered Overburden,7.34,10.22,50.65,0.1202,2.7,89.7,2.493,2.216,True
DH-02-188,MOIL-GM-02,-38.73,-675.78,21.385129,78.981124,325.15,5.8,32.8,19.3,305.85,27.0,Gondite (Manganiferous Quartzite),29.98,13.12,28.98,0.2566,3.43,98.8,3.071,1.788,True
DH-02-188,MOIL-GM-02,-38.73,-675.78,21.385129,78.981124,325.15,32.8,37.5,35.15,290.0,4.7,Gondite (Manganiferous Quartzite),26.0,9.21,44.23,0.3072,3.28,91.6,2.361,1.993,True
DH-02-188,MOIL-GM-02,-38.73,-675.78,21.385129,78.981124,325.15,37.5,83.9,60.7,264.45,46.4,High-Grade Braunite Ore,33.75,8.89,12.17,0.1876,4.0,89.7,2.376,1.155,True
DH-02-188,MOIL-GM-02,-38.73,-675.78,21.385129,78.981124,325.15,83.9,111.4,97.65,227.5,27.5,Calc-Silicate Granulite,8.45,6.85,52.69,0.0647,2.68,92.5,2.187,2.505,True
DH-02-189,MOIL-GM-02,-996.78,968.99,21.399905,78.971823,340.36,0.0,15.3,7.65,332.71,15.3,Phyllite & Weathered Overburden,5.92,9.79,67.17,0.1424,2.63,89.7,2.323,2.6,True
DH-02-189,MOIL-GM-02,-996.78,968.99,21.399905,78.971823,340.36,15.3,27.7,21.5,318.86,12.4,Quartz-Muscovite Schist,5.35,6.82,61.36,0.0623,2.78,95.2,2.12,2.6,True
DH-02-189,MOIL-GM-02,-996.78,968.99,21.399905,78.971823,340.36,28.1,41.5,34.8,305.56,13.4,Quartz-Muscovite Schist,8.55,7.69,64.68,0.1168,2.8,97.3,2.288,2.6,True
DH-02-189,MOIL-GM-02,-996.78,968.99,21.399905,78.971823,340.36,41.5,49.6,45.55,294.81,8.1,Quartz-Muscovite Schist,6.05,4.94,71.44,0.0836,2.77,99.0,1.87,2.6,True
DH-02-189,MOIL-GM-02,-996.78,968.99,21.399905,78.971823,340.36,49.6,93.1,71.35,269.01,43.5,Quartz-Muscovite Schist,5.1,4.36,54.36,0.1452,2.9,90.2,1.949,2.409,True
DH-02-189,MOIL-GM-02,-996.78,968.99,21.399905,78.971823,340.36,93.1,126.8,109.95,230.41,33.7,Calc-Silicate Granulite,8.09,3.0,50.4,0.1006,2.93,93.1,1.48,2.517,True
DH-02-190,MOIL-GM-02,1144.64,-810.1,21.383923,78.992613,325.03,0.0,50.0,25.0,300.03,50.0,Phyllite & Weathered Overburden,5.04,8.91,46.34,0.1166,2.42,94.2,2.605,2.268,True
DH-02-190,MOIL-GM-02,1144.64,-810.1,21.383923,78.992613,325.03,50.0,70.1,60.05,264.98,20.1,Calc-Silicate Granulite,4.9,6.37,63.13,0.0874,2.89,94.4,1.954,2.6,True
DH-02-190,MOIL-GM-02,1144.64,-810.1,21.383923,78.992613,325.03,70.1,85.7,77.9,247.13,15.6,Calc-Silicate Granulite,7.29,4.01,63.45,0.1713,2.73,90.6,1.293,2.6,True
DH-02-190,MOIL-GM-02,1144.64,-810.1,21.383923,78.992613,325.03,85.7,99.1,92.4,232.63,13.4,Quartz-Muscovite Schist,3.32,5.61,59.19,0.0891,2.91,88.9,1.875,2.6,True
DH-02-190,MOIL-GM-02,1144.64,-810.1,21.383923,78.992613,325.03,99.1,104.0,101.55,223.48,4.9,Quartz-Muscovite Schist,7.5,6.19,53.29,0.1085,2.76,87.7,1.849,2.426,True
DH-02-191,MOIL-GM-02,-659.86,-214.13,21.389276,78.975094,338.84,0.0,12.7,6.35,332.49,12.7,Phyllite & Weathered Overburden,8.52,11.81,62.97,0.0554,2.74,98.4,2.905,2.6,True
DH-02-191,MOIL-GM-02,-659.86,-214.13,21.389276,78.975094,338.84,12.7,31.5,22.1,316.74,18.8,Phyllite & Weathered Overburden,4.98,5.43,57.81,0.0588,2.79,98.5,1.897,2.6,True
DH-02-191,MOIL-GM-02,-659.86,-214.13,21.389276,78.975094,338.84,31.5,36.6,34.05,304.79,5.1,Gondite (Manganiferous Quartzite),26.12,10.42,31.81,0.2203,3.68,92.8,2.479,1.78,True
DH-02-191,MOIL-GM-02,-659.86,-214.13,21.389276,78.975094,338.84,36.6,61.1,48.85,289.99,24.5,Banded Hematite-Manganese Quartzite,19.3,12.49,34.46,0.263,3.47,83.2,2.724,1.708,True
DH-02-191,MOIL-GM-02,-659.86,-214.13,21.389276,78.975094,338.84,61.1,70.6,65.85,272.99,9.5,Gondite (Manganiferous Quartzite),23.14,10.67,32.79,0.1593,3.67,93.9,2.615,1.807,True
DH-02-191,MOIL-GM-02,-659.86,-214.13,21.389276,78.975094,338.84,70.6,91.9,81.25,257.59,21.3,Gondite (Manganiferous Quartzite),22.24,12.59,31.73,0.2005,3.62,89.6,2.979,1.871,True
DH-02-191,MOIL-GM-02,-659.86,-214.13,21.389276,78.975094,338.84,91.9,108.0,99.95,238.89,16.1,Quartz-Muscovite Schist,7.09,9.59,64.99,0.1339,2.93,84.8,2.375,2.6,True
DH-02-192,MOIL-GM-02,-1171.55,-899.28,21.383122,78.970126,311.25,0.0,38.0,19.0,292.25,38.0,Phyllite & Weathered Overburden,5.91,5.4,48.91,0.0714,2.51,96.5,2.121,2.216,True
DH-02-192,MOIL-GM-02,-1171.55,-899.28,21.383122,78.970126,311.25,38.0,59.9,48.95,262.3,21.9,Banded Hematite-Manganese Quartzite,24.86,9.73,45.34,0.1371,3.44,88.8,2.468,2.301,True
DH-02-192,MOIL-GM-02,-1171.55,-899.28,21.383122,78.970126,311.25,59.9,73.8,66.85,244.4,13.9,Gondite (Manganiferous Quartzite),30.65,15.15,32.88,0.3196,3.2,84.5,2.841,1.797,True
DH-02-192,MOIL-GM-02,-1171.55,-899.28,21.383122,78.970126,311.25,73.8,80.5,77.15,234.1,6.7,Gondite (Manganiferous Quartzite),26.12,9.9,36.58,0.3052,3.65,88.0,2.39,1.96,True
DH-02-192,MOIL-GM-02,-1171.55,-899.28,21.383122,78.970126,311.25,80.5,91.7,86.1,225.15,11.2,Quartz-Muscovite Schist,2.48,9.45,57.57,0.1681,3.03,91.0,2.468,2.543,True
DH-02-192,MOIL-GM-02,-1171.55,-899.28,21.383122,78.970126,311.25,91.7,112.1,101.9,209.35,20.4,Calc-Silicate Granulite,11.04,6.63,51.65,0.0643,2.8,90.3,2.053,2.412,True
DH-02-193,MOIL-GM-02,-1096.29,1138.36,21.401426,78.970856,295.86,0.0,29.9,14.95,280.91,29.9,Phyllite & Weathered Overburden,8.96,10.15,49.96,0.1331,2.57,91.3,2.608,2.322,True
DH-02-193,MOIL-GM-02,-1096.29,1138.36,21.401426,78.970856,295.86,29.9,36.5,33.2,262.66,6.6,Quartz-Muscovite Schist,11.58,4.93,55.42,0.1233,2.97,85.4,1.875,2.6,True
DH-02-193,MOIL-GM-02,-1096.29,1138.36,21.401426,78.970856,295.86,36.5,95.3,65.9,229.96,58.8,Quartz-Muscovite Schist,4.18,9.19,52.48,0.1384,2.75,90.8,2.45,2.21,True
DH-02-193,MOIL-GM-02,-1096.29,1138.36,21.401426,78.970856,295.86,95.3,126.4,110.85,185.01,31.1,Quartz-Muscovite Schist,4.23,8.27,58.05,0.1444,2.83,91.7,2.524,2.6,True
DH-02-193,MOIL-GM-02,-1096.29,1138.36,21.401426,78.970856,295.86,126.4,135.2,130.8,165.06,8.8,Calc-Silicate Granulite,11.07,4.22,68.36,0.0695,2.91,95.6,1.76,2.6,True
DH-02-193,MOIL-GM-02,-1096.29,1138.36,21.401426,78.970856,295.86,135.2,154.2,144.7,151.16,19.0,Calc-Silicate Granulite,5.4,7.94,58.47,0.082,2.88,94.4,2.014,2.541,True
DH-02-194,MOIL-GM-02,1139.21,-640.57,21.385446,78.99256,333.66,0.0,10.8,5.4,328.26,10.8,Phyllite & Weathered Overburden,8.65,9.38,63.79,0.1119,2.74,92.4,2.253,2.6,True
DH-02-194,MOIL-GM-02,1139.21,-640.57,21.385446,78.99256,333.66,10.8,24.1,17.45,316.21,13.3,Phyllite & Weathered Overburden,3.19,8.39,61.14,0.065,2.4,87.9,2.278,2.6,True
DH-02-194,MOIL-GM-02,1139.21,-640.57,21.385446,78.99256,333.66,24.1,32.5,28.3,305.36,8.4,Calc-Silicate Granulite,5.24,4.19,52.34,0.1679,3.05,82.0,1.967,2.35,True
DH-02-194,MOIL-GM-02,1139.21,-640.57,21.385446,78.99256,333.66,32.5,40.2,36.35,297.31,7.7,Calc-Silicate Granulite,4.66,4.41,67.03,0.1426,2.9,92.7,1.868,2.6,True
DH-02-194,MOIL-GM-02,1139.21,-640.57,21.385446,78.99256,333.66,40.2,51.4,45.8,287.86,11.2,Calc-Silicate Granulite,6.08,7.07,61.49,0.093,2.87,92.6,1.855,2.6,True
DH-02-194,MOIL-GM-02,1139.21,-640.57,21.385446,78.99256,333.66,51.4,54.5,52.95,280.71,3.1,Calc-Silicate Granulite,7.29,3.73,50.49,0.0723,2.88,86.9,1.525,2.407,True
DH-02-194,MOIL-GM-02,1139.21,-640.57,21.385446,78.99256,333.66,54.5,59.6,57.05,276.61,5.1,Quartz-Muscovite Schist,5.83,7.58,71.89,0.1719,2.65,90.9,2.228,2.6,True
DH-02-195,MOIL-GM-02,-930.55,544.18,21.396088,78.972466,342.22,0.0,9.7,4.85,337.37,9.7,Phyllite & Weathered Overburden,2.72,8.29,57.2,0.069,2.66,88.3,2.079,2.6,True
DH-02-195,MOIL-GM-02,-930.55,544.18,21.396088,78.972466,342.22,9.7,35.2,22.45,319.77,25.5,Phyllite & Weathered Overburden,5.81,10.63,57.35,0.1399,2.42,99.0,2.627,2.6,True
DH-02-195,MOIL-GM-02,-930.55,544.18,21.396088,78.972466,342.22,35.2,50.9,43.05,299.17,15.7,Quartz-Muscovite Schist,10.25,8.08,67.39,0.0875,2.8,96.6,2.343,2.6,True
DH-02-195,MOIL-GM-02,-930.55,544.18,21.396088,78.972466,342.22,50.9,78.8,64.85,277.37,27.9,Quartz-Muscovite Schist,11.26,5.35,51.48,0.1048,2.81,93.3,1.586,2.367,True
DH-02-195,MOIL-GM-02,-930.55,544.18,21.396088,78.972466,342.22,78.8,95.7,87.25,254.97,16.9,Quartz-Muscovite Schist,5.34,5.78,68.07,0.0605,2.78,87.6,1.807,2.6,True
DH-02-195,MOIL-GM-02,-930.55,544.18,21.396088,78.972466,342.22,95.7,108.3,102.0,240.22,12.6,Quartz-Muscovite Schist,6.76,4.62,61.92,0.0786,2.91,89.9,1.805,2.6,True
DH-02-195,MOIL-GM-02,-930.55,544.18,21.396088,78.972466,342.22,108.3,117.2,112.75,229.47,8.9,Quartz-Muscovite Schist,2.33,6.4,54.61,0.0759,3.03,89.7,2.118,2.565,True
DH-02-196,MOIL-GM-02,890.0,-1185.89,21.380547,78.990141,314.4,0.0,2.0,1.0,313.4,2.0,Phyllite & Weathered Overburden,6.73,11.53,50.45,0.1163,2.79,96.7,2.593,2.447,True
DH-02-196,MOIL-GM-02,890.0,-1185.89,21.380547,78.990141,314.4,2.0,3.8,2.9,311.5,1.8,Phyllite & Weathered Overburden,6.72,7.35,48.9,0.1039,2.59,85.7,2.055,2.465,True
DH-02-196,MOIL-GM-02,890.0,-1185.89,21.380547,78.990141,314.4,3.8,8.8,6.3,308.1,5.0,Phyllite & Weathered Overburden,3.48,6.86,47.18,0.0782,2.41,88.3,1.909,2.307,True
DH-02-196,MOIL-GM-02,890.0,-1185.89,21.380547,78.990141,314.4,8.8,21.8,15.3,299.1,13.0,Phyllite & Weathered Overburden,4.28,9.68,61.49,0.1039,2.78,93.8,2.335,2.561,True
DH-02-196,MOIL-GM-02,890.0,-1185.89,21.380547,78.990141,314.4,21.8,34.8,28.3,286.1,13.0,Quartz-Muscovite Schist,4.83,6.78,65.2,0.1048,2.99,95.1,1.871,2.6,True
DH-02-196,MOIL-GM-02,890.0,-1185.89,21.380547,78.990141,314.4,34.8,57.7,46.25,268.15,22.9,Quartz-Muscovite Schist,11.55,9.15,58.9,0.0879,2.74,86.6,2.193,2.591,True
DH-02-196,MOIL-GM-02,890.0,-1185.89,21.380547,78.990141,314.4,57.7,66.6,62.15,252.25,8.9,Quartz-Muscovite Schist,9.14,5.45,52.04,0.1172,2.74,92.7,1.778,2.512,True
DH-02-196,MOIL-GM-02,890.0,-1185.89,21.380547,78.990141,314.4,66.6,80.5,73.55,240.85,13.9,Quartz-Muscovite Schist,8.15,6.79,70.4,0.1711,2.86,94.5,1.99,2.6,True
DH-02-197,MOIL-GM-02,0.22,-952.08,21.382647,78.981502,304.88,0.0,28.8,14.4,290.48,28.8,Phyllite & Weathered Overburden,8.49,7.43,52.57,0.1029,2.5,94.3,1.959,2.504,True
DH-02-197,MOIL-GM-02,0.22,-952.08,21.382647,78.981502,304.88,28.8,69.2,49.0,255.88,40.4,Gondite (Manganiferous Quartzite),26.83,13.22,25.89,0.1567,3.69,88.8,2.817,1.69,True
DH-02-197,MOIL-GM-02,0.22,-952.08,21.382647,78.981502,304.88,69.2,70.2,69.7,235.18,1.0,Banded Hematite-Manganese Quartzite,28.53,15.87,43.95,0.231,3.36,86.2,2.975,2.103,True
DH-02-197,MOIL-GM-02,0.22,-952.08,21.382647,78.981502,304.88,70.2,75.2,72.7,232.18,5.0,Gondite (Manganiferous Quartzite),23.81,15.47,44.65,0.1405,3.27,94.1,2.967,2.248,True
DH-02-197,MOIL-GM-02,0.22,-952.08,21.382647,78.981502,304.88,75.2,102.8,89.0,215.88,27.6,Calc-Silicate Granulite,6.53,5.84,69.21,0.0542,3.01,96.1,2.132,2.6,True
DH-02-198,MOIL-GM-02,-1193.74,307.77,21.393965,78.96991,324.42,0.0,1.9,0.95,323.47,1.9,Phyllite & Weathered Overburden,8.79,9.44,62.57,0.0492,2.46,82.8,2.308,2.6,True
DH-02-198,MOIL-GM-02,-1193.74,307.77,21.393965,78.96991,324.42,1.9,50.0,25.95,298.47,48.1,Phyllite & Weathered Overburden,6.25,6.3,59.42,0.0591,2.43,88.4,1.909,2.484,True
DH-02-198,MOIL-GM-02,-1193.74,307.77,21.393965,78.96991,324.42,50.0,61.9,55.95,268.47,11.9,Quartz-Muscovite Schist,2.08,4.24,62.07,0.1125,2.67,83.4,1.548,2.6,True
DH-02-198,MOIL-GM-02,-1193.74,307.77,21.393965,78.96991,324.42,61.9,67.6,64.75,259.67,5.7,Quartz-Muscovite Schist,8.31,9.18,54.05,0.1592,2.7,91.6,2.315,2.364,True
DH-02-198,MOIL-GM-02,-1193.74,307.77,21.393965,78.96991,324.42,67.6,98.1,82.85,241.57,30.5,Quartz-Muscovite Schist,10.73,8.28,70.54,0.0786,2.98,89.1,2.35,2.6,True
DH-02-198,MOIL-GM-02,-1193.74,307.77,21.393965,78.96991,324.42,98.1,109.1,103.6,220.82,11.0,Quartz-Muscovite Schist,4.26,5.3,52.37,0.1716,2.77,94.3,2.032,2.155,True
DH-02-199,MOIL-GM-02,1103.83,-395.88,21.387644,78.992217,333.93,0.0,29.8,14.9,319.03,29.8,Phyllite & Weathered Overburden,2.06,10.31,59.4,0.13,2.58,99.0,2.573,2.6,True
DH-02-199,MOIL-GM-02,1103.83,-395.88,21.387644,78.992217,333.93,29.8,54.3,42.05,291.88,24.5,Calc-Silicate Granulite,8.9,6.8,61.57,0.088,2.89,97.8,2.032,2.571,True
DH-02-199,MOIL-GM-02,1103.83,-395.88,21.387644,78.992217,333.93,54.3,56.8,55.55,278.38,2.5,Quartz-Muscovite Schist,3.69,6.12,51.14,0.089,2.86,85.1,1.736,2.211,True
DH-02-199,MOIL-GM-02,1103.83,-395.88,21.387644,78.992217,333.93,56.8,105.1,80.95,252.98,48.3,Quartz-Muscovite Schist,7.51,4.34,67.46,0.0545,3.04,97.3,1.745,2.6,True
DH-02-199,MOIL-GM-02,1103.83,-395.88,21.387644,78.992217,333.93,105.1,144.1,124.6,209.33,39.0,Calc-Silicate Granulite,3.76,4.96,55.3,0.1147,3.03,95.8,2.113,2.412,True
DH-02-200,MOIL-GM-02,-1118.83,-229.61,21.389137,78.970638,334.24,0.0,7.8,3.9,330.34,7.8,Phyllite & Weathered Overburden,8.51,8.86,63.32,0.0766,2.64,92.0,2.366,2.6,True
DH-02-200,MOIL-GM-02,-1118.83,-229.61,21.389137,78.970638,334.24,7.8,16.9,12.35,321.89,9.1,Phyllite & Weathered Overburden,7.23,10.11,46.07,0.1005,2.59,89.0,2.445,2.238,True
DH-02-200,MOIL-GM-02,-1118.83,-229.61,21.389137,78.970638,334.24,16.9,22.9,19.9,314.34,6.0,Calc-Silicate Granulite,2.86,9.0,62.28,0.162,2.98,83.2,2.09,2.6,True
DH-02-200,MOIL-GM-02,-1118.83,-229.61,21.389137,78.970638,334.24,22.9,31.6,27.25,306.99,8.7,Calc-Silicate Granulite,11.11,5.83,58.66,0.0894,2.83,94.4,1.825,2.439,True
DH-02-200,MOIL-GM-02,-1118.83,-229.61,21.389137,78.970638,334.24,31.6,91.7,61.65,272.59,60.1,Quartz-Muscovite Schist,6.42,9.12,51.16,0.1656,2.74,99.0,2.405,2.443,True
DH-02-200,MOIL-GM-02,-1118.83,-229.61,21.389137,78.970638,334.24,91.7,99.0,95.35,238.89,7.3,Quartz-Muscovite Schist,10.52,3.71,57.63,0.12,2.97,85.8,1.758,2.488,True
DH-02-200,MOIL-GM-02,-1118.83,-229.61,21.389137,78.970638,334.24,99.0,139.6,119.3,214.94,40.6,Quartz-Muscovite Schist,2.45,6.6,51.41,0.0963,2.89,98.2,1.965,2.157,True
DH-02-201,MOIL-GM-02,-170.28,-655.75,21.385309,78.979847,317.79,0.0,44.2,22.1,295.69,44.2,Gondite (Manganiferous Quartzite),19.3,15.96,34.21,0.2477,3.69,91.6,3.412,1.837,True
DH-02-201,MOIL-GM-02,-170.28,-655.75,21.385309,78.979847,317.79,44.2,61.3,52.75,265.04,17.1,High-Grade Braunite Ore,37.03,9.03,11.92,0.0646,4.29,83.8,2.376,1.173,True
DH-02-201,MOIL-GM-02,-170.28,-655.75,21.385309,78.979847,317.79,61.3,94.8,78.05,239.74,33.5,Medium-Grade Pyrolusite Bed,40.5,7.7,16.84,0.0781,4.29,93.0,2.258,1.303,True
DH-02-201,MOIL-GM-02,-170.28,-655.75,21.385309,78.979847,317.79,94.8,101.2,98.0,219.79,6.4,Banded Hematite-Manganese Quartzite,22.02,15.09,31.86,0.2692,3.74,88.5,3.23,1.673,True
DH-02-201,MOIL-GM-02,-170.28,-655.75,21.385309,78.979847,317.79,101.5,111.2,106.35,211.44,9.7,Calc-Silicate Granulite,2.98,8.97,62.95,0.1636,2.97,99.0,2.473,2.6,True
DH-02-201,MOIL-GM-02,-170.28,-655.75,21.385309,78.979847,317.79,111.2,154.9,133.05,184.74,43.7,Calc-Silicate Granulite,11.33,9.32,61.95,0.1251,2.93,88.4,2.059,2.584,True
DH-02-202,MOIL-GM-02,417.66,-949.39,21.382672,78.985555,317.7,0.0,46.8,23.4,294.3,46.8,Phyllite & Weathered Overburden,3.69,5.01,57.88,0.105,2.79,88.3,1.639,2.391,True
DH-02-202,MOIL-GM-02,417.66,-949.39,21.382672,78.985555,317.7,46.8,54.2,50.5,267.2,7.4,Quartz-Muscovite Schist,8.72,6.3,69.28,0.1077,2.76,89.5,2.108,2.6,True
DH-02-202,MOIL-GM-02,417.66,-949.39,21.382672,78.985555,317.7,54.2,63.9,59.05,258.65,9.7,Quartz-Muscovite Schist,7.36,5.61,69.55,0.1089,2.78,89.2,1.908,2.6,True
DH-02-202,MOIL-GM-02,417.66,-949.39,21.382672,78.985555,317.7,63.9,67.0,65.45,252.25,3.1,Quartz-Muscovite Schist,11.83,5.04,67.48,0.1138,2.67,94.5,1.906,2.6,True
DH-02-202,MOIL-GM-02,417.66,-949.39,21.382672,78.985555,317.7,67.1,71.0,69.05,248.65,3.9,Quartz-Muscovite Schist,2.4,9.63,56.42,0.0794,2.7,92.0,2.418,2.532,True
DH-02-202,MOIL-GM-02,417.66,-949.39,21.382672,78.985555,317.7,71.0,74.9,72.95,244.75,3.9,Quartz-Muscovite Schist,2.66,6.92,55.43,0.177,2.97,90.6,2.321,2.372,True
DH-02-202,MOIL-GM-02,417.66,-949.39,21.382672,78.985555,317.7,74.9,104.2,89.55,228.15,29.3,Quartz-Muscovite Schist,2.78,4.33,54.65,0.1224,2.96,99.0,1.657,2.436,True
DH-02-203,MOIL-GM-02,-668.01,-672.18,21.385162,78.975014,342.36,0.0,15.4,7.7,334.66,15.4,Phyllite & Weathered Overburden,3.75,6.44,48.13,0.0867,2.45,90.7,1.97,2.164,True
DH-02-203,MOIL-GM-02,-668.01,-672.18,21.385162,78.975014,342.36,15.4,34.0,24.7,317.66,18.6,Gondite (Manganiferous Quartzite),28.21,12.4,40.64,0.3077,3.55,96.0,2.633,1.853,True
DH-02-203,MOIL-GM-02,-668.01,-672.18,21.385162,78.975014,342.36,34.0,86.5,60.25,282.11,52.5,High-Grade Braunite Ore,29.92,8.32,13.82,0.0833,4.32,90.3,2.441,1.293,True
DH-02-203,MOIL-GM-02,-668.01,-672.18,21.385162,78.975014,342.36,86.5,97.8,92.15,250.21,11.3,Banded Hematite-Manganese Quartzite,29.19,11.91,25.62,0.2616,3.41,92.4,2.539,1.729,True
DH-02-203,MOIL-GM-02,-668.01,-672.18,21.385162,78.975014,342.36,97.8,111.7,104.75,237.61,13.9,Calc-Silicate Granulite,4.02,4.84,57.44,0.064,2.93,97.0,1.7,2.46,True
DH-02-203,MOIL-GM-02,-668.01,-672.18,21.385162,78.975014,342.36,111.7,143.4,127.55,214.81,31.7,Quartz-Muscovite Schist,10.1,8.49,70.45,0.1484,2.67,94.3,2.148,2.6,True
DH-02-203,MOIL-GM-02,-668.01,-672.18,21.385162,78.975014,342.36,143.4,155.0,149.2,193.16,11.6,Calc-Silicate Granulite,9.33,9.84,63.09,0.1606,2.65,96.4,2.445,2.6,True
DH-02-204,MOIL-GM-02,-475.24,-163.08,21.389735,78.976886,321.4,0.7,14.0,7.35,314.05,13.3,Phyllite & Weathered Overburden,6.57,5.85,49.04,0.0672,2.79,83.9,1.893,2.456,True
DH-02-204,MOIL-GM-02,-475.24,-163.08,21.389735,78.976886,321.4,14.0,20.3,17.15,304.25,6.3,Banded Hematite-Manganese Quartzite,24.38,8.59,25.8,0.2137,3.42,94.0,2.336,1.557,True
DH-02-204,MOIL-GM-02,-475.24,-163.08,21.389735,78.976886,321.4,20.7,25.0,22.85,298.55,4.3,Gondite (Manganiferous Quartzite),24.03,13.9,27.95,0.2224,3.35,86.1,2.953,1.673,True
DH-02-204,MOIL-GM-02,-475.24,-163.08,21.389735,78.976886,321.4,25.0,39.1,32.05,289.35,14.1,Banded Hematite-Manganese Quartzite,27.09,11.65,37.22,0.1493,3.28,90.6,2.693,1.968,True
DH-02-204,MOIL-GM-02,-475.24,-163.08,21.389735,78.976886,321.4,39.1,47.1,43.1,278.3,8.0,Gondite (Manganiferous Quartzite),18.94,15.01,37.06,0.2017,3.37,86.5,2.997,1.854,True
DH-02-204,MOIL-GM-02,-475.24,-163.08,21.389735,78.976886,321.4,47.1,80.0,63.55,257.85,32.9,High-Grade Braunite Ore,39.41,8.49,13.09,0.1589,4.0,97.1,2.443,1.205,True
DH-02-205,MOIL-GM-02,343.63,917.31,21.39944,78.984836,315.11,0.0,15.1,7.55,307.56,15.1,Banded Hematite-Manganese Quartzite,24.59,13.32,43.08,0.2623,3.28,91.8,2.783,2.126,True
DH-02-205,MOIL-GM-02,343.63,917.31,21.39944,78.984836,315.11,15.1,16.1,15.6,299.51,1.0,Banded Hematite-Manganese Quartzite,26.88,13.79,45.59,0.2721,3.23,88.0,2.874,2.062,True
DH-02-205,MOIL-GM-02,343.63,917.31,21.39944,78.984836,315.11,16.1,23.7,19.9,295.21,7.6,Banded Hematite-Manganese Quartzite,20.08,8.78,36.98,0.2641,3.59,99.0,2.483,1.685,True
DH-02-205,MOIL-GM-02,343.63,917.31,21.39944,78.984836,315.11,23.7,52.0,37.85,277.26,28.3,Medium-Grade Pyrolusite Bed,36.78,8.05,16.99,0.0917,3.73,88.2,2.215,1.287,True
DH-02-205,MOIL-GM-02,343.63,917.31,21.39944,78.984836,315.11,52.0,57.3,54.65,260.46,5.3,High-Grade Braunite Ore,40.32,9.17,12.56,0.0766,3.92,94.3,2.452,1.396,True
DH-02-206,MOIL-GM-02,563.99,-1051.53,21.381754,78.986976,332.23,0.0,3.7,1.85,330.38,3.7,Phyllite & Weathered Overburden,7.34,8.01,64.82,0.0566,2.51,91.6,2.188,2.6,True
DH-02-206,MOIL-GM-02,563.99,-1051.53,21.381754,78.986976,332.23,3.7,9.7,6.7,325.53,6.0,Phyllite & Weathered Overburden,3.67,11.42,46.8,0.087,2.61,99.0,2.559,2.26,True
DH-02-206,MOIL-GM-02,563.99,-1051.53,21.381754,78.986976,332.23,9.7,32.4,21.05,311.18,22.7,Phyllite & Weathered Overburden,4.46,6.91,58.28,0.1427,2.41,96.6,1.894,2.6,True
DH-02-206,MOIL-GM-02,563.99,-1051.53,21.381754,78.986976,332.23,32.4,35.7,34.05,298.18,3.3,Quartz-Muscovite Schist,11.27,8.34,61.45,0.0766,2.87,89.0,2.297,2.6,True
DH-02-206,MOIL-GM-02,563.99,-1051.53,21.381754,78.986976,332.23,35.7,47.1,41.4,290.83,11.4,Quartz-Muscovite Schist,4.99,3.06,54.4,0.0647,2.99,87.1,1.669,2.367,True
DH-02-206,MOIL-GM-02,563.99,-1051.53,21.381754,78.986976,332.23,47.1,51.6,49.35,282.88,4.5,Quartz-Muscovite Schist,5.48,3.07,56.24,0.0655,2.69,89.5,1.608,2.433,True
DH-02-206,MOIL-GM-02,563.99,-1051.53,21.381754,78.986976,332.23,51.6,52.6,52.1,280.13,1.0,Quartz-Muscovite Schist,5.96,9.41,60.95,0.1018,2.95,99.0,2.206,2.6,True
DH-02-207,MOIL-GM-02,697.0,999.05,21.400175,78.988267,314.42,0.0,85.2,42.6,271.82,85.2,High-Grade Braunite Ore,33.65,7.37,16.92,0.2124,3.99,99.0,2.076,1.452,True
DH-02-207,MOIL-GM-02,697.0,999.05,21.400175,78.988267,314.42,85.2,92.5,88.85,225.57,7.3,Banded Hematite-Manganese Quartzite,25.7,12.32,36.36,0.2227,3.29,78.4,3.087,1.859,True
DH-02-207,MOIL-GM-02,697.0,999.05,21.400175,78.988267,314.42,92.5,107.7,100.1,214.32,15.2,Banded Hematite-Manganese Quartzite,20.48,10.57,34.64,0.2388,3.67,84.0,2.14,1.676,True
DH-02-207,MOIL-GM-02,697.0,999.05,21.400175,78.988267,314.42,107.7,113.4,110.55,203.87,5.7,Quartz-Muscovite Schist,10.25,8.62,52.2,0.1714,2.69,86.2,2.492,2.503,True
DH-02-207,MOIL-GM-02,697.0,999.05,21.400175,78.988267,314.42,113.4,115.6,114.5,199.92,2.2,Quartz-Muscovite Schist,7.26,4.4,50.45,0.1231,2.84,94.1,1.882,2.249,True
DH-02-208,MOIL-GM-02,818.22,-849.07,21.383573,78.989444,339.57,0.0,20.9,10.45,329.12,20.9,Phyllite & Weathered Overburden,5.82,6.26,52.99,0.1424,2.46,90.2,2.165,2.588,True
DH-02-208,MOIL-GM-02,818.22,-849.07,21.383573,78.989444,339.57,20.9,32.3,26.6,312.97,11.4,Quartz-Muscovite Schist,3.47,8.6,71.39,0.0779,2.72,90.5,2.16,2.6,True
DH-02-208,MOIL-GM-02,818.22,-849.07,21.383573,78.989444,339.57,32.3,75.1,53.7,285.87,42.8,Calc-Silicate Granulite,1.71,6.79,71.05,0.1009,2.82,93.6,2.122,2.6,True
DH-02-208,MOIL-GM-02,818.22,-849.07,21.383573,78.989444,339.57,75.1,79.4,77.25,262.32,4.3,Quartz-Muscovite Schist,4.55,5.12,67.23,0.0886,2.88,89.1,1.934,2.6,True
DH-02-208,MOIL-GM-02,818.22,-849.07,21.383573,78.989444,339.57,79.4,87.5,83.45,256.12,8.1,Calc-Silicate Granulite,10.21,7.22,54.11,0.1205,2.76,92.3,1.933,2.311,True
DH-02-208,MOIL-GM-02,818.22,-849.07,21.383573,78.989444,339.57,87.5,95.9,91.7,247.87,8.4,Quartz-Muscovite Schist,8.28,5.49,64.82,0.1448,2.93,88.0,1.861,2.6,True
DH-02-208,MOIL-GM-02,818.22,-849.07,21.383573,78.989444,339.57,95.9,99.4,97.65,241.92,3.5,Calc-Silicate Granulite,1.8,5.9,59.54,0.1107,2.93,92.8,1.772,2.487,True
DH-02-209,MOIL-GM-02,162.78,-361.38,21.387954,78.98308,330.26,0.0,6.6,3.3,326.96,6.6,Phyllite & Weathered Overburden,8.49,5.07,50.69,0.0514,2.71,89.6,1.774,2.439,True
DH-02-209,MOIL-GM-02,162.78,-361.38,21.387954,78.98308,330.26,6.6,50.8,28.7,301.56,44.2,Gondite (Manganiferous Quartzite),26.68,13.33,41.1,0.2548,3.41,94.1,2.965,2.105,True
DH-02-209,MOIL-GM-02,162.78,-361.38,21.387954,78.98308,330.26,50.8,55.7,53.25,277.01,4.9,Medium-Grade Pyrolusite Bed,35.65,6.25,11.59,0.0803,4.23,91.8,1.991,1.116,True
DH-02-209,MOIL-GM-02,162.78,-361.38,21.387954,78.98308,330.26,55.7,56.8,56.25,274.01,1.1,High-Grade Braunite Ore,36.67,8.26,19.51,0.0973,4.3,99.0,2.231,1.348,True
DH-02-209,MOIL-GM-02,162.78,-361.38,21.387954,78.98308,330.26,56.8,64.4,60.6,269.66,7.6,Medium-Grade Pyrolusite Bed,35.01,7.72,17.4,0.0974,4.05,93.8,2.088,1.357,True
DH-02-209,MOIL-GM-02,162.78,-361.38,21.387954,78.98308,330.26,64.4,106.2,85.3,244.96,41.8,Banded Hematite-Manganese Quartzite,22.62,10.05,31.13,0.2008,3.59,96.8,2.465,1.795,True
DH-02-209,MOIL-GM-02,162.78,-361.38,21.387954,78.98308,330.26,106.2,109.1,107.65,222.61,2.9,Calc-Silicate Granulite,7.43,7.4,68.87,0.1216,2.81,99.0,2.256,2.6,True
DH-02-210,MOIL-GM-02,451.6,491.49,21.395615,78.985884,311.05,0.0,23.2,11.6,299.45,23.2,Gondite (Manganiferous Quartzite),20.28,14.45,45.43,0.2903,3.44,93.1,3.134,2.163,True
DH-02-210,MOIL-GM-02,451.6,491.49,21.395615,78.985884,311.05,23.2,30.8,27.0,284.05,7.6,Medium-Grade Pyrolusite Bed,34.62,9.48,11.17,0.1969,4.01,94.2,2.615,1.261,True
DH-02-210,MOIL-GM-02,451.6,491.49,21.395615,78.985884,311.05,30.8,101.4,66.1,244.95,70.6,High-Grade Braunite Ore,36.95,5.26,10.98,0.1291,4.24,91.5,1.843,1.342,True
DH-02-210,MOIL-GM-02,451.6,491.49,21.395615,78.985884,311.05,101.4,105.2,103.3,207.75,3.8,Quartz-Muscovite Schist,3.7,9.64,51.34,0.1668,2.77,89.7,1.996,2.367,True
DH-02-210,MOIL-GM-02,451.6,491.49,21.395615,78.985884,311.05,105.2,106.4,105.8,205.25,1.2,Calc-Silicate Granulite,3.64,4.31,60.76,0.1537,2.88,96.0,1.579,2.6,True
DH-02-210,MOIL-GM-02,451.6,491.49,21.395615,78.985884,311.05,106.4,110.6,108.5,202.55,4.2,Quartz-Muscovite Schist,8.51,6.15,65.17,0.0591,2.99,95.5,1.861,2.6,True
DH-02-210,MOIL-GM-02,451.6,491.49,21.395615,78.985884,311.05,110.6,113.3,111.95,199.1,2.7,Quartz-Muscovite Schist,1.55,6.51,65.51,0.0702,2.91,90.3,2.13,2.6,True
DH-02-211,MOIL-GM-02,-849.91,-755.46,21.384414,78.973248,305.22,0.0,1.5,0.75,304.47,1.5,Phyllite & Weathered Overburden,7.0,5.26,53.69,0.1291,2.78,89.7,2.014,2.394,True
DH-02-211,MOIL-GM-02,-849.91,-755.46,21.384414,78.973248,305.22,1.5,40.1,20.8,284.42,38.6,Gondite (Manganiferous Quartzite),25.01,13.3,42.03,0.2082,3.69,95.0,2.998,2.157,True
DH-02-211,MOIL-GM-02,-849.91,-755.46,21.384414,78.973248,305.22,40.1,43.0,41.55,263.67,2.9,Gondite (Manganiferous Quartzite),18.49,11.94,45.66,0.1581,3.74,96.3,2.784,2.294,True
DH-02-211,MOIL-GM-02,-849.91,-755.46,21.384414,78.973248,305.22,43.0,52.6,47.8,257.42,9.6,Gondite (Manganiferous Quartzite),23.48,14.76,41.02,0.2743,3.64,96.0,3.305,2.008,True
DH-02-211,MOIL-GM-02,-849.91,-755.46,21.384414,78.973248,305.22,52.6,55.2,53.9,251.32,2.6,High-Grade Braunite Ore,34.84,4.7,19.93,0.1572,4.04,87.9,1.781,1.555,True
DH-02-211,MOIL-GM-02,-849.91,-755.46,21.384414,78.973248,305.22,55.2,62.4,58.8,246.42,7.2,Gondite (Manganiferous Quartzite),23.26,15.61,46.58,0.1225,3.29,92.6,3.072,2.333,True
DH-02-211,MOIL-GM-02,-849.91,-755.46,21.384414,78.973248,305.22,62.4,71.3,66.85,238.37,8.9,Gondite (Manganiferous Quartzite),24.4,9.49,40.2,0.2302,3.31,83.5,2.361,2.152,True
DH-02-211,MOIL-GM-02,-849.91,-755.46,21.384414,78.973248,305.22,71.3,76.3,73.8,231.42,5.0,Gondite (Manganiferous Quartzite),29.96,10.3,41.92,0.2751,3.64,90.0,2.457,2.101,True
DH-02-212,MOIL-GM-02,-919.51,253.5,21.393477,78.972573,344.18,0.0,2.9,1.45,342.73,2.9,Phyllite & Weathered Overburden,5.71,5.2,45.93,0.1074,2.72,81.9,1.89,2.389,True
DH-02-212,MOIL-GM-02,-919.51,253.5,21.393477,78.972573,344.18,2.9,4.8,3.85,340.33,1.9,Phyllite & Weathered Overburden,7.6,9.27,50.17,0.1074,2.65,92.3,2.469,2.476,True
DH-02-212,MOIL-GM-02,-919.51,253.5,21.393477,78.972573,344.18,4.8,33.0,18.9,325.28,28.2,Phyllite & Weathered Overburden,6.7,5.7,53.75,0.1246,2.68,89.2,2.006,2.441,True
DH-02-212,MOIL-GM-02,-919.51,253.5,21.393477,78.972573,344.18,33.0,60.5,46.75,297.43,27.5,Calc-Silicate Granulite,11.96,9.28,50.46,0.1616,3.02,99.0,2.56,2.253,True
DH-02-212,MOIL-GM-02,-919.51,253.5,21.393477,78.972573,344.18,60.5,76.7,68.6,275.58,16.2,Quartz-Muscovite Schist,4.89,5.97,53.2,0.158,2.79,90.9,1.836,2.508,True
DH-02-213,MOIL-GM-02,-8.1,106.21,21.392154,78.981421,342.82,0.0,25.2,12.6,330.22,25.2,Gondite (Manganiferous Quartzite),25.83,13.08,25.98,0.32,3.4,95.6,2.889,1.744,True
DH-02-213,MOIL-GM-02,-8.1,106.21,21.392154,78.981421,342.82,25.2,78.5,51.85,290.97,53.3,Medium-Grade Pyrolusite Bed,40.18,7.22,16.18,0.1706,3.75,96.9,2.048,1.393,True
DH-02-213,MOIL-GM-02,-8.1,106.21,21.392154,78.981421,342.82,78.5,94.2,86.35,256.47,15.7,High-Grade Braunite Ore,35.47,6.4,10.58,0.1676,4.34,90.7,2.037,1.249,True
DH-02-213,MOIL-GM-02,-8.1,106.21,21.392154,78.981421,342.82,94.2,126.9,110.55,232.27,32.7,Calc-Silicate Granulite,5.23,4.65,55.38,0.1302,2.78,92.7,1.722,2.518,True
DH-02-213,MOIL-GM-02,-8.1,106.21,21.392154,78.981421,342.82,126.9,147.5,137.2,205.62,20.6,Quartz-Muscovite Schist,9.39,8.26,57.28,0.0519,2.67,96.5,2.378,2.425,True
DH-02-214,MOIL-GM-02,-767.29,-1049.04,21.381776,78.974051,313.92,0.0,62.7,31.35,282.57,62.7,Medium-Grade Pyrolusite Bed,34.56,6.98,14.17,0.124,3.93,93.9,2.044,1.433,True
DH-02-214,MOIL-GM-02,-767.29,-1049.04,21.381776,78.974051,313.92,62.7,68.1,65.4,248.52,5.4,Medium-Grade Pyrolusite Bed,36.26,6.94,19.29,0.0842,4.1,86.0,2.147,1.414,True
DH-02-214,MOIL-GM-02,-767.29,-1049.04,21.381776,78.974051,313.92,68.1,71.5,69.8,244.12,3.4,High-Grade Braunite Ore,31.97,5.42,13.42,0.1267,3.93,99.0,2.243,1.344,True
DH-02-214,MOIL-GM-02,-767.29,-1049.04,21.381776,78.974051,313.92,71.5,113.5,92.5,221.42,42.0,Banded Hematite-Manganese Quartzite,19.64,14.09,44.57,0.1714,3.42,91.3,3.085,2.502,True
DH-02-214,MOIL-GM-02,-767.29,-1049.04,21.381776,78.974051,313.92,113.5,126.7,120.1,193.82,13.2,Quartz-Muscovite Schist,1.94,8.05,51.36,0.1109,2.98,89.7,2.032,2.351,True
DH-02-214,MOIL-GM-02,-767.29,-1049.04,21.381776,78.974051,313.92,126.7,136.1,131.4,182.52,9.4,Calc-Silicate Granulite,11.38,6.73,68.75,0.0945,2.78,93.7,2.254,2.6,True
DH-02-214,MOIL-GM-02,-767.29,-1049.04,21.381776,78.974051,313.92,136.1,138.2,137.15,176.77,2.1,Calc-Silicate Granulite,3.81,6.37,50.93,0.1101,2.82,87.9,1.903,2.476,True
DH-02-214,MOIL-GM-02,-767.29,-1049.04,21.381776,78.974051,313.92,138.2,144.5,141.35,172.57,6.3,Quartz-Muscovite Schist,11.94,8.73,62.23,0.113,2.98,88.7,2.319,2.6,True
DH-02-215,MOIL-GM-02,-986.36,-547.83,21.386279,78.971924,333.4,0.0,1.3,0.65,332.75,1.3,Phyllite & Weathered Overburden,3.54,7.46,45.47,0.1475,2.43,99.0,2.087,2.264,True
DH-02-215,MOIL-GM-02,-986.36,-547.83,21.386279,78.971924,333.4,1.3,26.1,13.7,319.7,24.8,Phyllite & Weathered Overburden,2.99,8.11,52.49,0.0462,2.73,90.1,2.339,2.413,True
DH-02-215,MOIL-GM-02,-986.36,-547.83,21.386279,78.971924,333.4,26.1,69.9,48.0,285.4,43.8,Banded Hematite-Manganese Quartzite,20.5,13.34,38.21,0.1831,3.48,86.5,2.952,1.952,True
DH-02-215,MOIL-GM-02,-986.36,-547.83,21.386279,78.971924,333.4,69.9,75.1,72.5,260.9,5.2,Gondite (Manganiferous Quartzite),18.23,10.14,33.63,0.2964,3.72,99.0,2.348,1.855,True
DH-02-215,MOIL-GM-02,-986.36,-547.83,21.386279,78.971924,333.4,75.1,83.3,79.2,254.2,8.2,Quartz-Muscovite Schist,5.85,5.09,70.92,0.065,2.79,79.9,1.88,2.6,True
DH-02-215,MOIL-GM-02,-986.36,-547.83,21.386279,78.971924,333.4,83.3,120.5,101.9,231.5,37.2,Quartz-Muscovite Schist,4.67,9.91,55.98,0.1137,2.81,89.4,2.82,2.453,True
DH-02-215,MOIL-GM-02,-986.36,-547.83,21.386279,78.971924,333.4,120.5,138.7,129.6,203.8,18.2,Quartz-Muscovite Schist,10.51,4.39,69.26,0.0772,2.9,90.1,1.761,2.6,True
DH-02-215,MOIL-GM-02,-986.36,-547.83,21.386279,78.971924,333.4,138.7,143.8,141.25,192.15,5.1,Quartz-Muscovite Schist,1.94,7.78,56.76,0.1227,3.02,91.5,2.213,2.498,True
DH-02-216,MOIL-GM-02,421.51,688.42,21.397384,78.985592,342.89,0.0,8.9,4.45,338.44,8.9,Banded Hematite-Manganese Quartzite,20.65,13.15,47.87,0.1224,3.5,99.0,2.967,2.282,True
DH-02-216,MOIL-GM-02,421.51,688.42,21.397384,78.985592,342.89,8.9,13.0,10.95,331.94,4.1,Gondite (Manganiferous Quartzite),21.5,8.45,34.4,0.1305,3.5,82.5,2.32,1.916,True
DH-02-216,MOIL-GM-02,421.51,688.42,21.397384,78.985592,342.89,13.0,20.4,16.7,326.19,7.4,Banded Hematite-Manganese Quartzite,30.12,15.16,29.37,0.1887,3.54,93.5,3.055,1.666,True
DH-02-216,MOIL-GM-02,421.51,688.42,21.397384,78.985592,342.89,20.4,44.3,32.35,310.54,23.9,High-Grade Braunite Ore,35.56,7.4,16.24,0.2089,4.31,90.2,2.197,1.272,True
DH-02-216,MOIL-GM-02,421.51,688.42,21.397384,78.985592,342.89,44.3,54.4,49.35,293.54,10.1,Medium-Grade Pyrolusite Bed,36.31,8.94,20.43,0.1172,4.28,87.2,2.509,1.523,True
DH-02-216,MOIL-GM-02,421.51,688.42,21.397384,78.985592,342.89,54.4,67.4,60.9,281.99,13.0,High-Grade Braunite Ore,35.57,6.79,16.61,0.0769,4.34,99.0,1.938,1.312,True
DH-02-217,MOIL-GM-02,-144.43,652.54,21.397062,78.980098,320.83,0.0,4.5,2.25,318.58,4.5,Phyllite & Weathered Overburden,5.98,7.79,67.49,0.0958,2.62,99.0,2.445,2.6,True
DH-02-217,MOIL-GM-02,-144.43,652.54,21.397062,78.980098,320.83,4.5,32.2,18.35,302.48,27.7,Phyllite & Weathered Overburden,3.57,8.76,66.72,0.0851,2.67,92.4,2.482,2.6,True
DH-02-217,MOIL-GM-02,-144.43,652.54,21.397062,78.980098,320.83,32.2,58.3,45.25,275.58,26.1,Banded Hematite-Manganese Quartzite,19.73,11.08,46.69,0.298,3.49,93.8,2.635,2.043,True
DH-02-217,MOIL-GM-02,-144.43,652.54,21.397062,78.980098,320.83,58.3,79.3,68.8,252.03,21.0,Gondite (Manganiferous Quartzite),27.29,11.22,29.32,0.2282,3.32,91.3,2.591,1.77,True
DH-02-217,MOIL-GM-02,-144.43,652.54,21.397062,78.980098,320.83,79.3,117.1,98.2,222.63,37.8,Calc-Silicate Granulite,7.98,8.46,62.47,0.0799,2.67,93.5,2.286,2.589,True
DH-02-218,MOIL-GM-02,-376.38,421.88,21.39499,78.977846,299.9,0.0,1.1,0.55,299.35,1.1,Phyllite & Weathered Overburden,5.65,7.35,45.03,0.0739,2.51,99.0,1.97,2.158,True
DH-02-218,MOIL-GM-02,-376.38,421.88,21.39499,78.977846,299.9,1.1,15.3,8.2,291.7,14.2,Phyllite & Weathered Overburden,6.41,10.63,55.4,0.0971,2.72,88.9,2.54,2.6,True
DH-02-218,MOIL-GM-02,-376.38,421.88,21.39499,78.977846,299.9,15.3,23.2,19.25,280.65,7.9,Quartz-Muscovite Schist,5.89,8.32,53.85,0.094,2.74,98.7,2.053,2.373,True
DH-02-218,MOIL-GM-02,-376.38,421.88,21.39499,78.977846,299.9,23.2,28.4,25.8,274.1,5.2,Quartz-Muscovite Schist,5.33,9.92,63.06,0.1019,2.98,96.2,2.494,2.6,True
DH-02-218,MOIL-GM-02,-376.38,421.88,21.39499,78.977846,299.9,28.6,37.8,33.2,266.7,9.2,Banded Hematite-Manganese Quartzite,24.09,14.89,36.59,0.2567,3.52,87.0,2.988,2.023,True
DH-02-218,MOIL-GM-02,-376.38,421.88,21.39499,78.977846,299.9,37.8,64.0,50.9,249.0,26.2,Gondite (Manganiferous Quartzite),27.52,8.34,40.54,0.2029,3.27,90.3,2.273,1.927,True
DH-02-219,MOIL-GM-02,-202.66,-277.59,21.388706,78.979532,331.92,0.0,1.9,0.95,330.97,1.9,Phyllite & Weathered Overburden,3.97,5.52,66.65,0.0943,2.43,88.7,1.83,2.6,True
DH-02-219,MOIL-GM-02,-202.66,-277.59,21.388706,78.979532,331.92,1.9,46.5,24.2,307.72,44.6,High-Grade Braunite Ore,33.09,4.87,15.78,0.2033,3.82,95.9,1.658,1.187,True
DH-02-219,MOIL-GM-02,-202.66,-277.59,21.388706,78.979532,331.92,46.5,55.9,51.2,280.72,9.4,High-Grade Braunite Ore,36.76,4.85,14.18,0.0904,4.12,87.0,1.545,1.34,True
DH-02-219,MOIL-GM-02,-202.66,-277.59,21.388706,78.979532,331.92,55.9,80.6,68.25,263.67,24.7,High-Grade Braunite Ore,36.66,5.95,21.08,0.1121,4.21,92.5,2.061,1.385,True
DH-02-219,MOIL-GM-02,-202.66,-277.59,21.388706,78.979532,331.92,80.6,99.0,89.8,242.12,18.4,High-Grade Braunite Ore,29.07,7.44,16.92,0.0705,3.86,87.9,2.082,1.388,True
DH-02-219,MOIL-GM-02,-202.66,-277.59,21.388706,78.979532,331.92,99.0,111.2,105.1,226.82,12.2,Banded Hematite-Manganese Quartzite,24.96,12.66,45.91,0.1972,3.71,93.2,2.67,2.279,True
DH-02-219,MOIL-GM-02,-202.66,-277.59,21.388706,78.979532,331.92,111.2,135.2,123.2,208.72,24.0,Quartz-Muscovite Schist,8.72,5.49,55.3,0.0789,3.03,83.4,2.234,2.501,True
DH-02-220,MOIL-GM-02,-1107.77,-158.83,21.389773,78.970745,328.67,0.0,37.4,18.7,309.97,37.4,Phyllite & Weathered Overburden,5.52,10.38,65.18,0.0514,2.55,99.0,2.241,2.6,True
DH-02-220,MOIL-GM-02,-1107.77,-158.83,21.389773,78.970745,328.67,37.4,58.7,48.05,280.62,21.3,Quartz-Muscovite Schist,5.82,7.22,72.0,0.1141,2.73,95.3,2.353,2.6,True
DH-02-220,MOIL-GM-02,-1107.77,-158.83,21.389773,78.970745,328.67,58.7,69.0,63.85,264.82,10.3,Quartz-Muscovite Schist,4.22,5.41,71.79,0.0987,2.95,90.9,1.729,2.6,True
DH-02-220,MOIL-GM-02,-1107.77,-158.83,21.389773,78.970745,328.67,69.0,80.6,74.8,253.87,11.6,Quartz-Muscovite Schist,8.51,8.98,70.66,0.1254,2.74,86.7,2.537,2.6,True
DH-02-220,MOIL-GM-02,-1107.77,-158.83,21.389773,78.970745,328.67,80.6,85.7,83.15,245.52,5.1,Calc-Silicate Granulite,8.67,4.76,60.99,0.1471,2.88,87.9,1.869,2.571,True
DH-02-220,MOIL-GM-02,-1107.77,-158.83,21.389773,78.970745,328.67,85.7,96.4,91.05,237.62,10.7,Quartz-Muscovite Schist,6.79,4.42,51.49,0.0723,3.04,92.2,1.918,2.362,True
DH-02-221,MOIL-GM-02,496.05,-737.4,21.384576,78.986316,329.42,0.0,8.3,4.15,325.27,8.3,Phyllite & Weathered Overburden,4.2,6.9,59.85,0.0654,2.77,87.5,2.242,2.6,True
DH-02-221,MOIL-GM-02,496.05,-737.4,21.384576,78.986316,329.42,8.3,14.5,11.4,318.02,6.2,Phyllite & Weathered Overburden,7.09,9.78,65.78,0.0654,2.43,91.7,2.51,2.6,True
DH-02-221,MOIL-GM-02,496.05,-737.4,21.384576,78.986316,329.42,14.5,43.4,28.95,300.47,28.9,Phyllite & Weathered Overburden,6.64,10.36,55.44,0.1093,2.62,91.3,2.384,2.593,True
DH-02-221,MOIL-GM-02,496.05,-737.4,21.384576,78.986316,329.42,43.4,73.9,58.65,270.77,30.5,Calc-Silicate Granulite,1.64,3.77,58.0,0.1254,2.73,91.4,1.765,2.6,True
DH-02-221,MOIL-GM-02,496.05,-737.4,21.384576,78.986316,329.42,73.9,80.0,76.95,252.47,6.1,Quartz-Muscovite Schist,5.44,6.52,51.7,0.1387,2.79,87.4,2.305,2.303,True
DH-02-222,MOIL-GM-02,-767.29,963.76,21.399858,78.974051,303.45,0.0,17.5,8.75,294.7,17.5,Phyllite & Weathered Overburden,2.7,10.65,48.11,0.1055,2.54,80.7,2.626,2.15,True
DH-02-222,MOIL-GM-02,-767.29,963.76,21.399858,78.974051,303.45,17.5,36.0,26.75,276.7,18.5,Quartz-Muscovite Schist,6.66,5.12,62.3,0.137,2.66,91.7,1.694,2.6,True
DH-02-222,MOIL-GM-02,-767.29,963.76,21.399858,78.974051,303.45,36.0,56.5,46.25,257.2,20.5,Calc-Silicate Granulite,7.39,9.06,69.42,0.0591,2.82,95.9,2.167,2.6,True
DH-02-222,MOIL-GM-02,-767.29,963.76,21.399858,78.974051,303.45,56.5,69.1,62.8,240.65,12.6,Quartz-Muscovite Schist,1.59,4.52,68.2,0.1372,3.01,88.9,1.891,2.6,True
DH-02-222,MOIL-GM-02,-767.29,963.76,21.399858,78.974051,303.45,69.1,147.1,108.1,195.35,78.0,Quartz-Muscovite Schist,1.87,6.59,63.41,0.0749,2.76,90.0,1.951,2.6,True
DH-02-223,MOIL-GM-02,-560.02,1163.68,21.401653,78.976063,340.56,0.0,16.8,8.4,332.16,16.8,Phyllite & Weathered Overburden,7.53,5.8,47.76,0.1415,2.43,95.6,2.061,2.159,True
DH-02-223,MOIL-GM-02,-560.02,1163.68,21.401653,78.976063,340.56,16.8,21.5,19.15,321.41,4.7,Calc-Silicate Granulite,2.13,5.61,51.71,0.1276,2.91,78.1,2.108,2.306,True
DH-02-223,MOIL-GM-02,-560.02,1163.68,21.401653,78.976063,340.56,21.5,34.6,28.05,312.51,13.1,Quartz-Muscovite Schist,6.03,9.78,64.99,0.091,2.94,90.2,2.363,2.6,True
DH-02-223,MOIL-GM-02,-560.02,1163.68,21.401653,78.976063,340.56,35.2,49.7,42.45,298.11,14.5,Quartz-Muscovite Schist,9.39,5.64,69.12,0.1003,2.79,94.7,1.905,2.6,True
DH-02-223,MOIL-GM-02,-560.02,1163.68,21.401653,78.976063,340.56,49.7,53.2,51.45,289.11,3.5,Quartz-Muscovite Schist,2.39,4.9,66.89,0.1231,2.87,88.0,1.894,2.6,True
DH-02-224,MOIL-GM-02,51.2,-534.76,21.386396,78.981997,305.51,0.0,4.4,2.2,303.31,4.4,Phyllite & Weathered Overburden,3.7,6.74,53.71,0.13,2.77,93.8,2.073,2.293,True
DH-02-224,MOIL-GM-02,51.2,-534.76,21.386396,78.981997,305.51,4.4,12.8,8.6,296.91,8.4,Phyllite & Weathered Overburden,5.04,6.34,56.23,0.0841,2.72,93.9,2.329,2.454,True
DH-02-224,MOIL-GM-02,51.2,-534.76,21.386396,78.981997,305.51,12.8,16.9,14.85,290.66,4.1,Banded Hematite-Manganese Quartzite,29.81,12.28,44.73,0.1316,3.49,90.9,2.904,2.19,True
DH-02-224,MOIL-GM-02,51.2,-534.76,21.386396,78.981997,305.51,16.9,30.5,23.7,281.81,13.6,Gondite (Manganiferous Quartzite),29.26,15.51,47.83,0.3118,3.2,89.6,3.086,2.37,True
DH-02-224,MOIL-GM-02,51.2,-534.76,21.386396,78.981997,305.51,30.5,32.9,31.7,273.81,2.4,Gondite (Manganiferous Quartzite),20.43,12.96,46.1,0.2127,3.26,84.1,2.491,2.143,True
DH-02-224,MOIL-GM-02,51.2,-534.76,21.386396,78.981997,305.51,32.9,58.4,45.65,259.86,25.5,Medium-Grade Pyrolusite Bed,43.19,9.47,16.52,0.1358,4.32,88.9,2.329,1.331,True
DH-02-224,MOIL-GM-02,51.2,-534.76,21.386396,78.981997,305.51,58.4,59.7,59.05,246.46,1.3,High-Grade Braunite Ore,38.96,5.86,10.4,0.1427,3.83,94.5,2.037,1.325,True
DH-02-225,MOIL-GM-02,340.17,405.48,21.394843,78.984803,336.61,0.0,8.4,4.2,332.41,8.4,Phyllite & Weathered Overburden,7.57,7.87,54.11,0.145,2.77,88.5,2.104,2.519,True
DH-02-225,MOIL-GM-02,340.17,405.48,21.394843,78.984803,336.61,8.4,17.6,13.0,323.61,9.2,Gondite (Manganiferous Quartzite),20.0,10.85,29.08,0.179,3.54,87.7,2.352,1.57,True
DH-02-225,MOIL-GM-02,340.17,405.48,21.394843,78.984803,336.61,17.6,35.9,26.75,309.86,18.3,High-Grade Braunite Ore,36.49,6.51,15.76,0.2159,3.92,96.0,1.837,1.513,True
DH-02-225,MOIL-GM-02,340.17,405.48,21.394843,78.984803,336.61,35.9,83.5,59.7,276.91,47.6,Medium-Grade Pyrolusite Bed,32.47,9.32,14.19,0.1931,3.91,82.5,2.058,1.369,True
DH-02-225,MOIL-GM-02,340.17,405.48,21.394843,78.984803,336.61,83.5,105.9,94.7,241.91,22.4,Banded Hematite-Manganese Quartzite,25.05,9.54,37.36,0.1758,3.36,83.4,2.279,1.833,True
DH-02-225,MOIL-GM-02,340.17,405.48,21.394843,78.984803,336.61,105.9,113.1,109.5,227.11,7.2,Quartz-Muscovite Schist,8.52,5.59,54.69,0.165,3.04,85.7,1.904,2.425,True
DH-04-226,MOIL-UK-04,-394.3,333.31,21.970994,80.459372,354.54,0.0,5.0,2.5,352.04,5.0,Phyllite & Weathered Overburden,2.54,9.94,54.05,0.07,2.4,94.6,2.308,2.523,True
DH-04-226,MOIL-UK-04,-394.3,333.31,21.970994,80.459372,354.54,5.0,40.4,22.7,331.84,35.4,Phyllite & Weathered Overburden,4.77,8.95,50.24,0.1084,2.4,91.0,2.652,2.318,True
DH-04-226,MOIL-UK-04,-394.3,333.31,21.970994,80.459372,354.54,40.4,70.6,55.5,299.04,30.2,Gondite (Manganiferous Quartzite),25.77,15.42,34.16,0.1838,3.69,91.9,3.235,1.865,True
DH-04-226,MOIL-UK-04,-394.3,333.31,21.970994,80.459372,354.54,70.6,79.0,74.8,279.74,8.4,Gondite (Manganiferous Quartzite),20.43,13.0,40.63,0.2175,3.22,96.0,2.97,2.105,True
DH-04-226,MOIL-UK-04,-394.3,333.31,21.970994,80.459372,354.54,79.0,125.6,102.3,252.24,46.6,Calc-Silicate Granulite,10.83,5.26,50.29,0.1596,3.03,95.5,1.937,2.217,True
DH-04-226,MOIL-UK-04,-394.3,333.31,21.970994,80.459372,354.54,125.6,150.4,138.0,216.54,24.8,Calc-Silicate Granulite,6.4,9.28,53.29,0.1574,2.77,92.7,2.073,2.32,True
DH-04-227,MOIL-UK-04,442.68,294.79,21.970648,80.467498,352.64,0.0,25.4,12.7,339.94,25.4,Gondite (Manganiferous Quartzite),22.63,8.99,26.15,0.2312,3.21,88.2,2.535,1.618,True
DH-04-227,MOIL-UK-04,442.68,294.79,21.970648,80.467498,352.64,25.4,33.2,29.3,323.34,7.8,Banded Hematite-Manganese Quartzite,23.21,9.04,33.05,0.2782,3.54,86.5,2.199,1.833,True
DH-04-227,MOIL-UK-04,442.68,294.79,21.970648,80.467498,352.64,33.2,62.4,47.8,304.84,29.2,Medium-Grade Pyrolusite Bed,34.76,7.82,20.94,0.1337,3.73,95.4,2.134,1.597,True
DH-04-227,MOIL-UK-04,442.68,294.79,21.970648,80.467498,352.64,62.4,93.3,77.85,274.79,30.9,Gondite (Manganiferous Quartzite),29.68,11.76,41.0,0.2361,3.58,91.5,2.349,2.096,True
DH-04-227,MOIL-UK-04,442.68,294.79,21.970648,80.467498,352.64,93.3,122.2,107.75,244.89,28.9,Quartz-Muscovite Schist,1.62,4.41,71.86,0.1141,2.88,92.0,1.651,2.6,True
DH-04-227,MOIL-UK-04,442.68,294.79,21.970648,80.467498,352.64,122.2,142.9,132.55,220.09,20.7,Quartz-Muscovite Schist,9.57,5.64,70.0,0.1526,2.95,93.4,1.905,2.6,True
DH-04-228,MOIL-UK-04,266.34,983.83,21.976838,80.465786,384.54,0.0,7.8,3.9,380.64,7.8,Phyllite & Weathered Overburden,5.83,11.68,49.21,0.1067,2.48,96.2,2.882,2.382,True
DH-04-228,MOIL-UK-04,266.34,983.83,21.976838,80.465786,384.54,7.8,9.2,8.5,376.04,1.4,Phyllite & Weathered Overburden,7.97,5.54,52.9,0.1156,2.6,85.3,1.981,2.434,True
DH-04-228,MOIL-UK-04,266.34,983.83,21.976838,80.465786,384.54,9.2,56.9,33.05,351.49,47.7,Gondite (Manganiferous Quartzite),23.07,14.48,34.37,0.1253,3.23,92.9,2.856,2.024,True
DH-04-228,MOIL-UK-04,266.34,983.83,21.976838,80.465786,384.54,56.9,68.7,62.8,321.74,11.8,High-Grade Braunite Ore,35.09,8.33,14.55,0.1366,3.82,93.5,2.386,1.243,True
DH-04-228,MOIL-UK-04,266.34,983.83,21.976838,80.465786,384.54,68.7,82.4,75.55,308.99,13.7,Gondite (Manganiferous Quartzite),19.12,8.46,33.61,0.2128,3.54,90.0,2.338,1.961,True
DH-04-228,MOIL-UK-04,266.34,983.83,21.976838,80.465786,384.54,82.4,112.0,97.2,287.34,29.6,Gondite (Manganiferous Quartzite),19.7,14.38,41.33,0.2255,3.48,94.3,3.035,2.014,True
DH-04-229,MOIL-UK-04,-517.57,369.46,21.971319,80.458175,371.74,0.0,42.9,21.45,350.29,42.9,Phyllite & Weathered Overburden,8.61,9.94,62.35,0.0667,2.47,89.3,2.402,2.6,True
DH-04-229,MOIL-UK-04,-517.57,369.46,21.971319,80.458175,371.74,42.9,56.5,49.7,322.04,13.6,Gondite (Manganiferous Quartzite),23.56,14.19,35.82,0.179,3.61,91.7,2.886,1.982,True
DH-04-229,MOIL-UK-04,-517.57,369.46,21.971319,80.458175,371.74,56.5,69.0,62.75,308.99,12.5,Banded Hematite-Manganese Quartzite,30.07,12.73,27.79,0.1568,3.72,96.5,2.5,1.783,True
DH-04-229,MOIL-UK-04,-517.57,369.46,21.971319,80.458175,371.74,69.0,77.0,73.0,298.74,8.0,Banded Hematite-Manganese Quartzite,29.64,11.55,40.17,0.3119,3.26,83.6,2.547,2.045,True
DH-04-229,MOIL-UK-04,-517.57,369.46,21.971319,80.458175,371.74,77.0,80.6,78.8,292.94,3.6,Quartz-Muscovite Schist,5.68,7.44,68.93,0.1779,2.85,91.6,2.129,2.6,True
DH-04-229,MOIL-UK-04,-517.57,369.46,21.971319,80.458175,371.74,80.6,115.6,98.1,273.64,35.0,Calc-Silicate Granulite,7.89,3.46,58.37,0.0505,2.9,95.0,1.478,2.547,True
DH-04-230,MOIL-UK-04,376.11,-90.39,21.967188,80.466852,385.2,0.0,13.1,6.55,378.65,13.1,Phyllite & Weathered Overburden,5.95,10.15,51.21,0.0788,2.75,82.6,2.208,2.409,True
DH-04-230,MOIL-UK-04,376.11,-90.39,21.967188,80.466852,385.2,13.1,16.5,14.8,370.4,3.4,Phyllite & Weathered Overburden,6.92,12.0,55.01,0.0871,2.74,82.1,2.793,2.554,True
DH-04-230,MOIL-UK-04,376.11,-90.39,21.967188,80.466852,385.2,16.5,34.5,25.5,359.7,18.0,Gondite (Manganiferous Quartzite),29.39,15.07,27.5,0.2057,3.46,91.6,3.022,1.649,True
DH-04-230,MOIL-UK-04,376.11,-90.39,21.967188,80.466852,385.2,34.5,42.5,38.5,346.7,8.0,Gondite (Manganiferous Quartzite),19.25,14.68,42.31,0.2121,3.44,94.4,2.989,2.166,True
DH-04-230,MOIL-UK-04,376.11,-90.39,21.967188,80.466852,385.2,42.8,48.9,45.85,339.35,6.1,Banded Hematite-Manganese Quartzite,19.86,8.21,30.45,0.2748,3.33,96.3,2.297,1.678,True
DH-04-230,MOIL-UK-04,376.11,-90.39,21.967188,80.466852,385.2,48.9,50.0,49.45,335.75,1.1,Banded Hematite-Manganese Quartzite,30.78,9.96,33.66,0.1802,3.26,96.6,2.089,1.842,True
DH-04-230,MOIL-UK-04,376.11,-90.39,21.967188,80.466852,385.2,50.0,62.4,56.2,329.0,12.4,Gondite (Manganiferous Quartzite),18.42,12.95,26.27,0.2433,3.58,89.5,2.904,1.703,True
DH-04-231,MOIL-UK-04,986.6,751.41,21.97475,80.472779,360.26,0.4,18.6,9.5,350.76,18.2,Phyllite & Weathered Overburden,8.9,8.25,58.74,0.0576,2.52,88.5,2.371,2.6,True
DH-04-231,MOIL-UK-04,986.6,751.41,21.97475,80.472779,360.26,18.6,23.0,20.8,339.46,4.4,Quartz-Muscovite Schist,4.56,7.11,63.31,0.0658,2.87,90.4,2.218,2.6,True
DH-04-231,MOIL-UK-04,986.6,751.41,21.97475,80.472779,360.26,23.0,67.6,45.3,314.96,44.6,Gondite (Manganiferous Quartzite),18.95,15.51,35.55,0.3077,3.26,94.2,3.246,1.909,True
DH-04-231,MOIL-UK-04,986.6,751.41,21.97475,80.472779,360.26,67.6,99.0,83.3,276.96,31.4,Gondite (Manganiferous Quartzite),18.45,13.23,28.95,0.3062,3.58,95.8,3.051,1.628,True
DH-04-231,MOIL-UK-04,986.6,751.41,21.97475,80.472779,360.26,99.0,114.5,106.75,253.51,15.5,Quartz-Muscovite Schist,7.15,9.0,55.96,0.1482,2.88,89.5,2.308,2.443,True
DH-04-232,MOIL-UK-04,-279.96,-60.17,21.967459,80.460482,375.01,0.0,38.3,19.15,355.86,38.3,Gondite (Manganiferous Quartzite),29.93,13.33,35.85,0.2758,3.55,89.3,2.701,1.919,True
DH-04-232,MOIL-UK-04,-279.96,-60.17,21.967459,80.460482,375.01,38.3,45.5,41.9,333.11,7.2,High-Grade Braunite Ore,30.06,9.05,20.04,0.1664,3.87,89.0,2.1,1.441,True
DH-04-232,MOIL-UK-04,-279.96,-60.17,21.967459,80.460482,375.01,45.5,48.3,46.9,328.11,2.8,High-Grade Braunite Ore,35.03,7.58,16.61,0.1001,3.94,90.7,1.979,1.357,True
DH-04-232,MOIL-UK-04,-279.96,-60.17,21.967459,80.460482,375.01,48.3,84.7,66.5,308.51,36.4,High-Grade Braunite Ore,34.21,4.67,21.96,0.0758,4.14,84.8,1.884,1.465,True
DH-04-232,MOIL-UK-04,-279.96,-60.17,21.967459,80.460482,375.01,84.7,112.8,98.75,276.26,28.1,Gondite (Manganiferous Quartzite),23.67,10.0,32.69,0.1883,3.73,94.7,2.421,1.975,True
DH-04-233,MOIL-UK-04,-822.76,-694.89,21.961758,80.455212,363.3,0.0,26.2,13.1,350.2,26.2,Phyllite & Weathered Overburden,2.19,9.87,67.09,0.0592,2.52,94.8,2.355,2.6,True
DH-04-233,MOIL-UK-04,-822.76,-694.89,21.961758,80.455212,363.3,26.2,35.9,31.05,332.25,9.7,Banded Hematite-Manganese Quartzite,26.64,15.19,41.71,0.2622,3.41,89.2,3.062,2.137,True
DH-04-233,MOIL-UK-04,-822.76,-694.89,21.961758,80.455212,363.3,35.9,90.9,63.4,299.9,55.0,Gondite (Manganiferous Quartzite),29.2,9.06,43.72,0.2826,3.52,94.8,2.153,2.081,True
DH-04-233,MOIL-UK-04,-822.76,-694.89,21.961758,80.455212,363.3,90.9,95.3,93.1,270.2,4.4,Calc-Silicate Granulite,10.56,6.49,55.41,0.1395,3.01,99.0,1.795,2.6,True
DH-04-233,MOIL-UK-04,-822.76,-694.89,21.961758,80.455212,363.3,95.3,102.7,99.0,264.3,7.4,Calc-Silicate Granulite,3.78,6.24,63.29,0.0941,2.77,83.1,1.963,2.6,True
DH-04-233,MOIL-UK-04,-822.76,-694.89,21.961758,80.455212,363.3,102.7,120.5,111.6,251.7,17.8,Quartz-Muscovite Schist,6.69,5.87,55.55,0.1021,2.71,91.2,1.881,2.42,True
DH-04-233,MOIL-UK-04,-822.76,-694.89,21.961758,80.455212,363.3,120.5,146.8,133.65,229.65,26.3,Quartz-Muscovite Schist,9.87,3.66,54.01,0.1766,2.85,91.2,1.752,2.32,True
DH-04-234,MOIL-UK-04,792.68,-420.96,21.964218,80.470896,365.95,0.0,4.2,2.1,363.85,4.2,Phyllite & Weathered Overburden,3.43,9.81,53.03,0.0963,2.77,93.4,2.427,2.36,True
DH-04-234,MOIL-UK-04,792.68,-420.96,21.964218,80.470896,365.95,4.2,9.2,6.7,359.25,5.0,Phyllite & Weathered Overburden,3.94,7.78,60.65,0.138,2.42,89.4,2.336,2.6,True
DH-04-234,MOIL-UK-04,792.68,-420.96,21.964218,80.470896,365.95,9.2,22.6,15.9,350.05,13.4,Phyllite & Weathered Overburden,3.63,6.85,50.09,0.0615,2.45,90.9,1.959,2.255,True
DH-04-234,MOIL-UK-04,792.68,-420.96,21.964218,80.470896,365.95,22.6,27.9,25.25,340.7,5.3,Quartz-Muscovite Schist,5.79,4.84,62.67,0.1569,2.96,84.5,1.83,2.6,True
DH-04-234,MOIL-UK-04,792.68,-420.96,21.964218,80.470896,365.95,27.9,39.3,33.6,332.35,11.4,Calc-Silicate Granulite,10.73,4.08,68.95,0.0928,2.8,89.9,1.697,2.6,True
DH-04-234,MOIL-UK-04,792.68,-420.96,21.964218,80.470896,365.95,39.3,62.9,51.1,314.85,23.6,Quartz-Muscovite Schist,3.31,4.77,69.31,0.1067,2.76,93.3,1.783,2.6,True
DH-04-234,MOIL-UK-04,792.68,-420.96,21.964218,80.470896,365.95,62.9,93.8,78.35,287.6,30.9,Calc-Silicate Granulite,7.24,4.66,64.94,0.1139,2.96,93.7,1.596,2.6,True
DH-04-234,MOIL-UK-04,792.68,-420.96,21.964218,80.470896,365.95,93.8,125.1,109.45,256.5,31.3,Quartz-Muscovite Schist,6.59,6.76,51.31,0.1222,2.97,94.5,1.987,2.205,True
DH-04-235,MOIL-UK-04,402.12,-332.43,21.965014,80.467104,372.24,0.0,3.6,1.8,370.44,3.6,Phyllite & Weathered Overburden,8.44,7.05,52.43,0.0473,2.65,94.2,2.02,2.495,True
DH-04-235,MOIL-UK-04,402.12,-332.43,21.965014,80.467104,372.24,3.6,24.6,14.1,358.14,21.0,Phyllite & Weathered Overburden,4.14,6.55,61.46,0.0974,2.61,88.0,2.256,2.6,True
DH-04-235,MOIL-UK-04,402.12,-332.43,21.965014,80.467104,372.24,24.6,40.1,32.35,339.89,15.5,Gondite (Manganiferous Quartzite),30.31,8.85,39.52,0.2337,3.69,88.9,2.342,2.205,True
DH-04-235,MOIL-UK-04,402.12,-332.43,21.965014,80.467104,372.24,40.1,41.7,40.9,331.34,1.6,Banded Hematite-Manganese Quartzite,28.34,10.6,44.71,0.2417,3.57,82.9,2.438,2.14,True
DH-04-235,MOIL-UK-04,402.12,-332.43,21.965014,80.467104,372.24,41.7,60.5,51.1,321.14,18.8,Gondite (Manganiferous Quartzite),21.06,14.66,39.31,0.1275,3.65,91.3,3.0,1.934,True
DH-04-235,MOIL-UK-04,402.12,-332.43,21.965014,80.467104,372.24,60.5,62.2,61.35,310.89,1.7,Gondite (Manganiferous Quartzite),26.58,13.22,28.76,0.1711,3.34,91.0,2.856,1.826,True
DH-04-235,MOIL-UK-04,402.12,-332.43,21.965014,80.467104,372.24,62.2,103.6,82.9,289.34,41.4,Gondite (Manganiferous Quartzite),28.69,15.78,33.91,0.1819,3.22,94.4,3.203,1.754,True
DH-04-236,MOIL-UK-04,-1110.64,-577.23,21.962815,80.452417,379.77,0.0,41.1,20.55,359.22,41.1,Phyllite & Weathered Overburden,7.33,7.48,67.92,0.0878,2.41,90.3,2.029,2.6,True
DH-04-236,MOIL-UK-04,-1110.64,-577.23,21.962815,80.452417,379.77,41.1,48.8,44.95,334.82,7.7,Banded Hematite-Manganese Quartzite,21.66,8.43,40.84,0.1348,3.31,91.4,2.329,1.905,True
DH-04-236,MOIL-UK-04,-1110.64,-577.23,21.962815,80.452417,379.77,48.8,59.2,54.0,325.77,10.4,Banded Hematite-Manganese Quartzite,18.99,14.23,26.61,0.2313,3.34,94.5,2.998,1.725,True
DH-04-236,MOIL-UK-04,-1110.64,-577.23,21.962815,80.452417,379.77,59.7,65.7,62.7,317.07,6.0,Gondite (Manganiferous Quartzite),29.32,13.16,46.76,0.1763,3.53,79.7,2.711,2.395,True
DH-04-236,MOIL-UK-04,-1110.64,-577.23,21.962815,80.452417,379.77,65.7,78.1,71.9,307.87,12.4,Quartz-Muscovite Schist,10.45,7.52,50.98,0.1205,2.66,97.5,2.119,2.288,True
DH-04-237,MOIL-UK-04,-67.18,716.83,21.974439,80.462548,347.32,0.0,4.1,2.05,345.27,4.1,Phyllite & Weathered Overburden,3.75,7.22,67.15,0.1291,2.41,94.3,2.078,2.6,True
DH-04-237,MOIL-UK-04,-67.18,716.83,21.974439,80.462548,347.32,4.1,25.6,14.85,332.47,21.5,Phyllite & Weathered Overburden,5.76,10.03,49.77,0.0575,2.66,91.4,2.722,2.224,True
DH-04-237,MOIL-UK-04,-67.18,716.83,21.974439,80.462548,347.32,25.6,31.5,28.55,318.77,5.9,Gondite (Manganiferous Quartzite),21.98,9.19,34.72,0.3128,3.43,92.6,2.24,1.693,True
DH-04-237,MOIL-UK-04,-67.18,716.83,21.974439,80.462548,347.32,31.7,37.8,34.75,312.57,6.1,Gondite (Manganiferous Quartzite),20.04,9.49,46.32,0.2611,3.28,91.3,2.204,2.165,True
DH-04-237,MOIL-UK-04,-67.18,716.83,21.974439,80.462548,347.32,37.8,44.2,41.0,306.32,6.4,Gondite (Manganiferous Quartzite),28.11,12.43,39.89,0.1854,3.29,98.6,2.565,2.103,True
DH-04-237,MOIL-UK-04,-67.18,716.83,21.974439,80.462548,347.32,44.2,62.7,53.45,293.87,18.5,Gondite (Manganiferous Quartzite),21.9,10.14,30.01,0.2847,3.52,94.1,2.413,1.831,True
DH-04-237,MOIL-UK-04,-67.18,716.83,21.974439,80.462548,347.32,62.7,67.4,65.05,282.27,4.7,Gondite (Manganiferous Quartzite),21.24,9.45,35.63,0.127,3.64,89.0,2.433,1.99,True
DH-04-238,MOIL-UK-04,-282.85,800.01,21.975187,80.460454,362.39,0.0,28.9,14.45,347.94,28.9,Phyllite & Weathered Overburden,2.39,9.42,62.59,0.1256,2.71,93.6,2.323,2.6,True
DH-04-238,MOIL-UK-04,-282.85,800.01,21.975187,80.460454,362.39,28.9,33.8,31.35,331.04,4.9,Quartz-Muscovite Schist,5.05,9.77,52.23,0.1147,2.82,94.0,2.593,2.256,True
DH-04-238,MOIL-UK-04,-282.85,800.01,21.975187,80.460454,362.39,33.8,38.2,36.0,326.39,4.4,Quartz-Muscovite Schist,9.95,9.02,57.91,0.0922,2.86,96.9,2.225,2.457,True
DH-04-238,MOIL-UK-04,-282.85,800.01,21.975187,80.460454,362.39,38.2,50.1,44.15,318.24,11.9,Gondite (Manganiferous Quartzite),25.22,8.87,46.44,0.2105,3.6,87.2,2.684,2.229,True
DH-04-238,MOIL-UK-04,-282.85,800.01,21.975187,80.460454,362.39,50.1,53.4,51.75,310.64,3.3,Gondite (Manganiferous Quartzite),23.72,11.12,40.47,0.2581,3.23,83.2,2.495,1.96,True
DH-04-239,MOIL-UK-04,-967.46,-633.84,21.962306,80.453807,347.58,0.0,50.2,25.1,322.48,50.2,Phyllite & Weathered Overburden,6.43,9.82,60.14,0.1064,2.57,89.6,2.58,2.419,True
DH-04-239,MOIL-UK-04,-967.46,-633.84,21.962306,80.453807,347.58,51.8,119.5,85.65,261.93,67.7,Quartz-Muscovite Schist,11.29,4.9,66.33,0.0608,2.86,97.0,1.968,2.6,True
DH-04-239,MOIL-UK-04,-967.46,-633.84,21.962306,80.453807,347.58,119.5,159.6,139.55,208.03,40.1,Quartz-Muscovite Schist,11.03,8.01,65.31,0.1262,2.9,93.2,2.299,2.6,True
DH-04-240,MOIL-UK-04,566.39,649.04,21.97383,80.468699,356.55,0.0,35.3,17.65,338.9,35.3,Banded Hematite-Manganese Quartzite,26.25,12.73,31.75,0.1499,3.4,86.0,2.749,1.988,True
DH-04-240,MOIL-UK-04,566.39,649.04,21.97383,80.468699,356.55,35.3,57.6,46.45,310.1,22.3,High-Grade Braunite Ore,33.44,6.65,18.75,0.0988,4.09,93.5,1.821,1.417,True
DH-04-240,MOIL-UK-04,566.39,649.04,21.97383,80.468699,356.55,57.6,62.1,59.85,296.7,4.5,Medium-Grade Pyrolusite Bed,38.03,9.14,17.76,0.2152,3.92,81.6,2.453,1.467,True
DH-04-240,MOIL-UK-04,566.39,649.04,21.97383,80.468699,356.55,62.1,75.1,68.6,287.95,13.0,High-Grade Braunite Ore,36.3,6.23,16.27,0.1176,3.71,92.9,2.105,1.262,True
DH-04-240,MOIL-UK-04,566.39,649.04,21.97383,80.468699,356.55,75.1,94.3,84.7,271.85,19.2,Banded Hematite-Manganese Quartzite,27.82,8.08,47.06,0.2231,3.74,96.9,2.228,2.181,True
DH-04-240,MOIL-UK-04,566.39,649.04,21.97383,80.468699,356.55,94.3,98.0,96.15,260.4,3.7,Banded Hematite-Manganese Quartzite,21.39,14.86,33.62,0.1234,3.41,95.9,2.993,1.736,True
DH-04-240,MOIL-UK-04,566.39,649.04,21.97383,80.468699,356.55,98.0,135.7,116.85,239.7,37.7,Quartz-Muscovite Schist,2.1,7.12,66.64,0.1037,2.82,95.2,2.08,2.6,True
DH-04-240,MOIL-UK-04,566.39,649.04,21.97383,80.468699,356.55,135.7,149.4,142.55,214.0,13.7,Calc-Silicate Granulite,7.8,6.69,61.36,0.1635,2.73,90.7,2.042,2.6,True
DH-04-241,MOIL-UK-04,-371.62,-1157.78,21.957599,80.459592,357.57,0.0,10.3,5.15,352.42,10.3,Phyllite & Weathered Overburden,3.97,11.36,54.44,0.0825,2.68,80.9,2.732,2.415,True
DH-04-241,MOIL-UK-04,-371.62,-1157.78,21.957599,80.459592,357.57,10.3,13.6,11.95,345.62,3.3,Banded Hematite-Manganese Quartzite,25.68,9.21,30.66,0.1787,3.53,80.3,2.423,1.787,True
DH-04-241,MOIL-UK-04,-371.62,-1157.78,21.957599,80.459592,357.57,13.6,39.9,26.75,330.82,26.3,Gondite (Manganiferous Quartzite),30.43,14.12,34.32,0.2697,3.72,98.0,2.571,1.879,True
DH-04-241,MOIL-UK-04,-371.62,-1157.78,21.957599,80.459592,357.57,39.9,81.1,60.5,297.07,41.2,High-Grade Braunite Ore,33.85,8.42,20.04,0.1327,4.08,93.7,2.358,1.478,True
DH-04-241,MOIL-UK-04,-371.62,-1157.78,21.957599,80.459592,357.57,81.1,84.0,82.55,275.02,2.9,Banded Hematite-Manganese Quartzite,22.03,8.57,36.5,0.2948,3.38,91.0,2.298,1.82,True
DH-04-242,MOIL-UK-04,-369.35,767.95,21.974899,80.459614,364.2,0.0,8.8,4.4,359.8,8.8,Phyllite & Weathered Overburden,2.3,10.86,48.9,0.1167,2.49,94.7,2.553,2.221,True
DH-04-242,MOIL-UK-04,-369.35,767.95,21.974899,80.459614,364.2,8.8,28.8,18.8,345.4,20.0,Phyllite & Weathered Overburden,3.66,7.4,58.05,0.0713,2.55,94.3,2.01,2.512,True
DH-04-242,MOIL-UK-04,-369.35,767.95,21.974899,80.459614,364.2,28.8,78.9,53.85,310.35,50.1,Banded Hematite-Manganese Quartzite,22.27,11.4,37.48,0.1945,3.63,99.0,2.613,1.918,True
DH-04-242,MOIL-UK-04,-369.35,767.95,21.974899,80.459614,364.2,79.0,88.2,83.6,280.6,9.2,Quartz-Muscovite Schist,6.86,9.91,56.65,0.054,2.72,87.4,2.254,2.357,True
DH-04-242,MOIL-UK-04,-369.35,767.95,21.974899,80.459614,364.2,88.2,91.9,90.05,274.15,3.7,Calc-Silicate Granulite,6.04,5.37,52.7,0.0885,3.0,85.7,2.033,2.306,True
DH-04-242,MOIL-UK-04,-369.35,767.95,21.974899,80.459614,364.2,91.9,115.7,103.8,260.4,23.8,Calc-Silicate Granulite,5.37,7.14,57.72,0.0779,2.7,97.1,2.382,2.533,True
DH-04-242,MOIL-UK-04,-369.35,767.95,21.974899,80.459614,364.2,115.7,117.1,116.4,247.8,1.4,Quartz-Muscovite Schist,6.65,9.11,62.03,0.1125,3.02,94.6,2.25,2.6,True
DH-04-243,MOIL-UK-04,806.04,108.46,21.968974,80.471026,372.72,0.0,11.7,5.85,366.87,11.7,Phyllite & Weathered Overburden,7.85,9.05,45.4,0.1471,2.59,84.2,2.245,2.043,True
DH-04-243,MOIL-UK-04,806.04,108.46,21.968974,80.471026,372.72,11.7,66.1,38.9,333.82,54.4,Gondite (Manganiferous Quartzite),21.15,10.62,47.66,0.1936,3.49,93.4,2.541,2.381,True
DH-04-243,MOIL-UK-04,806.04,108.46,21.968974,80.471026,372.72,66.1,75.8,70.95,301.77,9.7,Banded Hematite-Manganese Quartzite,19.69,13.55,46.1,0.2651,3.24,92.3,2.591,2.078,True
DH-04-243,MOIL-UK-04,806.04,108.46,21.968974,80.471026,372.72,75.8,96.6,86.2,286.52,20.8,Quartz-Muscovite Schist,2.6,3.01,59.93,0.0702,2.95,89.6,1.506,2.555,True
DH-04-243,MOIL-UK-04,806.04,108.46,21.968974,80.471026,372.72,96.6,105.7,101.15,271.57,9.1,Quartz-Muscovite Schist,3.23,6.67,55.92,0.1578,2.65,85.2,1.909,2.549,True
DH-04-243,MOIL-UK-04,806.04,108.46,21.968974,80.471026,372.72,105.7,110.1,107.9,264.82,4.4,Calc-Silicate Granulite,6.4,6.05,68.76,0.1313,2.91,84.1,2.003,2.6,True
DH-04-243,MOIL-UK-04,806.04,108.46,21.968974,80.471026,372.72,110.1,112.5,111.3,261.42,2.4,Quartz-Muscovite Schist,8.9,5.04,51.27,0.0558,2.73,84.7,2.046,2.319,True
DH-04-243,MOIL-UK-04,806.04,108.46,21.968974,80.471026,372.72,112.5,119.5,116.0,256.72,7.0,Calc-Silicate Granulite,8.12,4.48,54.13,0.1113,3.01,84.2,1.393,2.357,True
DH-04-244,MOIL-UK-04,-351.75,-686.8,21.96183,80.459785,373.59,0.0,53.6,26.8,346.79,53.6,High-Grade Braunite Ore,35.16,6.96,18.8,0.1507,3.88,87.4,2.117,1.332,True
DH-04-244,MOIL-UK-04,-351.75,-686.8,21.96183,80.459785,373.59,53.6,61.2,57.4,316.19,7.6,High-Grade Braunite Ore,33.31,7.07,19.92,0.0722,3.93,95.9,2.158,1.575,True
DH-04-244,MOIL-UK-04,-351.75,-686.8,21.96183,80.459785,373.59,61.2,73.6,67.4,306.19,12.4,High-Grade Braunite Ore,31.72,6.99,21.72,0.2115,3.93,95.0,2.012,1.435,True
DH-04-244,MOIL-UK-04,-351.75,-686.8,21.96183,80.459785,373.59,73.6,103.2,88.4,285.19,29.6,High-Grade Braunite Ore,32.89,7.06,16.78,0.0609,3.84,94.0,1.897,1.445,True
DH-04-244,MOIL-UK-04,-351.75,-686.8,21.96183,80.459785,373.59,103.2,114.5,108.85,264.74,11.3,Quartz-Muscovite Schist,9.04,5.44,62.92,0.0904,3.05,99.0,1.722,2.6,True
DH-04-244,MOIL-UK-04,-351.75,-686.8,21.96183,80.459785,373.59,114.5,120.4,117.45,256.14,5.9,Quartz-Muscovite Schist,7.99,5.39,50.64,0.1014,3.02,90.3,1.767,2.368,True
DH-04-244,MOIL-UK-04,-351.75,-686.8,21.96183,80.459785,373.59,120.4,126.7,123.55,250.04,6.3,Calc-Silicate Granulite,4.62,7.04,61.98,0.1139,2.94,88.6,2.164,2.6,True
DH-04-245,MOIL-UK-04,-779.23,678.29,21.974093,80.455635,378.19,0.0,25.8,12.9,365.29,25.8,Phyllite & Weathered Overburden,5.6,6.46,59.0,0.1195,2.55,95.1,2.018,2.6,True
DH-04-245,MOIL-UK-04,-779.23,678.29,21.974093,80.455635,378.19,25.8,36.2,31.0,347.19,10.4,Quartz-Muscovite Schist,8.31,5.27,70.39,0.1092,2.76,88.0,1.734,2.6,True
DH-04-245,MOIL-UK-04,-779.23,678.29,21.974093,80.455635,378.19,36.3,59.5,47.9,330.29,23.2,Quartz-Muscovite Schist,5.24,4.63,63.78,0.1698,2.72,92.1,1.762,2.6,True
DH-04-245,MOIL-UK-04,-779.23,678.29,21.974093,80.455635,378.19,59.5,109.3,84.4,293.79,49.8,Quartz-Muscovite Schist,8.82,9.3,57.05,0.1099,2.74,88.9,2.578,2.584,True
DH-04-245,MOIL-UK-04,-779.23,678.29,21.974093,80.455635,378.19,109.3,125.2,117.25,260.94,15.9,Calc-Silicate Granulite,9.83,6.0,71.89,0.0757,2.69,98.8,1.859,2.6,True
DH-04-246,MOIL-UK-04,-25.55,-830.82,21.960537,80.462952,357.14,0.0,9.8,4.9,352.24,9.8,Phyllite & Weathered Overburden,7.62,6.51,57.13,0.0665,2.7,93.0,1.907,2.6,True
DH-04-246,MOIL-UK-04,-25.55,-830.82,21.960537,80.462952,357.14,9.8,27.8,18.8,338.34,18.0,Gondite (Manganiferous Quartzite),26.43,13.8,37.63,0.1969,3.56,87.3,2.9,2.059,True
DH-04-246,MOIL-UK-04,-25.55,-830.82,21.960537,80.462952,357.14,27.8,79.4,53.6,303.54,51.6,Gondite (Manganiferous Quartzite),18.96,11.99,36.37,0.2377,3.4,93.4,2.463,2.032,True
DH-04-246,MOIL-UK-04,-25.55,-830.82,21.960537,80.462952,357.14,79.4,81.5,80.45,276.69,2.1,Gondite (Manganiferous Quartzite),25.59,8.34,47.29,0.2612,3.38,96.4,2.257,2.343,True
DH-04-246,MOIL-UK-04,-25.55,-830.82,21.960537,80.462952,357.14,81.5,82.9,82.2,274.94,1.4,Gondite (Manganiferous Quartzite),29.47,15.74,35.1,0.3101,3.6,89.6,3.247,1.923,True
DH-04-246,MOIL-UK-04,-25.55,-830.82,21.960537,80.462952,357.14,82.9,144.8,113.85,243.29,61.9,Quartz-Muscovite Schist,11.01,5.61,62.87,0.0516,2.78,89.4,1.907,2.6,True
DH-04-246,MOIL-UK-04,-25.55,-830.82,21.960537,80.462952,357.14,144.8,157.0,150.9,206.24,12.2,Quartz-Muscovite Schist,3.64,3.84,61.24,0.0603,2.88,98.0,1.765,2.6,True
DH-04-247,MOIL-UK-04,-1130.43,176.1,21.969582,80.452225,386.93,0.0,12.1,6.05,380.88,12.1,Phyllite & Weathered Overburden,7.19,5.17,65.77,0.0478,2.55,95.3,1.857,2.6,True
DH-04-247,MOIL-UK-04,-1130.43,176.1,21.969582,80.452225,386.93,12.1,26.2,19.15,367.78,14.1,Phyllite & Weathered Overburden,4.03,8.18,60.97,0.1315,2.57,98.6,2.229,2.546,True
DH-04-247,MOIL-UK-04,-1130.43,176.1,21.969582,80.452225,386.93,26.2,40.1,33.15,353.78,13.9,Calc-Silicate Granulite,5.56,9.16,71.57,0.1011,3.0,92.4,2.619,2.6,True
DH-04-247,MOIL-UK-04,-1130.43,176.1,21.969582,80.452225,386.93,40.1,77.1,58.6,328.33,37.0,Calc-Silicate Granulite,4.32,6.97,67.76,0.1229,3.02,93.9,1.983,2.6,True
DH-04-247,MOIL-UK-04,-1130.43,176.1,21.969582,80.452225,386.93,77.1,129.5,103.3,283.63,52.4,Quartz-Muscovite Schist,8.52,9.57,71.73,0.1492,2.88,96.6,2.274,2.6,True
DH-04-248,MOIL-UK-04,892.41,1127.54,21.978129,80.471864,362.07,0.0,1.1,0.55,361.52,1.1,Phyllite & Weathered Overburden,8.04,7.0,48.61,0.0894,2.54,91.1,1.881,2.233,True
DH-04-248,MOIL-UK-04,892.41,1127.54,21.978129,80.471864,362.07,1.1,9.5,5.3,356.77,8.4,Phyllite & Weathered Overburden,8.28,5.27,66.91,0.1131,2.78,93.5,1.417,2.6,True
DH-04-248,MOIL-UK-04,892.41,1127.54,21.978129,80.471864,362.07,9.5,49.8,29.65,332.42,40.3,Gondite (Manganiferous Quartzite),26.6,9.3,41.89,0.2654,3.43,91.5,2.346,2.079,True
DH-04-248,MOIL-UK-04,892.41,1127.54,21.978129,80.471864,362.07,49.8,91.1,70.45,291.62,41.3,High-Grade Braunite Ore,28.12,5.32,10.48,0.0867,3.99,87.7,2.014,1.117,True
DH-04-248,MOIL-UK-04,892.41,1127.54,21.978129,80.471864,362.07,91.1,96.9,94.0,268.07,5.8,Gondite (Manganiferous Quartzite),24.7,13.83,25.82,0.193,3.46,90.9,2.901,1.622,True
DH-04-248,MOIL-UK-04,892.41,1127.54,21.978129,80.471864,362.07,96.9,114.2,105.55,256.52,17.3,Quartz-Muscovite Schist,2.37,7.51,71.39,0.1772,2.84,89.6,2.044,2.6,True
DH-04-248,MOIL-UK-04,892.41,1127.54,21.978129,80.471864,362.07,114.2,128.7,121.45,240.62,14.5,Quartz-Muscovite Schist,11.07,7.26,66.86,0.1462,2.91,84.1,2.186,2.6,True
DH-04-248,MOIL-UK-04,892.41,1127.54,21.978129,80.471864,362.07,128.7,137.6,133.15,228.92,8.9,Quartz-Muscovite Schist,6.47,5.06,67.64,0.1406,3.02,86.9,1.864,2.6,True
DH-04-249,MOIL-UK-04,-613.83,968.6,21.976701,80.457241,349.97,0.0,19.6,9.8,340.17,19.6,Phyllite & Weathered Overburden,4.32,6.21,49.81,0.1081,2.5,91.4,2.041,2.42,True
DH-04-249,MOIL-UK-04,-613.83,968.6,21.976701,80.457241,349.97,19.6,24.0,21.8,328.17,4.4,Calc-Silicate Granulite,7.4,6.76,63.0,0.0952,2.65,90.9,2.093,2.6,True
DH-04-249,MOIL-UK-04,-613.83,968.6,21.976701,80.457241,349.97,24.0,26.0,25.0,324.97,2.0,Quartz-Muscovite Schist,10.12,5.1,67.94,0.1053,2.69,99.0,1.839,2.6,True
DH-04-249,MOIL-UK-04,-613.83,968.6,21.976701,80.457241,349.97,26.0,76.4,51.2,298.77,50.4,Quartz-Muscovite Schist,9.35,9.09,58.52,0.1354,2.95,86.8,2.503,2.516,True
DH-04-249,MOIL-UK-04,-613.83,968.6,21.976701,80.457241,349.97,76.4,99.1,87.75,262.22,22.7,Calc-Silicate Granulite,7.82,8.61,63.44,0.0734,2.87,94.4,2.199,2.6,True
DH-04-249,MOIL-UK-04,-613.83,968.6,21.976701,80.457241,349.97,99.1,122.2,110.65,239.32,23.1,Calc-Silicate Granulite,4.01,6.8,65.79,0.1645,2.91,89.8,2.133,2.6,True
DH-04-250,MOIL-UK-04,624.09,-703.72,21.961678,80.469259,379.77,0.0,9.6,4.8,374.97,9.6,Phyllite & Weathered Overburden,2.64,6.43,45.72,0.0965,2.43,90.0,2.116,2.201,True
DH-04-250,MOIL-UK-04,624.09,-703.72,21.961678,80.469259,379.77,9.6,36.8,23.2,356.57,27.2,Phyllite & Weathered Overburden,3.57,9.72,65.58,0.0436,2.72,99.0,2.445,2.6,True
DH-04-250,MOIL-UK-04,624.09,-703.72,21.961678,80.469259,379.77,36.8,40.1,38.45,341.32,3.3,Quartz-Muscovite Schist,9.35,8.95,57.79,0.1221,2.9,89.2,2.426,2.369,True
DH-04-250,MOIL-UK-04,624.09,-703.72,21.961678,80.469259,379.77,40.1,63.9,52.0,327.77,23.8,Quartz-Muscovite Schist,9.26,9.41,60.07,0.1336,2.69,96.4,2.315,2.6,True
DH-04-250,MOIL-UK-04,624.09,-703.72,21.961678,80.469259,379.77,63.9,69.9,66.9,312.87,6.0,Quartz-Muscovite Schist,9.84,4.8,61.64,0.1749,2.69,95.8,1.82,2.6,True
DH-04-251,MOIL-UK-04,1040.78,593.01,21.973327,80.473305,356.57,0.0,3.4,1.7,354.87,3.4,Phyllite & Weathered Overburden,6.31,8.19,45.89,0.0438,2.44,91.5,2.16,1.985,True
DH-04-251,MOIL-UK-04,1040.78,593.01,21.973327,80.473305,356.57,3.4,11.9,7.65,348.92,8.5,Phyllite & Weathered Overburden,5.89,10.05,50.77,0.0573,2.51,95.4,2.336,2.423,True
DH-04-251,MOIL-UK-04,1040.78,593.01,21.973327,80.473305,356.57,12.0,22.0,17.0,339.57,10.0,Phyllite & Weathered Overburden,4.25,7.32,57.96,0.1338,2.55,89.1,2.258,2.539,True
DH-04-251,MOIL-UK-04,1040.78,593.01,21.973327,80.473305,356.57,22.0,24.8,23.4,333.17,2.8,Calc-Silicate Granulite,11.36,7.88,51.12,0.0881,2.67,86.9,2.163,2.263,True
DH-04-251,MOIL-UK-04,1040.78,593.01,21.973327,80.473305,356.57,24.8,86.7,55.75,300.82,61.9,Banded Hematite-Manganese Quartzite,18.47,15.62,38.14,0.1813,3.41,99.0,2.989,1.902,True
DH-04-252,MOIL-UK-04,-653.38,-955.59,21.959416,80.456857,381.45,0.0,38.3,19.15,362.3,38.3,Gondite (Manganiferous Quartzite),30.62,13.34,47.35,0.2865,3.35,83.1,2.642,2.211,True
DH-04-252,MOIL-UK-04,-653.38,-955.59,21.959416,80.456857,381.45,38.3,41.2,39.75,341.7,2.9,High-Grade Braunite Ore,30.94,8.66,21.7,0.1627,4.0,89.9,2.13,1.449,True
DH-04-252,MOIL-UK-04,-653.38,-955.59,21.959416,80.456857,381.45,41.2,44.3,42.75,338.7,3.1,High-Grade Braunite Ore,28.65,4.5,12.37,0.0901,4.17,90.5,1.672,1.045,True
DH-04-252,MOIL-UK-04,-653.38,-955.59,21.959416,80.456857,381.45,44.3,63.9,54.1,327.35,19.6,Medium-Grade Pyrolusite Bed,29.59,7.17,11.18,0.1865,4.07,88.0,2.007,1.381,True
DH-04-252,MOIL-UK-04,-653.38,-955.59,21.959416,80.456857,381.45,63.9,69.9,66.9,314.55,6.0,High-Grade Braunite Ore,32.57,7.07,15.62,0.1785,4.24,88.5,1.993,1.389,True
DH-04-253,MOIL-UK-04,467.09,-283.59,21.965453,80.467735,351.62,0.0,28.2,14.1,337.52,28.2,Phyllite & Weathered Overburden,3.19,8.93,46.78,0.1444,2.64,96.2,2.347,2.215,True
DH-04-253,MOIL-UK-04,467.09,-283.59,21.965453,80.467735,351.62,28.2,34.6,31.4,320.22,6.4,Gondite (Manganiferous Quartzite),29.1,13.62,27.14,0.1232,3.29,98.0,2.956,1.616,True
DH-04-253,MOIL-UK-04,467.09,-283.59,21.965453,80.467735,351.62,34.8,38.1,36.45,315.17,3.3,Banded Hematite-Manganese Quartzite,20.01,9.65,34.21,0.268,3.34,99.0,2.8,1.869,True
DH-04-253,MOIL-UK-04,467.09,-283.59,21.965453,80.467735,351.62,38.1,121.8,79.95,271.67,83.7,Gondite (Manganiferous Quartzite),21.03,11.61,27.22,0.187,3.48,94.9,2.527,1.741,True
DH-04-253,MOIL-UK-04,467.09,-283.59,21.965453,80.467735,351.62,121.8,144.8,133.3,218.32,23.0,Quartz-Muscovite Schist,6.56,8.85,60.98,0.1348,2.91,97.8,2.119,2.6,True
DH-04-254,MOIL-UK-04,-1044.46,-378.78,21.964597,80.45306,394.47,0.0,17.7,8.85,385.62,17.7,Phyllite & Weathered Overburden,2.85,6.55,53.73,0.0796,2.56,99.0,1.924,2.541,True
DH-04-254,MOIL-UK-04,-1044.46,-378.78,21.964597,80.45306,394.47,17.7,26.0,21.85,372.62,8.3,Calc-Silicate Granulite,9.05,6.83,59.83,0.1553,2.75,97.0,2.059,2.6,True
DH-04-254,MOIL-UK-04,-1044.46,-378.78,21.964597,80.45306,394.47,26.0,29.3,27.65,366.82,3.3,Quartz-Muscovite Schist,10.69,8.72,63.23,0.1479,2.82,95.1,2.184,2.6,True
DH-04-254,MOIL-UK-04,-1044.46,-378.78,21.964597,80.45306,394.47,29.3,36.9,33.1,361.37,7.6,Quartz-Muscovite Schist,9.66,6.54,61.21,0.1443,2.85,93.2,1.773,2.6,True
DH-04-254,MOIL-UK-04,-1044.46,-378.78,21.964597,80.45306,394.47,37.5,53.4,45.45,349.02,15.9,Quartz-Muscovite Schist,5.54,3.02,63.5,0.0539,2.85,96.3,1.612,2.6,True
DH-04-254,MOIL-UK-04,-1044.46,-378.78,21.964597,80.45306,394.47,53.4,61.3,57.35,337.12,7.9,Banded Hematite-Manganese Quartzite,27.53,12.88,28.91,0.301,3.31,88.8,2.706,1.645,True
DH-04-254,MOIL-UK-04,-1044.46,-378.78,21.964597,80.45306,394.47,61.3,71.6,66.45,328.02,10.3,Calc-Silicate Granulite,9.19,7.85,67.43,0.0834,2.83,96.8,2.071,2.6,True
DH-04-255,MOIL-UK-04,-924.85,674.5,21.974059,80.454221,381.03,0.0,5.2,2.6,378.43,5.2,Phyllite & Weathered Overburden,7.21,8.4,52.31,0.0554,2.43,85.3,2.464,2.325,True
DH-04-255,MOIL-UK-04,-924.85,674.5,21.974059,80.454221,381.03,5.2,56.3,30.75,350.28,51.1,Phyllite & Weathered Overburden,7.76,5.8,64.22,0.1103,2.54,86.6,1.793,2.6,True
DH-04-255,MOIL-UK-04,-924.85,674.5,21.974059,80.454221,381.03,56.3,57.3,56.8,324.23,1.0,Quartz-Muscovite Schist,3.79,8.59,54.18,0.1438,2.78,92.5,2.316,2.398,True
DH-04-255,MOIL-UK-04,-924.85,674.5,21.974059,80.454221,381.03,57.3,76.9,67.1,313.93,19.6,Quartz-Muscovite Schist,3.06,6.4,53.11,0.1068,2.69,91.8,2.07,2.28,True
DH-04-255,MOIL-UK-04,-924.85,674.5,21.974059,80.454221,381.03,76.9,87.5,82.2,298.83,10.6,Quartz-Muscovite Schist,7.16,6.49,51.42,0.0688,3.0,85.1,2.072,2.544,True
DH-04-255,MOIL-UK-04,-924.85,674.5,21.974059,80.454221,381.03,87.5,100.0,93.75,287.28,12.5,Quartz-Muscovite Schist,5.48,5.71,62.22,0.0683,2.8,98.5,1.961,2.6,True
DH-04-255,MOIL-UK-04,-924.85,674.5,21.974059,80.454221,381.03,100.0,107.7,103.85,277.18,7.7,Calc-Silicate Granulite,2.19,9.1,66.08,0.0913,2.85,88.3,2.136,2.6,True
DH-04-255,MOIL-UK-04,-924.85,674.5,21.974059,80.454221,381.03,107.7,122.1,114.9,266.13,14.4,Calc-Silicate Granulite,9.45,6.83,56.13,0.1621,3.04,96.2,2.169,2.442,True
DH-04-256,MOIL-UK-04,1097.37,-32.12,21.967711,80.473854,378.71,0.0,15.1,7.55,371.16,15.1,Phyllite & Weathered Overburden,8.88,6.1,57.44,0.0509,2.53,92.2,2.089,2.6,True
DH-04-256,MOIL-UK-04,1097.37,-32.12,21.967711,80.473854,378.71,15.1,19.6,17.35,361.36,4.5,Quartz-Muscovite Schist,2.18,5.72,53.21,0.0799,2.9,85.3,1.905,2.345,True
DH-04-256,MOIL-UK-04,1097.37,-32.12,21.967711,80.473854,378.71,19.6,20.7,20.15,358.56,1.1,Calc-Silicate Granulite,11.85,5.57,67.13,0.0923,2.84,86.4,2.176,2.6,True
DH-04-256,MOIL-UK-04,1097.37,-32.12,21.967711,80.473854,378.71,20.7,32.3,26.5,352.21,11.6,Calc-Silicate Granulite,5.28,9.23,65.19,0.0689,2.89,89.9,2.402,2.6,True
DH-04-256,MOIL-UK-04,1097.37,-32.12,21.967711,80.473854,378.71,32.3,45.2,38.75,339.96,12.9,Quartz-Muscovite Schist,10.43,9.52,70.45,0.051,3.02,99.0,2.113,2.6,True
DH-04-256,MOIL-UK-04,1097.37,-32.12,21.967711,80.473854,378.71,45.2,59.5,52.35,326.36,14.3,Quartz-Muscovite Schist,6.53,9.54,55.29,0.0856,3.02,92.3,2.42,2.409,True
DH-04-256,MOIL-UK-04,1097.37,-32.12,21.967711,80.473854,378.71,59.5,72.1,65.8,312.91,12.6,Quartz-Muscovite Schist,3.31,8.97,53.08,0.1021,2.68,94.6,2.623,2.6,True
DH-04-256,MOIL-UK-04,1097.37,-32.12,21.967711,80.473854,378.71,72.1,140.6,106.35,272.36,68.5,Quartz-Muscovite Schist,9.26,6.79,70.52,0.1122,2.87,90.1,1.812,2.6,True
DH-04-257,MOIL-UK-04,131.62,533.36,21.972791,80.464478,390.2,0.0,34.6,17.3,372.9,34.6,Gondite (Manganiferous Quartzite),24.41,13.55,46.9,0.1791,3.34,93.4,2.956,2.14,True
DH-04-257,MOIL-UK-04,131.62,533.36,21.972791,80.464478,390.2,34.6,93.3,63.95,326.25,58.7,High-Grade Braunite Ore,33.33,7.6,10.84,0.0931,3.92,86.6,2.018,1.355,True
DH-04-257,MOIL-UK-04,131.62,533.36,21.972791,80.464478,390.2,93.3,94.7,94.0,296.2,1.4,Gondite (Manganiferous Quartzite),22.97,11.61,25.3,0.2741,3.22,99.0,2.674,1.75,True
DH-04-257,MOIL-UK-04,131.62,533.36,21.972791,80.464478,390.2,94.7,104.9,99.8,290.4,10.2,Gondite (Manganiferous Quartzite),30.25,12.35,28.47,0.2957,3.22,97.0,2.781,1.772,True
DH-04-257,MOIL-UK-04,131.62,533.36,21.972791,80.464478,390.2,104.9,116.2,110.55,279.65,11.3,Quartz-Muscovite Schist,10.92,3.37,63.41,0.0662,2.68,84.5,1.485,2.6,True
DH-04-257,MOIL-UK-04,131.62,533.36,21.972791,80.464478,390.2,116.2,147.2,131.7,258.5,31.0,Quartz-Muscovite Schist,10.46,8.13,63.53,0.1628,2.72,94.8,2.275,2.6,True
DH-04-258,MOIL-UK-04,859.63,-5.67,21.967949,80.471546,374.75,0.0,16.6,8.3,366.45,16.6,Phyllite & Weathered Overburden,5.55,5.13,54.01,0.0482,2.59,91.3,1.618,2.234,True
DH-04-258,MOIL-UK-04,859.63,-5.67,21.967949,80.471546,374.75,16.6,17.7,17.15,357.6,1.1,Quartz-Muscovite Schist,5.37,8.01,58.13,0.105,2.88,90.0,2.136,2.57,True
DH-04-258,MOIL-UK-04,859.63,-5.67,21.967949,80.471546,374.75,17.7,26.0,21.85,352.9,8.3,Quartz-Muscovite Schist,11.89,6.39,60.3,0.1338,2.87,91.9,2.134,2.6,True
DH-04-258,MOIL-UK-04,859.63,-5.67,21.967949,80.471546,374.75,26.0,46.6,36.3,338.45,20.6,Quartz-Muscovite Schist,8.22,6.19,60.07,0.0521,2.72,91.8,2.226,2.6,True
DH-04-258,MOIL-UK-04,859.63,-5.67,21.967949,80.471546,374.75,46.6,93.8,70.2,304.55,47.2,Calc-Silicate Granulite,6.99,5.41,52.31,0.1746,2.99,86.8,1.908,2.355,True
DH-04-258,MOIL-UK-04,859.63,-5.67,21.967949,80.471546,374.75,93.8,110.6,102.2,272.55,16.8,Quartz-Muscovite Schist,10.27,4.35,65.61,0.058,3.02,89.4,1.626,2.479,True
DH-04-258,MOIL-UK-04,859.63,-5.67,21.967949,80.471546,374.75,110.6,119.4,115.0,259.75,8.8,Quartz-Muscovite Schist,11.9,7.55,52.8,0.1158,2.86,88.9,2.554,2.465,True
DH-04-258,MOIL-UK-04,859.63,-5.67,21.967949,80.471546,374.75,119.4,142.5,130.95,243.8,23.1,Quartz-Muscovite Schist,7.47,7.78,51.88,0.1314,2.76,92.2,2.224,2.538,True
DH-04-259,MOIL-UK-04,493.55,-914.63,21.959784,80.467992,374.56,0.0,2.8,1.4,373.16,2.8,Phyllite & Weathered Overburden,7.66,8.97,67.97,0.1448,2.66,85.9,2.143,2.6,True
DH-04-259,MOIL-UK-04,493.55,-914.63,21.959784,80.467992,374.56,2.8,9.4,6.1,368.46,6.6,Phyllite & Weathered Overburden,4.79,11.6,52.87,0.0568,2.63,94.1,2.658,2.285,True
DH-04-259,MOIL-UK-04,493.55,-914.63,21.959784,80.467992,374.56,9.4,19.3,14.35,360.21,9.9,Phyllite & Weathered Overburden,3.38,11.93,50.6,0.1322,2.59,94.1,2.428,2.29,True
DH-04-259,MOIL-UK-04,493.55,-914.63,21.959784,80.467992,374.56,19.3,28.6,23.95,350.61,9.3,Calc-Silicate Granulite,2.5,3.96,67.44,0.1067,2.7,81.4,1.739,2.6,True
DH-04-259,MOIL-UK-04,493.55,-914.63,21.959784,80.467992,374.56,28.6,79.8,54.2,320.36,51.2,Quartz-Muscovite Schist,8.24,4.23,53.49,0.1036,2.68,92.6,1.645,2.573,True
DH-04-259,MOIL-UK-04,493.55,-914.63,21.959784,80.467992,374.56,79.8,109.5,94.65,279.91,29.7,Quartz-Muscovite Schist,7.48,8.62,63.85,0.1524,2.93,96.8,1.955,2.6,True
DH-04-259,MOIL-UK-04,493.55,-914.63,21.959784,80.467992,374.56,109.5,137.5,123.5,251.06,28.0,Calc-Silicate Granulite,7.2,9.95,68.84,0.0896,2.77,99.0,2.064,2.6,True
DH-04-259,MOIL-UK-04,493.55,-914.63,21.959784,80.467992,374.56,137.5,156.6,147.05,227.51,19.1,Calc-Silicate Granulite,9.52,8.18,68.27,0.1594,2.88,99.0,2.007,2.6,True
DH-04-260,MOIL-UK-04,1083.67,-742.32,21.961332,80.473721,390.78,0.0,14.5,7.25,383.53,14.5,Phyllite & Weathered Overburden,7.02,10.84,45.3,0.079,2.7,90.4,2.574,2.116,True
DH-04-260,MOIL-UK-04,1083.67,-742.32,21.961332,80.473721,390.78,14.5,22.4,18.45,372.33,7.9,Phyllite & Weathered Overburden,3.65,6.99,47.57,0.1095,2.5,90.5,2.067,2.312,True
DH-04-260,MOIL-UK-04,1083.67,-742.32,21.961332,80.473721,390.78,22.4,65.0,43.7,347.08,42.6,Quartz-Muscovite Schist,5.62,8.07,70.01,0.0533,2.83,84.8,1.972,2.6,True
DH-04-260,MOIL-UK-04,1083.67,-742.32,21.961332,80.473721,390.78,65.0,76.2,70.6,320.18,11.2,Quartz-Muscovite Schist,4.49,4.87,69.34,0.0711,2.68,84.5,1.778,2.6,True
DH-04-260,MOIL-UK-04,1083.67,-742.32,21.961332,80.473721,390.78,76.2,78.4,77.3,313.48,2.2,Calc-Silicate Granulite,6.45,7.39,68.67,0.0799,2.98,87.1,2.236,2.6,True
DH-04-261,MOIL-UK-04,514.23,-677.37,21.961915,80.468193,353.83,0.0,2.6,1.3,352.53,2.6,Phyllite & Weathered Overburden,8.44,8.02,49.68,0.1011,2.49,84.9,2.176,2.342,True
DH-04-261,MOIL-UK-04,514.23,-677.37,21.961915,80.468193,353.83,2.6,33.6,18.1,335.73,31.0,Phyllite & Weathered Overburden,4.74,9.01,67.93,0.1345,2.4,96.5,2.346,2.6,True
DH-04-261,MOIL-UK-04,514.23,-677.37,21.961915,80.468193,353.83,33.6,40.8,37.2,316.63,7.2,Quartz-Muscovite Schist,3.89,6.28,67.8,0.17,2.74,92.7,2.03,2.6,True
DH-04-261,MOIL-UK-04,514.23,-677.37,21.961915,80.468193,353.83,40.8,66.5,53.65,300.18,25.7,Quartz-Muscovite Schist,2.45,9.59,64.04,0.161,3.05,92.9,2.484,2.6,True
DH-04-261,MOIL-UK-04,514.23,-677.37,21.961915,80.468193,353.83,66.5,89.4,77.95,275.88,22.9,Quartz-Muscovite Schist,5.78,7.72,58.7,0.112,2.69,85.2,2.309,2.558,True
DH-04-262,MOIL-UK-04,-1149.61,-825.75,21.960582,80.452039,384.07,0.0,25.3,12.65,371.42,25.3,Phyllite & Weathered Overburden,5.68,10.47,62.69,0.079,2.68,94.2,2.532,2.6,True
DH-04-262,MOIL-UK-04,-1149.61,-825.75,21.960582,80.452039,384.07,25.3,42.6,33.95,350.12,17.3,Banded Hematite-Manganese Quartzite,29.34,12.13,33.86,0.1314,3.41,91.8,2.587,1.944,True
DH-04-262,MOIL-UK-04,-1149.61,-825.75,21.960582,80.452039,384.07,42.6,64.4,53.5,330.57,21.8,Banded Hematite-Manganese Quartzite,23.57,12.63,35.65,0.1537,3.21,91.1,2.887,1.937,True
DH-04-262,MOIL-UK-04,-1149.61,-825.75,21.960582,80.452039,384.07,64.4,71.4,67.9,316.17,7.0,Banded Hematite-Manganese Quartzite,28.51,10.15,45.29,0.131,3.72,95.7,2.432,2.388,True
DH-04-262,MOIL-UK-04,-1149.61,-825.75,21.960582,80.452039,384.07,71.4,87.6,79.5,304.57,16.2,Quartz-Muscovite Schist,9.71,4.17,51.08,0.1014,2.99,86.8,1.737,2.523,True
DH-04-262,MOIL-UK-04,-1149.61,-825.75,21.960582,80.452039,384.07,87.6,133.8,110.7,273.37,46.2,Quartz-Muscovite Schist,9.76,7.6,60.26,0.1754,3.0,99.0,2.18,2.492,True
DH-04-263,MOIL-UK-04,283.25,181.06,21.969626,80.46595,364.71,0.0,11.3,5.65,359.06,11.3,Phyllite & Weathered Overburden,6.21,10.69,59.95,0.1027,2.68,90.3,2.616,2.591,True
DH-04-263,MOIL-UK-04,283.25,181.06,21.969626,80.46595,364.71,11.3,67.5,39.4,325.31,56.2,Medium-Grade Pyrolusite Bed,30.86,5.86,12.62,0.0679,4.02,90.3,1.81,1.254,True
DH-04-263,MOIL-UK-04,283.25,181.06,21.969626,80.46595,364.71,67.5,80.8,74.15,290.56,13.3,Medium-Grade Pyrolusite Bed,31.07,5.24,18.39,0.1187,3.99,88.4,1.926,1.337,True
DH-04-263,MOIL-UK-04,283.25,181.06,21.969626,80.46595,364.71,80.8,83.0,81.9,282.81,2.2,Medium-Grade Pyrolusite Bed,35.38,4.9,17.88,0.0817,4.02,91.0,1.77,1.381,True
DH-04-264,MOIL-UK-04,234.68,-317.92,21.965144,80.465478,380.25,0.0,81.8,40.9,339.35,81.8,Gondite (Manganiferous Quartzite),26.39,11.22,35.85,0.2633,3.68,85.7,2.484,1.837,True
DH-04-264,MOIL-UK-04,234.68,-317.92,21.965144,80.465478,380.25,81.8,91.0,86.4,293.85,9.2,Gondite (Manganiferous Quartzite),25.52,9.43,40.26,0.3182,3.65,92.4,2.26,2.117,True
DH-04-264,MOIL-UK-04,234.68,-317.92,21.965144,80.465478,380.25,91.0,95.5,93.25,287.0,4.5,Quartz-Muscovite Schist,4.96,3.43,60.47,0.0851,2.94,92.9,1.788,2.6,True
DH-04-264,MOIL-UK-04,234.68,-317.92,21.965144,80.465478,380.25,95.5,100.1,97.8,282.45,4.6,Quartz-Muscovite Schist,6.26,8.4,68.55,0.1424,2.85,95.8,2.47,2.6,True
DH-04-264,MOIL-UK-04,234.68,-317.92,21.965144,80.465478,380.25,100.1,131.6,115.85,264.4,31.5,Quartz-Muscovite Schist,6.39,7.91,66.21,0.1361,2.87,97.1,2.098,2.6,True
DH-04-265,MOIL-UK-04,-1053.35,826.94,21.975428,80.452973,378.7,0.0,15.3,7.65,371.05,15.3,Phyllite & Weathered Overburden,7.88,10.22,46.35,0.063,2.62,88.3,2.355,2.266,True
DH-04-265,MOIL-UK-04,-1053.35,826.94,21.975428,80.452973,378.7,15.3,68.9,42.1,336.6,53.6,Calc-Silicate Granulite,11.17,8.01,66.22,0.1532,2.79,99.0,2.11,2.6,True
DH-04-265,MOIL-UK-04,-1053.35,826.94,21.975428,80.452973,378.7,68.9,82.1,75.5,303.2,13.2,Quartz-Muscovite Schist,10.96,3.9,55.84,0.1695,3.03,91.9,1.339,2.466,True
DH-04-265,MOIL-UK-04,-1053.35,826.94,21.975428,80.452973,378.7,82.1,115.4,98.75,279.95,33.3,Quartz-Muscovite Schist,3.07,5.94,70.06,0.0954,2.96,89.8,1.668,2.6,True
DH-04-265,MOIL-UK-04,-1053.35,826.94,21.975428,80.452973,378.7,115.4,130.7,123.05,255.65,15.3,Quartz-Muscovite Schist,5.57,8.92,71.75,0.1779,2.82,91.6,2.026,2.6,True
DH-04-265,MOIL-UK-04,-1053.35,826.94,21.975428,80.452973,378.7,130.7,135.6,133.15,245.55,4.9,Calc-Silicate Granulite,8.97,6.75,69.76,0.1554,2.78,92.2,1.746,2.6,True
DH-04-265,MOIL-UK-04,-1053.35,826.94,21.975428,80.452973,378.7,135.6,143.4,139.5,239.2,7.8,Calc-Silicate Granulite,1.83,8.97,53.03,0.1656,3.02,96.8,2.527,2.397,True
DH-04-266,MOIL-UK-04,779.24,-1011.56,21.958913,80.470765,374.13,0.0,21.9,10.95,363.18,21.9,Phyllite & Weathered Overburden,5.47,8.02,54.44,0.0955,2.55,93.8,2.148,2.51,True
DH-04-266,MOIL-UK-04,779.24,-1011.56,21.958913,80.470765,374.13,21.9,44.0,32.95,341.18,22.1,Quartz-Muscovite Schist,3.89,9.27,57.51,0.0902,2.94,99.0,2.316,2.531,True
DH-04-266,MOIL-UK-04,779.24,-1011.56,21.958913,80.470765,374.13,44.0,56.3,50.15,323.98,12.3,Quartz-Muscovite Schist,8.11,7.62,66.14,0.1666,2.82,87.4,2.031,2.6,True
DH-04-266,MOIL-UK-04,779.24,-1011.56,21.958913,80.470765,374.13,56.3,73.3,64.8,309.33,17.0,Quartz-Muscovite Schist,9.0,3.09,56.95,0.1514,2.92,95.4,1.707,2.587,True
DH-04-266,MOIL-UK-04,779.24,-1011.56,21.958913,80.470765,374.13,73.3,82.7,78.0,296.13,9.4,Quartz-Muscovite Schist,11.83,6.98,54.46,0.0881,2.93,94.1,2.232,2.433,True
DH-04-266,MOIL-UK-04,779.24,-1011.56,21.958913,80.470765,374.13,82.7,87.1,84.9,289.23,4.4,Quartz-Muscovite Schist,8.43,5.31,69.3,0.064,2.67,88.7,1.763,2.6,True
DH-04-266,MOIL-UK-04,779.24,-1011.56,21.958913,80.470765,374.13,87.1,119.8,103.45,270.68,32.7,Quartz-Muscovite Schist,5.36,7.69,54.96,0.0812,2.88,93.7,2.237,2.6,True
DH-04-267,MOIL-UK-04,618.75,409.65,21.97168,80.469207,367.46,0.0,28.5,14.25,353.21,28.5,Phyllite & Weathered Overburden,4.56,6.5,56.95,0.1135,2.72,93.2,1.923,2.478,True
DH-04-267,MOIL-UK-04,618.75,409.65,21.97168,80.469207,367.46,28.8,52.5,40.65,326.81,23.7,Banded Hematite-Manganese Quartzite,19.22,11.2,29.82,0.256,3.4,87.3,2.434,1.712,True
DH-04-267,MOIL-UK-04,618.75,409.65,21.97168,80.469207,367.46,52.5,53.7,53.1,314.36,1.2,Medium-Grade Pyrolusite Bed,32.71,4.57,20.57,0.1166,4.35,90.8,1.755,1.355,True
DH-04-267,MOIL-UK-04,618.75,409.65,21.97168,80.469207,367.46,53.7,67.9,60.8,306.66,14.2,High-Grade Braunite Ore,30.56,4.82,12.42,0.1315,4.32,94.7,1.983,1.334,True
DH-04-267,MOIL-UK-04,618.75,409.65,21.97168,80.469207,367.46,67.9,97.5,82.7,284.76,29.6,Banded Hematite-Manganese Quartzite,26.89,14.9,36.03,0.206,3.6,85.8,3.086,1.931,True
DH-04-267,MOIL-UK-04,618.75,409.65,21.97168,80.469207,367.46,97.5,121.2,109.35,258.11,23.7,Quartz-Muscovite Schist,3.97,6.93,52.77,0.1735,2.99,90.4,2.023,2.377,True
DH-04-267,MOIL-UK-04,618.75,409.65,21.97168,80.469207,367.46,121.2,148.0,134.6,232.86,26.8,Quartz-Muscovite Schist,9.62,4.53,51.34,0.1209,2.93,88.5,1.889,2.28,True
DH-04-268,MOIL-UK-04,-704.01,-984.43,21.959157,80.456365,365.2,0.0,18.5,9.25,355.95,18.5,Banded Hematite-Manganese Quartzite,23.99,14.68,40.17,0.1318,3.73,88.8,3.037,2.092,True
DH-04-268,MOIL-UK-04,-704.01,-984.43,21.959157,80.456365,365.2,18.5,63.2,40.85,324.35,44.7,High-Grade Braunite Ore,31.82,8.85,15.04,0.1647,4.03,99.0,2.242,1.314,True
DH-04-268,MOIL-UK-04,-704.01,-984.43,21.959157,80.456365,365.2,63.2,116.3,89.75,275.45,53.1,Banded Hematite-Manganese Quartzite,22.72,14.87,35.76,0.1627,3.71,97.1,2.988,1.86,True
DH-04-268,MOIL-UK-04,-704.01,-984.43,21.959157,80.456365,365.2,116.3,129.3,122.8,242.4,13.0,Calc-Silicate Granulite,4.2,5.15,63.16,0.0723,2.69,95.5,1.949,2.6,True
DH-04-268,MOIL-UK-04,-704.01,-984.43,21.959157,80.456365,365.2,129.3,140.3,134.8,230.4,11.0,Quartz-Muscovite Schist,5.32,6.02,58.54,0.1748,2.96,99.0,1.878,2.446,True
DH-04-269,MOIL-UK-04,-76.36,744.3,21.974686,80.462459,383.38,0.0,3.2,1.6,381.78,3.2,Phyllite & Weathered Overburden,5.05,6.79,46.36,0.0771,2.58,98.8,2.179,2.331,True
DH-04-269,MOIL-UK-04,-76.36,744.3,21.974686,80.462459,383.38,3.2,31.7,17.45,365.93,28.5,Phyllite & Weathered Overburden,8.63,5.7,52.74,0.093,2.67,89.7,2.044,2.406,True
DH-04-269,MOIL-UK-04,-76.36,744.3,21.974686,80.462459,383.38,31.7,71.0,51.35,332.03,39.3,Banded Hematite-Manganese Quartzite,27.8,13.73,28.53,0.1318,3.52,93.7,2.932,1.621,True
DH-04-269,MOIL-UK-04,-76.36,744.3,21.974686,80.462459,383.38,71.0,84.2,77.6,305.78,13.2,Gondite (Manganiferous Quartzite),21.98,15.45,30.04,0.2667,3.48,93.4,3.133,1.728,True
DH-04-269,MOIL-UK-04,-76.36,744.3,21.974686,80.462459,383.38,84.2,105.6,94.9,288.48,21.4,Quartz-Muscovite Schist,1.61,4.43,67.08,0.0859,2.85,90.8,1.647,2.6,True
DH-04-270,MOIL-UK-04,87.78,470.82,21.972229,80.464052,349.17,0.5,19.2,9.85,339.32,18.7,Gondite (Manganiferous Quartzite),18.72,8.41,45.31,0.2882,3.39,91.6,2.219,2.434,True
DH-04-270,MOIL-UK-04,87.78,470.82,21.972229,80.464052,349.17,19.2,20.4,19.8,329.37,1.2,Gondite (Manganiferous Quartzite),27.22,15.7,38.14,0.137,3.53,95.5,3.18,1.885,True
DH-04-270,MOIL-UK-04,87.78,470.82,21.972229,80.464052,349.17,20.4,31.1,25.75,323.42,10.7,Banded Hematite-Manganese Quartzite,25.78,10.99,33.62,0.1466,3.72,87.1,2.69,1.947,True
DH-04-270,MOIL-UK-04,87.78,470.82,21.972229,80.464052,349.17,31.1,43.4,37.25,311.92,12.3,High-Grade Braunite Ore,41.12,6.63,11.85,0.2162,3.86,88.8,1.92,1.283,True
DH-04-270,MOIL-UK-04,87.78,470.82,21.972229,80.464052,349.17,43.4,45.0,44.2,304.97,1.6,Medium-Grade Pyrolusite Bed,26.71,6.75,11.89,0.1494,4.13,90.0,1.96,1.176,True
DH-04-270,MOIL-UK-04,87.78,470.82,21.972229,80.464052,349.17,45.0,53.7,49.35,299.82,8.7,High-Grade Braunite Ore,40.65,5.14,19.67,0.1587,3.79,87.3,2.019,1.414,True
DH-04-271,MOIL-UK-04,-305.34,-617.53,21.962453,80.460236,370.87,0.0,21.9,10.95,359.92,21.9,Gondite (Manganiferous Quartzite),24.09,11.75,41.16,0.3189,3.56,96.6,2.693,2.016,True
DH-04-271,MOIL-UK-04,-305.34,-617.53,21.962453,80.460236,370.87,21.9,52.0,36.95,333.92,30.1,Medium-Grade Pyrolusite Bed,34.58,9.49,17.99,0.102,3.83,92.2,2.278,1.34,True
DH-04-271,MOIL-UK-04,-305.34,-617.53,21.962453,80.460236,370.87,52.0,90.6,71.3,299.57,38.6,High-Grade Braunite Ore,33.97,6.63,12.4,0.1908,4.18,94.3,2.037,1.218,True
DH-04-271,MOIL-UK-04,-305.34,-617.53,21.962453,80.460236,370.87,90.6,108.9,99.75,271.12,18.3,Gondite (Manganiferous Quartzite),30.76,9.26,40.44,0.1674,3.48,90.4,2.35,2.198,True
DH-04-271,MOIL-UK-04,-305.34,-617.53,21.962453,80.460236,370.87,108.9,139.0,123.95,246.92,30.1,Quartz-Muscovite Schist,6.08,4.05,58.84,0.1465,2.99,87.1,1.904,2.6,True
DH-04-271,MOIL-UK-04,-305.34,-617.53,21.962453,80.460236,370.87,139.0,142.8,140.9,229.97,3.8,Quartz-Muscovite Schist,10.04,7.6,67.93,0.1249,2.65,93.7,2.107,2.6,True
DH-04-272,MOIL-UK-04,1167.19,-523.96,21.963293,80.474532,360.77,0.0,50.0,25.0,335.77,50.0,Phyllite & Weathered Overburden,5.24,8.06,64.68,0.0455,2.75,97.9,2.264,2.6,True
DH-04-272,MOIL-UK-04,1167.19,-523.96,21.963293,80.474532,360.77,50.0,74.4,62.2,298.57,24.4,Quartz-Muscovite Schist,5.3,9.96,52.45,0.1267,2.92,87.1,2.319,2.43,True
DH-04-272,MOIL-UK-04,1167.19,-523.96,21.963293,80.474532,360.77,74.4,92.0,83.2,277.57,17.6,Quartz-Muscovite Schist,9.37,8.3,64.35,0.1159,2.71,90.0,2.187,2.6,True
DH-04-272,MOIL-UK-04,1167.19,-523.96,21.963293,80.474532,360.77,92.0,101.3,96.65,264.12,9.3,Quartz-Muscovite Schist,3.18,7.91,65.23,0.1097,2.7,88.7,2.019,2.6,True
DH-04-272,MOIL-UK-04,1167.19,-523.96,21.963293,80.474532,360.77,101.3,149.3,125.3,235.47,48.0,Quartz-Muscovite Schist,9.49,4.3,65.82,0.1369,2.95,90.1,1.79,2.6,True
DH-04-273,MOIL-UK-04,-632.44,-321.91,21.965108,80.45706,384.68,0.0,11.8,5.9,378.78,11.8,Phyllite & Weathered Overburden,6.92,7.71,56.46,0.09,2.4,99.0,2.383,2.338,True
DH-04-273,MOIL-UK-04,-632.44,-321.91,21.965108,80.45706,384.68,11.8,18.9,15.35,369.33,7.1,Phyllite & Weathered Overburden,6.69,6.94,50.88,0.0911,2.69,94.1,2.133,2.166,True
DH-04-273,MOIL-UK-04,-632.44,-321.91,21.965108,80.45706,384.68,18.9,28.3,23.6,361.08,9.4,Gondite (Manganiferous Quartzite),18.58,11.88,36.18,0.1524,3.66,88.1,2.616,1.973,True
DH-04-273,MOIL-UK-04,-632.44,-321.91,21.965108,80.45706,384.68,28.3,36.6,32.45,352.23,8.3,Gondite (Manganiferous Quartzite),22.2,11.51,32.45,0.182,3.61,99.0,2.6,1.839,True
DH-04-273,MOIL-UK-04,-632.44,-321.91,21.965108,80.45706,384.68,36.6,43.5,40.05,344.63,6.9,Gondite (Manganiferous Quartzite),24.65,8.23,26.52,0.1967,3.61,93.9,2.039,1.597,True
DH-04-273,MOIL-UK-04,-632.44,-321.91,21.965108,80.45706,384.68,43.5,76.6,60.05,324.63,33.1,Banded Hematite-Manganese Quartzite,27.24,13.85,29.07,0.2067,3.54,90.2,2.984,1.723,True
DH-04-273,MOIL-UK-04,-632.44,-321.91,21.965108,80.45706,384.68,76.6,102.6,89.6,295.08,26.0,Banded Hematite-Manganese Quartzite,25.04,14.74,37.07,0.1272,3.22,86.0,2.799,2.059,True
DH-04-273,MOIL-UK-04,-632.44,-321.91,21.965108,80.45706,384.68,102.6,131.2,116.9,267.78,28.6,Quartz-Muscovite Schist,10.54,9.22,56.69,0.1359,2.76,93.6,2.392,2.473,True
DH-04-274,MOIL-UK-04,630.64,-144.65,21.966701,80.469323,387.78,0.0,12.0,6.0,381.78,12.0,Phyllite & Weathered Overburden,2.76,10.07,48.26,0.0915,2.54,92.8,2.728,2.323,True
DH-04-274,MOIL-UK-04,630.64,-144.65,21.966701,80.469323,387.78,12.0,14.9,13.45,374.33,2.9,Phyllite & Weathered Overburden,5.25,7.78,64.82,0.0764,2.5,98.6,2.471,2.6,True
DH-04-274,MOIL-UK-04,630.64,-144.65,21.966701,80.469323,387.78,14.9,81.1,48.0,339.78,66.2,Gondite (Manganiferous Quartzite),22.26,13.62,26.04,0.1971,3.39,93.5,3.096,1.628,True
DH-04-274,MOIL-UK-04,630.64,-144.65,21.966701,80.469323,387.78,81.1,94.7,87.9,299.88,13.6,Calc-Silicate Granulite,4.14,9.45,70.37,0.1539,3.04,91.1,2.652,2.6,True
DH-04-274,MOIL-UK-04,630.64,-144.65,21.966701,80.469323,387.78,94.7,131.3,113.0,274.78,36.6,Quartz-Muscovite Schist,10.4,9.03,63.56,0.1707,2.85,94.1,2.312,2.6,True
DH-04-275,MOIL-UK-04,-268.96,8.17,21.968073,80.460589,361.44,0.0,14.9,7.45,353.99,14.9,Phyllite & Weathered Overburden,2.41,11.67,59.09,0.0514,2.74,92.6,2.624,2.6,True
DH-04-275,MOIL-UK-04,-268.96,8.17,21.968073,80.460589,361.44,14.9,38.0,26.45,334.99,23.1,Banded Hematite-Manganese Quartzite,29.79,12.72,41.98,0.1263,3.37,97.5,2.878,2.011,True
DH-04-275,MOIL-UK-04,-268.96,8.17,21.968073,80.460589,361.44,38.0,55.2,46.6,314.84,17.2,High-Grade Braunite Ore,31.28,9.26,21.0,0.073,4.24,89.7,2.522,1.485,True
DH-04-275,MOIL-UK-04,-268.96,8.17,21.968073,80.460589,361.44,55.2,57.2,56.2,305.24,2.0,Medium-Grade Pyrolusite Bed,30.08,5.12,15.35,0.1909,4.2,96.6,1.753,1.294,True
DH-04-275,MOIL-UK-04,-268.96,8.17,21.968073,80.460589,361.44,57.2,69.1,63.15,298.29,11.9,Medium-Grade Pyrolusite Bed,32.48,7.21,11.07,0.1352,3.78,89.6,1.972,1.122,True
DH-04-275,MOIL-UK-04,-268.96,8.17,21.968073,80.460589,361.44,69.1,83.8,76.45,284.99,14.7,Medium-Grade Pyrolusite Bed,33.96,5.44,20.46,0.1606,4.17,91.9,1.694,1.429,True
DH-04-275,MOIL-UK-04,-268.96,8.17,21.968073,80.460589,361.44,83.8,112.0,97.9,263.54,28.2,Gondite (Manganiferous Quartzite),29.66,15.06,34.77,0.2047,3.29,91.3,2.998,1.918,True
DH-04-275,MOIL-UK-04,-268.96,8.17,21.968073,80.460589,361.44,112.0,122.9,117.45,243.99,10.9,Calc-Silicate Granulite,11.67,6.53,60.05,0.0727,2.91,91.0,1.689,2.548,True
DH-04-276,MOIL-UK-04,46.39,-449.02,21.963966,80.46365,380.39,0.0,5.2,2.6,377.79,5.2,Phyllite & Weathered Overburden,8.63,6.75,66.66,0.1449,2.75,96.2,2.027,2.6,True
DH-04-276,MOIL-UK-04,46.39,-449.02,21.963966,80.46365,380.39,5.2,51.5,28.35,352.04,46.3,Gondite (Manganiferous Quartzite),28.09,13.04,47.59,0.2571,3.74,89.3,2.505,2.168,True
DH-04-276,MOIL-UK-04,46.39,-449.02,21.963966,80.46365,380.39,51.5,70.2,60.85,319.54,18.7,High-Grade Braunite Ore,34.98,6.08,15.15,0.104,4.08,95.6,1.847,1.392,True
DH-04-276,MOIL-UK-04,46.39,-449.02,21.963966,80.46365,380.39,70.2,117.4,93.8,286.59,47.2,Banded Hematite-Manganese Quartzite,23.69,8.18,32.98,0.2598,3.25,90.8,2.125,1.792,True
DH-04-276,MOIL-UK-04,46.39,-449.02,21.963966,80.46365,380.39,117.4,129.6,123.5,256.89,12.2,Calc-Silicate Granulite,5.79,7.41,57.31,0.1588,2.94,90.2,2.32,2.455,True
DH-04-277,MOIL-UK-04,-4.82,101.27,21.96891,80.463153,360.03,0.0,53.3,26.65,333.38,53.3,Medium-Grade Pyrolusite Bed,26.77,5.08,21.38,0.0942,4.23,87.1,1.772,1.356,True
DH-04-277,MOIL-UK-04,-4.82,101.27,21.96891,80.463153,360.03,53.3,60.6,56.95,303.08,7.3,High-Grade Braunite Ore,34.96,7.95,16.52,0.1505,3.77,95.1,2.069,1.359,True
DH-04-277,MOIL-UK-04,-4.82,101.27,21.96891,80.463153,360.03,61.0,82.9,71.95,288.08,21.9,High-Grade Braunite Ore,32.36,8.21,16.89,0.0911,4.09,93.1,2.141,1.423,True
DH-04-277,MOIL-UK-04,-4.82,101.27,21.96891,80.463153,360.03,82.9,93.9,88.4,271.63,11.0,Medium-Grade Pyrolusite Bed,37.98,7.1,14.75,0.1074,4.2,96.1,2.122,1.357,True
DH-04-277,MOIL-UK-04,-4.82,101.27,21.96891,80.463153,360.03,93.9,96.5,95.2,264.83,2.6,Banded Hematite-Manganese Quartzite,26.32,13.16,28.69,0.1677,3.45,85.6,2.846,1.754,True
DH-04-277,MOIL-UK-04,-4.82,101.27,21.96891,80.463153,360.03,96.5,101.4,98.95,261.08,4.9,Gondite (Manganiferous Quartzite),24.75,9.08,36.9,0.1299,3.68,97.1,2.472,1.914,True
DH-04-277,MOIL-UK-04,-4.82,101.27,21.96891,80.463153,360.03,101.4,123.4,112.4,247.63,22.0,Quartz-Muscovite Schist,3.89,5.85,50.53,0.1694,2.8,88.9,2.046,2.367,True
DH-04-278,MOIL-UK-04,-549.99,-615.08,21.962475,80.45786,357.83,0.1,18.6,9.35,348.48,18.5,Gondite (Manganiferous Quartzite),29.18,9.12,34.89,0.1394,3.41,88.6,2.518,1.906,True
DH-04-278,MOIL-UK-04,-549.99,-615.08,21.962475,80.45786,357.83,18.6,41.8,30.2,327.63,23.2,High-Grade Braunite Ore,28.37,6.43,12.46,0.0704,3.75,96.6,1.955,1.411,True
DH-04-278,MOIL-UK-04,-549.99,-615.08,21.962475,80.45786,357.83,41.8,56.4,49.1,308.73,14.6,Medium-Grade Pyrolusite Bed,37.42,5.21,19.06,0.1754,3.95,93.0,1.787,1.3,True
DH-04-278,MOIL-UK-04,-549.99,-615.08,21.962475,80.45786,357.83,56.4,99.7,78.05,279.78,43.3,High-Grade Braunite Ore,36.53,6.23,18.13,0.0928,4.1,90.9,1.993,1.492,True
DH-04-278,MOIL-UK-04,-549.99,-615.08,21.962475,80.45786,357.83,99.7,124.0,111.85,245.98,24.3,Quartz-Muscovite Schist,5.71,7.94,62.45,0.1703,2.66,98.1,2.275,2.585,True
DH-04-278,MOIL-UK-04,-549.99,-615.08,21.962475,80.45786,357.83,124.0,130.5,127.25,230.58,6.5,Calc-Silicate Granulite,6.86,6.54,53.01,0.0762,2.81,93.0,1.763,2.33,True
DH-04-278,MOIL-UK-04,-549.99,-615.08,21.962475,80.45786,357.83,130.5,150.8,140.65,217.18,20.3,Quartz-Muscovite Schist,2.22,3.82,70.15,0.1319,2.99,96.6,1.677,2.6,True
DH-04-279,MOIL-UK-04,-1083.54,-748.13,21.961279,80.45268,348.33,0.0,6.6,3.3,345.03,6.6,Phyllite & Weathered Overburden,8.36,8.41,54.04,0.1451,2.58,80.4,2.386,2.572,True
DH-04-279,MOIL-UK-04,-1083.54,-748.13,21.961279,80.45268,348.33,6.6,25.8,16.2,332.13,19.2,Phyllite & Weathered Overburden,8.44,8.7,61.22,0.1331,2.49,92.6,2.168,2.6,True
DH-04-279,MOIL-UK-04,-1083.54,-748.13,21.961279,80.45268,348.33,25.8,46.6,36.2,312.13,20.8,Banded Hematite-Manganese Quartzite,21.72,10.44,40.37,0.3108,3.38,95.8,2.717,2.005,True
DH-04-279,MOIL-UK-04,-1083.54,-748.13,21.961279,80.45268,348.33,46.6,48.3,47.45,300.88,1.7,Gondite (Manganiferous Quartzite),22.52,15.77,34.79,0.1662,3.3,90.3,3.153,2.014,True
DH-04-279,MOIL-UK-04,-1083.54,-748.13,21.961279,80.45268,348.33,48.3,49.7,49.0,299.33,1.4,Gondite (Manganiferous Quartzite),22.13,13.95,42.16,0.22,3.22,94.5,3.023,2.201,True
DH-04-279,MOIL-UK-04,-1083.54,-748.13,21.961279,80.45268,348.33,49.7,70.8,60.25,288.08,21.1,Gondite (Manganiferous Quartzite),19.96,11.1,35.67,0.1795,3.6,96.0,2.704,1.902,True
DH-04-280,MOIL-UK-04,1059.7,40.25,21.968362,80.473488,371.13,0.0,79.2,39.6,331.53,79.2,Phyllite & Weathered Overburden,5.91,5.88,49.35,0.0718,2.76,90.4,2.208,2.329,True
DH-04-280,MOIL-UK-04,1059.7,40.25,21.968362,80.473488,371.13,79.2,83.1,81.15,289.98,3.9,Quartz-Muscovite Schist,4.29,5.08,54.35,0.0668,2.74,99.0,1.753,2.387,True
DH-04-280,MOIL-UK-04,1059.7,40.25,21.968362,80.473488,371.13,83.1,102.5,92.8,278.33,19.4,Quartz-Muscovite Schist,2.78,8.61,67.25,0.0528,2.8,90.7,2.345,2.6,True
DH-04-280,MOIL-UK-04,1059.7,40.25,21.968362,80.473488,371.13,102.5,105.8,104.15,266.98,3.3,Calc-Silicate Granulite,5.4,6.66,51.17,0.1429,2.87,95.9,1.798,2.308,True
DH-04-280,MOIL-UK-04,1059.7,40.25,21.968362,80.473488,371.13,105.8,112.6,109.2,261.93,6.8,Quartz-Muscovite Schist,11.99,9.44,67.11,0.1556,2.88,83.4,2.466,2.6,True
DH-04-280,MOIL-UK-04,1059.7,40.25,21.968362,80.473488,371.13,112.6,116.0,114.3,256.83,3.4,Quartz-Muscovite Schist,11.78,4.24,57.17,0.1204,2.72,90.0,1.777,2.6,True
DH-04-281,MOIL-UK-04,1087.64,1165.14,21.978467,80.47376,366.1,0.0,18.8,9.4,356.7,18.8,Phyllite & Weathered Overburden,4.35,7.32,65.64,0.0898,2.56,94.2,2.098,2.6,True
DH-04-281,MOIL-UK-04,1087.64,1165.14,21.978467,80.47376,366.1,18.8,69.5,44.15,321.95,50.7,Banded Hematite-Manganese Quartzite,23.37,9.57,46.95,0.2396,3.61,93.9,2.485,2.308,True
DH-04-281,MOIL-UK-04,1087.64,1165.14,21.978467,80.47376,366.1,69.5,82.5,76.0,290.1,13.0,Gondite (Manganiferous Quartzite),18.42,15.8,45.02,0.1966,3.66,95.2,3.3,2.253,True
DH-04-281,MOIL-UK-04,1087.64,1165.14,21.978467,80.47376,366.1,82.5,107.4,94.95,271.15,24.9,Calc-Silicate Granulite,10.41,9.66,64.57,0.1166,2.94,84.6,2.228,2.6,True
DH-04-281,MOIL-UK-04,1087.64,1165.14,21.978467,80.47376,366.1,107.4,125.4,116.4,249.7,18.0,Quartz-Muscovite Schist,3.0,3.98,65.76,0.1061,3.01,98.7,1.669,2.6,True
DH-04-281,MOIL-UK-04,1087.64,1165.14,21.978467,80.47376,366.1,125.4,154.5,139.95,226.15,29.1,Quartz-Muscovite Schist,8.67,6.67,65.24,0.0557,2.8,91.4,2.197,2.6,True
DH-04-282,MOIL-UK-04,-638.18,-740.85,21.961345,80.457004,393.66,0.0,3.7,1.85,391.81,3.7,Phyllite & Weathered Overburden,4.86,7.92,67.21,0.1059,2.65,85.5,2.333,2.6,True
DH-04-282,MOIL-UK-04,-638.18,-740.85,21.961345,80.457004,393.66,3.7,19.1,11.4,382.26,15.4,Gondite (Manganiferous Quartzite),27.52,13.93,47.92,0.2805,3.66,91.6,3.041,2.539,True
DH-04-282,MOIL-UK-04,-638.18,-740.85,21.961345,80.457004,393.66,19.1,32.3,25.7,367.96,13.2,Banded Hematite-Manganese Quartzite,28.91,14.1,41.58,0.3194,3.34,87.6,3.017,2.255,True
DH-04-282,MOIL-UK-04,-638.18,-740.85,21.961345,80.457004,393.66,32.3,36.7,34.5,359.16,4.4,High-Grade Braunite Ore,31.69,7.48,19.9,0.1473,3.84,92.0,1.966,1.314,True
DH-04-282,MOIL-UK-04,-638.18,-740.85,21.961345,80.457004,393.66,36.7,45.7,41.2,352.46,9.0,High-Grade Braunite Ore,33.97,6.48,10.32,0.0959,4.31,91.0,2.014,1.164,True
DH-04-282,MOIL-UK-04,-638.18,-740.85,21.961345,80.457004,393.66,45.7,75.1,60.4,333.26,29.4,Medium-Grade Pyrolusite Bed,31.99,8.8,17.09,0.2043,4.15,97.2,2.301,1.437,True
DH-04-282,MOIL-UK-04,-638.18,-740.85,21.961345,80.457004,393.66,75.1,81.5,78.3,315.36,6.4,High-Grade Braunite Ore,39.98,8.73,17.73,0.1882,4.21,93.8,2.372,1.296,True
DH-04-283,MOIL-UK-04,425.84,1193.36,21.97872,80.467334,346.53,0.0,10.9,5.45,341.08,10.9,Phyllite & Weathered Overburden,8.44,11.38,48.88,0.0471,2.52,93.1,2.423,2.396,True
DH-04-283,MOIL-UK-04,425.84,1193.36,21.97872,80.467334,346.53,10.9,13.8,12.35,334.18,2.9,Banded Hematite-Manganese Quartzite,23.39,10.17,25.34,0.2777,3.65,91.4,2.393,1.582,True
DH-04-283,MOIL-UK-04,425.84,1193.36,21.97872,80.467334,346.53,13.8,17.5,15.65,330.88,3.7,Banded Hematite-Manganese Quartzite,24.65,11.08,29.85,0.2702,3.28,98.9,2.412,1.781,True
DH-04-283,MOIL-UK-04,425.84,1193.36,21.97872,80.467334,346.53,17.5,46.0,31.75,314.78,28.5,Gondite (Manganiferous Quartzite),18.06,13.99,26.18,0.31,3.59,92.3,2.775,1.532,True
DH-04-283,MOIL-UK-04,425.84,1193.36,21.97872,80.467334,346.53,46.0,60.0,53.0,293.53,14.0,High-Grade Braunite Ore,33.69,7.36,10.34,0.0739,4.12,95.4,2.322,0.998,True
DH-04-284,MOIL-UK-04,-617.21,-94.05,21.967155,80.457208,368.94,0.0,3.7,1.85,367.09,3.7,Phyllite & Weathered Overburden,5.74,7.96,51.54,0.1395,2.47,93.1,2.012,2.424,True
DH-04-284,MOIL-UK-04,-617.21,-94.05,21.967155,80.457208,368.94,3.7,20.3,12.0,356.94,16.6,Phyllite & Weathered Overburden,5.77,11.13,47.87,0.0943,2.58,99.0,2.588,2.248,True
DH-04-284,MOIL-UK-04,-617.21,-94.05,21.967155,80.457208,368.94,20.3,23.8,22.05,346.89,3.5,Quartz-Muscovite Schist,2.4,5.29,59.77,0.1092,2.96,91.7,1.693,2.564,True
DH-04-284,MOIL-UK-04,-617.21,-94.05,21.967155,80.457208,368.94,23.8,25.6,24.7,344.24,1.8,Gondite (Manganiferous Quartzite),29.5,12.11,38.37,0.1526,3.32,92.2,2.655,1.846,True
DH-04-284,MOIL-UK-04,-617.21,-94.05,21.967155,80.457208,368.94,25.6,35.3,30.45,338.49,9.7,Banded Hematite-Manganese Quartzite,21.46,11.07,39.33,0.208,3.42,93.9,2.702,1.87,True
DH-04-284,MOIL-UK-04,-617.21,-94.05,21.967155,80.457208,368.94,35.4,39.5,37.45,331.49,4.1,Banded Hematite-Manganese Quartzite,18.32,10.01,27.11,0.1873,3.63,89.7,2.568,1.826,True
DH-04-284,MOIL-UK-04,-617.21,-94.05,21.967155,80.457208,368.94,39.5,69.5,54.5,314.44,30.0,Gondite (Manganiferous Quartzite),23.19,11.21,34.32,0.1396,3.74,87.6,2.711,1.842,True
DH-04-285,MOIL-UK-04,-433.68,-1020.77,21.95883,80.45899,352.61,0.0,7.6,3.8,348.81,7.6,Phyllite & Weathered Overburden,3.09,9.12,48.11,0.1122,2.72,92.7,2.603,2.081,True
DH-04-285,MOIL-UK-04,-433.68,-1020.77,21.95883,80.45899,352.61,7.6,10.5,9.05,343.56,2.9,Banded Hematite-Manganese Quartzite,22.46,12.24,28.56,0.2425,3.75,99.0,2.855,1.593,True
DH-04-285,MOIL-UK-04,-433.68,-1020.77,21.95883,80.45899,352.61,10.5,16.4,13.45,339.16,5.9,Banded Hematite-Manganese Quartzite,30.11,14.97,35.86,0.1907,3.59,88.9,2.962,1.889,True
DH-04-285,MOIL-UK-04,-433.68,-1020.77,21.95883,80.45899,352.61,16.4,35.2,25.8,326.81,18.8,Medium-Grade Pyrolusite Bed,27.08,5.58,10.07,0.1609,4.1,95.5,1.843,1.181,True
DH-04-285,MOIL-UK-04,-433.68,-1020.77,21.95883,80.45899,352.61,35.2,36.9,36.05,316.56,1.7,Medium-Grade Pyrolusite Bed,29.81,4.77,17.41,0.1429,4.19,87.3,1.717,1.426,True
DH-04-285,MOIL-UK-04,-433.68,-1020.77,21.95883,80.45899,352.61,36.9,43.0,39.95,312.66,6.1,High-Grade Braunite Ore,32.78,7.31,10.0,0.0783,3.94,88.5,2.055,1.037,True
DH-04-285,MOIL-UK-04,-433.68,-1020.77,21.95883,80.45899,352.61,43.0,54.8,48.9,303.71,11.8,High-Grade Braunite Ore,34.82,8.78,17.82,0.067,3.99,96.3,2.278,1.463,True
DH-04-286,MOIL-UK-04,794.51,-49.39,21.967556,80.470914,358.06,0.0,5.4,2.7,355.36,5.4,Phyllite & Weathered Overburden,7.92,8.18,62.83,0.0612,2.62,89.0,2.262,2.6,True
DH-04-286,MOIL-UK-04,794.51,-49.39,21.967556,80.470914,358.06,5.4,31.4,18.4,339.66,26.0,Phyllite & Weathered Overburden,3.58,10.03,56.27,0.1226,2.61,99.0,2.487,2.469,True
DH-04-286,MOIL-UK-04,794.51,-49.39,21.967556,80.470914,358.06,31.4,38.5,34.95,323.11,7.1,Quartz-Muscovite Schist,3.14,4.15,51.56,0.0916,2.84,97.5,1.784,2.467,True
DH-04-286,MOIL-UK-04,794.51,-49.39,21.967556,80.470914,358.06,38.5,47.1,42.8,315.26,8.6,Calc-Silicate Granulite,2.11,6.82,65.41,0.1798,2.79,96.2,2.015,2.6,True
DH-04-286,MOIL-UK-04,794.51,-49.39,21.967556,80.470914,358.06,47.1,63.6,55.35,302.71,16.5,Banded Hematite-Manganese Quartzite,19.02,8.17,33.53,0.2692,3.3,95.9,2.467,1.703,True
DH-04-286,MOIL-UK-04,794.51,-49.39,21.967556,80.470914,358.06,63.6,65.1,64.35,293.71,1.5,Quartz-Muscovite Schist,9.88,8.43,61.55,0.087,2.97,94.8,2.165,2.57,True
DH-04-287,MOIL-UK-04,446.97,366.02,21.971288,80.467539,365.78,0.0,16.8,8.4,357.38,16.8,Phyllite & Weathered Overburden,8.1,7.22,52.02,0.0514,2.75,82.4,1.952,2.495,True
DH-04-287,MOIL-UK-04,446.97,366.02,21.971288,80.467539,365.78,16.8,22.0,19.4,346.38,5.2,Gondite (Manganiferous Quartzite),23.31,14.45,34.9,0.2602,3.44,87.5,2.772,2.03,True
DH-04-287,MOIL-UK-04,446.97,366.02,21.971288,80.467539,365.78,22.1,25.9,24.0,341.78,3.8,Gondite (Manganiferous Quartzite),22.73,10.99,42.92,0.2179,3.69,94.5,2.79,1.98,True
DH-04-287,MOIL-UK-04,446.97,366.02,21.971288,80.467539,365.78,25.9,27.8,26.85,338.93,1.9,Gondite (Manganiferous Quartzite),18.05,10.5,29.78,0.2508,3.27,86.8,2.365,1.628,True
DH-04-287,MOIL-UK-04,446.97,366.02,21.971288,80.467539,365.78,27.8,59.8,43.8,321.98,32.0,Medium-Grade Pyrolusite Bed,30.92,5.27,20.03,0.1693,4.01,92.5,2.015,1.422,True
DH-04-287,MOIL-UK-04,446.97,366.02,21.971288,80.467539,365.78,59.8,61.0,60.4,305.38,1.2,High-Grade Braunite Ore,33.5,5.35,21.66,0.2113,3.94,93.1,1.683,1.604,True
DH-04-288,MOIL-UK-04,-464.76,400.38,21.971597,80.458688,372.0,0.0,7.1,3.55,368.45,7.1,Phyllite & Weathered Overburden,4.3,5.85,55.72,0.0404,2.56,84.8,1.776,2.511,True
DH-04-288,MOIL-UK-04,-464.76,400.38,21.971597,80.458688,372.0,7.1,36.5,21.8,350.2,29.4,Phyllite & Weathered Overburden,3.95,8.46,55.04,0.0696,2.68,75.5,2.364,2.588,True
DH-04-288,MOIL-UK-04,-464.76,400.38,21.971597,80.458688,372.0,36.5,43.3,39.9,332.1,6.8,Gondite (Manganiferous Quartzite),23.68,11.14,36.49,0.2257,3.58,99.0,2.57,1.858,True
DH-04-288,MOIL-UK-04,-464.76,400.38,21.971597,80.458688,372.0,43.3,51.5,47.4,324.6,8.2,Gondite (Manganiferous Quartzite),22.86,12.29,35.43,0.2979,3.58,92.4,2.782,1.97,True
DH-04-288,MOIL-UK-04,-464.76,400.38,21.971597,80.458688,372.0,51.5,93.2,72.35,299.65,41.7,Gondite (Manganiferous Quartzite),20.06,8.42,38.32,0.3167,3.43,84.6,2.293,2.006,True
DH-04-289,MOIL-UK-04,357.12,-443.57,21.964015,80.466667,380.74,0.6,46.5,23.55,357.19,45.9,Phyllite & Weathered Overburden,5.44,6.79,46.29,0.1402,2.53,93.3,2.234,2.195,True
DH-04-289,MOIL-UK-04,357.12,-443.57,21.964015,80.466667,380.74,46.5,55.2,50.85,329.89,8.7,Banded Hematite-Manganese Quartzite,25.66,13.49,45.82,0.2415,3.45,93.6,2.848,2.073,True
DH-04-289,MOIL-UK-04,357.12,-443.57,21.964015,80.466667,380.74,55.2,68.5,61.85,318.89,13.3,Gondite (Manganiferous Quartzite),20.43,12.46,39.89,0.2997,3.45,92.4,2.669,2.089,True
DH-04-289,MOIL-UK-04,357.12,-443.57,21.964015,80.466667,380.74,68.5,157.3,112.9,267.84,88.8,Quartz-Muscovite Schist,8.14,8.22,56.49,0.1309,2.73,99.0,2.045,2.519,True
DH-04-290,MOIL-UK-04,-628.35,134.97,21.969212,80.457099,362.71,0.0,27.9,13.95,348.76,27.9,Phyllite & Weathered Overburden,5.79,7.22,62.84,0.1423,2.54,95.1,2.101,2.6,True
DH-04-290,MOIL-UK-04,-628.35,134.97,21.969212,80.457099,362.71,27.9,41.6,34.75,327.96,13.7,Gondite (Manganiferous Quartzite),24.08,13.38,31.01,0.185,3.71,94.6,2.85,1.881,True
DH-04-290,MOIL-UK-04,-628.35,134.97,21.969212,80.457099,362.71,41.6,69.8,55.7,307.01,28.2,Banded Hematite-Manganese Quartzite,25.07,15.77,32.33,0.1521,3.48,99.0,3.007,1.788,True
DH-04-290,MOIL-UK-04,-628.35,134.97,21.969212,80.457099,362.71,69.8,86.4,78.1,284.61,16.6,Quartz-Muscovite Schist,8.86,3.31,53.47,0.0592,2.65,84.1,1.668,2.34,True
DH-04-290,MOIL-UK-04,-628.35,134.97,21.969212,80.457099,362.71,86.4,127.5,106.95,255.76,41.1,Calc-Silicate Granulite,2.18,6.71,56.01,0.1535,2.65,87.8,2.187,2.592,True
DH-04-290,MOIL-UK-04,-628.35,134.97,21.969212,80.457099,362.71,127.5,141.5,134.5,228.21,14.0,Quartz-Muscovite Schist,8.37,7.34,65.51,0.0607,2.79,89.8,2.321,2.6,True
DH-04-291,MOIL-UK-04,-785.69,-866.57,21.960215,80.455572,363.32,0.0,10.8,5.4,357.92,10.8,Phyllite & Weathered Overburden,7.78,7.19,51.21,0.1392,2.42,94.5,2.048,2.375,True
DH-04-291,MOIL-UK-04,-785.69,-866.57,21.960215,80.455572,363.32,10.8,16.8,13.8,349.52,6.0,Gondite (Manganiferous Quartzite),20.42,9.0,36.58,0.1743,3.53,92.2,2.393,1.828,True
DH-04-291,MOIL-UK-04,-785.69,-866.57,21.960215,80.455572,363.32,16.8,25.8,21.3,342.02,9.0,Gondite (Manganiferous Quartzite),28.45,15.7,34.1,0.1875,3.31,90.2,3.081,1.777,True
DH-04-291,MOIL-UK-04,-785.69,-866.57,21.960215,80.455572,363.32,25.8,52.3,39.05,324.27,26.5,Medium-Grade Pyrolusite Bed,32.67,4.96,16.1,0.1301,3.81,89.1,1.885,1.248,True
DH-04-291,MOIL-UK-04,-785.69,-866.57,21.960215,80.455572,363.32,52.3,74.5,63.4,299.92,22.2,High-Grade Braunite Ore,32.89,6.52,17.09,0.2017,3.96,88.6,1.962,1.328,True
DH-04-291,MOIL-UK-04,-785.69,-866.57,21.960215,80.455572,363.32,74.5,96.4,85.45,277.87,21.9,Gondite (Manganiferous Quartzite),25.44,10.25,47.8,0.1871,3.32,87.7,2.529,2.239,True
DH-04-291,MOIL-UK-04,-785.69,-866.57,21.960215,80.455572,363.32,96.4,104.3,100.35,262.97,7.9,Quartz-Muscovite Schist,3.93,8.39,52.98,0.1073,2.93,94.1,2.29,2.311,True
DH-04-292,MOIL-UK-04,27.51,811.92,21.975294,80.463467,394.27,0.0,6.0,3.0,391.27,6.0,Phyllite & Weathered Overburden,7.17,6.91,59.35,0.1165,2.53,98.6,2.259,2.6,True
DH-04-292,MOIL-UK-04,27.51,811.92,21.975294,80.463467,394.27,6.0,11.5,8.75,385.52,5.5,Phyllite & Weathered Overburden,8.08,10.34,64.98,0.0422,2.5,91.6,2.475,2.6,True
DH-04-292,MOIL-UK-04,27.51,811.92,21.975294,80.463467,394.27,11.5,13.6,12.55,381.72,2.1,Phyllite & Weathered Overburden,7.95,7.29,52.81,0.1385,2.57,95.7,2.259,2.342,True
DH-04-292,MOIL-UK-04,27.51,811.92,21.975294,80.463467,394.27,13.6,48.2,30.9,363.37,34.6,Gondite (Manganiferous Quartzite),25.47,14.07,27.06,0.2185,3.7,94.7,2.881,1.491,True
DH-04-292,MOIL-UK-04,27.51,811.92,21.975294,80.463467,394.27,48.2,63.2,55.7,338.57,15.0,Banded Hematite-Manganese Quartzite,22.51,13.31,36.09,0.2677,3.73,88.8,2.748,1.966,True
DH-04-292,MOIL-UK-04,27.51,811.92,21.975294,80.463467,394.27,63.2,69.9,66.55,327.72,6.7,Banded Hematite-Manganese Quartzite,23.39,8.26,28.13,0.184,3.39,92.4,2.273,1.748,True
DH-04-293,MOIL-UK-04,-619.89,-413.63,21.964284,80.457182,360.99,0.0,2.3,1.15,359.84,2.3,Phyllite & Weathered Overburden,3.63,9.66,56.73,0.0733,2.63,89.4,2.463,2.556,True
DH-04-293,MOIL-UK-04,-619.89,-413.63,21.964284,80.457182,360.99,2.3,9.7,6.0,354.99,7.4,Phyllite & Weathered Overburden,6.98,6.52,58.95,0.0954,2.42,89.7,2.017,2.49,True
DH-04-293,MOIL-UK-04,-619.89,-413.63,21.964284,80.457182,360.99,9.7,12.9,11.3,349.69,3.2,Phyllite & Weathered Overburden,3.82,11.24,52.01,0.1117,2.7,97.5,2.726,2.443,True
DH-04-293,MOIL-UK-04,-619.89,-413.63,21.964284,80.457182,360.99,12.9,29.3,21.1,339.89,16.4,Gondite (Manganiferous Quartzite),29.77,15.79,42.86,0.159,3.59,98.3,3.14,2.073,True
DH-04-293,MOIL-UK-04,-619.89,-413.63,21.964284,80.457182,360.99,29.3,42.9,36.1,324.89,13.6,Gondite (Manganiferous Quartzite),19.4,12.49,40.2,0.2963,3.24,86.5,2.618,2.153,True
DH-04-293,MOIL-UK-04,-619.89,-413.63,21.964284,80.457182,360.99,42.9,85.9,64.4,296.59,43.0,Medium-Grade Pyrolusite Bed,31.24,7.85,13.43,0.1559,4.33,97.4,2.083,1.222,True
DH-04-294,MOIL-UK-04,-66.24,-718.38,21.961547,80.462557,345.79,0.0,33.5,16.75,329.04,33.5,Gondite (Manganiferous Quartzite),25.5,11.37,38.74,0.3094,3.31,87.3,2.455,1.906,True
DH-04-294,MOIL-UK-04,-66.24,-718.38,21.961547,80.462557,345.79,33.5,40.9,37.2,308.59,7.4,Gondite (Manganiferous Quartzite),28.77,13.22,35.54,0.3066,3.66,92.0,2.901,2.106,True
DH-04-294,MOIL-UK-04,-66.24,-718.38,21.961547,80.462557,345.79,40.9,57.9,49.4,296.39,17.0,High-Grade Braunite Ore,27.3,6.81,10.94,0.1172,4.15,97.5,2.187,1.424,True
DH-04-294,MOIL-UK-04,-66.24,-718.38,21.961547,80.462557,345.79,57.9,59.6,58.75,287.04,1.7,Medium-Grade Pyrolusite Bed,31.86,5.92,18.02,0.1096,3.73,96.5,1.97,1.363,True
DH-04-294,MOIL-UK-04,-66.24,-718.38,21.961547,80.462557,345.79,59.6,61.0,60.3,285.49,1.4,Medium-Grade Pyrolusite Bed,32.96,5.39,19.29,0.1115,4.22,85.5,1.842,1.448,True
DH-04-294,MOIL-UK-04,-66.24,-718.38,21.961547,80.462557,345.79,61.0,81.9,71.45,274.34,20.9,Gondite (Manganiferous Quartzite),26.48,12.81,46.27,0.1657,3.47,91.1,2.598,2.297,True
DH-04-295,MOIL-UK-04,272.64,-603.46,21.962579,80.465847,360.03,0.0,33.1,16.55,343.48,33.1,Phyllite & Weathered Overburden,4.77,8.25,49.79,0.1068,2.7,91.7,2.027,2.36,True
DH-04-295,MOIL-UK-04,272.64,-603.46,21.962579,80.465847,360.03,33.1,46.3,39.7,320.33,13.2,Banded Hematite-Manganese Quartzite,25.66,12.67,25.83,0.1649,3.7,96.7,2.448,1.795,True
DH-04-295,MOIL-UK-04,272.64,-603.46,21.962579,80.465847,360.03,46.3,61.7,54.0,306.03,15.4,Banded Hematite-Manganese Quartzite,29.17,10.47,37.22,0.1488,3.65,99.0,2.479,1.985,True
DH-04-295,MOIL-UK-04,272.64,-603.46,21.962579,80.465847,360.03,61.7,65.2,63.45,296.58,3.5,Banded Hematite-Manganese Quartzite,24.26,9.8,34.51,0.2913,3.62,96.6,2.435,1.978,True
DH-04-295,MOIL-UK-04,272.64,-603.46,21.962579,80.465847,360.03,65.2,75.6,70.4,289.63,10.4,Gondite (Manganiferous Quartzite),24.98,13.99,30.41,0.2957,3.49,93.0,2.96,1.689,True
DH-04-295,MOIL-UK-04,272.64,-603.46,21.962579,80.465847,360.03,75.6,117.5,96.55,263.48,41.9,Quartz-Muscovite Schist,5.98,5.9,67.12,0.0867,2.72,90.9,2.211,2.6,True
DH-04-296,MOIL-UK-04,367.33,-754.52,21.961222,80.466766,386.2,0.0,1.0,0.5,385.7,1.0,Phyllite & Weathered Overburden,8.14,10.86,51.79,0.0714,2.72,94.9,2.686,2.238,True
DH-04-296,MOIL-UK-04,367.33,-754.52,21.961222,80.466766,386.2,1.0,8.3,4.65,381.55,7.3,Phyllite & Weathered Overburden,5.68,6.63,63.58,0.0826,2.73,88.6,2.201,2.6,True
DH-04-296,MOIL-UK-04,367.33,-754.52,21.961222,80.466766,386.2,8.3,19.7,14.0,372.2,11.4,Phyllite & Weathered Overburden,6.31,5.49,66.81,0.1031,2.6,92.3,1.599,2.6,True
DH-04-296,MOIL-UK-04,367.33,-754.52,21.961222,80.466766,386.2,19.7,22.9,21.3,364.9,3.2,Quartz-Muscovite Schist,11.24,3.45,52.49,0.1276,2.79,98.0,1.331,2.358,True
DH-04-296,MOIL-UK-04,367.33,-754.52,21.961222,80.466766,386.2,22.9,51.5,37.2,349.0,28.6,Quartz-Muscovite Schist,11.97,8.51,56.02,0.0844,2.78,91.1,2.21,2.528,True
DH-04-296,MOIL-UK-04,367.33,-754.52,21.961222,80.466766,386.2,51.5,53.7,52.6,333.6,2.2,Gondite (Manganiferous Quartzite),20.95,9.75,44.84,0.2988,3.34,95.3,2.598,2.153,True
DH-04-296,MOIL-UK-04,367.33,-754.52,21.961222,80.466766,386.2,53.7,57.8,55.75,330.45,4.1,Gondite (Manganiferous Quartzite),29.85,10.61,28.6,0.2617,3.5,96.0,2.611,1.669,True
DH-04-296,MOIL-UK-04,367.33,-754.52,21.961222,80.466766,386.2,57.8,69.8,63.8,322.4,12.0,Gondite (Manganiferous Quartzite),18.52,12.88,41.5,0.1938,3.32,86.3,2.998,2.1,True
DH-04-297,MOIL-UK-04,-530.56,1077.92,21.977683,80.458049,362.96,0.0,14.0,7.0,355.96,14.0,Phyllite & Weathered Overburden,5.52,9.89,55.75,0.061,2.61,87.3,2.313,2.357,True
DH-04-297,MOIL-UK-04,-530.56,1077.92,21.977683,80.458049,362.96,14.0,18.5,16.25,346.71,4.5,Phyllite & Weathered Overburden,4.3,8.07,65.39,0.1207,2.67,97.3,2.196,2.6,True
DH-04-297,MOIL-UK-04,-530.56,1077.92,21.977683,80.458049,362.96,18.5,21.0,19.75,343.21,2.5,Quartz-Muscovite Schist,7.42,4.43,70.15,0.17,2.71,92.9,1.673,2.6,True
DH-04-297,MOIL-UK-04,-530.56,1077.92,21.977683,80.458049,362.96,21.0,31.1,26.05,336.91,10.1,Quartz-Muscovite Schist,3.38,4.02,50.09,0.1723,2.98,88.1,1.728,2.258,True
DH-04-297,MOIL-UK-04,-530.56,1077.92,21.977683,80.458049,362.96,31.1,37.9,34.5,328.46,6.8,Quartz-Muscovite Schist,2.7,7.21,58.83,0.0748,2.83,93.2,1.97,2.569,True
DH-04-297,MOIL-UK-04,-530.56,1077.92,21.977683,80.458049,362.96,37.9,50.4,44.15,318.81,12.5,Quartz-Muscovite Schist,2.83,5.41,64.81,0.0854,2.65,99.0,1.79,2.551,True
DH-04-298,MOIL-UK-04,-1051.72,-72.6,21.967348,80.452989,358.32,0.0,35.6,17.8,340.52,35.6,Phyllite & Weathered Overburden,8.44,5.32,52.88,0.0425,2.51,91.2,1.964,2.311,True
DH-04-298,MOIL-UK-04,-1051.72,-72.6,21.967348,80.452989,358.32,35.6,45.5,40.55,317.77,9.9,Quartz-Muscovite Schist,10.31,7.36,66.21,0.0954,3.03,96.0,2.026,2.6,True
DH-04-298,MOIL-UK-04,-1051.72,-72.6,21.967348,80.452989,358.32,45.5,55.7,50.6,307.72,10.2,Quartz-Muscovite Schist,8.92,5.92,54.92,0.1441,2.89,92.1,1.919,2.6,True
DH-04-298,MOIL-UK-04,-1051.72,-72.6,21.967348,80.452989,358.32,55.7,88.7,72.2,286.12,33.0,Calc-Silicate Granulite,9.84,9.64,69.6,0.0918,2.81,95.9,2.463,2.6,True
DH-04-298,MOIL-UK-04,-1051.72,-72.6,21.967348,80.452989,358.32,88.7,96.1,92.4,265.92,7.4,Quartz-Muscovite Schist,6.91,3.29,51.53,0.051,3.02,79.9,1.625,2.289,True
DH-04-298,MOIL-UK-04,-1051.72,-72.6,21.967348,80.452989,358.32,96.1,142.0,119.05,239.27,45.9,Quartz-Muscovite Schist,7.9,7.27,56.52,0.1584,2.72,86.5,1.97,2.417,True
DH-04-298,MOIL-UK-04,-1051.72,-72.6,21.967348,80.452989,358.32,142.0,154.3,148.15,210.17,12.3,Quartz-Muscovite Schist,2.46,4.03,61.19,0.1698,2.99,93.2,1.804,2.6,True
DH-04-299,MOIL-UK-04,421.96,300.06,21.970695,80.467297,376.14,0.0,19.6,9.8,366.34,19.6,Phyllite & Weathered Overburden,6.62,10.13,45.9,0.1065,2.68,97.8,2.533,2.305,True
DH-04-299,MOIL-UK-04,421.96,300.06,21.970695,80.467297,376.14,19.6,21.3,20.45,355.69,1.7,Banded Hematite-Manganese Quartzite,28.28,10.52,43.11,0.2102,3.26,89.0,2.555,1.998,True
DH-04-299,MOIL-UK-04,421.96,300.06,21.970695,80.467297,376.14,21.3,30.7,26.0,350.14,9.4,Banded Hematite-Manganese Quartzite,19.43,14.24,45.27,0.3054,3.67,93.9,3.076,2.259,True
DH-04-299,MOIL-UK-04,421.96,300.06,21.970695,80.467297,376.14,30.7,43.5,37.1,339.04,12.8,High-Grade Braunite Ore,30.42,9.0,18.34,0.2122,3.77,96.2,2.296,1.352,True
DH-04-299,MOIL-UK-04,421.96,300.06,21.970695,80.467297,376.14,43.5,58.3,50.9,325.24,14.8,Medium-Grade Pyrolusite Bed,34.55,4.65,16.26,0.1354,3.9,91.2,1.835,1.419,True
DH-04-299,MOIL-UK-04,421.96,300.06,21.970695,80.467297,376.14,58.3,59.8,59.05,317.09,1.5,High-Grade Braunite Ore,34.02,9.38,17.34,0.0874,4.35,94.2,2.557,1.406,True
DH-04-299,MOIL-UK-04,421.96,300.06,21.970695,80.467297,376.14,59.8,66.2,63.0,313.14,6.4,High-Grade Braunite Ore,30.21,7.16,13.46,0.0804,3.89,87.9,2.297,1.191,True
DH-04-300,MOIL-UK-04,308.12,498.08,21.972474,80.466191,389.46,0.0,1.9,0.95,388.51,1.9,Phyllite & Weathered Overburden,8.34,11.43,57.91,0.093,2.42,98.9,2.292,2.351,True
DH-04-300,MOIL-UK-04,308.12,498.08,21.972474,80.466191,389.46,2.8,48.2,25.5,363.96,45.4,High-Grade Braunite Ore,39.22,5.01,11.6,0.0824,3.73,93.0,1.695,1.374,True
DH-04-300,MOIL-UK-04,308.12,498.08,21.972474,80.466191,389.46,48.2,63.5,55.85,333.61,15.3,High-Grade Braunite Ore,39.66,6.2,14.34,0.1103,4.16,92.7,2.086,1.371,True
DH-04-300,MOIL-UK-04,308.12,498.08,21.972474,80.466191,389.46,64.4,78.9,71.65,317.81,14.5,High-Grade Braunite Ore,35.74,6.99,18.62,0.1919,3.85,88.6,2.238,1.318,True
DH-04-300,MOIL-UK-04,308.12,498.08,21.972474,80.466191,389.46,78.9,81.8,80.35,309.11,2.9,High-Grade Braunite Ore,32.27,6.37,20.32,0.1425,4.05,97.7,2.117,1.478,True
