block_id,mine_id,x,y,z_elevation,depth_below_surface,latitude,longitude,block_volume_m3,rock_density_tpm3,total_tonnage,predicted_mn_grade,contained_mn_tonnes,confidence_score,resource_classification,geological_category,stripping_ratio,est_extraction_cost_inr,is_synthetic
BLK-01-X00Y00-B1,MOIL-DB-01,-1000.0,-1000.0,305.0,15.0,21.538817,79.694491,150000.0,3.45,517500.0,30.18,156181.5,0.76,122 (Indicated Resource),Medium Grade Gondite,1.42,641.4,True
BLK-01-X00Y00-B2,MOIL-DB-01,-1000.0,-1000.0,290.0,30.0,21.538817,79.694491,150000.0,3.95,592500.0,39.49,233978.3,0.88,111 (Measured Resource),High Grade Braunite,2.99,839.55,True
BLK-01-X00Y00-B3,MOIL-DB-01,-1000.0,-1000.0,275.0,45.0,21.538817,79.694491,150000.0,3.95,592500.0,37.11,219876.8,0.88,111 (Measured Resource),High Grade Braunite,4.68,1043.1,True
BLK-01-X00Y00-B4,MOIL-DB-01,-1000.0,-1000.0,260.0,60.0,21.538817,79.694491,150000.0,3.45,517500.0,33.65,174138.7,0.76,122 (Indicated Resource),Medium Grade Gondite,5.2,1194.0,True
BLK-01-X00Y01-B1,MOIL-DB-01,-1000.0,-800.0,305.0,15.0,21.540614,79.694491,150000.0,3.45,517500.0,25.79,133463.2,0.76,122 (Indicated Resource),Medium Grade Gondite,3.18,720.6,True
BLK-01-X00Y01-B2,MOIL-DB-01,-1000.0,-800.0,290.0,30.0,21.540614,79.694491,150000.0,3.45,517500.0,30.27,156647.2,0.76,122 (Indicated Resource),Medium Grade Gondite,2.79,830.55,True
BLK-01-X00Y01-B3,MOIL-DB-01,-1000.0,-800.0,275.0,45.0,21.540614,79.694491,150000.0,3.45,517500.0,30.42,157423.5,0.76,122 (Indicated Resource),Medium Grade Gondite,2.78,957.6,True
BLK-01-X00Y01-B4,MOIL-DB-01,-1000.0,-800.0,260.0,60.0,21.540614,79.694491,150000.0,3.45,517500.0,23.75,122906.2,0.76,122 (Indicated Resource),Medium Grade Gondite,5.16,1192.2,True
BLK-01-X00Y02-B1,MOIL-DB-01,-1000.0,-600.0,305.0,15.0,21.54241,79.694491,150000.0,2.85,427500.0,13.04,55746.0,0.62,333 (Inferred / Reconnaissance),Low Grade / Country Rock,1.98,666.6,True
BLK-01-X00Y02-B2,MOIL-DB-01,-1000.0,-600.0,290.0,30.0,21.54241,79.694491,150000.0,3.45,517500.0,28.01,144951.8,0.76,122 (Indicated Resource),Medium Grade Gondite,3.81,876.45,True
BLK-01-X00Y02-B3,MOIL-DB-01,-1000.0,-600.0,275.0,45.0,21.54241,79.694491,150000.0,3.45,517500.0,29.58,153076.5,0.76,122 (Indicated Resource),Medium Grade Gondite,3.55,992.25,True
BLK-01-X00Y02-B4,MOIL-DB-01,-1000.0,-600.0,260.0,60.0,21.54241,79.694491,150000.0,3.45,517500.0,23.44,121302.0,0.76,122 (Indicated Resource),Medium Grade Gondite,4.09,1144.05,True
BLK-01-X00Y03-B1,MOIL-DB-01,-1000.0,-400.0,305.0,15.0,21.544207,79.694491,150000.0,2.85,427500.0,17.7,75667.5,0.62,333 (Inferred / Reconnaissance),Low Grade / Country Rock,2.12,672.9,True
BLK-01-X00Y03-B2,MOIL-DB-01,-1000.0,-400.0,290.0,30.0,21.544207,79.694491,150000.0,3.45,517500.0,27.66,143140.5,0.76,122 (Indicated Resource),Medium Grade Gondite,3.0,840.0,True
BLK-01-X00Y03-B3,MOIL-DB-01,-1000.0,-400.0,275.0,45.0,21.544207,79.694491,150000.0,3.45,517500.0,32.61,168756.8,0.76,122 (Indicated Resource),Medium Grade Gondite,3.96,1010.7,True
BLK-01-X00Y03-B4,MOIL-DB-01,-1000.0,-400.0,260.0,60.0,21.544207,79.694491,150000.0,2.85,427500.0,13.71,58610.2,0.62,333 (Inferred / Reconnaissance),Low Grade / Country Rock,4.28,1152.6,True
BLK-01-X00Y04-B1,MOIL-DB-01,-1000.0,-200.0,305.0,15.0,21.546003,79.694491,150000.0,2.85,427500.0,4.41,18852.8,0.62,333 (Inferred / Reconnaissance),Low Grade / Country Rock,3.11,717.45,True
BLK-01-X00Y04-B2,MOIL-DB-01,-1000.0,-200.0,290.0,30.0,21.546003,79.694491,150000.0,2.85,427500.0,17.29,73914.8,0.62,333 (Inferred / Reconnaissance),Low Grade / Country Rock,3.9,880.5,True
BLK-01-X00Y04-B3,MOIL-DB-01,-1000.0,-200.0,275.0,45.0,21.546003,79.694491,150000.0,3.45,517500.0,33.32,172431.0,0.76,122 (Indicated Resource),Medium Grade Gondite,4.38,1029.6,True
BLK-01-X00Y04-B4,MOIL-DB-01,-1000.0,-200.0,260.0,60.0,21.546003,79.694491,150000.0,2.85,427500.0,13.58,58054.5,0.62,333 (Inferred / Reconnaissance),Low Grade / Country Rock,5.19,1193.55,True
BLK-01-X00Y05-B1,MOIL-DB-01,-1000.0,0.0,305.0,15.0,21.5478,79.694491,150000.0,2.85,427500.0,12.41,53052.8,0.62,333 (Inferred / Reconnaissance),Low Grade / Country Rock,1.52,645.9,True
BLK-01-X00Y05-B2,MOIL-DB-01,-1000.0,0.0,290.0,30.0,21.5478,79.694491,150000.0,2.85,427500.0,9.48,40527.0,0.62,333 (Inferred / Reconnaissance),Low Grade / Country Rock,3.94,882.3,True
BLK-01-X00Y05-B3,MOIL-DB-01,-1000.0,0.0,275.0,45.0,21.5478,79.694491,150000.0,2.85,427500.0,8.92,38133.0,0.62,333 (Inferred / Reconnaissance),Low Grade / Country Rock,4.49,1034.55,True
BLK-01-X00Y05-B4,MOIL-DB-01,-1000.0,0.0,260.0,60.0,21.5478,79.694491,150000.0,2.85,427500.0,5.3,22657.5,0.62,333 (Inferred / Reconnaissance),Low Grade / Country Rock,4.17,1147.65,True
BLK-01-X00Y06-B1,MOIL-DB-01,-1000.0,200.0,305.0,15.0,21.549597,79.694491,150000.0,2.85,427500.0,8.91,38090.2,0.62,333 (Inferred / Reconnaissance),Low Grade / Country Rock,1.35,638.25,True
BLK-01-X00Y06-B2,MOIL-DB-01,-1000.0,200.0,290.0,30.0,21.549597,79.694491,150000.0,2.85,427500.0,5.67,24239.2,0.62,333 (Inferred / Reconnaissance),Low Grade / Country Rock,2.39,812.55,True
BLK-01-X00Y06-B3,MOIL-DB-01,-1000.0,200.0,275.0,45.0,21.549597,79.694491,150000.0,2.85,427500.0,15.73,67245.8,0.62,333 (Inferred / Reconnaissance),Low Grade / Country Rock,2.88,962.1,True
BLK-01-X00Y06-B4,MOIL-DB-01,-1000.0,200.0,260.0,60.0,21.549597,79.694491,150000.0,2.85,427500.0,8.18,34969.5,0.62,333 (Inferred / Reconnaissance),Low Grade / Country Rock,3.52,1118.4,True
BLK-01-X00Y07-B1,MOIL-DB-01,-1000.0,400.0,305.0,15.0,21.551393,79.694491,150000.0,2.85,427500.0,13.74,58738.5,0.62,333 (Inferred / Reconnaissance),Low Grade / Country Rock,2.49,689.55,True
BLK-01-X00Y07-B2,MOIL-DB-01,-1000.0,400.0,290.0,30.0,21.551393,79.694491,150000.0,2.85,427500.0,13.03,55703.2,0.62,333 (Inferred / Reconnaissance),Low Grade / Country Rock,2.75,828.75,True
BLK-01-X00Y07-B3,MOIL-DB-01,-1000.0,400.0,275.0,45.0,21.551393,79.694491,150000.0,2.85,427500.0,6.92,29583.0,0.62,333 (Inferred / Reconnaissance),Low Grade / Country Rock,4.19,1021.05,True
BLK-01-X00Y07-B4,MOIL-DB-01,-1000.0,400.0,260.0,60.0,21.551393,79.694491,150000.0,2.85,427500.0,15.36,65664.0,0.62,333 (Inferred / Reconnaissance),Low Grade / Country Rock,3.78,1130.1,True
BLK-01-X00Y08-B1,MOIL-DB-01,-1000.0,600.0,305.0,15.0,21.55319,79.694491,150000.0,2.85,427500.0,10.82,46255.5,0.62,333 (Inferred / Reconnaissance),Low Grade / Country Rock,1.75,656.25,True
BLK-01-X00Y08-B2,MOIL-DB-01,-1000.0,600.0,290.0,30.0,21.55319,79.694491,150000.0,2.85,427500.0,6.35,27146.2,0.62,333 (Inferred / Reconnaissance),Low Grade / Country Rock,3.47,861.15,True
BLK-01-X00Y08-B3,MOIL-DB-01,-1000.0,600.0,275.0,45.0,21.55319,79.694491,150000.0,2.85,427500.0,11.53,49290.8,0.62,333 (Inferred / Reconnaissance),Low Grade / Country Rock,3.18,975.6,True
BLK-01-X00Y08-B4,MOIL-DB-01,-1000.0,600.0,260.0,60.0,21.55319,79.694491,150000.0,2.85,427500.0,8.34,35653.5,0.62,333 (Inferred / Reconnaissance),Low Grade / Country Rock,5.43,1204.35,True
BLK-01-X00Y09-B1,MOIL-DB-01,-1000.0,800.0,305.0,15.0,21.554986,79.694491,150000.0,2.85,427500.0,15.88,67887.0,0.62,333 (Inferred / Reconnaissance),Low Grade / Country Rock,3.01,712.95,True
BLK-01-X00Y09-B2,MOIL-DB-01,-1000.0,800.0,290.0,30.0,21.554986,79.694491,150000.0,2.85,427500.0,10.44,44631.0,0.62,333 (Inferred / Reconnaissance),Low Grade / Country Rock,3.25,851.25,True
BLK-01-X00Y09-B3,MOIL-DB-01,-1000.0,800.0,275.0,45.0,21.554986,79.694491,150000.0,2.85,427500.0,9.27,39629.2,0.62,333 (Inferred / Reconnaissance),Low Grade / Country Rock,2.91,963.45,True
BLK-01-X00Y09-B4,MOIL-DB-01,-1000.0,800.0,260.0,60.0,21.554986,79.694491,150000.0,2.85,427500.0,9.61,41082.7,0.62,333 (Inferred / Reconnaissance),Low Grade / Country Rock,4.69,1171.05,True
BLK-01-X00Y10-B1,MOIL-DB-01,-1000.0,1000.0,305.0,15.0,21.556783,79.694491,150000.0,2.85,427500.0,8.02,34285.5,0.62,333 (Inferred / Reconnaissance),Low Grade / Country Rock,2.95,710.25,True
BLK-01-X00Y10-B2,MOIL-DB-01,-1000.0,1000.0,290.0,30.0,21.556783,79.694491,150000.0,2.85,427500.0,6.12,26163.0,0.62,333 (Inferred / Reconnaissance),Low Grade / Country Rock,2.73,827.85,True
BLK-01-X00Y10-B3,MOIL-DB-01,-1000.0,1000.0,275.0,45.0,21.556783,79.694491,150000.0,2.85,427500.0,5.75,24581.2,0.62,333 (Inferred / Reconnaissance),Low Grade / Country Rock,3.56,992.7,True
BLK-01-X00Y10-B4,MOIL-DB-01,-1000.0,1000.0,260.0,60.0,21.556783,79.694491,150000.0,2.85,427500.0,4.56,19494.0,0.62,333 (Inferred / Reconnaissance),Low Grade / Country Rock,4.05,1142.25,True
BLK-01-X01Y00-B1,MOIL-DB-01,-800.0,-1000.0,305.0,15.0,21.538817,79.696433,150000.0,3.95,592500.0,38.98,230956.5,0.88,111 (Measured Resource),High Grade Braunite,2.34,682.8,True
BLK-01-X01Y00-B2,MOIL-DB-01,-800.0,-1000.0,290.0,30.0,21.538817,79.696433,150000.0,3.95,592500.0,33.6,199080.0,0.88,111 (Measured Resource),High Grade Braunite,2.55,819.75,True
BLK-01-X01Y00-B3,MOIL-DB-01,-800.0,-1000.0,275.0,45.0,21.538817,79.696433,150000.0,3.95,592500.0,44.03,260877.8,0.88,111 (Measured Resource),High Grade Braunite,3.38,984.6,True
BLK-01-X01Y00-B4,MOIL-DB-01,-800.0,-1000.0,260.0,60.0,21.538817,79.696433,150000.0,3.95,592500.0,49.54,293524.5,0.88,111 (Measured Resource),High Grade Braunite,5.16,1192.2,True
BLK-01-X01Y01-B1,MOIL-DB-01,-800.0,-800.0,305.0,15.0,21.540614,79.696433,150000.0,3.45,517500.0,28.55,147746.3,0.76,122 (Indicated Resource),Medium Grade Gondite,1.91,663.45,True
BLK-01-X01Y01-B2,MOIL-DB-01,-800.0,-800.0,290.0,30.0,21.540614,79.696433,150000.0,3.95,592500.0,36.43,215847.8,0.88,111 (Measured Resource),High Grade Braunite,3.33,854.85,True
BLK-01-X01Y01-B3,MOIL-DB-01,-800.0,-800.0,275.0,45.0,21.540614,79.696433,150000.0,3.95,592500.0,38.24,226572.0,0.88,111 (Measured Resource),High Grade Braunite,4.71,1044.45,True
BLK-01-X01Y01-B4,MOIL-DB-01,-800.0,-800.0,260.0,60.0,21.540614,79.696433,150000.0,3.95,592500.0,42.98,254656.5,0.88,111 (Measured Resource),High Grade Braunite,4.16,1147.2,True
BLK-01-X01Y02-B1,MOIL-DB-01,-800.0,-600.0,305.0,15.0,21.54241,79.696433,150000.0,3.45,517500.0,26.88,139104.0,0.76,122 (Indicated Resource),Medium Grade Gondite,3.06,715.2,True
BLK-01-X01Y02-B2,MOIL-DB-01,-800.0,-600.0,290.0,30.0,21.54241,79.696433,150000.0,3.95,592500.0,41.32,244821.0,0.88,111 (Measured Resource),High Grade Braunite,3.51,862.95,True
BLK-01-X01Y02-B3,MOIL-DB-01,-800.0,-600.0,275.0,45.0,21.54241,79.696433,150000.0,3.95,592500.0,44.71,264906.8,0.88,111 (Measured Resource),High Grade Braunite,4.55,1037.25,True
BLK-01-X01Y02-B4,MOIL-DB-01,-800.0,-600.0,260.0,60.0,21.54241,79.696433,150000.0,3.45,517500.0,28.62,148108.5,0.76,122 (Indicated Resource),Medium Grade Gondite,4.01,1140.45,True
BLK-01-X01Y03-B1,MOIL-DB-01,-800.0,-400.0,305.0,15.0,21.544207,79.696433,150000.0,3.45,517500.0,27.23,140915.2,0.76,122 (Indicated Resource),Medium Grade Gondite,2.28,680.1,True
BLK-01-X01Y03-B2,MOIL-DB-01,-800.0,-400.0,290.0,30.0,21.544207,79.696433,150000.0,3.45,517500.0,23.16,119853.0,0.76,122 (Indicated Resource),Medium Grade Gondite,3.49,862.05,True
BLK-01-X01Y03-B3,MOIL-DB-01,-800.0,-400.0,275.0,45.0,21.544207,79.696433,150000.0,3.45,517500.0,23.31,120629.2,0.76,122 (Indicated Resource),Medium Grade Gondite,3.56,992.7,True
BLK-01-X01Y03-B4,MOIL-DB-01,-800.0,-400.0,260.0,60.0,21.544207,79.696433,150000.0,3.45,517500.0,31.66,163840.5,0.76,122 (Indicated Resource),Medium Grade Gondite,4.44,1159.8,True
BLK-01-X01Y04-B1,MOIL-DB-01,-800.0,-200.0,305.0,15.0,21.546003,79.696433,150000.0,2.85,427500.0,15.79,67502.2,0.62,333 (Inferred / Reconnaissance),Low Grade / Country Rock,1.93,664.35,True
BLK-01-X01Y04-B2,MOIL-DB-01,-800.0,-200.0,290.0,30.0,21.546003,79.696433,150000.0,3.45,517500.0,33.49,173310.8,0.76,122 (Indicated Resource),Medium Grade Gondite,2.42,813.9,True
BLK-01-X01Y04-B3,MOIL-DB-01,-800.0,-200.0,275.0,45.0,21.546003,79.696433,150000.0,3.45,517500.0,22.46,116230.5,0.76,122 (Indicated Resource),Medium Grade Gondite,4.49,1034.55,True
BLK-01-X01Y04-B4,MOIL-DB-01,-800.0,-200.0,260.0,60.0,21.546003,79.696433,150000.0,3.45,517500.0,31.03,160580.2,0.76,122 (Indicated Resource),Medium Grade Gondite,3.96,1138.2,True
BLK-01-X01Y05-B1,MOIL-DB-01,-800.0,0.0,305.0,15.0,21.5478,79.696433,150000.0,2.85,427500.0,17.79,76052.2,0.62,333 (Inferred / Reconnaissance),Low Grade / Country Rock,2.25,678.75,True
BLK-01-X01Y05-B2,MOIL-DB-01,-800.0,0.0,290.0,30.0,21.5478,79.696433,150000.0,3.45,517500.0,33.41,172896.7,0.76,122 (Indicated Resource),Medium Grade Gondite,3.01,840.45,True
BLK-01-X01Y05-B3,MOIL-DB-01,-800.0,0.0,275.0,45.0,21.5478,79.696433,150000.0,3.45,517500.0,27.66,143140.5,0.76,122 (Indicated Resource),Medium Grade Gondite,3.65,996.75,True
BLK-01-X01Y05-B4,MOIL-DB-01,-800.0,0.0,260.0,60.0,21.5478,79.696433,150000.0,2.85,427500.0,8.69,37149.7,0.62,333 (Inferred / Reconnaissance),Low Grade / Country Rock,4.57,1165.65,True
BLK-01-X01Y06-B1,MOIL-DB-01,-800.0,200.0,305.0,15.0,21.549597,79.696433,150000.0,2.85,427500.0,10.34,44203.5,0.62,333 (Inferred / Reconnaissance),Low Grade / Country Rock,1.32,636.9,True
BLK-01-X01Y06-B2,MOIL-DB-01,-800.0,200.0,290.0,30.0,21.549597,79.696433,150000.0,2.85,427500.0,7.65,32703.8,0.62,333 (Inferred / Reconnaissance),Low Grade / Country Rock,2.43,814.35,True
BLK-01-X01Y06-B3,MOIL-DB-01,-800.0,200.0,275.0,45.0,21.549597,79.696433,150000.0,3.45,517500.0,32.41,167721.7,0.76,122 (Indicated Resource),Medium Grade Gondite,3.95,1010.25,True
BLK-01-X01Y06-B4,MOIL-DB-01,-800.0,200.0,260.0,60.0,21.549597,79.696433,150000.0,2.85,427500.0,14.69,62799.8,0.62,333 (Inferred / Reconnaissance),Low Grade / Country Rock,5.41,1203.45,True
BLK-01-X01Y07-B1,MOIL-DB-01,-800.0,400.0,305.0,15.0,21.551393,79.696433,150000.0,2.85,427500.0,13.02,55660.5,0.62,333 (Inferred / Reconnaissance),Low Grade / Country Rock,3.22,722.4,True
BLK-01-X01Y07-B2,MOIL-DB-01,-800.0,400.0,290.0,30.0,21.551393,79.696433,150000.0,2.85,427500.0,8.36,35739.0,0.62,333 (Inferred / Reconnaissance),Low Grade / Country Rock,2.37,811.65,True
BLK-01-X01Y07-B3,MOIL-DB-01,-800.0,400.0,275.0,45.0,21.551393,79.696433,150000.0,2.85,427500.0,9.65,41253.8,0.62,333 (Inferred / Reconnaissance),Low Grade / Country Rock,3.69,998.55,True
BLK-01-X01Y07-B4,MOIL-DB-01,-800.0,400.0,260.0,60.0,21.551393,79.696433,150000.0,2.85,427500.0,16.54,70708.5,0.62,333 (Inferred / Reconnaissance),Low Grade / Country Rock,4.62,1167.9,True
BLK-01-X01Y08-B1,MOIL-DB-01,-800.0,600.0,305.0,15.0,21.55319,79.696433,150000.0,2.85,427500.0,8.09,34584.8,0.62,333 (Inferred / Reconnaissance),Low Grade / Country Rock,2.74,700.8,True
BLK-01-X01Y08-B2,MOIL-DB-01,-800.0,600.0,290.0,30.0,21.55319,79.696433,150000.0,2.85,427500.0,11.08,47367.0,0.62,333 (Inferred / Reconnaissance),Low Grade / Country Rock,2.32,809.4,True
BLK-01-X01Y08-B3,MOIL-DB-01,-800.0,600.0,275.0,45.0,21.55319,79.696433,150000.0,2.85,427500.0,12.08,51642.0,0.62,333 (Inferred / Reconnaissance),Low Grade / Country Rock,4.57,1038.15,True
BLK-01-X01Y08-B4,MOIL-DB-01,-800.0,600.0,260.0,60.0,21.55319,79.696433,150000.0,2.85,427500.0,15.8,67545.0,0.62,333 (Inferred / Reconnaissance),Low Grade / Country Rock,4.67,1170.15,True
BLK-01-X01Y09-B1,MOIL-DB-01,-800.0,800.0,305.0,15.0,21.554986,79.696433,150000.0,2.85,427500.0,9.28,39672.0,0.62,333 (Inferred / Reconnaissance),Low Grade / Country Rock,1.42,641.4,True
BLK-01-X01Y09-B2,MOIL-DB-01,-800.0,800.0,290.0,30.0,21.554986,79.696433,150000.0,2.85,427500.0,10.58,45229.5,0.62,333 (Inferred / Reconnaissance),Low Grade / Country Rock,3.5,862.5,True
BLK-01-X01Y09-B3,MOIL-DB-01,-800.0,800.0,275.0,45.0,21.554986,79.696433,150000.0,2.85,427500.0,9.04,38646.0,0.62,333 (Inferred / Reconnaissance),Low Grade / Country Rock,3.22,977.4,True
BLK-01-X01Y09-B4,MOIL-DB-01,-800.0,800.0,260.0,60.0,21.554986,79.696433,150000.0,2.85,427500.0,17.04,72846.0,0.62,333 (Inferred / Reconnaissance),Low Grade / Country Rock,5.14,1191.3,True
BLK-01-X01Y10-B1,MOIL-DB-01,-800.0,1000.0,305.0,15.0,21.556783,79.696433,150000.0,2.85,427500.0,12.94,55318.5,0.62,333 (Inferred / Reconnaissance),Low Grade / Country Rock,1.52,645.9,True
BLK-01-X01Y10-B2,MOIL-DB-01,-800.0,1000.0,290.0,30.0,21.556783,79.696433,150000.0,2.85,427500.0,6.03,25778.2,0.62,333 (Inferred / Reconnaissance),Low Grade / Country Rock,2.21,804.45,True
BLK-01-X01Y10-B3,MOIL-DB-01,-800.0,1000.0,275.0,45.0,21.556783,79.696433,150000.0,2.85,427500.0,12.63,53993.2,0.62,333 (Inferred / Reconnaissance),Low Grade / Country Rock,2.98,966.6,True
BLK-01-X01Y10-B4,MOIL-DB-01,-800.0,1000.0,260.0,60.0,21.556783,79.696433,150000.0,2.85,427500.0,15.8,67545.0,0.62,333 (Inferred / Reconnaissance),Low Grade / Country Rock,5.49,1207.05,True
BLK-01-X02Y00-B1,MOIL-DB-01,-600.0,-1000.0,305.0,15.0,21.538817,79.698375,150000.0,3.95,592500.0,33.52,198606.0,0.88,111 (Measured Resource),High Grade Braunite,1.98,666.6,True
BLK-01-X02Y00-B2,MOIL-DB-01,-600.0,-1000.0,290.0,30.0,21.538817,79.698375,150000.0,3.95,592500.0,45.5,269587.5,0.88,111 (Measured Resource),High Grade Braunite,3.87,879.15,True
BLK-01-X02Y00-B3,MOIL-DB-01,-600.0,-1000.0,275.0,45.0,21.538817,79.698375,150000.0,3.95,592500.0,39.41,233504.2,0.88,111 (Measured Resource),High Grade Braunite,4.54,1036.8,True
BLK-01-X02Y00-B4,MOIL-DB-01,-600.0,-1000.0,260.0,60.0,21.538817,79.698375,150000.0,3.95,592500.0,42.75,253293.8,0.88,111 (Measured Resource),High Grade Braunite,3.77,1129.65,True
BLK-01-X02Y01-B1,MOIL-DB-01,-600.0,-800.0,305.0,15.0,21.540614,79.698375,150000.0,3.95,592500.0,43.54,257974.5,0.88,111 (Measured Resource),High Grade Braunite,2.25,678.75,True
BLK-01-X02Y01-B2,MOIL-DB-01,-600.0,-800.0,290.0,30.0,21.540614,79.698375,150000.0,3.95,592500.0,38.6,228705.0,0.88,111 (Measured Resource),High Grade Braunite,3.74,873.3,True
BLK-01-X02Y01-B3,MOIL-DB-01,-600.0,-800.0,275.0,45.0,21.540614,79.698375,150000.0,3.95,592500.0,42.4,251220.0,0.88,111 (Measured Resource),High Grade Braunite,2.86,961.2,True
BLK-01-X02Y01-B4,MOIL-DB-01,-600.0,-800.0,260.0,60.0,21.540614,79.698375,150000.0,3.95,592500.0,41.99,248790.8,0.88,111 (Measured Resource),High Grade Braunite,4.13,1145.85,True
BLK-01-X02Y02-B1,MOIL-DB-01,-600.0,-600.0,305.0,15.0,21.54241,79.698375,150000.0,3.45,517500.0,30.65,158613.8,0.76,122 (Indicated Resource),Medium Grade Gondite,2.81,703.95,True
BLK-01-X02Y02-B2,MOIL-DB-01,-600.0,-600.0,290.0,30.0,21.54241,79.698375,150000.0,3.95,592500.0,44.14,261529.5,0.88,111 (Measured Resource),High Grade Braunite,3.87,879.15,True
BLK-01-X02Y02-B3,MOIL-DB-01,-600.0,-600.0,275.0,45.0,21.54241,79.698375,150000.0,3.95,592500.0,44.54,263899.5,0.88,111 (Measured Resource),High Grade Braunite,3.96,1010.7,True
BLK-01-X02Y02-B4,MOIL-DB-01,-600.0,-600.0,260.0,60.0,21.54241,79.698375,150000.0,3.95,592500.0,37.63,222957.8,0.88,111 (Measured Resource),High Grade Braunite,4.55,1164.75,True
BLK-01-X02Y03-B1,MOIL-DB-01,-600.0,-400.0,305.0,15.0,21.544207,79.698375,150000.0,3.45,517500.0,32.68,169119.0,0.76,122 (Indicated Resource),Medium Grade Gondite,1.26,634.2,True
BLK-01-X02Y03-B2,MOIL-DB-01,-600.0,-400.0,290.0,30.0,21.544207,79.698375,150000.0,3.95,592500.0,41.37,245117.2,0.88,111 (Measured Resource),High Grade Braunite,2.36,811.2,True
BLK-01-X02Y03-B3,MOIL-DB-01,-600.0,-400.0,275.0,45.0,21.544207,79.698375,150000.0,3.95,592500.0,35.52,210456.0,0.88,111 (Measured Resource),High Grade Braunite,4.57,1038.15,True
BLK-01-X02Y03-B4,MOIL-DB-01,-600.0,-400.0,260.0,60.0,21.544207,79.698375,150000.0,3.45,517500.0,29.77,154059.8,0.76,122 (Indicated Resource),Medium Grade Gondite,4.46,1160.7,True
BLK-01-X02Y04-B1,MOIL-DB-01,-600.0,-200.0,305.0,15.0,21.546003,79.698375,150000.0,3.45,517500.0,31.78,164461.5,0.76,122 (Indicated Resource),Medium Grade Gondite,2.15,674.25,True
BLK-01-X02Y04-B2,MOIL-DB-01,-600.0,-200.0,290.0,30.0,21.546003,79.698375,150000.0,3.45,517500.0,28.7,148522.5,0.76,122 (Indicated Resource),Medium Grade Gondite,2.01,795.45,True
BLK-01-X02Y04-B3,MOIL-DB-01,-600.0,-200.0,275.0,45.0,21.546003,79.698375,150000.0,3.95,592500.0,37.82,224083.5,0.88,111 (Measured Resource),High Grade Braunite,4.13,1018.35,True
BLK-01-X02Y04-B4,MOIL-DB-01,-600.0,-200.0,260.0,60.0,21.546003,79.698375,150000.0,3.45,517500.0,27.75,143606.2,0.76,122 (Indicated Resource),Medium Grade Gondite,4.1,1144.5,True
BLK-01-X02Y05-B1,MOIL-DB-01,-600.0,0.0,305.0,15.0,21.5478,79.698375,150000.0,3.45,517500.0,27.61,142881.8,0.76,122 (Indicated Resource),Medium Grade Gondite,1.67,652.65,True
BLK-01-X02Y05-B2,MOIL-DB-01,-600.0,0.0,290.0,30.0,21.5478,79.698375,150000.0,3.45,517500.0,33.1,171292.5,0.76,122 (Indicated Resource),Medium Grade Gondite,2.11,799.95,True
BLK-01-X02Y05-B3,MOIL-DB-01,-600.0,0.0,275.0,45.0,21.5478,79.698375,150000.0,3.45,517500.0,32.39,167618.2,0.76,122 (Indicated Resource),Medium Grade Gondite,3.77,1002.15,True
BLK-01-X02Y05-B4,MOIL-DB-01,-600.0,0.0,260.0,60.0,21.5478,79.698375,150000.0,3.45,517500.0,29.43,152300.2,0.76,122 (Indicated Resource),Medium Grade Gondite,4.11,1144.95,True
BLK-01-X02Y06-B1,MOIL-DB-01,-600.0,200.0,305.0,15.0,21.549597,79.698375,150000.0,2.85,427500.0,17.53,74940.8,0.62,333 (Inferred / Reconnaissance),Low Grade / Country Rock,1.81,658.95,True
BLK-01-X02Y06-B2,MOIL-DB-01,-600.0,200.0,290.0,30.0,21.549597,79.698375,150000.0,3.45,517500.0,29.07,150437.2,0.76,122 (Indicated Resource),Medium Grade Gondite,3.99,884.55,True
BLK-01-X02Y06-B3,MOIL-DB-01,-600.0,200.0,275.0,45.0,21.549597,79.698375,150000.0,3.45,517500.0,32.57,168549.8,0.76,122 (Indicated Resource),Medium Grade Gondite,3.82,1004.4,True
BLK-01-X02Y06-B4,MOIL-DB-01,-600.0,200.0,260.0,60.0,21.549597,79.698375,150000.0,3.45,517500.0,33.88,175329.0,0.76,122 (Indicated Resource),Medium Grade Gondite,4.9,1180.5,True
BLK-01-X02Y07-B1,MOIL-DB-01,-600.0,400.0,305.0,15.0,21.551393,79.698375,150000.0,2.85,427500.0,6.92,29583.0,0.62,333 (Inferred / Reconnaissance),Low Grade / Country Rock,2.06,670.2,True
BLK-01-X02Y07-B2,MOIL-DB-01,-600.0,400.0,290.0,30.0,21.551393,79.698375,150000.0,3.45,517500.0,26.01,134601.8,0.76,122 (Indicated Resource),Medium Grade Gondite,2.69,826.05,True
BLK-01-X02Y07-B3,MOIL-DB-01,-600.0,400.0,275.0,45.0,21.551393,79.698375,150000.0,3.45,517500.0,31.13,161097.7,0.76,122 (Indicated Resource),Medium Grade Gondite,3.92,1008.9,True
BLK-01-X02Y07-B4,MOIL-DB-01,-600.0,400.0,260.0,60.0,21.551393,79.698375,150000.0,2.85,427500.0,4.53,19365.8,0.62,333 (Inferred / Reconnaissance),Low Grade / Country Rock,5.25,1196.25,True
BLK-01-X02Y08-B1,MOIL-DB-01,-600.0,600.0,305.0,15.0,21.55319,79.698375,150000.0,2.85,427500.0,8.16,34884.0,0.62,333 (Inferred / Reconnaissance),Low Grade / Country Rock,3.24,723.3,True
BLK-01-X02Y08-B2,MOIL-DB-01,-600.0,600.0,290.0,30.0,21.55319,79.698375,150000.0,2.85,427500.0,17.36,74214.0,0.62,333 (Inferred / Reconnaissance),Low Grade / Country Rock,3.88,879.6,True
BLK-01-X02Y08-B3,MOIL-DB-01,-600.0,600.0,275.0,45.0,21.55319,79.698375,150000.0,2.85,427500.0,15.36,65664.0,0.62,333 (Inferred / Reconnaissance),Low Grade / Country Rock,3.19,976.05,True
BLK-01-X02Y08-B4,MOIL-DB-01,-600.0,600.0,260.0,60.0,21.55319,79.698375,150000.0,2.85,427500.0,11.46,48991.5,0.62,333 (Inferred / Reconnaissance),Low Grade / Country Rock,3.95,1137.75,True
BLK-01-X02Y09-B1,MOIL-DB-01,-600.0,800.0,305.0,15.0,21.554986,79.698375,150000.0,2.85,427500.0,7.64,32661.0,0.62,333 (Inferred / Reconnaissance),Low Grade / Country Rock,2.47,688.65,True
BLK-01-X02Y09-B2,MOIL-DB-01,-600.0,800.0,290.0,30.0,21.554986,79.698375,150000.0,2.85,427500.0,4.57,19536.8,0.62,333 (Inferred / Reconnaissance),Low Grade / Country Rock,3.94,882.3,True
BLK-01-X02Y09-B3,MOIL-DB-01,-600.0,800.0,275.0,45.0,21.554986,79.698375,150000.0,2.85,427500.0,16.86,72076.5,0.62,333 (Inferred / Reconnaissance),Low Grade / Country Rock,3.51,990.45,True
BLK-01-X02Y09-B4,MOIL-DB-01,-600.0,800.0,260.0,60.0,21.554986,79.698375,150000.0,2.85,427500.0,11.22,47965.5,0.62,333 (Inferred / Reconnaissance),Low Grade / Country Rock,4.43,1159.35,True
BLK-01-X02Y10-B1,MOIL-DB-01,-600.0,1000.0,305.0,15.0,21.556783,79.698375,150000.0,2.85,427500.0,16.35,69896.2,0.62,333 (Inferred / Reconnaissance),Low Grade / Country Rock,2.63,695.85,True
BLK-01-X02Y10-B2,MOIL-DB-01,-600.0,1000.0,290.0,30.0,21.556783,79.698375,150000.0,2.85,427500.0,7.89,33729.8,0.62,333 (Inferred / Reconnaissance),Low Grade / Country Rock,2.89,835.05,True
BLK-01-X02Y10-B3,MOIL-DB-01,-600.0,1000.0,275.0,45.0,21.556783,79.698375,150000.0,2.85,427500.0,10.01,42792.8,0.62,333 (Inferred / Reconnaissance),Low Grade / Country Rock,4.67,1042.65,True
BLK-01-X02Y10-B4,MOIL-DB-01,-600.0,1000.0,260.0,60.0,21.556783,79.698375,150000.0,2.85,427500.0,6.45,27573.8,0.62,333 (Inferred / Reconnaissance),Low Grade / Country Rock,3.68,1125.6,True
BLK-01-X03Y00-B1,MOIL-DB-01,-400.0,-1000.0,305.0,15.0,21.538817,79.700317,150000.0,3.95,592500.0,39.5,234037.5,0.88,111 (Measured Resource),High Grade Braunite,3.01,712.95,True
BLK-01-X03Y00-B2,MOIL-DB-01,-400.0,-1000.0,290.0,30.0,21.538817,79.700317,150000.0,3.95,592500.0,46.46,275275.5,0.88,111 (Measured Resource),High Grade Braunite,3.13,845.85,True
BLK-01-X03Y00-B3,MOIL-DB-01,-400.0,-1000.0,275.0,45.0,21.538817,79.700317,150000.0,3.95,592500.0,40.91,242391.7,0.88,111 (Measured Resource),High Grade Braunite,2.89,962.55,True
BLK-01-X03Y00-B4,MOIL-DB-01,-400.0,-1000.0,260.0,60.0,21.538817,79.700317,150000.0,3.95,592500.0,39.99,236940.8,0.88,111 (Measured Resource),High Grade Braunite,4.15,1146.75,True
BLK-01-X03Y01-B1,MOIL-DB-01,-400.0,-800.0,305.0,15.0,21.540614,79.700317,150000.0,3.95,592500.0,40.6,240555.0,0.88,111 (Measured Resource),High Grade Braunite,3.11,717.45,True
BLK-01-X03Y01-B2,MOIL-DB-01,-400.0,-800.0,290.0,30.0,21.540614,79.700317,150000.0,3.95,592500.0,41.49,245828.3,0.88,111 (Measured Resource),High Grade Braunite,2.5,817.5,True
BLK-01-X03Y01-B3,MOIL-DB-01,-400.0,-800.0,275.0,45.0,21.540614,79.700317,150000.0,3.95,592500.0,40.06,237355.5,0.88,111 (Measured Resource),High Grade Braunite,3.38,984.6,True
BLK-01-X03Y01-B4,MOIL-DB-01,-400.0,-800.0,260.0,60.0,21.540614,79.700317,150000.0,3.95,592500.0,44.19,261825.7,0.88,111 (Measured Resource),High Grade Braunite,4.5,1162.5,True
BLK-01-X03Y02-B1,MOIL-DB-01,-400.0,-600.0,305.0,15.0,21.54241,79.700317,150000.0,3.95,592500.0,42.31,250686.8,0.88,111 (Measured Resource),High Grade Braunite,3.01,712.95,True
BLK-01-X03Y02-B2,MOIL-DB-01,-400.0,-600.0,290.0,30.0,21.54241,79.700317,150000.0,3.95,592500.0,41.13,243695.2,0.88,111 (Measured Resource),High Grade Braunite,2.8,831.0,True
BLK-01-X03Y02-B3,MOIL-DB-01,-400.0,-600.0,275.0,45.0,21.54241,79.700317,150000.0,3.95,592500.0,40.0,237000.0,0.88,111 (Measured Resource),High Grade Braunite,4.42,1031.4,True
BLK-01-X03Y02-B4,MOIL-DB-01,-400.0,-600.0,260.0,60.0,21.54241,79.700317,150000.0,3.95,592500.0,37.74,223609.5,0.88,111 (Measured Resource),High Grade Braunite,5.34,1200.3,True
BLK-01-X03Y03-B1,MOIL-DB-01,-400.0,-400.0,305.0,15.0,21.544207,79.700317,150000.0,3.95,592500.0,41.96,248613.0,0.88,111 (Measured Resource),High Grade Braunite,1.74,655.8,True
BLK-01-X03Y03-B2,MOIL-DB-01,-400.0,-400.0,290.0,30.0,21.544207,79.700317,150000.0,3.95,592500.0,42.49,251753.2,0.88,111 (Measured Resource),High Grade Braunite,2.21,804.45,True
BLK-01-X03Y03-B3,MOIL-DB-01,-400.0,-400.0,275.0,45.0,21.544207,79.700317,150000.0,3.95,592500.0,38.88,230364.0,0.88,111 (Measured Resource),High Grade Braunite,3.19,976.05,True
BLK-01-X03Y03-B4,MOIL-DB-01,-400.0,-400.0,260.0,60.0,21.544207,79.700317,150000.0,3.95,592500.0,44.1,261292.5,0.88,111 (Measured Resource),High Grade Braunite,3.79,1130.55,True
BLK-01-X03Y04-B1,MOIL-DB-01,-400.0,-200.0,305.0,15.0,21.546003,79.700317,150000.0,3.45,517500.0,28.57,147849.8,0.76,122 (Indicated Resource),Medium Grade Gondite,2.67,697.65,True
BLK-01-X03Y04-B2,MOIL-DB-01,-400.0,-200.0,290.0,30.0,21.546003,79.700317,150000.0,3.95,592500.0,40.54,240199.5,0.88,111 (Measured Resource),High Grade Braunite,3.72,872.4,True
BLK-01-X03Y04-B3,MOIL-DB-01,-400.0,-200.0,275.0,45.0,21.546003,79.700317,150000.0,3.95,592500.0,38.16,226098.0,0.88,111 (Measured Resource),High Grade Braunite,2.97,966.15,True
BLK-01-X03Y04-B4,MOIL-DB-01,-400.0,-200.0,260.0,60.0,21.546003,79.700317,150000.0,3.95,592500.0,45.88,271839.0,0.88,111 (Measured Resource),High Grade Braunite,4.92,1181.4,True
BLK-01-X03Y05-B1,MOIL-DB-01,-400.0,0.0,305.0,15.0,21.5478,79.700317,150000.0,3.45,517500.0,33.91,175484.2,0.76,122 (Indicated Resource),Medium Grade Gondite,2.72,699.9,True
BLK-01-X03Y05-B2,MOIL-DB-01,-400.0,0.0,290.0,30.0,21.5478,79.700317,150000.0,3.95,592500.0,40.49,239903.3,0.88,111 (Measured Resource),High Grade Braunite,3.23,850.35,True
BLK-01-X03Y05-B3,MOIL-DB-01,-400.0,0.0,275.0,45.0,21.5478,79.700317,150000.0,3.95,592500.0,39.47,233859.8,0.88,111 (Measured Resource),High Grade Braunite,4.13,1018.35,True
BLK-01-X03Y05-B4,MOIL-DB-01,-400.0,0.0,260.0,60.0,21.5478,79.700317,150000.0,3.45,517500.0,30.64,158562.0,0.76,122 (Indicated Resource),Medium Grade Gondite,4.62,1167.9,True
BLK-01-X03Y06-B1,MOIL-DB-01,-400.0,200.0,305.0,15.0,21.549597,79.700317,150000.0,3.45,517500.0,24.68,127719.0,0.76,122 (Indicated Resource),Medium Grade Gondite,3.13,718.35,True
BLK-01-X03Y06-B2,MOIL-DB-01,-400.0,200.0,290.0,30.0,21.549597,79.700317,150000.0,3.45,517500.0,30.36,157113.0,0.76,122 (Indicated Resource),Medium Grade Gondite,2.47,816.15,True
BLK-01-X03Y06-B3,MOIL-DB-01,-400.0,200.0,275.0,45.0,21.549597,79.700317,150000.0,3.95,592500.0,42.03,249027.8,0.88,111 (Measured Resource),High Grade Braunite,4.52,1035.9,True
BLK-01-X03Y06-B4,MOIL-DB-01,-400.0,200.0,260.0,60.0,21.549597,79.700317,150000.0,3.45,517500.0,26.86,139000.5,0.76,122 (Indicated Resource),Medium Grade Gondite,3.58,1121.1,True
BLK-01-X03Y07-B1,MOIL-DB-01,-400.0,400.0,305.0,15.0,21.551393,79.700317,150000.0,3.45,517500.0,22.58,116851.5,0.76,122 (Indicated Resource),Medium Grade Gondite,1.82,659.4,True
BLK-01-X03Y07-B2,MOIL-DB-01,-400.0,400.0,290.0,30.0,21.551393,79.700317,150000.0,3.45,517500.0,29.55,152921.2,0.76,122 (Indicated Resource),Medium Grade Gondite,3.17,847.65,True
BLK-01-X03Y07-B3,MOIL-DB-01,-400.0,400.0,275.0,45.0,21.551393,79.700317,150000.0,3.45,517500.0,29.61,153231.8,0.76,122 (Indicated Resource),Medium Grade Gondite,4.18,1020.6,True
BLK-01-X03Y07-B4,MOIL-DB-01,-400.0,400.0,260.0,60.0,21.551393,79.700317,150000.0,3.45,517500.0,22.23,115040.2,0.76,122 (Indicated Resource),Medium Grade Gondite,3.71,1126.95,True
BLK-01-X03Y08-B1,MOIL-DB-01,-400.0,600.0,305.0,15.0,21.55319,79.700317,150000.0,2.85,427500.0,9.03,38603.2,0.62,333 (Inferred / Reconnaissance),Low Grade / Country Rock,1.56,647.7,True
BLK-01-X03Y08-B2,MOIL-DB-01,-400.0,600.0,290.0,30.0,21.55319,79.700317,150000.0,3.45,517500.0,22.9,118507.5,0.76,122 (Indicated Resource),Medium Grade Gondite,3.28,852.6,True
BLK-01-X03Y08-B3,MOIL-DB-01,-400.0,600.0,275.0,45.0,21.55319,79.700317,150000.0,3.45,517500.0,31.78,164461.5,0.76,122 (Indicated Resource),Medium Grade Gondite,4.26,1024.2,True
BLK-01-X03Y08-B4,MOIL-DB-01,-400.0,600.0,260.0,60.0,21.55319,79.700317,150000.0,2.85,427500.0,15.44,66006.0,0.62,333 (Inferred / Reconnaissance),Low Grade / Country Rock,4.83,1177.35,True
BLK-01-X03Y09-B1,MOIL-DB-01,-400.0,800.0,305.0,15.0,21.554986,79.700317,150000.0,2.85,427500.0,14.29,61089.8,0.62,333 (Inferred / Reconnaissance),Low Grade / Country Rock,1.79,658.05,True
BLK-01-X03Y09-B2,MOIL-DB-01,-400.0,800.0,290.0,30.0,21.554986,79.700317,150000.0,3.45,517500.0,33.92,175536.0,0.76,122 (Indicated Resource),Medium Grade Gondite,2.37,811.65,True
BLK-01-X03Y09-B3,MOIL-DB-01,-400.0,800.0,275.0,45.0,21.554986,79.700317,150000.0,3.45,517500.0,24.57,127149.8,0.76,122 (Indicated Resource),Medium Grade Gondite,3.33,982.35,True
BLK-01-X03Y09-B4,MOIL-DB-01,-400.0,800.0,260.0,60.0,21.554986,79.700317,150000.0,2.85,427500.0,17.65,75453.8,0.62,333 (Inferred / Reconnaissance),Low Grade / Country Rock,5.48,1206.6,True
BLK-01-X03Y10-B1,MOIL-DB-01,-400.0,1000.0,305.0,15.0,21.556783,79.700317,150000.0,2.85,427500.0,15.13,64680.8,0.62,333 (Inferred / Reconnaissance),Low Grade / Country Rock,2.51,690.45,True
BLK-01-X03Y10-B2,MOIL-DB-01,-400.0,1000.0,290.0,30.0,21.556783,79.700317,150000.0,2.85,427500.0,11.28,48222.0,0.62,333 (Inferred / Reconnaissance),Low Grade / Country Rock,3.94,882.3,True
BLK-01-X03Y10-B3,MOIL-DB-01,-400.0,1000.0,275.0,45.0,21.556783,79.700317,150000.0,2.85,427500.0,13.74,58738.5,0.62,333 (Inferred / Reconnaissance),Low Grade / Country Rock,4.64,1041.3,True
BLK-01-X03Y10-B4,MOIL-DB-01,-400.0,1000.0,260.0,60.0,21.556783,79.700317,150000.0,2.85,427500.0,8.43,36038.2,0.62,333 (Inferred / Reconnaissance),Low Grade / Country Rock,4.17,1147.65,True
BLK-01-X04Y00-B1,MOIL-DB-01,-200.0,-1000.0,305.0,15.0,21.538817,79.702258,150000.0,3.45,517500.0,32.26,166945.5,0.76,122 (Indicated Resource),Medium Grade Gondite,1.55,647.25,True
BLK-01-X04Y00-B2,MOIL-DB-01,-200.0,-1000.0,290.0,30.0,21.538817,79.702258,150000.0,3.95,592500.0,39.85,236111.2,0.88,111 (Measured Resource),High Grade Braunite,3.89,880.05,True
BLK-01-X04Y00-B3,MOIL-DB-01,-200.0,-1000.0,275.0,45.0,21.538817,79.702258,150000.0,3.95,592500.0,42.73,253175.2,0.88,111 (Measured Resource),High Grade Braunite,3.42,986.4,True
BLK-01-X04Y00-B4,MOIL-DB-01,-200.0,-1000.0,260.0,60.0,21.538817,79.702258,150000.0,3.45,517500.0,30.59,158303.2,0.76,122 (Indicated Resource),Medium Grade Gondite,4.47,1161.15,True
BLK-01-X04Y01-B1,MOIL-DB-01,-200.0,-800.0,305.0,15.0,21.540614,79.702258,150000.0,3.45,517500.0,29.52,152766.0,0.76,122 (Indicated Resource),Medium Grade Gondite,2.26,679.2,True
BLK-01-X04Y01-B2,MOIL-DB-01,-200.0,-800.0,290.0,30.0,21.540614,79.702258,150000.0,3.95,592500.0,40.54,240199.5,0.88,111 (Measured Resource),High Grade Braunite,3.93,881.85,True
BLK-01-X04Y01-B3,MOIL-DB-01,-200.0,-800.0,275.0,45.0,21.540614,79.702258,150000.0,3.95,592500.0,37.48,222069.0,0.88,111 (Measured Resource),High Grade Braunite,4.57,1038.15,True
BLK-01-X04Y01-B4,MOIL-DB-01,-200.0,-800.0,260.0,60.0,21.540614,79.702258,150000.0,3.95,592500.0,42.83,253767.7,0.88,111 (Measured Resource),High Grade Braunite,4.09,1144.05,True
BLK-01-X04Y02-B1,MOIL-DB-01,-200.0,-600.0,305.0,15.0,21.54241,79.702258,150000.0,3.95,592500.0,38.25,226631.2,0.88,111 (Measured Resource),High Grade Braunite,3.05,714.75,True
BLK-01-X04Y02-B2,MOIL-DB-01,-200.0,-600.0,290.0,30.0,21.54241,79.702258,150000.0,3.95,592500.0,39.77,235637.3,0.88,111 (Measured Resource),High Grade Braunite,2.57,820.65,True
BLK-01-X04Y02-B3,MOIL-DB-01,-200.0,-600.0,275.0,45.0,21.54241,79.702258,150000.0,3.95,592500.0,41.36,245058.0,0.88,111 (Measured Resource),High Grade Braunite,4.36,1028.7,True
BLK-01-X04Y02-B4,MOIL-DB-01,-200.0,-600.0,260.0,60.0,21.54241,79.702258,150000.0,3.95,592500.0,40.01,237059.2,0.88,111 (Measured Resource),High Grade Braunite,3.78,1130.1,True
BLK-01-X04Y03-B1,MOIL-DB-01,-200.0,-400.0,305.0,15.0,21.544207,79.702258,150000.0,3.95,592500.0,41.05,243221.2,0.88,111 (Measured Resource),High Grade Braunite,1.41,640.95,True
BLK-01-X04Y03-B2,MOIL-DB-01,-200.0,-400.0,290.0,30.0,21.544207,79.702258,150000.0,3.95,592500.0,40.86,242095.5,0.88,111 (Measured Resource),High Grade Braunite,3.65,869.25,True
BLK-01-X04Y03-B3,MOIL-DB-01,-200.0,-400.0,275.0,45.0,21.544207,79.702258,150000.0,3.95,592500.0,46.01,272609.2,0.88,111 (Measured Resource),High Grade Braunite,3.74,1000.8,True
BLK-01-X04Y03-B4,MOIL-DB-01,-200.0,-400.0,260.0,60.0,21.544207,79.702258,150000.0,3.95,592500.0,42.05,249146.2,0.88,111 (Measured Resource),High Grade Braunite,4.9,1180.5,True
BLK-01-X04Y04-B1,MOIL-DB-01,-200.0,-200.0,305.0,15.0,21.546003,79.702258,150000.0,3.95,592500.0,40.36,239133.0,0.88,111 (Measured Resource),High Grade Braunite,1.55,647.25,True
BLK-01-X04Y04-B2,MOIL-DB-01,-200.0,-200.0,290.0,30.0,21.546003,79.702258,150000.0,3.95,592500.0,39.08,231549.0,0.88,111 (Measured Resource),High Grade Braunite,3.65,869.25,True
BLK-01-X04Y04-B3,MOIL-DB-01,-200.0,-200.0,275.0,45.0,21.546003,79.702258,150000.0,3.95,592500.0,39.19,232200.7,0.88,111 (Measured Resource),High Grade Braunite,3.61,994.95,True
BLK-01-X04Y04-B4,MOIL-DB-01,-200.0,-200.0,260.0,60.0,21.546003,79.702258,150000.0,3.95,592500.0,35.18,208441.5,0.88,111 (Measured Resource),High Grade Braunite,5.05,1187.25,True
BLK-01-X04Y05-B1,MOIL-DB-01,-200.0,0.0,305.0,15.0,21.5478,79.702258,150000.0,3.95,592500.0,44.63,264432.8,0.88,111 (Measured Resource),High Grade Braunite,1.4,640.5,True
BLK-01-X04Y05-B2,MOIL-DB-01,-200.0,0.0,290.0,30.0,21.5478,79.702258,150000.0,3.95,592500.0,40.23,238362.8,0.88,111 (Measured Resource),High Grade Braunite,2.38,812.1,True
BLK-01-X04Y05-B3,MOIL-DB-01,-200.0,0.0,275.0,45.0,21.5478,79.702258,150000.0,3.95,592500.0,42.3,250627.5,0.88,111 (Measured Resource),High Grade Braunite,2.9,963.0,True
BLK-01-X04Y05-B4,MOIL-DB-01,-200.0,0.0,260.0,60.0,21.5478,79.702258,150000.0,3.95,592500.0,40.71,241206.8,0.88,111 (Measured Resource),High Grade Braunite,3.59,1121.55,True
BLK-01-X04Y06-B1,MOIL-DB-01,-200.0,200.0,305.0,15.0,21.549597,79.702258,150000.0,3.45,517500.0,23.88,123579.0,0.76,122 (Indicated Resource),Medium Grade Gondite,2.53,691.35,True
BLK-01-X04Y06-B2,MOIL-DB-01,-200.0,200.0,290.0,30.0,21.549597,79.702258,150000.0,3.95,592500.0,43.81,259574.3,0.88,111 (Measured Resource),High Grade Braunite,2.14,801.3,True
BLK-01-X04Y06-B3,MOIL-DB-01,-200.0,200.0,275.0,45.0,21.549597,79.702258,150000.0,3.95,592500.0,39.47,233859.8,0.88,111 (Measured Resource),High Grade Braunite,3.14,973.8,True
BLK-01-X04Y06-B4,MOIL-DB-01,-200.0,200.0,260.0,60.0,21.549597,79.702258,150000.0,3.95,592500.0,43.09,255308.3,0.88,111 (Measured Resource),High Grade Braunite,4.87,1179.15,True
BLK-01-X04Y07-B1,MOIL-DB-01,-200.0,400.0,305.0,15.0,21.551393,79.702258,150000.0,3.45,517500.0,23.49,121560.8,0.76,122 (Indicated Resource),Medium Grade Gondite,3.14,718.8,True
BLK-01-X04Y07-B2,MOIL-DB-01,-200.0,400.0,290.0,30.0,21.551393,79.702258,150000.0,3.95,592500.0,36.41,215729.2,0.88,111 (Measured Resource),High Grade Braunite,2.68,825.6,True
BLK-01-X04Y07-B3,MOIL-DB-01,-200.0,400.0,275.0,45.0,21.551393,79.702258,150000.0,3.95,592500.0,41.08,243399.0,0.88,111 (Measured Resource),High Grade Braunite,3.2,976.5,True
BLK-01-X04Y07-B4,MOIL-DB-01,-200.0,400.0,260.0,60.0,21.551393,79.702258,150000.0,3.45,517500.0,32.15,166376.2,0.76,122 (Indicated Resource),Medium Grade Gondite,5.14,1191.3,True
BLK-01-X04Y08-B1,MOIL-DB-01,-200.0,600.0,305.0,15.0,21.55319,79.702258,150000.0,3.45,517500.0,26.75,138431.2,0.76,122 (Indicated Resource),Medium Grade Gondite,2.43,686.85,True
BLK-01-X04Y08-B2,MOIL-DB-01,-200.0,600.0,290.0,30.0,21.55319,79.702258,150000.0,3.45,517500.0,25.09,129840.8,0.76,122 (Indicated Resource),Medium Grade Gondite,3.38,857.1,True
BLK-01-X04Y08-B3,MOIL-DB-01,-200.0,600.0,275.0,45.0,21.55319,79.702258,150000.0,3.45,517500.0,25.71,133049.2,0.76,122 (Indicated Resource),Medium Grade Gondite,4.44,1032.3,True
BLK-01-X04Y08-B4,MOIL-DB-01,-200.0,600.0,260.0,60.0,21.55319,79.702258,150000.0,3.45,517500.0,24.61,127356.7,0.76,122 (Indicated Resource),Medium Grade Gondite,3.53,1118.85,True
BLK-01-X04Y09-B1,MOIL-DB-01,-200.0,800.0,305.0,15.0,21.554986,79.702258,150000.0,2.85,427500.0,7.76,33174.0,0.62,333 (Inferred / Reconnaissance),Low Grade / Country Rock,1.63,650.85,True
BLK-01-X04Y09-B2,MOIL-DB-01,-200.0,800.0,290.0,30.0,21.554986,79.702258,150000.0,3.45,517500.0,28.1,145417.5,0.76,122 (Indicated Resource),Medium Grade Gondite,2.41,813.45,True
BLK-01-X04Y09-B3,MOIL-DB-01,-200.0,800.0,275.0,45.0,21.554986,79.702258,150000.0,3.45,517500.0,31.16,161253.0,0.76,122 (Indicated Resource),Medium Grade Gondite,3.23,977.85,True
BLK-01-X04Y09-B4,MOIL-DB-01,-200.0,800.0,260.0,60.0,21.554986,79.702258,150000.0,3.45,517500.0,30.48,157734.0,0.76,122 (Indicated Resource),Medium Grade Gondite,4.66,1169.7,True
BLK-01-X04Y10-B1,MOIL-DB-01,-200.0,1000.0,305.0,15.0,21.556783,79.702258,150000.0,2.85,427500.0,17.81,76137.7,0.62,333 (Inferred / Reconnaissance),Low Grade / Country Rock,3.25,723.75,True
BLK-01-X04Y10-B2,MOIL-DB-01,-200.0,1000.0,290.0,30.0,21.556783,79.702258,150000.0,3.45,517500.0,32.43,167825.2,0.76,122 (Indicated Resource),Medium Grade Gondite,3.52,863.4,True
BLK-01-X04Y10-B3,MOIL-DB-01,-200.0,1000.0,275.0,45.0,21.556783,79.702258,150000.0,3.45,517500.0,26.64,137862.0,0.76,122 (Indicated Resource),Medium Grade Gondite,4.26,1024.2,True
BLK-01-X04Y10-B4,MOIL-DB-01,-200.0,1000.0,260.0,60.0,21.556783,79.702258,150000.0,2.85,427500.0,17.39,74342.2,0.62,333 (Inferred / Reconnaissance),Low Grade / Country Rock,3.55,1119.75,True
BLK-01-X05Y00-B1,MOIL-DB-01,0.0,-1000.0,305.0,15.0,21.538817,79.7042,150000.0,3.45,517500.0,28.45,147228.8,0.76,122 (Indicated Resource),Medium Grade Gondite,1.69,653.55,True
BLK-01-X05Y00-B2,MOIL-DB-01,0.0,-1000.0,290.0,30.0,21.538817,79.7042,150000.0,3.45,517500.0,28.69,148470.8,0.76,122 (Indicated Resource),Medium Grade Gondite,2.93,836.85,True
BLK-01-X05Y00-B3,MOIL-DB-01,0.0,-1000.0,275.0,45.0,21.538817,79.7042,150000.0,3.45,517500.0,28.91,149609.2,0.76,122 (Indicated Resource),Medium Grade Gondite,3.85,1005.75,True
BLK-01-X05Y00-B4,MOIL-DB-01,0.0,-1000.0,260.0,60.0,21.538817,79.7042,150000.0,3.45,517500.0,33.52,173466.0,0.76,122 (Indicated Resource),Medium Grade Gondite,4.6,1167.0,True
BLK-01-X05Y01-B1,MOIL-DB-01,0.0,-800.0,305.0,15.0,21.540614,79.7042,150000.0,3.45,517500.0,32.15,166376.2,0.76,122 (Indicated Resource),Medium Grade Gondite,1.89,662.55,True
BLK-01-X05Y01-B2,MOIL-DB-01,0.0,-800.0,290.0,30.0,21.540614,79.7042,150000.0,3.95,592500.0,45.62,270298.5,0.88,111 (Measured Resource),High Grade Braunite,2.88,834.6,True
BLK-01-X05Y01-B3,MOIL-DB-01,0.0,-800.0,275.0,45.0,21.540614,79.7042,150000.0,3.95,592500.0,35.52,210456.0,0.88,111 (Measured Resource),High Grade Braunite,3.51,990.45,True
BLK-01-X05Y01-B4,MOIL-DB-01,0.0,-800.0,260.0,60.0,21.540614,79.7042,150000.0,3.45,517500.0,29.18,151006.5,0.76,122 (Indicated Resource),Medium Grade Gondite,4.66,1169.7,True
BLK-01-X05Y02-B1,MOIL-DB-01,0.0,-600.0,305.0,15.0,21.54241,79.7042,150000.0,3.45,517500.0,29.64,153387.0,0.76,122 (Indicated Resource),Medium Grade Gondite,1.95,665.25,True
BLK-01-X05Y02-B2,MOIL-DB-01,0.0,-600.0,290.0,30.0,21.54241,79.7042,150000.0,3.95,592500.0,39.83,235992.8,0.88,111 (Measured Resource),High Grade Braunite,2.63,823.35,True
BLK-01-X05Y02-B3,MOIL-DB-01,0.0,-600.0,275.0,45.0,21.54241,79.7042,150000.0,3.95,592500.0,37.74,223609.5,0.88,111 (Measured Resource),High Grade Braunite,3.26,979.2,True
BLK-01-X05Y02-B4,MOIL-DB-01,0.0,-600.0,260.0,60.0,21.54241,79.7042,150000.0,3.45,517500.0,22.51,116489.3,0.76,122 (Indicated Resource),Medium Grade Gondite,3.65,1124.25,True
BLK-01-X05Y03-B1,MOIL-DB-01,0.0,-400.0,305.0,15.0,21.544207,79.7042,150000.0,3.95,592500.0,41.34,244939.5,0.88,111 (Measured Resource),High Grade Braunite,1.74,655.8,True
BLK-01-X05Y03-B2,MOIL-DB-01,0.0,-400.0,290.0,30.0,21.544207,79.7042,150000.0,3.95,592500.0,39.09,231608.3,0.88,111 (Measured Resource),High Grade Braunite,2.87,834.15,True
BLK-01-X05Y03-B3,MOIL-DB-01,0.0,-400.0,275.0,45.0,21.544207,79.7042,150000.0,3.95,592500.0,41.0,242925.0,0.88,111 (Measured Resource),High Grade Braunite,4.58,1038.6,True
BLK-01-X05Y03-B4,MOIL-DB-01,0.0,-400.0,260.0,60.0,21.544207,79.7042,150000.0,3.95,592500.0,38.64,228942.0,0.88,111 (Measured Resource),High Grade Braunite,5.35,1200.75,True
BLK-01-X05Y04-B1,MOIL-DB-01,0.0,-200.0,305.0,15.0,21.546003,79.7042,150000.0,3.95,592500.0,43.28,256434.0,0.88,111 (Measured Resource),High Grade Braunite,1.91,663.45,True
BLK-01-X05Y04-B2,MOIL-DB-01,0.0,-200.0,290.0,30.0,21.546003,79.7042,150000.0,3.95,592500.0,40.22,238303.5,0.88,111 (Measured Resource),High Grade Braunite,3.33,854.85,True
BLK-01-X05Y04-B3,MOIL-DB-01,0.0,-200.0,275.0,45.0,21.546003,79.7042,150000.0,3.95,592500.0,43.54,257974.5,0.88,111 (Measured Resource),High Grade Braunite,4.09,1016.55,True
BLK-01-X05Y04-B4,MOIL-DB-01,0.0,-200.0,260.0,60.0,21.546003,79.7042,150000.0,3.95,592500.0,38.95,230778.8,0.88,111 (Measured Resource),High Grade Braunite,4.44,1159.8,True
BLK-01-X05Y05-B1,MOIL-DB-01,0.0,0.0,305.0,15.0,21.5478,79.7042,150000.0,3.95,592500.0,38.93,230660.2,0.88,111 (Measured Resource),High Grade Braunite,3.07,715.65,True
BLK-01-X05Y05-B2,MOIL-DB-01,0.0,0.0,290.0,30.0,21.5478,79.7042,150000.0,3.95,592500.0,40.4,239370.0,0.88,111 (Measured Resource),High Grade Braunite,3.28,852.6,True
BLK-01-X05Y05-B3,MOIL-DB-01,0.0,0.0,275.0,45.0,21.5478,79.7042,150000.0,3.95,592500.0,38.55,228408.7,0.88,111 (Measured Resource),High Grade Braunite,4.12,1017.9,True
BLK-01-X05Y05-B4,MOIL-DB-01,0.0,0.0,260.0,60.0,21.5478,79.7042,150000.0,3.95,592500.0,40.17,238007.2,0.88,111 (Measured Resource),High Grade Braunite,4.67,1170.15,True
BLK-01-X05Y06-B1,MOIL-DB-01,0.0,200.0,305.0,15.0,21.549597,79.7042,150000.0,3.95,592500.0,38.69,229238.2,0.88,111 (Measured Resource),High Grade Braunite,1.38,639.6,True
BLK-01-X05Y06-B2,MOIL-DB-01,0.0,200.0,290.0,30.0,21.549597,79.7042,150000.0,3.95,592500.0,41.58,246361.5,0.88,111 (Measured Resource),High Grade Braunite,3.04,841.8,True
BLK-01-X05Y06-B3,MOIL-DB-01,0.0,200.0,275.0,45.0,21.549597,79.7042,150000.0,3.95,592500.0,38.09,225683.2,0.88,111 (Measured Resource),High Grade Braunite,3.07,970.65,True
BLK-01-X05Y06-B4,MOIL-DB-01,0.0,200.0,260.0,60.0,21.549597,79.7042,150000.0,3.95,592500.0,42.92,254301.0,0.88,111 (Measured Resource),High Grade Braunite,3.53,1118.85,True
BLK-01-X05Y07-B1,MOIL-DB-01,0.0,400.0,305.0,15.0,21.551393,79.7042,150000.0,3.95,592500.0,40.71,241206.8,0.88,111 (Measured Resource),High Grade Braunite,2.54,691.8,True
BLK-01-X05Y07-B2,MOIL-DB-01,0.0,400.0,290.0,30.0,21.551393,79.7042,150000.0,3.95,592500.0,39.8,235815.0,0.88,111 (Measured Resource),High Grade Braunite,3.6,867.0,True
BLK-01-X05Y07-B3,MOIL-DB-01,0.0,400.0,275.0,45.0,21.551393,79.7042,150000.0,3.95,592500.0,37.34,221239.5,0.88,111 (Measured Resource),High Grade Braunite,3.31,981.45,True
BLK-01-X05Y07-B4,MOIL-DB-01,0.0,400.0,260.0,60.0,21.551393,79.7042,150000.0,3.95,592500.0,36.99,219165.8,0.88,111 (Measured Resource),High Grade Braunite,3.97,1138.65,True
BLK-01-X05Y08-B1,MOIL-DB-01,0.0,600.0,305.0,15.0,21.55319,79.7042,150000.0,3.45,517500.0,28.17,145779.8,0.76,122 (Indicated Resource),Medium Grade Gondite,2.84,705.3,True
BLK-01-X05Y08-B2,MOIL-DB-01,0.0,600.0,290.0,30.0,21.55319,79.7042,150000.0,3.95,592500.0,45.46,269350.5,0.88,111 (Measured Resource),High Grade Braunite,3.66,869.7,True
BLK-01-X05Y08-B3,MOIL-DB-01,0.0,600.0,275.0,45.0,21.55319,79.7042,150000.0,3.95,592500.0,39.27,232674.8,0.88,111 (Measured Resource),High Grade Braunite,4.34,1027.8,True
BLK-01-X05Y08-B4,MOIL-DB-01,0.0,600.0,260.0,60.0,21.55319,79.7042,150000.0,3.45,517500.0,24.55,127046.2,0.76,122 (Indicated Resource),Medium Grade Gondite,4.98,1184.1,True
BLK-01-X05Y09-B1,MOIL-DB-01,0.0,800.0,305.0,15.0,21.554986,79.7042,150000.0,3.45,517500.0,33.38,172741.5,0.76,122 (Indicated Resource),Medium Grade Gondite,1.28,635.1,True
BLK-01-X05Y09-B2,MOIL-DB-01,0.0,800.0,290.0,30.0,21.554986,79.7042,150000.0,3.95,592500.0,43.13,255545.2,0.88,111 (Measured Resource),High Grade Braunite,2.88,834.6,True
BLK-01-X05Y09-B3,MOIL-DB-01,0.0,800.0,275.0,45.0,21.554986,79.7042,150000.0,3.95,592500.0,44.26,262240.5,0.88,111 (Measured Resource),High Grade Braunite,3.1,972.0,True
BLK-01-X05Y09-B4,MOIL-DB-01,0.0,800.0,260.0,60.0,21.554986,79.7042,150000.0,3.45,517500.0,33.67,174242.2,0.76,122 (Indicated Resource),Medium Grade Gondite,4.73,1172.85,True
BLK-01-X05Y10-B1,MOIL-DB-01,0.0,1000.0,305.0,15.0,21.556783,79.7042,150000.0,3.45,517500.0,23.97,124044.8,0.76,122 (Indicated Resource),Medium Grade Gondite,1.29,635.55,True
BLK-01-X05Y10-B2,MOIL-DB-01,0.0,1000.0,290.0,30.0,21.556783,79.7042,150000.0,3.45,517500.0,31.4,162495.0,0.76,122 (Indicated Resource),Medium Grade Gondite,2.16,802.2,True
BLK-01-X05Y10-B3,MOIL-DB-01,0.0,1000.0,275.0,45.0,21.556783,79.7042,150000.0,3.45,517500.0,23.69,122595.8,0.76,122 (Indicated Resource),Medium Grade Gondite,3.9,1008.0,True
BLK-01-X05Y10-B4,MOIL-DB-01,0.0,1000.0,260.0,60.0,21.556783,79.7042,150000.0,3.45,517500.0,29.24,151317.0,0.76,122 (Indicated Resource),Medium Grade Gondite,4.87,1179.15,True
BLK-01-X06Y00-B1,MOIL-DB-01,200.0,-1000.0,305.0,15.0,21.538817,79.706142,150000.0,2.85,427500.0,9.51,40655.2,0.62,333 (Inferred / Reconnaissance),Low Grade / Country Rock,2.8,703.5,True
BLK-01-X06Y00-B2,MOIL-DB-01,200.0,-1000.0,290.0,30.0,21.538817,79.706142,150000.0,3.45,517500.0,33.69,174345.8,0.76,122 (Indicated Resource),Medium Grade Gondite,2.54,819.3,True
BLK-01-X06Y00-B3,MOIL-DB-01,200.0,-1000.0,275.0,45.0,21.538817,79.706142,150000.0,3.45,517500.0,30.44,157527.0,0.76,122 (Indicated Resource),Medium Grade Gondite,4.61,1039.95,True
BLK-01-X06Y00-B4,MOIL-DB-01,200.0,-1000.0,260.0,60.0,21.538817,79.706142,150000.0,2.85,427500.0,13.61,58182.8,0.62,333 (Inferred / Reconnaissance),Low Grade / Country Rock,4.86,1178.7,True
BLK-01-X06Y01-B1,MOIL-DB-01,200.0,-800.0,305.0,15.0,21.540614,79.706142,150000.0,2.85,427500.0,7.13,30480.8,0.62,333 (Inferred / Reconnaissance),Low Grade / Country Rock,2.32,681.9,True
BLK-01-X06Y01-B2,MOIL-DB-01,200.0,-800.0,290.0,30.0,21.540614,79.706142,150000.0,3.45,517500.0,28.75,148781.2,0.76,122 (Indicated Resource),Medium Grade Gondite,3.4,858.0,True
BLK-01-X06Y01-B3,MOIL-DB-01,200.0,-800.0,275.0,45.0,21.540614,79.706142,150000.0,3.45,517500.0,33.96,175743.0,0.76,122 (Indicated Resource),Medium Grade Gondite,2.82,959.4,True
BLK-01-X06Y01-B4,MOIL-DB-01,200.0,-800.0,260.0,60.0,21.540614,79.706142,150000.0,3.45,517500.0,22.78,117886.5,0.76,122 (Indicated Resource),Medium Grade Gondite,3.66,1124.7,True
BLK-01-X06Y02-B1,MOIL-DB-01,200.0,-600.0,305.0,15.0,21.54241,79.706142,150000.0,3.45,517500.0,30.92,160011.0,0.76,122 (Indicated Resource),Medium Grade Gondite,1.52,645.9,True
BLK-01-X06Y02-B2,MOIL-DB-01,200.0,-600.0,290.0,30.0,21.54241,79.706142,150000.0,3.45,517500.0,29.47,152507.2,0.76,122 (Indicated Resource),Medium Grade Gondite,2.65,824.25,True
BLK-01-X06Y02-B3,MOIL-DB-01,200.0,-600.0,275.0,45.0,21.54241,79.706142,150000.0,3.45,517500.0,27.49,142260.8,0.76,122 (Indicated Resource),Medium Grade Gondite,3.18,975.6,True
BLK-01-X06Y02-B4,MOIL-DB-01,200.0,-600.0,260.0,60.0,21.54241,79.706142,150000.0,3.45,517500.0,32.39,167618.2,0.76,122 (Indicated Resource),Medium Grade Gondite,4.67,1170.15,True
BLK-01-X06Y03-B1,MOIL-DB-01,200.0,-400.0,305.0,15.0,21.544207,79.706142,150000.0,3.45,517500.0,33.33,172482.8,0.76,122 (Indicated Resource),Medium Grade Gondite,2.4,685.5,True
BLK-01-X06Y03-B2,MOIL-DB-01,200.0,-400.0,290.0,30.0,21.544207,79.706142,150000.0,3.95,592500.0,43.25,256256.2,0.88,111 (Measured Resource),High Grade Braunite,2.25,806.25,True
BLK-01-X06Y03-B3,MOIL-DB-01,200.0,-400.0,275.0,45.0,21.544207,79.706142,150000.0,3.95,592500.0,38.5,228112.5,0.88,111 (Measured Resource),High Grade Braunite,3.36,983.7,True
BLK-01-X06Y03-B4,MOIL-DB-01,200.0,-400.0,260.0,60.0,21.544207,79.706142,150000.0,3.45,517500.0,23.85,123423.8,0.76,122 (Indicated Resource),Medium Grade Gondite,5.18,1193.1,True
BLK-01-X06Y04-B1,MOIL-DB-01,200.0,-200.0,305.0,15.0,21.546003,79.706142,150000.0,3.45,517500.0,22.77,117834.7,0.76,122 (Indicated Resource),Medium Grade Gondite,1.83,659.85,True
BLK-01-X06Y04-B2,MOIL-DB-01,200.0,-200.0,290.0,30.0,21.546003,79.706142,150000.0,3.95,592500.0,45.14,267454.5,0.88,111 (Measured Resource),High Grade Braunite,2.61,822.45,True
BLK-01-X06Y04-B3,MOIL-DB-01,200.0,-200.0,275.0,45.0,21.546003,79.706142,150000.0,3.95,592500.0,40.58,240436.5,0.88,111 (Measured Resource),High Grade Braunite,2.77,957.15,True
BLK-01-X06Y04-B4,MOIL-DB-01,200.0,-200.0,260.0,60.0,21.546003,79.706142,150000.0,3.95,592500.0,37.01,219284.2,0.88,111 (Measured Resource),High Grade Braunite,4.1,1144.5,True
BLK-01-X06Y05-B1,MOIL-DB-01,200.0,0.0,305.0,15.0,21.5478,79.706142,150000.0,3.95,592500.0,39.97,236822.2,0.88,111 (Measured Resource),High Grade Braunite,1.97,666.15,True
BLK-01-X06Y05-B2,MOIL-DB-01,200.0,0.0,290.0,30.0,21.5478,79.706142,150000.0,3.95,592500.0,41.7,247072.5,0.88,111 (Measured Resource),High Grade Braunite,2.95,837.75,True
BLK-01-X06Y05-B3,MOIL-DB-01,200.0,0.0,275.0,45.0,21.5478,79.706142,150000.0,3.95,592500.0,44.24,262122.0,0.88,111 (Measured Resource),High Grade Braunite,3.13,973.35,True
BLK-01-X06Y05-B4,MOIL-DB-01,200.0,0.0,260.0,60.0,21.5478,79.706142,150000.0,3.95,592500.0,41.25,244406.2,0.88,111 (Measured Resource),High Grade Braunite,5.24,1195.8,True
BLK-01-X06Y06-B1,MOIL-DB-01,200.0,200.0,305.0,15.0,21.549597,79.706142,150000.0,3.95,592500.0,42.77,253412.3,0.88,111 (Measured Resource),High Grade Braunite,1.42,641.4,True
BLK-01-X06Y06-B2,MOIL-DB-01,200.0,200.0,290.0,30.0,21.549597,79.706142,150000.0,3.95,592500.0,43.13,255545.2,0.88,111 (Measured Resource),High Grade Braunite,2.04,796.8,True
BLK-01-X06Y06-B3,MOIL-DB-01,200.0,200.0,275.0,45.0,21.549597,79.706142,150000.0,3.95,592500.0,43.41,257204.2,0.88,111 (Measured Resource),High Grade Braunite,3.92,1008.9,True
BLK-01-X06Y06-B4,MOIL-DB-01,200.0,200.0,260.0,60.0,21.549597,79.706142,150000.0,3.95,592500.0,41.25,244406.2,0.88,111 (Measured Resource),High Grade Braunite,3.93,1136.85,True
BLK-01-X06Y07-B1,MOIL-DB-01,200.0,400.0,305.0,15.0,21.551393,79.706142,150000.0,3.95,592500.0,41.25,244406.2,0.88,111 (Measured Resource),High Grade Braunite,2.69,698.55,True
BLK-01-X06Y07-B2,MOIL-DB-01,200.0,400.0,290.0,30.0,21.551393,79.706142,150000.0,3.95,592500.0,38.96,230838.0,0.88,111 (Measured Resource),High Grade Braunite,2.35,810.75,True
BLK-01-X06Y07-B3,MOIL-DB-01,200.0,400.0,275.0,45.0,21.551393,79.706142,150000.0,3.95,592500.0,40.29,238718.2,0.88,111 (Measured Resource),High Grade Braunite,3.92,1008.9,True
BLK-01-X06Y07-B4,MOIL-DB-01,200.0,400.0,260.0,60.0,21.551393,79.706142,150000.0,3.95,592500.0,39.41,233504.2,0.88,111 (Measured Resource),High Grade Braunite,4.91,1180.95,True
BLK-01-X06Y08-B1,MOIL-DB-01,200.0,600.0,305.0,15.0,21.55319,79.706142,150000.0,3.95,592500.0,41.72,247191.0,0.88,111 (Measured Resource),High Grade Braunite,1.47,643.65,True
BLK-01-X06Y08-B2,MOIL-DB-01,200.0,600.0,290.0,30.0,21.55319,79.706142,150000.0,3.95,592500.0,43.91,260166.8,0.88,111 (Measured Resource),High Grade Braunite,3.37,856.65,True
BLK-01-X06Y08-B3,MOIL-DB-01,200.0,600.0,275.0,45.0,21.55319,79.706142,150000.0,3.95,592500.0,39.41,233504.2,0.88,111 (Measured Resource),High Grade Braunite,4.25,1023.75,True
BLK-01-X06Y08-B4,MOIL-DB-01,200.0,600.0,260.0,60.0,21.55319,79.706142,150000.0,3.95,592500.0,42.55,252108.8,0.88,111 (Measured Resource),High Grade Braunite,5.2,1194.0,True
BLK-01-X06Y09-B1,MOIL-DB-01,200.0,800.0,305.0,15.0,21.554986,79.706142,150000.0,3.45,517500.0,30.14,155974.5,0.76,122 (Indicated Resource),Medium Grade Gondite,1.75,656.25,True
BLK-01-X06Y09-B2,MOIL-DB-01,200.0,800.0,290.0,30.0,21.554986,79.706142,150000.0,3.95,592500.0,40.32,238896.0,0.88,111 (Measured Resource),High Grade Braunite,2.26,806.7,True
BLK-01-X06Y09-B3,MOIL-DB-01,200.0,800.0,275.0,45.0,21.554986,79.706142,150000.0,3.95,592500.0,42.18,249916.5,0.88,111 (Measured Resource),High Grade Braunite,2.97,966.15,True
BLK-01-X06Y09-B4,MOIL-DB-01,200.0,800.0,260.0,60.0,21.554986,79.706142,150000.0,3.95,592500.0,38.18,226216.5,0.88,111 (Measured Resource),High Grade Braunite,3.69,1126.05,True
BLK-01-X06Y10-B1,MOIL-DB-01,200.0,1000.0,305.0,15.0,21.556783,79.706142,150000.0,3.45,517500.0,30.88,159804.0,0.76,122 (Indicated Resource),Medium Grade Gondite,2.85,705.75,True
BLK-01-X06Y10-B2,MOIL-DB-01,200.0,1000.0,290.0,30.0,21.556783,79.706142,150000.0,3.95,592500.0,46.0,272550.0,0.88,111 (Measured Resource),High Grade Braunite,3.45,860.25,True
BLK-01-X06Y10-B3,MOIL-DB-01,200.0,1000.0,275.0,45.0,21.556783,79.706142,150000.0,3.95,592500.0,42.28,250509.0,0.88,111 (Measured Resource),High Grade Braunite,2.77,957.15,True
BLK-01-X06Y10-B4,MOIL-DB-01,200.0,1000.0,260.0,60.0,21.556783,79.706142,150000.0,3.45,517500.0,25.66,132790.5,0.76,122 (Indicated Resource),Medium Grade Gondite,4.3,1153.5,True
BLK-01-X07Y00-B1,MOIL-DB-01,400.0,-1000.0,305.0,15.0,21.538817,79.708083,150000.0,2.85,427500.0,15.69,67074.8,0.62,333 (Inferred / Reconnaissance),Low Grade / Country Rock,2.03,668.85,True
BLK-01-X07Y00-B2,MOIL-DB-01,400.0,-1000.0,290.0,30.0,21.538817,79.708083,150000.0,2.85,427500.0,4.16,17784.0,0.62,333 (Inferred / Reconnaissance),Low Grade / Country Rock,2.7,826.5,True
BLK-01-X07Y00-B3,MOIL-DB-01,400.0,-1000.0,275.0,45.0,21.538817,79.708083,150000.0,2.85,427500.0,10.98,46939.5,0.62,333 (Inferred / Reconnaissance),Low Grade / Country Rock,4.65,1041.75,True
BLK-01-X07Y00-B4,MOIL-DB-01,400.0,-1000.0,260.0,60.0,21.538817,79.708083,150000.0,2.85,427500.0,17.17,73401.8,0.62,333 (Inferred / Reconnaissance),Low Grade / Country Rock,3.86,1133.7,True
BLK-01-X07Y01-B1,MOIL-DB-01,400.0,-800.0,305.0,15.0,21.540614,79.708083,150000.0,2.85,427500.0,6.59,28172.2,0.62,333 (Inferred / Reconnaissance),Low Grade / Country Rock,1.58,648.6,True
BLK-01-X07Y01-B2,MOIL-DB-01,400.0,-800.0,290.0,30.0,21.540614,79.708083,150000.0,3.45,517500.0,31.47,162857.2,0.76,122 (Indicated Resource),Medium Grade Gondite,2.01,795.45,True
BLK-01-X07Y01-B3,MOIL-DB-01,400.0,-800.0,275.0,45.0,21.540614,79.708083,150000.0,3.45,517500.0,23.53,121767.8,0.76,122 (Indicated Resource),Medium Grade Gondite,3.83,1004.85,True
BLK-01-X07Y01-B4,MOIL-DB-01,400.0,-800.0,260.0,60.0,21.540614,79.708083,150000.0,2.85,427500.0,7.47,31934.2,0.62,333 (Inferred / Reconnaissance),Low Grade / Country Rock,3.68,1125.6,True
BLK-01-X07Y02-B1,MOIL-DB-01,400.0,-600.0,305.0,15.0,21.54241,79.708083,150000.0,2.85,427500.0,9.04,38646.0,0.62,333 (Inferred / Reconnaissance),Low Grade / Country Rock,1.8,658.5,True
BLK-01-X07Y02-B2,MOIL-DB-01,400.0,-600.0,290.0,30.0,21.54241,79.708083,150000.0,3.45,517500.0,28.13,145572.8,0.76,122 (Indicated Resource),Medium Grade Gondite,3.96,883.2,True
BLK-01-X07Y02-B3,MOIL-DB-01,400.0,-600.0,275.0,45.0,21.54241,79.708083,150000.0,3.45,517500.0,23.49,121560.8,0.76,122 (Indicated Resource),Medium Grade Gondite,3.5,990.0,True
BLK-01-X07Y02-B4,MOIL-DB-01,400.0,-600.0,260.0,60.0,21.54241,79.708083,150000.0,2.85,427500.0,17.05,72888.8,0.62,333 (Inferred / Reconnaissance),Low Grade / Country Rock,5.25,1196.25,True
BLK-01-X07Y03-B1,MOIL-DB-01,400.0,-400.0,305.0,15.0,21.544207,79.708083,150000.0,3.45,517500.0,26.73,138327.8,0.76,122 (Indicated Resource),Medium Grade Gondite,2.65,696.75,True
BLK-01-X07Y03-B2,MOIL-DB-01,400.0,-400.0,290.0,30.0,21.544207,79.708083,150000.0,3.45,517500.0,23.05,119283.8,0.76,122 (Indicated Resource),Medium Grade Gondite,3.43,859.35,True
BLK-01-X07Y03-B3,MOIL-DB-01,400.0,-400.0,275.0,45.0,21.544207,79.708083,150000.0,3.45,517500.0,33.67,174242.2,0.76,122 (Indicated Resource),Medium Grade Gondite,3.82,1004.4,True
BLK-01-X07Y03-B4,MOIL-DB-01,400.0,-400.0,260.0,60.0,21.544207,79.708083,150000.0,3.45,517500.0,27.98,144796.5,0.76,122 (Indicated Resource),Medium Grade Gondite,3.87,1134.15,True
BLK-01-X07Y04-B1,MOIL-DB-01,400.0,-200.0,305.0,15.0,21.546003,79.708083,150000.0,3.45,517500.0,29.61,153231.8,0.76,122 (Indicated Resource),Medium Grade Gondite,2.43,686.85,True
BLK-01-X07Y04-B2,MOIL-DB-01,400.0,-200.0,290.0,30.0,21.546003,79.708083,150000.0,3.45,517500.0,29.82,154318.5,0.76,122 (Indicated Resource),Medium Grade Gondite,2.05,797.25,True
BLK-01-X07Y04-B3,MOIL-DB-01,400.0,-200.0,275.0,45.0,21.546003,79.708083,150000.0,3.95,592500.0,37.71,223431.8,0.88,111 (Measured Resource),High Grade Braunite,3.85,1005.75,True
BLK-01-X07Y04-B4,MOIL-DB-01,400.0,-200.0,260.0,60.0,21.546003,79.708083,150000.0,3.45,517500.0,29.14,150799.5,0.76,122 (Indicated Resource),Medium Grade Gondite,3.92,1136.4,True
BLK-01-X07Y05-B1,MOIL-DB-01,400.0,0.0,305.0,15.0,21.5478,79.708083,150000.0,3.45,517500.0,24.5,126787.5,0.76,122 (Indicated Resource),Medium Grade Gondite,1.8,658.5,True
BLK-01-X07Y05-B2,MOIL-DB-01,400.0,0.0,290.0,30.0,21.5478,79.708083,150000.0,3.95,592500.0,42.67,252819.8,0.88,111 (Measured Resource),High Grade Braunite,3.69,871.05,True
BLK-01-X07Y05-B3,MOIL-DB-01,400.0,0.0,275.0,45.0,21.5478,79.708083,150000.0,3.95,592500.0,44.83,265617.8,0.88,111 (Measured Resource),High Grade Braunite,3.34,982.8,True
BLK-01-X07Y05-B4,MOIL-DB-01,400.0,0.0,260.0,60.0,21.5478,79.708083,150000.0,3.45,517500.0,32.94,170464.5,0.76,122 (Indicated Resource),Medium Grade Gondite,4.99,1184.55,True
BLK-01-X07Y06-B1,MOIL-DB-01,400.0,200.0,305.0,15.0,21.549597,79.708083,150000.0,3.45,517500.0,26.74,138379.5,0.76,122 (Indicated Resource),Medium Grade Gondite,1.44,642.3,True
BLK-01-X07Y06-B2,MOIL-DB-01,400.0,200.0,290.0,30.0,21.549597,79.708083,150000.0,3.95,592500.0,37.43,221772.8,0.88,111 (Measured Resource),High Grade Braunite,2.38,812.1,True
BLK-01-X07Y06-B3,MOIL-DB-01,400.0,200.0,275.0,45.0,21.549597,79.708083,150000.0,3.95,592500.0,37.08,219699.0,0.88,111 (Measured Resource),High Grade Braunite,4.36,1028.7,True
BLK-01-X07Y06-B4,MOIL-DB-01,400.0,200.0,260.0,60.0,21.549597,79.708083,150000.0,3.95,592500.0,37.94,224794.5,0.88,111 (Measured Resource),High Grade Braunite,4.33,1154.85,True
BLK-01-X07Y07-B1,MOIL-DB-01,400.0,400.0,305.0,15.0,21.551393,79.708083,150000.0,3.95,592500.0,37.11,219876.8,0.88,111 (Measured Resource),High Grade Braunite,2.12,672.9,True
BLK-01-X07Y07-B2,MOIL-DB-01,400.0,400.0,290.0,30.0,21.551393,79.708083,150000.0,3.95,592500.0,40.81,241799.2,0.88,111 (Measured Resource),High Grade Braunite,3.63,868.35,True
BLK-01-X07Y07-B3,MOIL-DB-01,400.0,400.0,275.0,45.0,21.551393,79.708083,150000.0,3.95,592500.0,33.14,196354.5,0.88,111 (Measured Resource),High Grade Braunite,4.39,1030.05,True
BLK-01-X07Y07-B4,MOIL-DB-01,400.0,400.0,260.0,60.0,21.551393,79.708083,150000.0,3.95,592500.0,40.22,238303.5,0.88,111 (Measured Resource),High Grade Braunite,5.1,1189.5,True
BLK-01-X07Y08-B1,MOIL-DB-01,400.0,600.0,305.0,15.0,21.55319,79.708083,150000.0,3.95,592500.0,40.71,241206.8,0.88,111 (Measured Resource),High Grade Braunite,1.49,644.55,True
BLK-01-X07Y08-B2,MOIL-DB-01,400.0,600.0,290.0,30.0,21.55319,79.708083,150000.0,3.95,592500.0,41.1,243517.5,0.88,111 (Measured Resource),High Grade Braunite,3.75,873.75,True
BLK-01-X07Y08-B3,MOIL-DB-01,400.0,600.0,275.0,45.0,21.55319,79.708083,150000.0,3.95,592500.0,44.14,261529.5,0.88,111 (Measured Resource),High Grade Braunite,4.73,1045.35,True
BLK-01-X07Y08-B4,MOIL-DB-01,400.0,600.0,260.0,60.0,21.55319,79.708083,150000.0,3.95,592500.0,44.79,265380.8,0.88,111 (Measured Resource),High Grade Braunite,5.01,1185.45,True
BLK-01-X07Y09-B1,MOIL-DB-01,400.0,800.0,305.0,15.0,21.554986,79.708083,150000.0,3.95,592500.0,44.71,264906.8,0.88,111 (Measured Resource),High Grade Braunite,1.71,654.45,True
BLK-01-X07Y09-B2,MOIL-DB-01,400.0,800.0,290.0,30.0,21.554986,79.708083,150000.0,3.95,592500.0,41.92,248376.0,0.88,111 (Measured Resource),High Grade Braunite,2.69,826.05,True
BLK-01-X07Y09-B3,MOIL-DB-01,400.0,800.0,275.0,45.0,21.554986,79.708083,150000.0,3.95,592500.0,38.68,229179.0,0.88,111 (Measured Resource),High Grade Braunite,3.02,968.4,True
BLK-01-X07Y09-B4,MOIL-DB-01,400.0,800.0,260.0,60.0,21.554986,79.708083,150000.0,3.95,592500.0,37.53,222365.2,0.88,111 (Measured Resource),High Grade Braunite,5.43,1204.35,True
BLK-01-X07Y10-B1,MOIL-DB-01,400.0,1000.0,305.0,15.0,21.556783,79.708083,150000.0,3.95,592500.0,36.61,216914.2,0.88,111 (Measured Resource),High Grade Braunite,2.65,696.75,True
BLK-01-X07Y10-B2,MOIL-DB-01,400.0,1000.0,290.0,30.0,21.556783,79.708083,150000.0,3.95,592500.0,41.89,248198.2,0.88,111 (Measured Resource),High Grade Braunite,3.81,876.45,True
BLK-01-X07Y10-B3,MOIL-DB-01,400.0,1000.0,275.0,45.0,21.556783,79.708083,150000.0,3.95,592500.0,40.59,240495.8,0.88,111 (Measured Resource),High Grade Braunite,3.77,1002.15,True
BLK-01-X07Y10-B4,MOIL-DB-01,400.0,1000.0,260.0,60.0,21.556783,79.708083,150000.0,3.95,592500.0,39.95,236703.8,0.88,111 (Measured Resource),High Grade Braunite,3.96,1138.2,True
BLK-01-X08Y00-B1,MOIL-DB-01,600.0,-1000.0,305.0,15.0,21.538817,79.710025,150000.0,2.85,427500.0,7.26,31036.5,0.62,333 (Inferred / Reconnaissance),Low Grade / Country Rock,2.57,693.15,True
BLK-01-X08Y00-B2,MOIL-DB-01,600.0,-1000.0,290.0,30.0,21.538817,79.710025,150000.0,2.85,427500.0,11.01,47067.8,0.62,333 (Inferred / Reconnaissance),Low Grade / Country Rock,3.32,854.4,True
BLK-01-X08Y00-B3,MOIL-DB-01,600.0,-1000.0,275.0,45.0,21.538817,79.710025,150000.0,2.85,427500.0,13.61,58182.8,0.62,333 (Inferred / Reconnaissance),Low Grade / Country Rock,2.79,958.05,True
BLK-01-X08Y00-B4,MOIL-DB-01,600.0,-1000.0,260.0,60.0,21.538817,79.710025,150000.0,2.85,427500.0,4.76,20349.0,0.62,333 (Inferred / Reconnaissance),Low Grade / Country Rock,4.57,1165.65,True
BLK-01-X08Y01-B1,MOIL-DB-01,600.0,-800.0,305.0,15.0,21.540614,79.710025,150000.0,2.85,427500.0,6.67,28514.2,0.62,333 (Inferred / Reconnaissance),Low Grade / Country Rock,2.52,690.9,True
BLK-01-X08Y01-B2,MOIL-DB-01,600.0,-800.0,290.0,30.0,21.540614,79.710025,150000.0,2.85,427500.0,11.73,50145.8,0.62,333 (Inferred / Reconnaissance),Low Grade / Country Rock,3.17,847.65,True
BLK-01-X08Y01-B3,MOIL-DB-01,600.0,-800.0,275.0,45.0,21.540614,79.710025,150000.0,2.85,427500.0,8.23,35183.2,0.62,333 (Inferred / Reconnaissance),Low Grade / Country Rock,4.03,1013.85,True
BLK-01-X08Y01-B4,MOIL-DB-01,600.0,-800.0,260.0,60.0,21.540614,79.710025,150000.0,2.85,427500.0,15.61,66732.8,0.62,333 (Inferred / Reconnaissance),Low Grade / Country Rock,5.5,1207.5,True
BLK-01-X08Y02-B1,MOIL-DB-01,600.0,-600.0,305.0,15.0,21.54241,79.710025,150000.0,2.85,427500.0,15.74,67288.5,0.62,333 (Inferred / Reconnaissance),Low Grade / Country Rock,2.36,683.7,True
BLK-01-X08Y02-B2,MOIL-DB-01,600.0,-600.0,290.0,30.0,21.54241,79.710025,150000.0,2.85,427500.0,6.71,28685.2,0.62,333 (Inferred / Reconnaissance),Low Grade / Country Rock,3.36,856.2,True
BLK-01-X08Y02-B3,MOIL-DB-01,600.0,-600.0,275.0,45.0,21.54241,79.710025,150000.0,2.85,427500.0,17.13,73230.7,0.62,333 (Inferred / Reconnaissance),Low Grade / Country Rock,3.17,975.15,True
BLK-01-X08Y02-B4,MOIL-DB-01,600.0,-600.0,260.0,60.0,21.54241,79.710025,150000.0,2.85,427500.0,7.58,32404.5,0.62,333 (Inferred / Reconnaissance),Low Grade / Country Rock,3.8,1131.0,True
BLK-01-X08Y03-B1,MOIL-DB-01,600.0,-400.0,305.0,15.0,21.544207,79.710025,150000.0,2.85,427500.0,14.31,61175.2,0.62,333 (Inferred / Reconnaissance),Low Grade / Country Rock,2.06,670.2,True
BLK-01-X08Y03-B2,MOIL-DB-01,600.0,-400.0,290.0,30.0,21.544207,79.710025,150000.0,3.45,517500.0,22.75,117731.2,0.76,122 (Indicated Resource),Medium Grade Gondite,3.75,873.75,True
BLK-01-X08Y03-B3,MOIL-DB-01,600.0,-400.0,275.0,45.0,21.544207,79.710025,150000.0,3.45,517500.0,28.69,148470.8,0.76,122 (Indicated Resource),Medium Grade Gondite,3.41,985.95,True
BLK-01-X08Y03-B4,MOIL-DB-01,600.0,-400.0,260.0,60.0,21.544207,79.710025,150000.0,2.85,427500.0,8.82,37705.5,0.62,333 (Inferred / Reconnaissance),Low Grade / Country Rock,4.08,1143.6,True
BLK-01-X08Y04-B1,MOIL-DB-01,600.0,-200.0,305.0,15.0,21.546003,79.710025,150000.0,2.85,427500.0,10.38,44374.5,0.62,333 (Inferred / Reconnaissance),Low Grade / Country Rock,1.92,663.9,True
BLK-01-X08Y04-B2,MOIL-DB-01,600.0,-200.0,290.0,30.0,21.546003,79.710025,150000.0,3.45,517500.0,28.58,147901.5,0.76,122 (Indicated Resource),Medium Grade Gondite,3.55,864.75,True
BLK-01-X08Y04-B3,MOIL-DB-01,600.0,-200.0,275.0,45.0,21.546003,79.710025,150000.0,3.45,517500.0,30.09,155715.8,0.76,122 (Indicated Resource),Medium Grade Gondite,3.34,982.8,True
BLK-01-X08Y04-B4,MOIL-DB-01,600.0,-200.0,260.0,60.0,21.546003,79.710025,150000.0,3.45,517500.0,28.34,146659.5,0.76,122 (Indicated Resource),Medium Grade Gondite,5.18,1193.1,True
BLK-01-X08Y05-B1,MOIL-DB-01,600.0,0.0,305.0,15.0,21.5478,79.710025,150000.0,3.45,517500.0,22.82,118093.5,0.76,122 (Indicated Resource),Medium Grade Gondite,1.41,640.95,True
BLK-01-X08Y05-B2,MOIL-DB-01,600.0,0.0,290.0,30.0,21.5478,79.710025,150000.0,3.45,517500.0,28.67,148367.2,0.76,122 (Indicated Resource),Medium Grade Gondite,3.28,852.6,True
BLK-01-X08Y05-B3,MOIL-DB-01,600.0,0.0,275.0,45.0,21.5478,79.710025,150000.0,3.45,517500.0,24.54,126994.5,0.76,122 (Indicated Resource),Medium Grade Gondite,4.24,1023.3,True
BLK-01-X08Y05-B4,MOIL-DB-01,600.0,0.0,260.0,60.0,21.5478,79.710025,150000.0,3.45,517500.0,29.76,154008.0,0.76,122 (Indicated Resource),Medium Grade Gondite,5.35,1200.75,True
BLK-01-X08Y06-B1,MOIL-DB-01,600.0,200.0,305.0,15.0,21.549597,79.710025,150000.0,3.45,517500.0,24.03,124355.2,0.76,122 (Indicated Resource),Medium Grade Gondite,2.75,701.25,True
BLK-01-X08Y06-B2,MOIL-DB-01,600.0,200.0,290.0,30.0,21.549597,79.710025,150000.0,3.45,517500.0,23.0,119025.0,0.76,122 (Indicated Resource),Medium Grade Gondite,3.13,845.85,True
BLK-01-X08Y06-B3,MOIL-DB-01,600.0,200.0,275.0,45.0,21.549597,79.710025,150000.0,3.95,592500.0,42.83,253767.7,0.88,111 (Measured Resource),High Grade Braunite,3.85,1005.75,True
BLK-01-X08Y06-B4,MOIL-DB-01,600.0,200.0,260.0,60.0,21.549597,79.710025,150000.0,3.45,517500.0,26.66,137965.5,0.76,122 (Indicated Resource),Medium Grade Gondite,5.19,1193.55,True
BLK-01-X08Y07-B1,MOIL-DB-01,600.0,400.0,305.0,15.0,21.551393,79.710025,150000.0,3.45,517500.0,22.05,114108.8,0.76,122 (Indicated Resource),Medium Grade Gondite,2.29,680.55,True
BLK-01-X08Y07-B2,MOIL-DB-01,600.0,400.0,290.0,30.0,21.551393,79.710025,150000.0,3.95,592500.0,42.48,251694.0,0.88,111 (Measured Resource),High Grade Braunite,2.09,799.05,True
BLK-01-X08Y07-B3,MOIL-DB-01,600.0,400.0,275.0,45.0,21.551393,79.710025,150000.0,3.95,592500.0,38.2,226335.0,0.88,111 (Measured Resource),High Grade Braunite,4.41,1030.95,True
BLK-01-X08Y07-B4,MOIL-DB-01,600.0,400.0,260.0,60.0,21.551393,79.710025,150000.0,3.45,517500.0,32.06,165910.5,0.76,122 (Indicated Resource),Medium Grade Gondite,5.17,1192.65,True
BLK-01-X08Y08-B1,MOIL-DB-01,600.0,600.0,305.0,15.0,21.55319,79.710025,150000.0,3.45,517500.0,23.83,123320.2,0.76,122 (Indicated Resource),Medium Grade Gondite,2.51,690.45,True
BLK-01-X08Y08-B2,MOIL-DB-01,600.0,600.0,290.0,30.0,21.55319,79.710025,150000.0,3.95,592500.0,41.19,244050.8,0.88,111 (Measured Resource),High Grade Braunite,3.46,860.7,True
BLK-01-X08Y08-B3,MOIL-DB-01,600.0,600.0,275.0,45.0,21.55319,79.710025,150000.0,3.95,592500.0,45.45,269291.2,0.88,111 (Measured Resource),High Grade Braunite,2.94,964.8,True
BLK-01-X08Y08-B4,MOIL-DB-01,600.0,600.0,260.0,60.0,21.55319,79.710025,150000.0,3.95,592500.0,35.34,209389.5,0.88,111 (Measured Resource),High Grade Braunite,5.45,1205.25,True
BLK-01-X08Y09-B1,MOIL-DB-01,600.0,800.0,305.0,15.0,21.554986,79.710025,150000.0,3.95,592500.0,41.21,244169.2,0.88,111 (Measured Resource),High Grade Braunite,2.96,710.7,True
BLK-01-X08Y09-B2,MOIL-DB-01,600.0,800.0,290.0,30.0,21.554986,79.710025,150000.0,3.95,592500.0,41.11,243576.8,0.88,111 (Measured Resource),High Grade Braunite,2.69,826.05,True
BLK-01-X08Y09-B3,MOIL-DB-01,600.0,800.0,275.0,45.0,21.554986,79.710025,150000.0,3.95,592500.0,40.83,241917.8,0.88,111 (Measured Resource),High Grade Braunite,4.55,1037.25,True
BLK-01-X08Y09-B4,MOIL-DB-01,600.0,800.0,260.0,60.0,21.554986,79.710025,150000.0,3.95,592500.0,43.79,259455.8,0.88,111 (Measured Resource),High Grade Braunite,4.97,1183.65,True
BLK-01-X08Y10-B1,MOIL-DB-01,600.0,1000.0,305.0,15.0,21.556783,79.710025,150000.0,3.95,592500.0,38.03,225327.8,0.88,111 (Measured Resource),High Grade Braunite,1.29,635.55,True
BLK-01-X08Y10-B2,MOIL-DB-01,600.0,1000.0,290.0,30.0,21.556783,79.710025,150000.0,3.95,592500.0,44.54,263899.5,0.88,111 (Measured Resource),High Grade Braunite,2.4,813.0,True
BLK-01-X08Y10-B3,MOIL-DB-01,600.0,1000.0,275.0,45.0,21.556783,79.710025,150000.0,3.95,592500.0,41.1,243517.5,0.88,111 (Measured Resource),High Grade Braunite,3.72,999.9,True
BLK-01-X08Y10-B4,MOIL-DB-01,600.0,1000.0,260.0,60.0,21.556783,79.710025,150000.0,3.95,592500.0,37.39,221535.8,0.88,111 (Measured Resource),High Grade Braunite,5.06,1187.7,True
BLK-01-X09Y00-B1,MOIL-DB-01,800.0,-1000.0,305.0,15.0,21.538817,79.711967,150000.0,2.85,427500.0,8.19,35012.2,0.62,333 (Inferred / Reconnaissance),Low Grade / Country Rock,1.67,652.65,True
BLK-01-X09Y00-B2,MOIL-DB-01,800.0,-1000.0,290.0,30.0,21.538817,79.711967,150000.0,2.85,427500.0,11.82,50530.5,0.62,333 (Inferred / Reconnaissance),Low Grade / Country Rock,2.82,831.9,True
BLK-01-X09Y00-B3,MOIL-DB-01,800.0,-1000.0,275.0,45.0,21.538817,79.711967,150000.0,2.85,427500.0,16.88,72162.0,0.62,333 (Inferred / Reconnaissance),Low Grade / Country Rock,4.51,1035.45,True
BLK-01-X09Y00-B4,MOIL-DB-01,800.0,-1000.0,260.0,60.0,21.538817,79.711967,150000.0,2.85,427500.0,10.77,46041.7,0.62,333 (Inferred / Reconnaissance),Low Grade / Country Rock,4.22,1149.9,True
BLK-01-X09Y01-B1,MOIL-DB-01,800.0,-800.0,305.0,15.0,21.540614,79.711967,150000.0,2.85,427500.0,8.56,36594.0,0.62,333 (Inferred / Reconnaissance),Low Grade / Country Rock,1.79,658.05,True
BLK-01-X09Y01-B2,MOIL-DB-01,800.0,-800.0,290.0,30.0,21.540614,79.711967,150000.0,2.85,427500.0,11.62,49675.5,0.62,333 (Inferred / Reconnaissance),Low Grade / Country Rock,3.61,867.45,True
BLK-01-X09Y01-B3,MOIL-DB-01,800.0,-800.0,275.0,45.0,21.540614,79.711967,150000.0,2.85,427500.0,8.35,35696.2,0.62,333 (Inferred / Reconnaissance),Low Grade / Country Rock,3.13,973.35,True
BLK-01-X09Y01-B4,MOIL-DB-01,800.0,-800.0,260.0,60.0,21.540614,79.711967,150000.0,2.85,427500.0,10.66,45571.5,0.62,333 (Inferred / Reconnaissance),Low Grade / Country Rock,3.64,1123.8,True
BLK-01-X09Y02-B1,MOIL-DB-01,800.0,-600.0,305.0,15.0,21.54241,79.711967,150000.0,2.85,427500.0,13.82,59080.5,0.62,333 (Inferred / Reconnaissance),Low Grade / Country Rock,2.29,680.55,True
BLK-01-X09Y02-B2,MOIL-DB-01,800.0,-600.0,290.0,30.0,21.54241,79.711967,150000.0,2.85,427500.0,10.95,46811.2,0.62,333 (Inferred / Reconnaissance),Low Grade / Country Rock,2.6,822.0,True
BLK-01-X09Y02-B3,MOIL-DB-01,800.0,-600.0,275.0,45.0,21.54241,79.711967,150000.0,2.85,427500.0,16.67,71264.2,0.62,333 (Inferred / Reconnaissance),Low Grade / Country Rock,2.93,964.35,True
BLK-01-X09Y02-B4,MOIL-DB-01,800.0,-600.0,260.0,60.0,21.54241,79.711967,150000.0,2.85,427500.0,16.18,69169.5,0.62,333 (Inferred / Reconnaissance),Low Grade / Country Rock,4.25,1151.25,True
BLK-01-X09Y03-B1,MOIL-DB-01,800.0,-400.0,305.0,15.0,21.544207,79.711967,150000.0,2.85,427500.0,16.33,69810.7,0.62,333 (Inferred / Reconnaissance),Low Grade / Country Rock,2.71,699.45,True
BLK-01-X09Y03-B2,MOIL-DB-01,800.0,-400.0,290.0,30.0,21.544207,79.711967,150000.0,2.85,427500.0,5.46,23341.5,0.62,333 (Inferred / Reconnaissance),Low Grade / Country Rock,3.66,869.7,True
BLK-01-X09Y03-B3,MOIL-DB-01,800.0,-400.0,275.0,45.0,21.544207,79.711967,150000.0,2.85,427500.0,13.55,57926.3,0.62,333 (Inferred / Reconnaissance),Low Grade / Country Rock,2.81,958.95,True
BLK-01-X09Y03-B4,MOIL-DB-01,800.0,-400.0,260.0,60.0,21.544207,79.711967,150000.0,2.85,427500.0,5.87,25094.2,0.62,333 (Inferred / Reconnaissance),Low Grade / Country Rock,4.77,1174.65,True
BLK-01-X09Y04-B1,MOIL-DB-01,800.0,-200.0,305.0,15.0,21.546003,79.711967,150000.0,2.85,427500.0,13.28,56772.0,0.62,333 (Inferred / Reconnaissance),Low Grade / Country Rock,2.74,700.8,True
BLK-01-X09Y04-B2,MOIL-DB-01,800.0,-200.0,290.0,30.0,21.546003,79.711967,150000.0,2.85,427500.0,14.08,60192.0,0.62,333 (Inferred / Reconnaissance),Low Grade / Country Rock,3.32,854.4,True
BLK-01-X09Y04-B3,MOIL-DB-01,800.0,-200.0,275.0,45.0,21.546003,79.711967,150000.0,3.45,517500.0,31.19,161408.2,0.76,122 (Indicated Resource),Medium Grade Gondite,3.9,1008.0,True
BLK-01-X09Y04-B4,MOIL-DB-01,800.0,-200.0,260.0,60.0,21.546003,79.711967,150000.0,2.85,427500.0,7.65,32703.8,0.62,333 (Inferred / Reconnaissance),Low Grade / Country Rock,5.32,1199.4,True
BLK-01-X09Y05-B1,MOIL-DB-01,800.0,0.0,305.0,15.0,21.5478,79.711967,150000.0,2.85,427500.0,4.25,18168.8,0.62,333 (Inferred / Reconnaissance),Low Grade / Country Rock,1.98,666.6,True
BLK-01-X09Y05-B2,MOIL-DB-01,800.0,0.0,290.0,30.0,21.5478,79.711967,150000.0,3.45,517500.0,30.75,159131.2,0.76,122 (Indicated Resource),Medium Grade Gondite,2.85,833.25,True
BLK-01-X09Y05-B3,MOIL-DB-01,800.0,0.0,275.0,45.0,21.5478,79.711967,150000.0,3.45,517500.0,22.3,115402.5,0.76,122 (Indicated Resource),Medium Grade Gondite,2.88,962.1,True
BLK-01-X09Y05-B4,MOIL-DB-01,800.0,0.0,260.0,60.0,21.5478,79.711967,150000.0,2.85,427500.0,13.08,55917.0,0.62,333 (Inferred / Reconnaissance),Low Grade / Country Rock,5.43,1204.35,True
BLK-01-X09Y06-B1,MOIL-DB-01,800.0,200.0,305.0,15.0,21.549597,79.711967,150000.0,2.85,427500.0,11.73,50145.8,0.62,333 (Inferred / Reconnaissance),Low Grade / Country Rock,2.26,679.2,True
BLK-01-X09Y06-B2,MOIL-DB-01,800.0,200.0,290.0,30.0,21.549597,79.711967,150000.0,3.45,517500.0,25.82,133618.5,0.76,122 (Indicated Resource),Medium Grade Gondite,2.51,817.95,True
BLK-01-X09Y06-B3,MOIL-DB-01,800.0,200.0,275.0,45.0,21.549597,79.711967,150000.0,3.45,517500.0,22.25,115143.8,0.76,122 (Indicated Resource),Medium Grade Gondite,3.3,981.0,True
BLK-01-X09Y06-B4,MOIL-DB-01,800.0,200.0,260.0,60.0,21.549597,79.711967,150000.0,3.45,517500.0,27.39,141743.3,0.76,122 (Indicated Resource),Medium Grade Gondite,3.9,1135.5,True
BLK-01-X09Y07-B1,MOIL-DB-01,800.0,400.0,305.0,15.0,21.551393,79.711967,150000.0,3.45,517500.0,23.05,119283.8,0.76,122 (Indicated Resource),Medium Grade Gondite,2.69,698.55,True
BLK-01-X09Y07-B2,MOIL-DB-01,800.0,400.0,290.0,30.0,21.551393,79.711967,150000.0,3.45,517500.0,32.74,169429.5,0.76,122 (Indicated Resource),Medium Grade Gondite,3.87,879.15,True
BLK-01-X09Y07-B3,MOIL-DB-01,800.0,400.0,275.0,45.0,21.551393,79.711967,150000.0,3.45,517500.0,29.42,152248.5,0.76,122 (Indicated Resource),Medium Grade Gondite,2.86,961.2,True
BLK-01-X09Y07-B4,MOIL-DB-01,800.0,400.0,260.0,60.0,21.551393,79.711967,150000.0,3.45,517500.0,30.89,159855.8,0.76,122 (Indicated Resource),Medium Grade Gondite,3.72,1127.4,True
BLK-01-X09Y08-B1,MOIL-DB-01,800.0,600.0,305.0,15.0,21.55319,79.711967,150000.0,3.45,517500.0,30.04,155457.0,0.76,122 (Indicated Resource),Medium Grade Gondite,2.81,703.95,True
BLK-01-X09Y08-B2,MOIL-DB-01,800.0,600.0,290.0,30.0,21.55319,79.711967,150000.0,3.95,592500.0,41.48,245769.0,0.88,111 (Measured Resource),High Grade Braunite,3.45,860.25,True
BLK-01-X09Y08-B3,MOIL-DB-01,800.0,600.0,275.0,45.0,21.55319,79.711967,150000.0,3.95,592500.0,37.46,221950.5,0.88,111 (Measured Resource),High Grade Braunite,4.6,1039.5,True
BLK-01-X09Y08-B4,MOIL-DB-01,800.0,600.0,260.0,60.0,21.55319,79.711967,150000.0,3.45,517500.0,24.15,124976.2,0.76,122 (Indicated Resource),Medium Grade Gondite,5.31,1198.95,True
BLK-01-X09Y09-B1,MOIL-DB-01,800.0,800.0,305.0,15.0,21.554986,79.711967,150000.0,3.45,517500.0,25.75,133256.2,0.76,122 (Indicated Resource),Medium Grade Gondite,1.51,645.45,True
BLK-01-X09Y09-B2,MOIL-DB-01,800.0,800.0,290.0,30.0,21.554986,79.711967,150000.0,3.95,592500.0,42.97,254597.2,0.88,111 (Measured Resource),High Grade Braunite,3.65,869.25,True
BLK-01-X09Y09-B3,MOIL-DB-01,800.0,800.0,275.0,45.0,21.554986,79.711967,150000.0,3.95,592500.0,42.01,248909.2,0.88,111 (Measured Resource),High Grade Braunite,4.13,1018.35,True
BLK-01-X09Y09-B4,MOIL-DB-01,800.0,800.0,260.0,60.0,21.554986,79.711967,150000.0,3.95,592500.0,39.57,234452.2,0.88,111 (Measured Resource),High Grade Braunite,4.83,1177.35,True
BLK-01-X09Y10-B1,MOIL-DB-01,800.0,1000.0,305.0,15.0,21.556783,79.711967,150000.0,3.95,592500.0,38.97,230897.2,0.88,111 (Measured Resource),High Grade Braunite,2.91,708.45,True
BLK-01-X09Y10-B2,MOIL-DB-01,800.0,1000.0,290.0,30.0,21.556783,79.711967,150000.0,3.95,592500.0,40.03,237177.8,0.88,111 (Measured Resource),High Grade Braunite,2.34,810.3,True
BLK-01-X09Y10-B3,MOIL-DB-01,800.0,1000.0,275.0,45.0,21.556783,79.711967,150000.0,3.95,592500.0,44.17,261707.3,0.88,111 (Measured Resource),High Grade Braunite,3.71,999.45,True
BLK-01-X09Y10-B4,MOIL-DB-01,800.0,1000.0,260.0,60.0,21.556783,79.711967,150000.0,3.95,592500.0,35.83,212292.8,0.88,111 (Measured Resource),High Grade Braunite,3.9,1135.5,True
BLK-01-X10Y00-B1,MOIL-DB-01,1000.0,-1000.0,305.0,15.0,21.538817,79.713909,150000.0,2.85,427500.0,5.97,25521.8,0.62,333 (Inferred / Reconnaissance),Low Grade / Country Rock,1.5,645.0,True
BLK-01-X10Y00-B2,MOIL-DB-01,1000.0,-1000.0,290.0,30.0,21.538817,79.713909,150000.0,2.85,427500.0,16.08,68742.0,0.62,333 (Inferred / Reconnaissance),Low Grade / Country Rock,2.06,797.7,True
BLK-01-X10Y00-B3,MOIL-DB-01,1000.0,-1000.0,275.0,45.0,21.538817,79.713909,150000.0,2.85,427500.0,17.68,75582.0,0.62,333 (Inferred / Reconnaissance),Low Grade / Country Rock,3.15,974.25,True
BLK-01-X10Y00-B4,MOIL-DB-01,1000.0,-1000.0,260.0,60.0,21.538817,79.713909,150000.0,2.85,427500.0,5.54,23683.5,0.62,333 (Inferred / Reconnaissance),Low Grade / Country Rock,4.65,1169.25,True
BLK-01-X10Y01-B1,MOIL-DB-01,1000.0,-800.0,305.0,15.0,21.540614,79.713909,150000.0,2.85,427500.0,5.12,21888.0,0.62,333 (Inferred / Reconnaissance),Low Grade / Country Rock,2.45,687.75,True
BLK-01-X10Y01-B2,MOIL-DB-01,1000.0,-800.0,290.0,30.0,21.540614,79.713909,150000.0,2.85,427500.0,15.91,68015.2,0.62,333 (Inferred / Reconnaissance),Low Grade / Country Rock,2.1,799.5,True
BLK-01-X10Y01-B3,MOIL-DB-01,1000.0,-800.0,275.0,45.0,21.540614,79.713909,150000.0,2.85,427500.0,15.2,64980.0,0.62,333 (Inferred / Reconnaissance),Low Grade / Country Rock,3.54,991.8,True
BLK-01-X10Y01-B4,MOIL-DB-01,1000.0,-800.0,260.0,60.0,21.540614,79.713909,150000.0,2.85,427500.0,6.23,26633.2,0.62,333 (Inferred / Reconnaissance),Low Grade / Country Rock,3.85,1133.25,True
BLK-01-X10Y02-B1,MOIL-DB-01,1000.0,-600.0,305.0,15.0,21.54241,79.713909,150000.0,2.85,427500.0,16.86,72076.5,0.62,333 (Inferred / Reconnaissance),Low Grade / Country Rock,1.47,643.65,True
BLK-01-X10Y02-B2,MOIL-DB-01,1000.0,-600.0,290.0,30.0,21.54241,79.713909,150000.0,2.85,427500.0,16.13,68955.8,0.62,333 (Inferred / Reconnaissance),Low Grade / Country Rock,3.09,844.05,True
BLK-01-X10Y02-B3,MOIL-DB-01,1000.0,-600.0,275.0,45.0,21.54241,79.713909,150000.0,2.85,427500.0,4.55,19451.2,0.62,333 (Inferred / Reconnaissance),Low Grade / Country Rock,3.68,998.1,True
BLK-01-X10Y02-B4,MOIL-DB-01,1000.0,-600.0,260.0,60.0,21.54241,79.713909,150000.0,2.85,427500.0,15.44,66006.0,0.62,333 (Inferred / Reconnaissance),Low Grade / Country Rock,4.95,1182.75,True
BLK-01-X10Y03-B1,MOIL-DB-01,1000.0,-400.0,305.0,15.0,21.544207,79.713909,150000.0,2.85,427500.0,10.84,46341.0,0.62,333 (Inferred / Reconnaissance),Low Grade / Country Rock,2.97,711.15,True
BLK-01-X10Y03-B2,MOIL-DB-01,1000.0,-400.0,290.0,30.0,21.544207,79.713909,150000.0,2.85,427500.0,5.69,24324.8,0.62,333 (Inferred / Reconnaissance),Low Grade / Country Rock,3.82,876.9,True
BLK-01-X10Y03-B3,MOIL-DB-01,1000.0,-400.0,275.0,45.0,21.544207,79.713909,150000.0,2.85,427500.0,15.85,67758.8,0.62,333 (Inferred / Reconnaissance),Low Grade / Country Rock,4.17,1020.15,True
BLK-01-X10Y03-B4,MOIL-DB-01,1000.0,-400.0,260.0,60.0,21.544207,79.713909,150000.0,2.85,427500.0,15.45,66048.8,0.62,333 (Inferred / Reconnaissance),Low Grade / Country Rock,4.59,1166.55,True
BLK-01-X10Y04-B1,MOIL-DB-01,1000.0,-200.0,305.0,15.0,21.546003,79.713909,150000.0,2.85,427500.0,13.45,57498.7,0.62,333 (Inferred / Reconnaissance),Low Grade / Country Rock,2.37,684.15,True
BLK-01-X10Y04-B2,MOIL-DB-01,1000.0,-200.0,290.0,30.0,21.546003,79.713909,150000.0,2.85,427500.0,8.98,38389.5,0.62,333 (Inferred / Reconnaissance),Low Grade / Country Rock,3.14,846.3,True
BLK-01-X10Y04-B3,MOIL-DB-01,1000.0,-200.0,275.0,45.0,21.546003,79.713909,150000.0,2.85,427500.0,7.6,32490.0,0.62,333 (Inferred / Reconnaissance),Low Grade / Country Rock,3.63,995.85,True
BLK-01-X10Y04-B4,MOIL-DB-01,1000.0,-200.0,260.0,60.0,21.546003,79.713909,150000.0,2.85,427500.0,7.93,33900.8,0.62,333 (Inferred / Reconnaissance),Low Grade / Country Rock,3.75,1128.75,True
BLK-01-X10Y05-B1,MOIL-DB-01,1000.0,0.0,305.0,15.0,21.5478,79.713909,150000.0,2.85,427500.0,8.51,36380.2,0.62,333 (Inferred / Reconnaissance),Low Grade / Country Rock,2.95,710.25,True
BLK-01-X10Y05-B2,MOIL-DB-01,1000.0,0.0,290.0,30.0,21.5478,79.713909,150000.0,2.85,427500.0,9.34,39928.5,0.62,333 (Inferred / Reconnaissance),Low Grade / Country Rock,3.5,862.5,True
BLK-01-X10Y05-B3,MOIL-DB-01,1000.0,0.0,275.0,45.0,21.5478,79.713909,150000.0,2.85,427500.0,6.45,27573.8,0.62,333 (Inferred / Reconnaissance),Low Grade / Country Rock,3.6,994.5,True
BLK-01-X10Y05-B4,MOIL-DB-01,1000.0,0.0,260.0,60.0,21.5478,79.713909,150000.0,2.85,427500.0,5.61,23982.8,0.62,333 (Inferred / Reconnaissance),Low Grade / Country Rock,3.78,1130.1,True
BLK-01-X10Y06-B1,MOIL-DB-01,1000.0,200.0,305.0,15.0,21.549597,79.713909,150000.0,2.85,427500.0,12.64,54036.0,0.62,333 (Inferred / Reconnaissance),Low Grade / Country Rock,2.46,688.2,True
BLK-01-X10Y06-B2,MOIL-DB-01,1000.0,200.0,290.0,30.0,21.549597,79.713909,150000.0,2.85,427500.0,6.99,29882.2,0.62,333 (Inferred / Reconnaissance),Low Grade / Country Rock,2.95,837.75,True
BLK-01-X10Y06-B3,MOIL-DB-01,1000.0,200.0,275.0,45.0,21.549597,79.713909,150000.0,3.45,517500.0,32.36,167463.0,0.76,122 (Indicated Resource),Medium Grade Gondite,3.1,972.0,True
BLK-01-X10Y06-B4,MOIL-DB-01,1000.0,200.0,260.0,60.0,21.549597,79.713909,150000.0,2.85,427500.0,4.27,18254.2,0.62,333 (Inferred / Reconnaissance),Low Grade / Country Rock,4.8,1176.0,True
BLK-01-X10Y07-B1,MOIL-DB-01,1000.0,400.0,305.0,15.0,21.551393,79.713909,150000.0,2.85,427500.0,4.75,20306.2,0.62,333 (Inferred / Reconnaissance),Low Grade / Country Rock,3.21,721.95,True
BLK-01-X10Y07-B2,MOIL-DB-01,1000.0,400.0,290.0,30.0,21.551393,79.713909,150000.0,3.45,517500.0,29.32,151731.0,0.76,122 (Indicated Resource),Medium Grade Gondite,2.94,837.3,True
BLK-01-X10Y07-B3,MOIL-DB-01,1000.0,400.0,275.0,45.0,21.551393,79.713909,150000.0,3.45,517500.0,27.16,140553.0,0.76,122 (Indicated Resource),Medium Grade Gondite,3.9,1008.0,True
BLK-01-X10Y07-B4,MOIL-DB-01,1000.0,400.0,260.0,60.0,21.551393,79.713909,150000.0,2.85,427500.0,5.27,22529.2,0.62,333 (Inferred / Reconnaissance),Low Grade / Country Rock,5.36,1201.2,True
BLK-01-X10Y08-B1,MOIL-DB-01,1000.0,600.0,305.0,15.0,21.55319,79.713909,150000.0,2.85,427500.0,12.76,54549.0,0.62,333 (Inferred / Reconnaissance),Low Grade / Country Rock,1.62,650.4,True
BLK-01-X10Y08-B2,MOIL-DB-01,1000.0,600.0,290.0,30.0,21.55319,79.713909,150000.0,3.45,517500.0,28.75,148781.2,0.76,122 (Indicated Resource),Medium Grade Gondite,2.27,807.15,True
BLK-01-X10Y08-B3,MOIL-DB-01,1000.0,600.0,275.0,45.0,21.55319,79.713909,150000.0,3.45,517500.0,22.21,114936.8,0.76,122 (Indicated Resource),Medium Grade Gondite,4.01,1012.95,True
BLK-01-X10Y08-B4,MOIL-DB-01,1000.0,600.0,260.0,60.0,21.55319,79.713909,150000.0,3.45,517500.0,29.78,154111.5,0.76,122 (Indicated Resource),Medium Grade Gondite,4.67,1170.15,True
BLK-01-X10Y09-B1,MOIL-DB-01,1000.0,800.0,305.0,15.0,21.554986,79.713909,150000.0,3.45,517500.0,24.2,125235.0,0.76,122 (Indicated Resource),Medium Grade Gondite,2.46,688.2,True
BLK-01-X10Y09-B2,MOIL-DB-01,1000.0,800.0,290.0,30.0,21.554986,79.713909,150000.0,3.45,517500.0,22.68,117369.0,0.76,122 (Indicated Resource),Medium Grade Gondite,3.22,849.9,True
BLK-01-X10Y09-B3,MOIL-DB-01,1000.0,800.0,275.0,45.0,21.554986,79.713909,150000.0,3.45,517500.0,28.65,148263.8,0.76,122 (Indicated Resource),Medium Grade Gondite,4.06,1015.2,True
BLK-01-X10Y09-B4,MOIL-DB-01,1000.0,800.0,260.0,60.0,21.554986,79.713909,150000.0,3.45,517500.0,32.75,169481.2,0.76,122 (Indicated Resource),Medium Grade Gondite,5.2,1194.0,True
BLK-01-X10Y10-B1,MOIL-DB-01,1000.0,1000.0,305.0,15.0,21.556783,79.713909,150000.0,3.45,517500.0,33.77,174759.8,0.76,122 (Indicated Resource),Medium Grade Gondite,3.2,721.5,True
BLK-01-X10Y10-B2,MOIL-DB-01,1000.0,1000.0,290.0,30.0,21.556783,79.713909,150000.0,3.95,592500.0,41.63,246657.8,0.88,111 (Measured Resource),High Grade Braunite,2.15,801.75,True
BLK-01-X10Y10-B3,MOIL-DB-01,1000.0,1000.0,275.0,45.0,21.556783,79.713909,150000.0,3.95,592500.0,42.32,250746.0,0.88,111 (Measured Resource),High Grade Braunite,2.85,960.75,True
BLK-01-X10Y10-B4,MOIL-DB-01,1000.0,1000.0,260.0,60.0,21.556783,79.713909,150000.0,3.45,517500.0,32.05,165858.7,0.76,122 (Indicated Resource),Medium Grade Gondite,4.48,1161.6,True
BLK-03-X00Y00-B1,MOIL-BL-03,-1000.0,-1000.0,330.0,15.0,21.803517,80.175891,150000.0,3.45,517500.0,31.78,164461.5,0.76,122 (Indicated Resource),Medium Grade Gondite,1.88,662.1,True
BLK-03-X00Y00-B2,MOIL-BL-03,-1000.0,-1000.0,315.0,30.0,21.803517,80.175891,150000.0,3.95,592500.0,48.26,285940.5,0.88,111 (Measured Resource),High Grade Braunite,3.83,877.35,True
BLK-03-X00Y00-B3,MOIL-BL-03,-1000.0,-1000.0,300.0,45.0,21.803517,80.175891,150000.0,3.95,592500.0,41.52,246006.0,0.88,111 (Measured Resource),High Grade Braunite,2.93,964.35,True
BLK-03-X00Y00-B4,MOIL-BL-03,-1000.0,-1000.0,285.0,60.0,21.803517,80.175891,150000.0,3.45,517500.0,32.34,167359.5,0.76,122 (Indicated Resource),Medium Grade Gondite,5.09,1189.05,True
BLK-03-X00Y01-B1,MOIL-BL-03,-1000.0,-800.0,330.0,15.0,21.805314,80.175891,150000.0,3.45,517500.0,25.79,133463.2,0.76,122 (Indicated Resource),Medium Grade Gondite,1.96,665.7,True
BLK-03-X00Y01-B2,MOIL-BL-03,-1000.0,-800.0,315.0,30.0,21.805314,80.175891,150000.0,3.45,517500.0,22.56,116748.0,0.76,122 (Indicated Resource),Medium Grade Gondite,2.03,796.35,True
BLK-03-X00Y01-B3,MOIL-BL-03,-1000.0,-800.0,300.0,45.0,21.805314,80.175891,150000.0,3.45,517500.0,27.72,143451.0,0.76,122 (Indicated Resource),Medium Grade Gondite,2.94,964.8,True
BLK-03-X00Y01-B4,MOIL-BL-03,-1000.0,-800.0,285.0,60.0,21.805314,80.175891,150000.0,3.45,517500.0,24.33,125907.8,0.76,122 (Indicated Resource),Medium Grade Gondite,5.19,1193.55,True
BLK-03-X00Y02-B1,MOIL-BL-03,-1000.0,-600.0,330.0,15.0,21.80711,80.175891,150000.0,2.85,427500.0,11.99,51257.2,0.62,333 (Inferred / Reconnaissance),Low Grade / Country Rock,2.52,690.9,True
BLK-03-X00Y02-B2,MOIL-BL-03,-1000.0,-600.0,315.0,30.0,21.80711,80.175891,150000.0,3.45,517500.0,24.25,125493.8,0.76,122 (Indicated Resource),Medium Grade Gondite,3.66,869.7,True
BLK-03-X00Y02-B3,MOIL-BL-03,-1000.0,-600.0,300.0,45.0,21.80711,80.175891,150000.0,3.45,517500.0,32.42,167773.5,0.76,122 (Indicated Resource),Medium Grade Gondite,3.8,1003.5,True
BLK-03-X00Y02-B4,MOIL-BL-03,-1000.0,-600.0,285.0,60.0,21.80711,80.175891,150000.0,3.45,517500.0,32.95,170516.2,0.76,122 (Indicated Resource),Medium Grade Gondite,5.19,1193.55,True
BLK-03-X00Y03-B1,MOIL-BL-03,-1000.0,-400.0,330.0,15.0,21.808907,80.175891,150000.0,2.85,427500.0,14.24,60876.0,0.62,333 (Inferred / Reconnaissance),Low Grade / Country Rock,2.72,699.9,True
BLK-03-X00Y03-B2,MOIL-BL-03,-1000.0,-400.0,315.0,30.0,21.808907,80.175891,150000.0,3.45,517500.0,23.26,120370.5,0.76,122 (Indicated Resource),Medium Grade Gondite,2.54,819.3,True
BLK-03-X00Y03-B3,MOIL-BL-03,-1000.0,-400.0,300.0,45.0,21.808907,80.175891,150000.0,3.45,517500.0,22.8,117990.0,0.76,122 (Indicated Resource),Medium Grade Gondite,2.77,957.15,True
BLK-03-X00Y03-B4,MOIL-BL-03,-1000.0,-400.0,285.0,60.0,21.808907,80.175891,150000.0,2.85,427500.0,6.22,26590.5,0.62,333 (Inferred / Reconnaissance),Low Grade / Country Rock,5.26,1196.7,True
BLK-03-X00Y04-B1,MOIL-BL-03,-1000.0,-200.0,330.0,15.0,21.810703,80.175891,150000.0,2.85,427500.0,7.36,31464.0,0.62,333 (Inferred / Reconnaissance),Low Grade / Country Rock,3.19,721.05,True
BLK-03-X00Y04-B2,MOIL-BL-03,-1000.0,-200.0,315.0,30.0,21.810703,80.175891,150000.0,2.85,427500.0,12.36,52839.0,0.62,333 (Inferred / Reconnaissance),Low Grade / Country Rock,2.47,816.15,True
BLK-03-X00Y04-B3,MOIL-BL-03,-1000.0,-200.0,300.0,45.0,21.810703,80.175891,150000.0,3.45,517500.0,27.97,144744.8,0.76,122 (Indicated Resource),Medium Grade Gondite,3.19,976.05,True
BLK-03-X00Y04-B4,MOIL-BL-03,-1000.0,-200.0,285.0,60.0,21.810703,80.175891,150000.0,2.85,427500.0,17.78,76009.5,0.62,333 (Inferred / Reconnaissance),Low Grade / Country Rock,5.19,1193.55,True
BLK-03-X00Y05-B1,MOIL-BL-03,-1000.0,0.0,330.0,15.0,21.8125,80.175891,150000.0,2.85,427500.0,4.37,18681.8,0.62,333 (Inferred / Reconnaissance),Low Grade / Country Rock,3.15,719.25,True
BLK-03-X00Y05-B2,MOIL-BL-03,-1000.0,0.0,315.0,30.0,21.8125,80.175891,150000.0,2.85,427500.0,14.09,60234.8,0.62,333 (Inferred / Reconnaissance),Low Grade / Country Rock,2.16,802.2,True
BLK-03-X00Y05-B3,MOIL-BL-03,-1000.0,0.0,300.0,45.0,21.8125,80.175891,150000.0,2.85,427500.0,13.39,57242.3,0.62,333 (Inferred / Reconnaissance),Low Grade / Country Rock,4.04,1014.3,True
BLK-03-X00Y05-B4,MOIL-BL-03,-1000.0,0.0,285.0,60.0,21.8125,80.175891,150000.0,2.85,427500.0,7.06,30181.5,0.62,333 (Inferred / Reconnaissance),Low Grade / Country Rock,5.02,1185.9,True
BLK-03-X00Y06-B1,MOIL-BL-03,-1000.0,200.0,330.0,15.0,21.814297,80.175891,150000.0,2.85,427500.0,5.22,22315.5,0.62,333 (Inferred / Reconnaissance),Low Grade / Country Rock,2.23,677.85,True
BLK-03-X00Y06-B2,MOIL-BL-03,-1000.0,200.0,315.0,30.0,21.814297,80.175891,150000.0,2.85,427500.0,4.14,17698.5,0.62,333 (Inferred / Reconnaissance),Low Grade / Country Rock,3.94,882.3,True
BLK-03-X00Y06-B3,MOIL-BL-03,-1000.0,200.0,300.0,45.0,21.814297,80.175891,150000.0,2.85,427500.0,14.52,62073.0,0.62,333 (Inferred / Reconnaissance),Low Grade / Country Rock,3.07,970.65,True
BLK-03-X00Y06-B4,MOIL-BL-03,-1000.0,200.0,285.0,60.0,21.814297,80.175891,150000.0,2.85,427500.0,8.78,37534.5,0.62,333 (Inferred / Reconnaissance),Low Grade / Country Rock,3.82,1131.9,True
BLK-03-X00Y07-B1,MOIL-BL-03,-1000.0,400.0,330.0,15.0,21.816093,80.175891,150000.0,2.85,427500.0,14.73,62970.8,0.62,333 (Inferred / Reconnaissance),Low Grade / Country Rock,1.37,639.15,True
BLK-03-X00Y07-B2,MOIL-BL-03,-1000.0,400.0,315.0,30.0,21.816093,80.175891,150000.0,2.85,427500.0,15.77,67416.8,0.62,333 (Inferred / Reconnaissance),Low Grade / Country Rock,3.88,879.6,True
BLK-03-X00Y07-B3,MOIL-BL-03,-1000.0,400.0,300.0,45.0,21.816093,80.175891,150000.0,2.85,427500.0,13.47,57584.3,0.62,333 (Inferred / Reconnaissance),Low Grade / Country Rock,3.18,975.6,True
BLK-03-X00Y07-B4,MOIL-BL-03,-1000.0,400.0,285.0,60.0,21.816093,80.175891,150000.0,2.85,427500.0,9.04,38646.0,0.62,333 (Inferred / Reconnaissance),Low Grade / Country Rock,4.45,1160.25,True
BLK-03-X00Y08-B1,MOIL-BL-03,-1000.0,600.0,330.0,15.0,21.81789,80.175891,150000.0,2.85,427500.0,12.46,53266.5,0.62,333 (Inferred / Reconnaissance),Low Grade / Country Rock,2.59,694.05,True
BLK-03-X00Y08-B2,MOIL-BL-03,-1000.0,600.0,315.0,30.0,21.81789,80.175891,150000.0,2.85,427500.0,11.76,50274.0,0.62,333 (Inferred / Reconnaissance),Low Grade / Country Rock,2.7,826.5,True
BLK-03-X00Y08-B3,MOIL-BL-03,-1000.0,600.0,300.0,45.0,21.81789,80.175891,150000.0,2.85,427500.0,16.47,70409.2,0.62,333 (Inferred / Reconnaissance),Low Grade / Country Rock,2.91,963.45,True
BLK-03-X00Y08-B4,MOIL-BL-03,-1000.0,600.0,285.0,60.0,21.81789,80.175891,150000.0,2.85,427500.0,10.53,45015.7,0.62,333 (Inferred / Reconnaissance),Low Grade / Country Rock,5.05,1187.25,True
BLK-03-X00Y09-B1,MOIL-BL-03,-1000.0,800.0,330.0,15.0,21.819686,80.175891,150000.0,2.85,427500.0,4.85,20733.7,0.62,333 (Inferred / Reconnaissance),Low Grade / Country Rock,2.66,697.2,True
BLK-03-X00Y09-B2,MOIL-BL-03,-1000.0,800.0,315.0,30.0,21.819686,80.175891,150000.0,2.85,427500.0,15.48,66177.0,0.62,333 (Inferred / Reconnaissance),Low Grade / Country Rock,3.32,854.4,True
BLK-03-X00Y09-B3,MOIL-BL-03,-1000.0,800.0,300.0,45.0,21.819686,80.175891,150000.0,2.85,427500.0,4.18,17869.5,0.62,333 (Inferred / Reconnaissance),Low Grade / Country Rock,3.11,972.45,True
BLK-03-X00Y09-B4,MOIL-BL-03,-1000.0,800.0,285.0,60.0,21.819686,80.175891,150000.0,2.85,427500.0,8.79,37577.2,0.62,333 (Inferred / Reconnaissance),Low Grade / Country Rock,3.97,1138.65,True
BLK-03-X00Y10-B1,MOIL-BL-03,-1000.0,1000.0,330.0,15.0,21.821483,80.175891,150000.0,2.85,427500.0,17.48,74727.0,0.62,333 (Inferred / Reconnaissance),Low Grade / Country Rock,2.55,692.25,True
BLK-03-X00Y10-B2,MOIL-BL-03,-1000.0,1000.0,315.0,30.0,21.821483,80.175891,150000.0,2.85,427500.0,8.16,34884.0,0.62,333 (Inferred / Reconnaissance),Low Grade / Country Rock,3.86,878.7,True
BLK-03-X00Y10-B3,MOIL-BL-03,-1000.0,1000.0,300.0,45.0,21.821483,80.175891,150000.0,2.85,427500.0,14.37,61431.8,0.62,333 (Inferred / Reconnaissance),Low Grade / Country Rock,3.32,981.9,True
BLK-03-X00Y10-B4,MOIL-BL-03,-1000.0,1000.0,285.0,60.0,21.821483,80.175891,150000.0,2.85,427500.0,9.3,39757.5,0.62,333 (Inferred / Reconnaissance),Low Grade / Country Rock,3.9,1135.5,True
BLK-03-X01Y00-B1,MOIL-BL-03,-800.0,-1000.0,330.0,15.0,21.803517,80.177833,150000.0,3.95,592500.0,43.85,259811.2,0.88,111 (Measured Resource),High Grade Braunite,3.04,714.3,True
BLK-03-X01Y00-B2,MOIL-BL-03,-800.0,-1000.0,315.0,30.0,21.803517,80.177833,150000.0,3.95,592500.0,45.16,267573.0,0.88,111 (Measured Resource),High Grade Braunite,2.69,826.05,True
BLK-03-X01Y00-B3,MOIL-BL-03,-800.0,-1000.0,300.0,45.0,21.803517,80.177833,150000.0,3.95,592500.0,47.3,280252.5,0.88,111 (Measured Resource),High Grade Braunite,4.25,1023.75,True
BLK-03-X01Y00-B4,MOIL-BL-03,-800.0,-1000.0,285.0,60.0,21.803517,80.177833,150000.0,3.95,592500.0,42.06,249205.5,0.88,111 (Measured Resource),High Grade Braunite,5.3,1198.5,True
BLK-03-X01Y01-B1,MOIL-BL-03,-800.0,-800.0,330.0,15.0,21.805314,80.177833,150000.0,3.45,517500.0,25.69,132945.8,0.76,122 (Indicated Resource),Medium Grade Gondite,2.18,675.6,True
BLK-03-X01Y01-B2,MOIL-BL-03,-800.0,-800.0,315.0,30.0,21.805314,80.177833,150000.0,3.95,592500.0,44.79,265380.8,0.88,111 (Measured Resource),High Grade Braunite,2.79,830.55,True
BLK-03-X01Y01-B3,MOIL-BL-03,-800.0,-800.0,300.0,45.0,21.805314,80.177833,150000.0,3.95,592500.0,45.1,267217.5,0.88,111 (Measured Resource),High Grade Braunite,4.44,1032.3,True
BLK-03-X01Y01-B4,MOIL-BL-03,-800.0,-800.0,285.0,60.0,21.805314,80.177833,150000.0,3.95,592500.0,41.93,248435.2,0.88,111 (Measured Resource),High Grade Braunite,4.49,1162.05,True
BLK-03-X01Y02-B1,MOIL-BL-03,-800.0,-600.0,330.0,15.0,21.80711,80.177833,150000.0,3.45,517500.0,27.4,141795.0,0.76,122 (Indicated Resource),Medium Grade Gondite,2.29,680.55,True
BLK-03-X01Y02-B2,MOIL-BL-03,-800.0,-600.0,315.0,30.0,21.80711,80.177833,150000.0,3.95,592500.0,41.24,244347.0,0.88,111 (Measured Resource),High Grade Braunite,3.09,844.05,True
BLK-03-X01Y02-B3,MOIL-BL-03,-800.0,-600.0,300.0,45.0,21.80711,80.177833,150000.0,3.95,592500.0,41.02,243043.5,0.88,111 (Measured Resource),High Grade Braunite,4.29,1025.55,True
BLK-03-X01Y02-B4,MOIL-BL-03,-800.0,-600.0,285.0,60.0,21.80711,80.177833,150000.0,3.45,517500.0,26.8,138690.0,0.76,122 (Indicated Resource),Medium Grade Gondite,4.51,1162.95,True
BLK-03-X01Y03-B1,MOIL-BL-03,-800.0,-400.0,330.0,15.0,21.808907,80.177833,150000.0,3.45,517500.0,29.74,153904.5,0.76,122 (Indicated Resource),Medium Grade Gondite,3.07,715.65,True
BLK-03-X01Y03-B2,MOIL-BL-03,-800.0,-400.0,315.0,30.0,21.808907,80.177833,150000.0,3.45,517500.0,30.49,157785.8,0.76,122 (Indicated Resource),Medium Grade Gondite,2.09,799.05,True
BLK-03-X01Y03-B3,MOIL-BL-03,-800.0,-400.0,300.0,45.0,21.808907,80.177833,150000.0,3.45,517500.0,32.06,165910.5,0.76,122 (Indicated Resource),Medium Grade Gondite,4.73,1045.35,True
BLK-03-X01Y03-B4,MOIL-BL-03,-800.0,-400.0,285.0,60.0,21.808907,80.177833,150000.0,3.45,517500.0,27.67,143192.2,0.76,122 (Indicated Resource),Medium Grade Gondite,5.44,1204.8,True
BLK-03-X01Y04-B1,MOIL-BL-03,-800.0,-200.0,330.0,15.0,21.810703,80.177833,150000.0,2.85,427500.0,11.66,49846.5,0.62,333 (Inferred / Reconnaissance),Low Grade / Country Rock,2.17,675.15,True
BLK-03-X01Y04-B2,MOIL-BL-03,-800.0,-200.0,315.0,30.0,21.810703,80.177833,150000.0,3.45,517500.0,25.98,134446.5,0.76,122 (Indicated Resource),Medium Grade Gondite,3.32,854.4,True
BLK-03-X01Y04-B3,MOIL-BL-03,-800.0,-200.0,300.0,45.0,21.810703,80.177833,150000.0,3.45,517500.0,24.76,128133.0,0.76,122 (Indicated Resource),Medium Grade Gondite,2.96,965.7,True
BLK-03-X01Y04-B4,MOIL-BL-03,-800.0,-200.0,285.0,60.0,21.810703,80.177833,150000.0,3.45,517500.0,22.33,115557.7,0.76,122 (Indicated Resource),Medium Grade Gondite,4.08,1143.6,True
BLK-03-X01Y05-B1,MOIL-BL-03,-800.0,0.0,330.0,15.0,21.8125,80.177833,150000.0,2.85,427500.0,9.54,40783.5,0.62,333 (Inferred / Reconnaissance),Low Grade / Country Rock,2.35,683.25,True
BLK-03-X01Y05-B2,MOIL-BL-03,-800.0,0.0,315.0,30.0,21.8125,80.177833,150000.0,3.45,517500.0,25.51,132014.2,0.76,122 (Indicated Resource),Medium Grade Gondite,3.97,883.65,True
BLK-03-X01Y05-B3,MOIL-BL-03,-800.0,0.0,300.0,45.0,21.8125,80.177833,150000.0,3.45,517500.0,25.5,131962.5,0.76,122 (Indicated Resource),Medium Grade Gondite,3.63,995.85,True
BLK-03-X01Y05-B4,MOIL-BL-03,-800.0,0.0,285.0,60.0,21.8125,80.177833,150000.0,2.85,427500.0,5.45,23298.8,0.62,333 (Inferred / Reconnaissance),Low Grade / Country Rock,4.02,1140.9,True
BLK-03-X01Y06-B1,MOIL-BL-03,-800.0,200.0,330.0,15.0,21.814297,80.177833,150000.0,2.85,427500.0,4.68,20007.0,0.62,333 (Inferred / Reconnaissance),Low Grade / Country Rock,2.37,684.15,True
BLK-03-X01Y06-B2,MOIL-BL-03,-800.0,200.0,315.0,30.0,21.814297,80.177833,150000.0,2.85,427500.0,14.51,62030.2,0.62,333 (Inferred / Reconnaissance),Low Grade / Country Rock,2.39,812.55,True
BLK-03-X01Y06-B3,MOIL-BL-03,-800.0,200.0,300.0,45.0,21.814297,80.177833,150000.0,3.45,517500.0,26.41,136671.8,0.76,122 (Indicated Resource),Medium Grade Gondite,2.78,957.6,True
BLK-03-X01Y06-B4,MOIL-BL-03,-800.0,200.0,285.0,60.0,21.814297,80.177833,150000.0,2.85,427500.0,15.75,67331.2,0.62,333 (Inferred / Reconnaissance),Low Grade / Country Rock,5.06,1187.7,True
BLK-03-X01Y07-B1,MOIL-BL-03,-800.0,400.0,330.0,15.0,21.816093,80.177833,150000.0,2.85,427500.0,4.89,20904.8,0.62,333 (Inferred / Reconnaissance),Low Grade / Country Rock,1.98,666.6,True
BLK-03-X01Y07-B2,MOIL-BL-03,-800.0,400.0,315.0,30.0,21.816093,80.177833,150000.0,2.85,427500.0,17.37,74256.8,0.62,333 (Inferred / Reconnaissance),Low Grade / Country Rock,2.78,830.1,True
BLK-03-X01Y07-B3,MOIL-BL-03,-800.0,400.0,300.0,45.0,21.816093,80.177833,150000.0,2.85,427500.0,11.37,48606.8,0.62,333 (Inferred / Reconnaissance),Low Grade / Country Rock,3.46,988.2,True
BLK-03-X01Y07-B4,MOIL-BL-03,-800.0,400.0,285.0,60.0,21.816093,80.177833,150000.0,2.85,427500.0,12.35,52796.2,0.62,333 (Inferred / Reconnaissance),Low Grade / Country Rock,5.46,1205.7,True
BLK-03-X01Y08-B1,MOIL-BL-03,-800.0,600.0,330.0,15.0,21.81789,80.177833,150000.0,2.85,427500.0,17.97,76821.8,0.62,333 (Inferred / Reconnaissance),Low Grade / Country Rock,2.8,703.5,True
BLK-03-X01Y08-B2,MOIL-BL-03,-800.0,600.0,315.0,30.0,21.81789,80.177833,150000.0,2.85,427500.0,9.66,41296.5,0.62,333 (Inferred / Reconnaissance),Low Grade / Country Rock,2.99,839.55,True
BLK-03-X01Y08-B3,MOIL-BL-03,-800.0,600.0,300.0,45.0,21.81789,80.177833,150000.0,2.85,427500.0,8.99,38432.2,0.62,333 (Inferred / Reconnaissance),Low Grade / Country Rock,4.72,1044.9,True
BLK-03-X01Y08-B4,MOIL-BL-03,-800.0,600.0,285.0,60.0,21.81789,80.177833,150000.0,2.85,427500.0,13.91,59465.2,0.62,333 (Inferred / Reconnaissance),Low Grade / Country Rock,4.4,1158.0,True
BLK-03-X01Y09-B1,MOIL-BL-03,-800.0,800.0,330.0,15.0,21.819686,80.177833,150000.0,2.85,427500.0,4.17,17826.8,0.62,333 (Inferred / Reconnaissance),Low Grade / Country Rock,2.29,680.55,True
BLK-03-X01Y09-B2,MOIL-BL-03,-800.0,800.0,315.0,30.0,21.819686,80.177833,150000.0,2.85,427500.0,17.77,75966.8,0.62,333 (Inferred / Reconnaissance),Low Grade / Country Rock,3.05,842.25,True
BLK-03-X01Y09-B3,MOIL-BL-03,-800.0,800.0,300.0,45.0,21.819686,80.177833,150000.0,2.85,427500.0,6.55,28001.2,0.62,333 (Inferred / Reconnaissance),Low Grade / Country Rock,2.79,958.05,True
BLK-03-X01Y09-B4,MOIL-BL-03,-800.0,800.0,285.0,60.0,21.819686,80.177833,150000.0,2.85,427500.0,8.97,38346.8,0.62,333 (Inferred / Reconnaissance),Low Grade / Country Rock,5.34,1200.3,True
BLK-03-X01Y10-B1,MOIL-BL-03,-800.0,1000.0,330.0,15.0,21.821483,80.177833,150000.0,2.85,427500.0,17.95,76736.2,0.62,333 (Inferred / Reconnaissance),Low Grade / Country Rock,3.14,718.8,True
BLK-03-X01Y10-B2,MOIL-BL-03,-800.0,1000.0,315.0,30.0,21.821483,80.177833,150000.0,2.85,427500.0,14.21,60747.8,0.62,333 (Inferred / Reconnaissance),Low Grade / Country Rock,3.12,845.4,True
BLK-03-X01Y10-B3,MOIL-BL-03,-800.0,1000.0,300.0,45.0,21.821483,80.177833,150000.0,2.85,427500.0,12.27,52454.2,0.62,333 (Inferred / Reconnaissance),Low Grade / Country Rock,3.83,1004.85,True
BLK-03-X01Y10-B4,MOIL-BL-03,-800.0,1000.0,285.0,60.0,21.821483,80.177833,150000.0,2.85,427500.0,13.9,59422.5,0.62,333 (Inferred / Reconnaissance),Low Grade / Country Rock,4.34,1155.3,True
BLK-03-X02Y00-B1,MOIL-BL-03,-600.0,-1000.0,330.0,15.0,21.803517,80.179775,150000.0,3.95,592500.0,42.36,250983.0,0.88,111 (Measured Resource),High Grade Braunite,2.59,694.05,True
BLK-03-X02Y00-B2,MOIL-BL-03,-600.0,-1000.0,315.0,30.0,21.803517,80.179775,150000.0,3.95,592500.0,42.79,253530.8,0.88,111 (Measured Resource),High Grade Braunite,3.67,870.15,True
BLK-03-X02Y00-B3,MOIL-BL-03,-600.0,-1000.0,300.0,45.0,21.803517,80.179775,150000.0,3.95,592500.0,42.18,249916.5,0.88,111 (Measured Resource),High Grade Braunite,4.56,1037.7,True
BLK-03-X02Y00-B4,MOIL-BL-03,-600.0,-1000.0,285.0,60.0,21.803517,80.179775,150000.0,3.95,592500.0,42.41,251279.2,0.88,111 (Measured Resource),High Grade Braunite,5.35,1200.75,True
BLK-03-X02Y01-B1,MOIL-BL-03,-600.0,-800.0,330.0,15.0,21.805314,80.179775,150000.0,3.95,592500.0,43.92,260226.0,0.88,111 (Measured Resource),High Grade Braunite,2.65,696.75,True
BLK-03-X02Y01-B2,MOIL-BL-03,-600.0,-800.0,315.0,30.0,21.805314,80.179775,150000.0,3.95,592500.0,48.69,288488.2,0.88,111 (Measured Resource),High Grade Braunite,2.86,833.7,True
BLK-03-X02Y01-B3,MOIL-BL-03,-600.0,-800.0,300.0,45.0,21.805314,80.179775,150000.0,3.95,592500.0,39.53,234215.2,0.88,111 (Measured Resource),High Grade Braunite,3.68,998.1,True
BLK-03-X02Y01-B4,MOIL-BL-03,-600.0,-800.0,285.0,60.0,21.805314,80.179775,150000.0,3.95,592500.0,41.44,245532.0,0.88,111 (Measured Resource),High Grade Braunite,3.94,1137.3,True
BLK-03-X02Y02-B1,MOIL-BL-03,-600.0,-600.0,330.0,15.0,21.80711,80.179775,150000.0,3.45,517500.0,22.13,114522.8,0.76,122 (Indicated Resource),Medium Grade Gondite,1.7,654.0,True
BLK-03-X02Y02-B2,MOIL-BL-03,-600.0,-600.0,315.0,30.0,21.80711,80.179775,150000.0,3.95,592500.0,42.56,252168.0,0.88,111 (Measured Resource),High Grade Braunite,2.67,825.15,True
BLK-03-X02Y02-B3,MOIL-BL-03,-600.0,-600.0,300.0,45.0,21.80711,80.179775,150000.0,3.95,592500.0,44.05,260996.2,0.88,111 (Measured Resource),High Grade Braunite,3.89,1007.55,True
BLK-03-X02Y02-B4,MOIL-BL-03,-600.0,-600.0,285.0,60.0,21.80711,80.179775,150000.0,3.95,592500.0,42.72,253116.0,0.88,111 (Measured Resource),High Grade Braunite,3.69,1126.05,True
BLK-03-X02Y03-B1,MOIL-BL-03,-600.0,-400.0,330.0,15.0,21.808907,80.179775,150000.0,3.45,517500.0,29.14,150799.5,0.76,122 (Indicated Resource),Medium Grade Gondite,3.25,723.75,True
BLK-03-X02Y03-B2,MOIL-BL-03,-600.0,-400.0,315.0,30.0,21.808907,80.179775,150000.0,3.95,592500.0,42.2,250035.0,0.88,111 (Measured Resource),High Grade Braunite,2.13,800.85,True
BLK-03-X02Y03-B3,MOIL-BL-03,-600.0,-400.0,300.0,45.0,21.808907,80.179775,150000.0,3.95,592500.0,47.04,278712.0,0.88,111 (Measured Resource),High Grade Braunite,3.34,982.8,True
BLK-03-X02Y03-B4,MOIL-BL-03,-600.0,-400.0,285.0,60.0,21.808907,80.179775,150000.0,3.45,517500.0,25.86,133825.5,0.76,122 (Indicated Resource),Medium Grade Gondite,4.55,1164.75,True
BLK-03-X02Y04-B1,MOIL-BL-03,-600.0,-200.0,330.0,15.0,21.810703,80.179775,150000.0,3.45,517500.0,29.93,154887.8,0.76,122 (Indicated Resource),Medium Grade Gondite,2.75,701.25,True
BLK-03-X02Y04-B2,MOIL-BL-03,-600.0,-200.0,315.0,30.0,21.810703,80.179775,150000.0,3.45,517500.0,24.95,129116.2,0.76,122 (Indicated Resource),Medium Grade Gondite,2.64,823.8,True
BLK-03-X02Y04-B3,MOIL-BL-03,-600.0,-200.0,300.0,45.0,21.810703,80.179775,150000.0,3.95,592500.0,40.97,242747.2,0.88,111 (Measured Resource),High Grade Braunite,4.75,1046.25,True
BLK-03-X02Y04-B4,MOIL-BL-03,-600.0,-200.0,285.0,60.0,21.810703,80.179775,150000.0,3.45,517500.0,31.34,162184.5,0.76,122 (Indicated Resource),Medium Grade Gondite,5.45,1205.25,True
BLK-03-X02Y05-B1,MOIL-BL-03,-600.0,0.0,330.0,15.0,21.8125,80.179775,150000.0,3.45,517500.0,30.32,156906.0,0.76,122 (Indicated Resource),Medium Grade Gondite,2.06,670.2,True
BLK-03-X02Y05-B2,MOIL-BL-03,-600.0,0.0,315.0,30.0,21.8125,80.179775,150000.0,3.45,517500.0,26.68,138069.0,0.76,122 (Indicated Resource),Medium Grade Gondite,2.98,839.1,True
BLK-03-X02Y05-B3,MOIL-BL-03,-600.0,0.0,300.0,45.0,21.8125,80.179775,150000.0,3.45,517500.0,27.0,139725.0,0.76,122 (Indicated Resource),Medium Grade Gondite,4.41,1030.95,True
BLK-03-X02Y05-B4,MOIL-BL-03,-600.0,0.0,285.0,60.0,21.8125,80.179775,150000.0,3.45,517500.0,27.58,142726.5,0.76,122 (Indicated Resource),Medium Grade Gondite,4.09,1144.05,True
BLK-03-X02Y06-B1,MOIL-BL-03,-600.0,200.0,330.0,15.0,21.814297,80.179775,150000.0,2.85,427500.0,14.85,63483.8,0.62,333 (Inferred / Reconnaissance),Low Grade / Country Rock,2.96,710.7,True
BLK-03-X02Y06-B2,MOIL-BL-03,-600.0,200.0,315.0,30.0,21.814297,80.179775,150000.0,3.45,517500.0,27.05,139983.8,0.76,122 (Indicated Resource),Medium Grade Gondite,3.34,855.3,True
BLK-03-X02Y06-B3,MOIL-BL-03,-600.0,200.0,300.0,45.0,21.814297,80.179775,150000.0,3.45,517500.0,22.71,117524.2,0.76,122 (Indicated Resource),Medium Grade Gondite,3.81,1003.95,True
BLK-03-X02Y06-B4,MOIL-BL-03,-600.0,200.0,285.0,60.0,21.814297,80.179775,150000.0,3.45,517500.0,22.54,116644.5,0.76,122 (Indicated Resource),Medium Grade Gondite,3.56,1120.2,True
BLK-03-X02Y07-B1,MOIL-BL-03,-600.0,400.0,330.0,15.0,21.816093,80.179775,150000.0,2.85,427500.0,12.58,53779.5,0.62,333 (Inferred / Reconnaissance),Low Grade / Country Rock,1.86,661.2,True
BLK-03-X02Y07-B2,MOIL-BL-03,-600.0,400.0,315.0,30.0,21.816093,80.179775,150000.0,3.45,517500.0,30.91,159959.2,0.76,122 (Indicated Resource),Medium Grade Gondite,3.79,875.55,True
BLK-03-X02Y07-B3,MOIL-BL-03,-600.0,400.0,300.0,45.0,21.816093,80.179775,150000.0,3.45,517500.0,23.67,122492.3,0.76,122 (Indicated Resource),Medium Grade Gondite,4.2,1021.5,True
BLK-03-X02Y07-B4,MOIL-BL-03,-600.0,400.0,285.0,60.0,21.816093,80.179775,150000.0,2.85,427500.0,11.2,47880.0,0.62,333 (Inferred / Reconnaissance),Low Grade / Country Rock,3.72,1127.4,True
BLK-03-X02Y08-B1,MOIL-BL-03,-600.0,600.0,330.0,15.0,21.81789,80.179775,150000.0,2.85,427500.0,13.12,56088.0,0.62,333 (Inferred / Reconnaissance),Low Grade / Country Rock,2.47,688.65,True
BLK-03-X02Y08-B2,MOIL-BL-03,-600.0,600.0,315.0,30.0,21.81789,80.179775,150000.0,2.85,427500.0,11.22,47965.5,0.62,333 (Inferred / Reconnaissance),Low Grade / Country Rock,3.85,878.25,True
BLK-03-X02Y08-B3,MOIL-BL-03,-600.0,600.0,300.0,45.0,21.81789,80.179775,150000.0,2.85,427500.0,11.3,48307.5,0.62,333 (Inferred / Reconnaissance),Low Grade / Country Rock,4.73,1045.35,True
BLK-03-X02Y08-B4,MOIL-BL-03,-600.0,600.0,285.0,60.0,21.81789,80.179775,150000.0,2.85,427500.0,11.13,47580.8,0.62,333 (Inferred / Reconnaissance),Low Grade / Country Rock,3.73,1127.85,True
BLK-03-X02Y09-B1,MOIL-BL-03,-600.0,800.0,330.0,15.0,21.819686,80.179775,150000.0,2.85,427500.0,10.59,45272.2,0.62,333 (Inferred / Reconnaissance),Low Grade / Country Rock,1.61,649.95,True
BLK-03-X02Y09-B2,MOIL-BL-03,-600.0,800.0,315.0,30.0,21.819686,80.179775,150000.0,2.85,427500.0,12.36,52839.0,0.62,333 (Inferred / Reconnaissance),Low Grade / Country Rock,3.39,857.55,True
BLK-03-X02Y09-B3,MOIL-BL-03,-600.0,800.0,300.0,45.0,21.819686,80.179775,150000.0,2.85,427500.0,10.56,45144.0,0.62,333 (Inferred / Reconnaissance),Low Grade / Country Rock,2.95,965.25,True
BLK-03-X02Y09-B4,MOIL-BL-03,-600.0,800.0,285.0,60.0,21.819686,80.179775,150000.0,2.85,427500.0,10.56,45144.0,0.62,333 (Inferred / Reconnaissance),Low Grade / Country Rock,3.66,1124.7,True
BLK-03-X02Y10-B1,MOIL-BL-03,-600.0,1000.0,330.0,15.0,21.821483,80.179775,150000.0,2.85,427500.0,13.55,57926.3,0.62,333 (Inferred / Reconnaissance),Low Grade / Country Rock,2.83,704.85,True
BLK-03-X02Y10-B2,MOIL-BL-03,-600.0,1000.0,315.0,30.0,21.821483,80.179775,150000.0,2.85,427500.0,17.47,74684.2,0.62,333 (Inferred / Reconnaissance),Low Grade / Country Rock,2.3,808.5,True
BLK-03-X02Y10-B3,MOIL-BL-03,-600.0,1000.0,300.0,45.0,21.821483,80.179775,150000.0,2.85,427500.0,11.45,48948.7,0.62,333 (Inferred / Reconnaissance),Low Grade / Country Rock,3.89,1007.55,True
BLK-03-X02Y10-B4,MOIL-BL-03,-600.0,1000.0,285.0,60.0,21.821483,80.179775,150000.0,2.85,427500.0,16.91,72290.2,0.62,333 (Inferred / Reconnaissance),Low Grade / Country Rock,4.75,1173.75,True
BLK-03-X03Y00-B1,MOIL-BL-03,-400.0,-1000.0,330.0,15.0,21.803517,80.181717,150000.0,3.95,592500.0,39.85,236111.2,0.88,111 (Measured Resource),High Grade Braunite,1.54,646.8,True
BLK-03-X03Y00-B2,MOIL-BL-03,-400.0,-1000.0,315.0,30.0,21.803517,80.181717,150000.0,3.95,592500.0,49.22,291628.5,0.88,111 (Measured Resource),High Grade Braunite,3.4,858.0,True
BLK-03-X03Y00-B3,MOIL-BL-03,-400.0,-1000.0,300.0,45.0,21.803517,80.181717,150000.0,3.95,592500.0,41.57,246302.2,0.88,111 (Measured Resource),High Grade Braunite,4.48,1034.1,True
BLK-03-X03Y00-B4,MOIL-BL-03,-400.0,-1000.0,285.0,60.0,21.803517,80.181717,150000.0,3.95,592500.0,44.93,266210.2,0.88,111 (Measured Resource),High Grade Braunite,4.97,1183.65,True
BLK-03-X03Y01-B1,MOIL-BL-03,-400.0,-800.0,330.0,15.0,21.805314,80.181717,150000.0,3.95,592500.0,46.32,274446.0,0.88,111 (Measured Resource),High Grade Braunite,1.4,640.5,True
BLK-03-X03Y01-B2,MOIL-BL-03,-400.0,-800.0,315.0,30.0,21.805314,80.181717,150000.0,3.95,592500.0,44.08,261174.0,0.88,111 (Measured Resource),High Grade Braunite,2.43,814.35,True
BLK-03-X03Y01-B3,MOIL-BL-03,-400.0,-800.0,300.0,45.0,21.805314,80.181717,150000.0,3.95,592500.0,41.4,245295.0,0.88,111 (Measured Resource),High Grade Braunite,4.47,1033.65,True
BLK-03-X03Y01-B4,MOIL-BL-03,-400.0,-800.0,285.0,60.0,21.805314,80.181717,150000.0,3.95,592500.0,48.92,289851.0,0.88,111 (Measured Resource),High Grade Braunite,4.81,1176.45,True
BLK-03-X03Y02-B1,MOIL-BL-03,-400.0,-600.0,330.0,15.0,21.80711,80.181717,150000.0,3.95,592500.0,42.38,251101.5,0.88,111 (Measured Resource),High Grade Braunite,1.89,662.55,True
BLK-03-X03Y02-B2,MOIL-BL-03,-400.0,-600.0,315.0,30.0,21.80711,80.181717,150000.0,3.95,592500.0,41.72,247191.0,0.88,111 (Measured Resource),High Grade Braunite,3.59,866.55,True
BLK-03-X03Y02-B3,MOIL-BL-03,-400.0,-600.0,300.0,45.0,21.80711,80.181717,150000.0,3.95,592500.0,40.4,239370.0,0.88,111 (Measured Resource),High Grade Braunite,3.92,1008.9,True
BLK-03-X03Y02-B4,MOIL-BL-03,-400.0,-600.0,285.0,60.0,21.80711,80.181717,150000.0,3.95,592500.0,45.86,271720.5,0.88,111 (Measured Resource),High Grade Braunite,3.61,1122.45,True
BLK-03-X03Y03-B1,MOIL-BL-03,-400.0,-400.0,330.0,15.0,21.808907,80.181717,150000.0,3.95,592500.0,42.2,250035.0,0.88,111 (Measured Resource),High Grade Braunite,2.65,696.75,True
BLK-03-X03Y03-B2,MOIL-BL-03,-400.0,-400.0,315.0,30.0,21.808907,80.181717,150000.0,3.95,592500.0,48.45,287066.2,0.88,111 (Measured Resource),High Grade Braunite,3.85,878.25,True
BLK-03-X03Y03-B3,MOIL-BL-03,-400.0,-400.0,300.0,45.0,21.808907,80.181717,150000.0,3.95,592500.0,42.58,252286.5,0.88,111 (Measured Resource),High Grade Braunite,4.25,1023.75,True
BLK-03-X03Y03-B4,MOIL-BL-03,-400.0,-400.0,285.0,60.0,21.808907,80.181717,150000.0,3.95,592500.0,40.55,240258.7,0.88,111 (Measured Resource),High Grade Braunite,5.11,1189.95,True
BLK-03-X03Y04-B1,MOIL-BL-03,-400.0,-200.0,330.0,15.0,21.810703,80.181717,150000.0,3.45,517500.0,27.53,142467.8,0.76,122 (Indicated Resource),Medium Grade Gondite,1.4,640.5,True
BLK-03-X03Y04-B2,MOIL-BL-03,-400.0,-200.0,315.0,30.0,21.810703,80.181717,150000.0,3.95,592500.0,43.26,256315.5,0.88,111 (Measured Resource),High Grade Braunite,3.44,859.8,True
BLK-03-X03Y04-B3,MOIL-BL-03,-400.0,-200.0,300.0,45.0,21.810703,80.181717,150000.0,3.95,592500.0,43.39,257085.8,0.88,111 (Measured Resource),High Grade Braunite,4.56,1037.7,True
BLK-03-X03Y04-B4,MOIL-BL-03,-400.0,-200.0,285.0,60.0,21.810703,80.181717,150000.0,3.95,592500.0,43.61,258389.2,0.88,111 (Measured Resource),High Grade Braunite,4.47,1161.15,True
BLK-03-X03Y05-B1,MOIL-BL-03,-400.0,0.0,330.0,15.0,21.8125,80.181717,150000.0,3.45,517500.0,25.37,131289.8,0.76,122 (Indicated Resource),Medium Grade Gondite,2.68,698.1,True
BLK-03-X03Y05-B2,MOIL-BL-03,-400.0,0.0,315.0,30.0,21.8125,80.181717,150000.0,3.95,592500.0,46.79,277230.8,0.88,111 (Measured Resource),High Grade Braunite,2.42,813.9,True
BLK-03-X03Y05-B3,MOIL-BL-03,-400.0,0.0,300.0,45.0,21.8125,80.181717,150000.0,3.95,592500.0,45.9,271957.5,0.88,111 (Measured Resource),High Grade Braunite,3.73,1000.35,True
BLK-03-X03Y05-B4,MOIL-BL-03,-400.0,0.0,285.0,60.0,21.8125,80.181717,150000.0,3.45,517500.0,23.07,119387.3,0.76,122 (Indicated Resource),Medium Grade Gondite,4.99,1184.55,True
BLK-03-X03Y06-B1,MOIL-BL-03,-400.0,200.0,330.0,15.0,21.814297,80.181717,150000.0,3.45,517500.0,32.17,166479.8,0.76,122 (Indicated Resource),Medium Grade Gondite,1.47,643.65,True
BLK-03-X03Y06-B2,MOIL-BL-03,-400.0,200.0,315.0,30.0,21.814297,80.181717,150000.0,3.45,517500.0,31.8,164565.0,0.76,122 (Indicated Resource),Medium Grade Gondite,3.54,864.3,True
BLK-03-X03Y06-B3,MOIL-BL-03,-400.0,200.0,300.0,45.0,21.814297,80.181717,150000.0,3.95,592500.0,47.49,281378.2,0.88,111 (Measured Resource),High Grade Braunite,2.75,956.25,True
BLK-03-X03Y06-B4,MOIL-BL-03,-400.0,200.0,285.0,60.0,21.814297,80.181717,150000.0,3.45,517500.0,33.18,171706.5,0.76,122 (Indicated Resource),Medium Grade Gondite,4.6,1167.0,True
BLK-03-X03Y07-B1,MOIL-BL-03,-400.0,400.0,330.0,15.0,21.816093,80.181717,150000.0,3.45,517500.0,29.44,152352.0,0.76,122 (Indicated Resource),Medium Grade Gondite,2.58,693.6,True
BLK-03-X03Y07-B2,MOIL-BL-03,-400.0,400.0,315.0,30.0,21.816093,80.181717,150000.0,3.45,517500.0,28.74,148729.5,0.76,122 (Indicated Resource),Medium Grade Gondite,3.71,871.95,True
BLK-03-X03Y07-B3,MOIL-BL-03,-400.0,400.0,300.0,45.0,21.816093,80.181717,150000.0,3.45,517500.0,29.32,151731.0,0.76,122 (Indicated Resource),Medium Grade Gondite,4.57,1038.15,True
BLK-03-X03Y07-B4,MOIL-BL-03,-400.0,400.0,285.0,60.0,21.816093,80.181717,150000.0,3.45,517500.0,28.99,150023.2,0.76,122 (Indicated Resource),Medium Grade Gondite,3.84,1132.8,True
BLK-03-X03Y08-B1,MOIL-BL-03,-400.0,600.0,330.0,15.0,21.81789,80.181717,150000.0,2.85,427500.0,16.79,71777.2,0.62,333 (Inferred / Reconnaissance),Low Grade / Country Rock,2.61,694.95,True
BLK-03-X03Y08-B2,MOIL-BL-03,-400.0,600.0,315.0,30.0,21.81789,80.181717,150000.0,3.45,517500.0,30.39,157268.2,0.76,122 (Indicated Resource),Medium Grade Gondite,3.97,883.65,True
BLK-03-X03Y08-B3,MOIL-BL-03,-400.0,600.0,300.0,45.0,21.81789,80.181717,150000.0,3.45,517500.0,22.9,118507.5,0.76,122 (Indicated Resource),Medium Grade Gondite,3.61,994.95,True
BLK-03-X03Y08-B4,MOIL-BL-03,-400.0,600.0,285.0,60.0,21.81789,80.181717,150000.0,2.85,427500.0,7.35,31421.2,0.62,333 (Inferred / Reconnaissance),Low Grade / Country Rock,4.76,1174.2,True
BLK-03-X03Y09-B1,MOIL-BL-03,-400.0,800.0,330.0,15.0,21.819686,80.181717,150000.0,2.85,427500.0,15.3,65407.5,0.62,333 (Inferred / Reconnaissance),Low Grade / Country Rock,3.18,720.6,True
BLK-03-X03Y09-B2,MOIL-BL-03,-400.0,800.0,315.0,30.0,21.819686,80.181717,150000.0,3.45,517500.0,27.46,142105.5,0.76,122 (Indicated Resource),Medium Grade Gondite,3.57,865.65,True
BLK-03-X03Y09-B3,MOIL-BL-03,-400.0,800.0,300.0,45.0,21.819686,80.181717,150000.0,3.45,517500.0,33.0,170775.0,0.76,122 (Indicated Resource),Medium Grade Gondite,4.12,1017.9,True
BLK-03-X03Y09-B4,MOIL-BL-03,-400.0,800.0,285.0,60.0,21.819686,80.181717,150000.0,2.85,427500.0,7.4,31635.0,0.62,333 (Inferred / Reconnaissance),Low Grade / Country Rock,4.72,1172.4,True
BLK-03-X03Y10-B1,MOIL-BL-03,-400.0,1000.0,330.0,15.0,21.821483,80.181717,150000.0,2.85,427500.0,17.58,75154.5,0.62,333 (Inferred / Reconnaissance),Low Grade / Country Rock,3.23,722.85,True
BLK-03-X03Y10-B2,MOIL-BL-03,-400.0,1000.0,315.0,30.0,21.821483,80.181717,150000.0,2.85,427500.0,12.99,55532.3,0.62,333 (Inferred / Reconnaissance),Low Grade / Country Rock,3.77,874.65,True
BLK-03-X03Y10-B3,MOIL-BL-03,-400.0,1000.0,300.0,45.0,21.821483,80.181717,150000.0,2.85,427500.0,6.8,29070.0,0.62,333 (Inferred / Reconnaissance),Low Grade / Country Rock,3.24,978.3,True
BLK-03-X03Y10-B4,MOIL-BL-03,-400.0,1000.0,285.0,60.0,21.821483,80.181717,150000.0,2.85,427500.0,17.34,74128.5,0.62,333 (Inferred / Reconnaissance),Low Grade / Country Rock,3.77,1129.65,True
BLK-03-X04Y00-B1,MOIL-BL-03,-200.0,-1000.0,330.0,15.0,21.803517,80.183658,150000.0,3.45,517500.0,24.29,125700.8,0.76,122 (Indicated Resource),Medium Grade Gondite,2.09,671.55,True
BLK-03-X04Y00-B2,MOIL-BL-03,-200.0,-1000.0,315.0,30.0,21.803517,80.183658,150000.0,3.95,592500.0,40.83,241917.8,0.88,111 (Measured Resource),High Grade Braunite,3.18,848.1,True
BLK-03-X04Y00-B3,MOIL-BL-03,-200.0,-1000.0,300.0,45.0,21.803517,80.183658,150000.0,3.95,592500.0,39.42,233563.5,0.88,111 (Measured Resource),High Grade Braunite,4.59,1039.05,True
BLK-03-X04Y00-B4,MOIL-BL-03,-200.0,-1000.0,285.0,60.0,21.803517,80.183658,150000.0,3.45,517500.0,32.98,170671.5,0.76,122 (Indicated Resource),Medium Grade Gondite,4.28,1152.6,True
BLK-03-X04Y01-B1,MOIL-BL-03,-200.0,-800.0,330.0,15.0,21.805314,80.183658,150000.0,3.45,517500.0,27.21,140811.8,0.76,122 (Indicated Resource),Medium Grade Gondite,2.65,696.75,True
BLK-03-X04Y01-B2,MOIL-BL-03,-200.0,-800.0,315.0,30.0,21.805314,80.183658,150000.0,3.95,592500.0,45.99,272490.8,0.88,111 (Measured Resource),High Grade Braunite,3.33,854.85,True
BLK-03-X04Y01-B3,MOIL-BL-03,-200.0,-800.0,300.0,45.0,21.805314,80.183658,150000.0,3.95,592500.0,40.14,237829.5,0.88,111 (Measured Resource),High Grade Braunite,3.45,987.75,True
BLK-03-X04Y01-B4,MOIL-BL-03,-200.0,-800.0,285.0,60.0,21.805314,80.183658,150000.0,3.95,592500.0,38.77,229712.3,0.88,111 (Measured Resource),High Grade Braunite,3.97,1138.65,True
BLK-03-X04Y02-B1,MOIL-BL-03,-200.0,-600.0,330.0,15.0,21.80711,80.183658,150000.0,3.95,592500.0,49.16,291273.0,0.88,111 (Measured Resource),High Grade Braunite,2.73,700.35,True
BLK-03-X04Y02-B2,MOIL-BL-03,-200.0,-600.0,315.0,30.0,21.80711,80.183658,150000.0,3.95,592500.0,42.6,252405.0,0.88,111 (Measured Resource),High Grade Braunite,3.56,865.2,True
BLK-03-X04Y02-B3,MOIL-BL-03,-200.0,-600.0,300.0,45.0,21.80711,80.183658,150000.0,3.95,592500.0,47.5,281437.5,0.88,111 (Measured Resource),High Grade Braunite,2.76,956.7,True
BLK-03-X04Y02-B4,MOIL-BL-03,-200.0,-600.0,285.0,60.0,21.80711,80.183658,150000.0,3.95,592500.0,42.05,249146.2,0.88,111 (Measured Resource),High Grade Braunite,4.45,1160.25,True
BLK-03-X04Y03-B1,MOIL-BL-03,-200.0,-400.0,330.0,15.0,21.808907,80.183658,150000.0,3.95,592500.0,45.31,268461.8,0.88,111 (Measured Resource),High Grade Braunite,2.2,676.5,True
BLK-03-X04Y03-B2,MOIL-BL-03,-200.0,-400.0,315.0,30.0,21.808907,80.183658,150000.0,3.95,592500.0,47.2,279660.0,0.88,111 (Measured Resource),High Grade Braunite,3.29,853.05,True
BLK-03-X04Y03-B3,MOIL-BL-03,-200.0,-400.0,300.0,45.0,21.808907,80.183658,150000.0,3.95,592500.0,44.2,261885.0,0.88,111 (Measured Resource),High Grade Braunite,4.35,1028.25,True
BLK-03-X04Y03-B4,MOIL-BL-03,-200.0,-400.0,285.0,60.0,21.808907,80.183658,150000.0,3.95,592500.0,46.23,273912.8,0.88,111 (Measured Resource),High Grade Braunite,5.46,1205.7,True
BLK-03-X04Y04-B1,MOIL-BL-03,-200.0,-200.0,330.0,15.0,21.810703,80.183658,150000.0,3.95,592500.0,45.51,269646.8,0.88,111 (Measured Resource),High Grade Braunite,1.32,636.9,True
BLK-03-X04Y04-B2,MOIL-BL-03,-200.0,-200.0,315.0,30.0,21.810703,80.183658,150000.0,3.95,592500.0,48.6,287955.0,0.88,111 (Measured Resource),High Grade Braunite,2.75,828.75,True
BLK-03-X04Y04-B3,MOIL-BL-03,-200.0,-200.0,300.0,45.0,21.810703,80.183658,150000.0,3.95,592500.0,47.65,282326.2,0.88,111 (Measured Resource),High Grade Braunite,3.63,995.85,True
BLK-03-X04Y04-B4,MOIL-BL-03,-200.0,-200.0,285.0,60.0,21.810703,80.183658,150000.0,3.95,592500.0,44.65,264551.2,0.88,111 (Measured Resource),High Grade Braunite,5.42,1203.9,True
BLK-03-X04Y05-B1,MOIL-BL-03,-200.0,0.0,330.0,15.0,21.8125,80.183658,150000.0,3.95,592500.0,46.4,274920.0,0.88,111 (Measured Resource),High Grade Braunite,2.09,671.55,True
BLK-03-X04Y05-B2,MOIL-BL-03,-200.0,0.0,315.0,30.0,21.8125,80.183658,150000.0,3.95,592500.0,41.38,245176.5,0.88,111 (Measured Resource),High Grade Braunite,2.97,838.65,True
BLK-03-X04Y05-B3,MOIL-BL-03,-200.0,0.0,300.0,45.0,21.8125,80.183658,150000.0,3.95,592500.0,42.04,249087.0,0.88,111 (Measured Resource),High Grade Braunite,2.94,964.8,True
BLK-03-X04Y05-B4,MOIL-BL-03,-200.0,0.0,285.0,60.0,21.8125,80.183658,150000.0,3.95,592500.0,46.41,274979.2,0.88,111 (Measured Resource),High Grade Braunite,4.54,1164.3,True
BLK-03-X04Y06-B1,MOIL-BL-03,-200.0,200.0,330.0,15.0,21.814297,80.183658,150000.0,3.45,517500.0,28.35,146711.3,0.76,122 (Indicated Resource),Medium Grade Gondite,2.84,705.3,True
BLK-03-X04Y06-B2,MOIL-BL-03,-200.0,200.0,315.0,30.0,21.814297,80.183658,150000.0,3.95,592500.0,48.54,287599.5,0.88,111 (Measured Resource),High Grade Braunite,3.97,883.65,True
BLK-03-X04Y06-B3,MOIL-BL-03,-200.0,200.0,300.0,45.0,21.814297,80.183658,150000.0,3.95,592500.0,46.2,273735.0,0.88,111 (Measured Resource),High Grade Braunite,4.64,1041.3,True
BLK-03-X04Y06-B4,MOIL-BL-03,-200.0,200.0,285.0,60.0,21.814297,80.183658,150000.0,3.95,592500.0,44.33,262655.2,0.88,111 (Measured Resource),High Grade Braunite,3.82,1131.9,True
BLK-03-X04Y07-B1,MOIL-BL-03,-200.0,400.0,330.0,15.0,21.816093,80.183658,150000.0,3.45,517500.0,26.61,137706.8,0.76,122 (Indicated Resource),Medium Grade Gondite,2.42,686.4,True
BLK-03-X04Y07-B2,MOIL-BL-03,-200.0,400.0,315.0,30.0,21.816093,80.183658,150000.0,3.95,592500.0,48.94,289969.5,0.88,111 (Measured Resource),High Grade Braunite,3.45,860.25,True
BLK-03-X04Y07-B3,MOIL-BL-03,-200.0,400.0,300.0,45.0,21.816093,80.183658,150000.0,3.95,592500.0,47.7,282622.5,0.88,111 (Measured Resource),High Grade Braunite,3.61,994.95,True
BLK-03-X04Y07-B4,MOIL-BL-03,-200.0,400.0,285.0,60.0,21.816093,80.183658,150000.0,3.45,517500.0,30.73,159027.8,0.76,122 (Indicated Resource),Medium Grade Gondite,3.79,1130.55,True
BLK-03-X04Y08-B1,MOIL-BL-03,-200.0,600.0,330.0,15.0,21.81789,80.183658,150000.0,3.45,517500.0,23.95,123941.2,0.76,122 (Indicated Resource),Medium Grade Gondite,1.58,648.6,True
BLK-03-X04Y08-B2,MOIL-BL-03,-200.0,600.0,315.0,30.0,21.81789,80.183658,150000.0,3.45,517500.0,32.69,169170.7,0.76,122 (Indicated Resource),Medium Grade Gondite,2.15,801.75,True
BLK-03-X04Y08-B3,MOIL-BL-03,-200.0,600.0,300.0,45.0,21.81789,80.183658,150000.0,3.45,517500.0,31.62,163633.5,0.76,122 (Indicated Resource),Medium Grade Gondite,3.22,977.4,True
BLK-03-X04Y08-B4,MOIL-BL-03,-200.0,600.0,285.0,60.0,21.81789,80.183658,150000.0,3.45,517500.0,27.62,142933.5,0.76,122 (Indicated Resource),Medium Grade Gondite,5.33,1199.85,True
BLK-03-X04Y09-B1,MOIL-BL-03,-200.0,800.0,330.0,15.0,21.819686,80.183658,150000.0,2.85,427500.0,12.2,52155.0,0.62,333 (Inferred / Reconnaissance),Low Grade / Country Rock,1.67,652.65,True
BLK-03-X04Y09-B2,MOIL-BL-03,-200.0,800.0,315.0,30.0,21.819686,80.183658,150000.0,3.45,517500.0,25.41,131496.8,0.76,122 (Indicated Resource),Medium Grade Gondite,3.84,877.8,True
BLK-03-X04Y09-B3,MOIL-BL-03,-200.0,800.0,300.0,45.0,21.819686,80.183658,150000.0,3.45,517500.0,27.13,140397.8,0.76,122 (Indicated Resource),Medium Grade Gondite,3.92,1008.9,True
BLK-03-X04Y09-B4,MOIL-BL-03,-200.0,800.0,285.0,60.0,21.819686,80.183658,150000.0,3.45,517500.0,27.52,142416.0,0.76,122 (Indicated Resource),Medium Grade Gondite,4.26,1151.7,True
BLK-03-X04Y10-B1,MOIL-BL-03,-200.0,1000.0,330.0,15.0,21.821483,80.183658,150000.0,2.85,427500.0,7.13,30480.8,0.62,333 (Inferred / Reconnaissance),Low Grade / Country Rock,2.62,695.4,True
BLK-03-X04Y10-B2,MOIL-BL-03,-200.0,1000.0,315.0,30.0,21.821483,80.183658,150000.0,3.45,517500.0,30.62,158458.5,0.76,122 (Indicated Resource),Medium Grade Gondite,2.55,819.75,True
BLK-03-X04Y10-B3,MOIL-BL-03,-200.0,1000.0,300.0,45.0,21.821483,80.183658,150000.0,3.45,517500.0,31.47,162857.2,0.76,122 (Indicated Resource),Medium Grade Gondite,4.46,1033.2,True
BLK-03-X04Y10-B4,MOIL-BL-03,-200.0,1000.0,285.0,60.0,21.821483,80.183658,150000.0,2.85,427500.0,16.89,72204.8,0.62,333 (Inferred / Reconnaissance),Low Grade / Country Rock,3.82,1131.9,True
BLK-03-X05Y00-B1,MOIL-BL-03,0.0,-1000.0,330.0,15.0,21.803517,80.1856,150000.0,3.45,517500.0,25.65,132738.8,0.76,122 (Indicated Resource),Medium Grade Gondite,2.97,711.15,True
BLK-03-X05Y00-B2,MOIL-BL-03,0.0,-1000.0,315.0,30.0,21.803517,80.1856,150000.0,3.45,517500.0,24.38,126166.5,0.76,122 (Indicated Resource),Medium Grade Gondite,2.01,795.45,True
BLK-03-X05Y00-B3,MOIL-BL-03,0.0,-1000.0,300.0,45.0,21.803517,80.1856,150000.0,3.45,517500.0,32.45,167928.8,0.76,122 (Indicated Resource),Medium Grade Gondite,3.4,985.5,True
BLK-03-X05Y00-B4,MOIL-BL-03,0.0,-1000.0,285.0,60.0,21.803517,80.1856,150000.0,3.45,517500.0,26.97,139569.8,0.76,122 (Indicated Resource),Medium Grade Gondite,4.39,1157.55,True
BLK-03-X05Y01-B1,MOIL-BL-03,0.0,-800.0,330.0,15.0,21.805314,80.1856,150000.0,3.45,517500.0,32.18,166531.5,0.76,122 (Indicated Resource),Medium Grade Gondite,1.93,664.35,True
BLK-03-X05Y01-B2,MOIL-BL-03,0.0,-800.0,315.0,30.0,21.805314,80.1856,150000.0,3.95,592500.0,46.27,274149.8,0.88,111 (Measured Resource),High Grade Braunite,3.78,875.1,True
BLK-03-X05Y01-B3,MOIL-BL-03,0.0,-800.0,300.0,45.0,21.805314,80.1856,150000.0,3.95,592500.0,45.32,268521.0,0.88,111 (Measured Resource),High Grade Braunite,3.4,985.5,True
BLK-03-X05Y01-B4,MOIL-BL-03,0.0,-800.0,285.0,60.0,21.805314,80.1856,150000.0,3.45,517500.0,24.92,128961.0,0.76,122 (Indicated Resource),Medium Grade Gondite,4.75,1173.75,True
BLK-03-X05Y02-B1,MOIL-BL-03,0.0,-600.0,330.0,15.0,21.80711,80.1856,150000.0,3.45,517500.0,27.36,141588.0,0.76,122 (Indicated Resource),Medium Grade Gondite,3.07,715.65,True
BLK-03-X05Y02-B2,MOIL-BL-03,0.0,-600.0,315.0,30.0,21.80711,80.1856,150000.0,3.95,592500.0,50.31,298086.8,0.88,111 (Measured Resource),High Grade Braunite,2.98,839.1,True
BLK-03-X05Y02-B3,MOIL-BL-03,0.0,-600.0,300.0,45.0,21.80711,80.1856,150000.0,3.95,592500.0,36.4,215670.0,0.88,111 (Measured Resource),High Grade Braunite,4.33,1027.35,True
BLK-03-X05Y02-B4,MOIL-BL-03,0.0,-600.0,285.0,60.0,21.80711,80.1856,150000.0,3.45,517500.0,27.1,140242.5,0.76,122 (Indicated Resource),Medium Grade Gondite,4.04,1141.8,True
BLK-03-X05Y03-B1,MOIL-BL-03,0.0,-400.0,330.0,15.0,21.808907,80.1856,150000.0,3.95,592500.0,44.85,265736.2,0.88,111 (Measured Resource),High Grade Braunite,2.97,711.15,True
BLK-03-X05Y03-B2,MOIL-BL-03,0.0,-400.0,315.0,30.0,21.808907,80.1856,150000.0,3.95,592500.0,48.22,285703.5,0.88,111 (Measured Resource),High Grade Braunite,3.22,849.9,True
BLK-03-X05Y03-B3,MOIL-BL-03,0.0,-400.0,300.0,45.0,21.808907,80.1856,150000.0,3.95,592500.0,48.48,287244.0,0.88,111 (Measured Resource),High Grade Braunite,4.19,1021.05,True
BLK-03-X05Y03-B4,MOIL-BL-03,0.0,-400.0,285.0,60.0,21.808907,80.1856,150000.0,3.95,592500.0,43.02,254893.5,0.88,111 (Measured Resource),High Grade Braunite,4.94,1182.3,True
BLK-03-X05Y04-B1,MOIL-BL-03,0.0,-200.0,330.0,15.0,21.810703,80.1856,150000.0,3.95,592500.0,44.45,263366.2,0.88,111 (Measured Resource),High Grade Braunite,1.41,640.95,True
BLK-03-X05Y04-B2,MOIL-BL-03,0.0,-200.0,315.0,30.0,21.810703,80.1856,150000.0,3.95,592500.0,42.14,249679.5,0.88,111 (Measured Resource),High Grade Braunite,3.04,841.8,True
BLK-03-X05Y04-B3,MOIL-BL-03,0.0,-200.0,300.0,45.0,21.810703,80.1856,150000.0,3.95,592500.0,43.32,256671.0,0.88,111 (Measured Resource),High Grade Braunite,4.06,1015.2,True
BLK-03-X05Y04-B4,MOIL-BL-03,0.0,-200.0,285.0,60.0,21.810703,80.1856,150000.0,3.95,592500.0,42.6,252405.0,0.88,111 (Measured Resource),High Grade Braunite,5.36,1201.2,True
BLK-03-X05Y05-B1,MOIL-BL-03,0.0,0.0,330.0,15.0,21.8125,80.1856,150000.0,3.95,592500.0,40.72,241266.0,0.88,111 (Measured Resource),High Grade Braunite,2.13,673.35,True
BLK-03-X05Y05-B2,MOIL-BL-03,0.0,0.0,315.0,30.0,21.8125,80.1856,150000.0,3.95,592500.0,44.18,261766.5,0.88,111 (Measured Resource),High Grade Braunite,3.62,867.9,True
BLK-03-X05Y05-B3,MOIL-BL-03,0.0,0.0,300.0,45.0,21.8125,80.1856,150000.0,3.95,592500.0,43.65,258626.2,0.88,111 (Measured Resource),High Grade Braunite,4.42,1031.4,True
BLK-03-X05Y05-B4,MOIL-BL-03,0.0,0.0,285.0,60.0,21.8125,80.1856,150000.0,3.95,592500.0,45.77,271187.3,0.88,111 (Measured Resource),High Grade Braunite,3.66,1124.7,True
BLK-03-X05Y06-B1,MOIL-BL-03,0.0,200.0,330.0,15.0,21.814297,80.1856,150000.0,3.95,592500.0,45.85,271661.2,0.88,111 (Measured Resource),High Grade Braunite,1.72,654.9,True
BLK-03-X05Y06-B2,MOIL-BL-03,0.0,200.0,315.0,30.0,21.814297,80.1856,150000.0,3.95,592500.0,43.8,259515.0,0.88,111 (Measured Resource),High Grade Braunite,2.8,831.0,True
BLK-03-X05Y06-B3,MOIL-BL-03,0.0,200.0,300.0,45.0,21.814297,80.1856,150000.0,3.95,592500.0,45.37,268817.2,0.88,111 (Measured Resource),High Grade Braunite,4.43,1031.85,True
BLK-03-X05Y06-B4,MOIL-BL-03,0.0,200.0,285.0,60.0,21.814297,80.1856,150000.0,3.95,592500.0,43.34,256789.5,0.88,111 (Measured Resource),High Grade Braunite,4.25,1151.25,True
BLK-03-X05Y07-B1,MOIL-BL-03,0.0,400.0,330.0,15.0,21.816093,80.1856,150000.0,3.95,592500.0,41.52,246006.0,0.88,111 (Measured Resource),High Grade Braunite,1.95,665.25,True
BLK-03-X05Y07-B2,MOIL-BL-03,0.0,400.0,315.0,30.0,21.816093,80.1856,150000.0,3.95,592500.0,40.99,242865.8,0.88,111 (Measured Resource),High Grade Braunite,2.35,810.75,True
BLK-03-X05Y07-B3,MOIL-BL-03,0.0,400.0,300.0,45.0,21.816093,80.1856,150000.0,3.95,592500.0,41.94,248494.5,0.88,111 (Measured Resource),High Grade Braunite,4.03,1013.85,True
BLK-03-X05Y07-B4,MOIL-BL-03,0.0,400.0,285.0,60.0,21.816093,80.1856,150000.0,3.95,592500.0,43.85,259811.2,0.88,111 (Measured Resource),High Grade Braunite,4.1,1144.5,True
BLK-03-X05Y08-B1,MOIL-BL-03,0.0,600.0,330.0,15.0,21.81789,80.1856,150000.0,3.45,517500.0,23.91,123734.2,0.76,122 (Indicated Resource),Medium Grade Gondite,2.91,708.45,True
BLK-03-X05Y08-B2,MOIL-BL-03,0.0,600.0,315.0,30.0,21.81789,80.1856,150000.0,3.95,592500.0,46.15,273438.8,0.88,111 (Measured Resource),High Grade Braunite,3.94,882.3,True
BLK-03-X05Y08-B3,MOIL-BL-03,0.0,600.0,300.0,45.0,21.81789,80.1856,150000.0,3.95,592500.0,40.1,237592.5,0.88,111 (Measured Resource),High Grade Braunite,3.95,1010.25,True
BLK-03-X05Y08-B4,MOIL-BL-03,0.0,600.0,285.0,60.0,21.81789,80.1856,150000.0,3.45,517500.0,31.3,161977.5,0.76,122 (Indicated Resource),Medium Grade Gondite,4.41,1158.45,True
BLK-03-X05Y09-B1,MOIL-BL-03,0.0,800.0,330.0,15.0,21.819686,80.1856,150000.0,3.45,517500.0,29.56,152973.0,0.76,122 (Indicated Resource),Medium Grade Gondite,2.68,698.1,True
BLK-03-X05Y09-B2,MOIL-BL-03,0.0,800.0,315.0,30.0,21.819686,80.1856,150000.0,3.95,592500.0,41.13,243695.2,0.88,111 (Measured Resource),High Grade Braunite,3.92,881.4,True
BLK-03-X05Y09-B3,MOIL-BL-03,0.0,800.0,300.0,45.0,21.819686,80.1856,150000.0,3.95,592500.0,48.02,284518.5,0.88,111 (Measured Resource),High Grade Braunite,3.89,1007.55,True
BLK-03-X05Y09-B4,MOIL-BL-03,0.0,800.0,285.0,60.0,21.819686,80.1856,150000.0,3.45,517500.0,27.84,144072.0,0.76,122 (Indicated Resource),Medium Grade Gondite,4.9,1180.5,True
BLK-03-X05Y10-B1,MOIL-BL-03,0.0,1000.0,330.0,15.0,21.821483,80.1856,150000.0,3.45,517500.0,26.75,138431.2,0.76,122 (Indicated Resource),Medium Grade Gondite,1.5,645.0,True
BLK-03-X05Y10-B2,MOIL-BL-03,0.0,1000.0,315.0,30.0,21.821483,80.1856,150000.0,3.45,517500.0,27.87,144227.2,0.76,122 (Indicated Resource),Medium Grade Gondite,3.04,841.8,True
BLK-03-X05Y10-B3,MOIL-BL-03,0.0,1000.0,300.0,45.0,21.821483,80.1856,150000.0,3.45,517500.0,24.42,126373.5,0.76,122 (Indicated Resource),Medium Grade Gondite,4.62,1040.4,True
BLK-03-X05Y10-B4,MOIL-BL-03,0.0,1000.0,285.0,60.0,21.821483,80.1856,150000.0,3.45,517500.0,24.73,127977.8,0.76,122 (Indicated Resource),Medium Grade Gondite,4.32,1154.4,True
BLK-03-X06Y00-B1,MOIL-BL-03,200.0,-1000.0,330.0,15.0,21.803517,80.187542,150000.0,2.85,427500.0,6.17,26376.8,0.62,333 (Inferred / Reconnaissance),Low Grade / Country Rock,2.32,681.9,True
BLK-03-X06Y00-B2,MOIL-BL-03,200.0,-1000.0,315.0,30.0,21.803517,80.187542,150000.0,3.45,517500.0,25.69,132945.8,0.76,122 (Indicated Resource),Medium Grade Gondite,2.98,839.1,True
BLK-03-X06Y00-B3,MOIL-BL-03,200.0,-1000.0,300.0,45.0,21.803517,80.187542,150000.0,3.45,517500.0,24.7,127822.5,0.76,122 (Indicated Resource),Medium Grade Gondite,2.86,961.2,True
BLK-03-X06Y00-B4,MOIL-BL-03,200.0,-1000.0,285.0,60.0,21.803517,80.187542,150000.0,2.85,427500.0,14.91,63740.3,0.62,333 (Inferred / Reconnaissance),Low Grade / Country Rock,4.78,1175.1,True
BLK-03-X06Y01-B1,MOIL-BL-03,200.0,-800.0,330.0,15.0,21.805314,80.187542,150000.0,2.85,427500.0,8.77,37491.8,0.62,333 (Inferred / Reconnaissance),Low Grade / Country Rock,1.34,637.8,True
BLK-03-X06Y01-B2,MOIL-BL-03,200.0,-800.0,315.0,30.0,21.805314,80.187542,150000.0,3.45,517500.0,32.39,167618.2,0.76,122 (Indicated Resource),Medium Grade Gondite,2.34,810.3,True
BLK-03-X06Y01-B3,MOIL-BL-03,200.0,-800.0,300.0,45.0,21.805314,80.187542,150000.0,3.45,517500.0,33.17,171654.8,0.76,122 (Indicated Resource),Medium Grade Gondite,3.71,999.45,True
BLK-03-X06Y01-B4,MOIL-BL-03,200.0,-800.0,285.0,60.0,21.805314,80.187542,150000.0,3.45,517500.0,26.08,134964.0,0.76,122 (Indicated Resource),Medium Grade Gondite,4.98,1184.1,True
BLK-03-X06Y02-B1,MOIL-BL-03,200.0,-600.0,330.0,15.0,21.80711,80.187542,150000.0,3.45,517500.0,32.52,168291.0,0.76,122 (Indicated Resource),Medium Grade Gondite,1.99,667.05,True
BLK-03-X06Y02-B2,MOIL-BL-03,200.0,-600.0,315.0,30.0,21.80711,80.187542,150000.0,3.45,517500.0,26.89,139155.8,0.76,122 (Indicated Resource),Medium Grade Gondite,2.87,834.15,True
BLK-03-X06Y02-B3,MOIL-BL-03,200.0,-600.0,300.0,45.0,21.80711,80.187542,150000.0,3.45,517500.0,33.07,171137.2,0.76,122 (Indicated Resource),Medium Grade Gondite,4.14,1018.8,True
BLK-03-X06Y02-B4,MOIL-BL-03,200.0,-600.0,285.0,60.0,21.80711,80.187542,150000.0,3.45,517500.0,24.97,129219.7,0.76,122 (Indicated Resource),Medium Grade Gondite,3.87,1134.15,True
BLK-03-X06Y03-B1,MOIL-BL-03,200.0,-400.0,330.0,15.0,21.808907,80.187542,150000.0,3.45,517500.0,24.76,128133.0,0.76,122 (Indicated Resource),Medium Grade Gondite,1.78,657.6,True
BLK-03-X06Y03-B2,MOIL-BL-03,200.0,-400.0,315.0,30.0,21.808907,80.187542,150000.0,3.95,592500.0,41.76,247428.0,0.88,111 (Measured Resource),High Grade Braunite,2.46,815.7,True
BLK-03-X06Y03-B3,MOIL-BL-03,200.0,-400.0,300.0,45.0,21.808907,80.187542,150000.0,3.95,592500.0,41.57,246302.2,0.88,111 (Measured Resource),High Grade Braunite,3.52,990.9,True
BLK-03-X06Y03-B4,MOIL-BL-03,200.0,-400.0,285.0,60.0,21.808907,80.187542,150000.0,3.45,517500.0,29.5,152662.5,0.76,122 (Indicated Resource),Medium Grade Gondite,4.08,1143.6,True
BLK-03-X06Y04-B1,MOIL-BL-03,200.0,-200.0,330.0,15.0,21.810703,80.187542,150000.0,3.45,517500.0,22.78,117886.5,0.76,122 (Indicated Resource),Medium Grade Gondite,1.41,640.95,True
BLK-03-X06Y04-B2,MOIL-BL-03,200.0,-200.0,315.0,30.0,21.810703,80.187542,150000.0,3.95,592500.0,44.72,264966.0,0.88,111 (Measured Resource),High Grade Braunite,2.25,806.25,True
BLK-03-X06Y04-B3,MOIL-BL-03,200.0,-200.0,300.0,45.0,21.810703,80.187542,150000.0,3.95,592500.0,45.1,267217.5,0.88,111 (Measured Resource),High Grade Braunite,2.88,962.1,True
BLK-03-X06Y04-B4,MOIL-BL-03,200.0,-200.0,285.0,60.0,21.810703,80.187542,150000.0,3.95,592500.0,46.57,275927.2,0.88,111 (Measured Resource),High Grade Braunite,4.28,1152.6,True
BLK-03-X06Y05-B1,MOIL-BL-03,200.0,0.0,330.0,15.0,21.8125,80.187542,150000.0,3.95,592500.0,45.42,269113.5,0.88,111 (Measured Resource),High Grade Braunite,2.3,681.0,True
BLK-03-X06Y05-B2,MOIL-BL-03,200.0,0.0,315.0,30.0,21.8125,80.187542,150000.0,3.95,592500.0,39.21,232319.2,0.88,111 (Measured Resource),High Grade Braunite,2.96,838.2,True
BLK-03-X06Y05-B3,MOIL-BL-03,200.0,0.0,300.0,45.0,21.8125,80.187542,150000.0,3.95,592500.0,41.54,246124.5,0.88,111 (Measured Resource),High Grade Braunite,4.23,1022.85,True
BLK-03-X06Y05-B4,MOIL-BL-03,200.0,0.0,285.0,60.0,21.8125,80.187542,150000.0,3.95,592500.0,42.64,252642.0,0.88,111 (Measured Resource),High Grade Braunite,5.26,1196.7,True
BLK-03-X06Y06-B1,MOIL-BL-03,200.0,200.0,330.0,15.0,21.814297,80.187542,150000.0,3.95,592500.0,46.28,274209.0,0.88,111 (Measured Resource),High Grade Braunite,3.14,718.8,True
BLK-03-X06Y06-B2,MOIL-BL-03,200.0,200.0,315.0,30.0,21.814297,80.187542,150000.0,3.95,592500.0,46.43,275097.8,0.88,111 (Measured Resource),High Grade Braunite,2.51,817.95,True
BLK-03-X06Y06-B3,MOIL-BL-03,200.0,200.0,300.0,45.0,21.814297,80.187542,150000.0,3.95,592500.0,39.76,235578.0,0.88,111 (Measured Resource),High Grade Braunite,4.29,1025.55,True
BLK-03-X06Y06-B4,MOIL-BL-03,200.0,200.0,285.0,60.0,21.814297,80.187542,150000.0,3.95,592500.0,47.35,280548.8,0.88,111 (Measured Resource),High Grade Braunite,5.23,1195.35,True
BLK-03-X06Y07-B1,MOIL-BL-03,200.0,400.0,330.0,15.0,21.816093,80.187542,150000.0,3.95,592500.0,44.98,266506.5,0.88,111 (Measured Resource),High Grade Braunite,1.48,644.1,True
BLK-03-X06Y07-B2,MOIL-BL-03,200.0,400.0,315.0,30.0,21.816093,80.187542,150000.0,3.95,592500.0,37.55,222483.7,0.88,111 (Measured Resource),High Grade Braunite,2.83,832.35,True
BLK-03-X06Y07-B3,MOIL-BL-03,200.0,400.0,300.0,45.0,21.816093,80.187542,150000.0,3.95,592500.0,40.69,241088.2,0.88,111 (Measured Resource),High Grade Braunite,4.54,1036.8,True
BLK-03-X06Y07-B4,MOIL-BL-03,200.0,400.0,285.0,60.0,21.816093,80.187542,150000.0,3.95,592500.0,42.43,251397.8,0.88,111 (Measured Resource),High Grade Braunite,3.8,1131.0,True
BLK-03-X06Y08-B1,MOIL-BL-03,200.0,600.0,330.0,15.0,21.81789,80.187542,150000.0,3.95,592500.0,46.11,273201.8,0.88,111 (Measured Resource),High Grade Braunite,3.07,715.65,True
BLK-03-X06Y08-B2,MOIL-BL-03,200.0,600.0,315.0,30.0,21.81789,80.187542,150000.0,3.95,592500.0,44.6,264255.0,0.88,111 (Measured Resource),High Grade Braunite,3.59,866.55,True
BLK-03-X06Y08-B3,MOIL-BL-03,200.0,600.0,300.0,45.0,21.81789,80.187542,150000.0,3.95,592500.0,45.02,266743.5,0.88,111 (Measured Resource),High Grade Braunite,3.3,981.0,True
BLK-03-X06Y08-B4,MOIL-BL-03,200.0,600.0,285.0,60.0,21.81789,80.187542,150000.0,3.95,592500.0,42.55,252108.8,0.88,111 (Measured Resource),High Grade Braunite,5.34,1200.3,True
BLK-03-X06Y09-B1,MOIL-BL-03,200.0,800.0,330.0,15.0,21.819686,80.187542,150000.0,3.45,517500.0,30.51,157889.3,0.76,122 (Indicated Resource),Medium Grade Gondite,2.82,704.4,True
BLK-03-X06Y09-B2,MOIL-BL-03,200.0,800.0,315.0,30.0,21.819686,80.187542,150000.0,3.95,592500.0,44.25,262181.2,0.88,111 (Measured Resource),High Grade Braunite,3.64,868.8,True
BLK-03-X06Y09-B3,MOIL-BL-03,200.0,800.0,300.0,45.0,21.819686,80.187542,150000.0,3.95,592500.0,41.56,246243.0,0.88,111 (Measured Resource),High Grade Braunite,4.47,1033.65,True
BLK-03-X06Y09-B4,MOIL-BL-03,200.0,800.0,285.0,60.0,21.819686,80.187542,150000.0,3.95,592500.0,44.13,261470.3,0.88,111 (Measured Resource),High Grade Braunite,4.89,1180.05,True
BLK-03-X06Y10-B1,MOIL-BL-03,200.0,1000.0,330.0,15.0,21.821483,80.187542,150000.0,3.45,517500.0,23.29,120525.8,0.76,122 (Indicated Resource),Medium Grade Gondite,1.35,638.25,True
BLK-03-X06Y10-B2,MOIL-BL-03,200.0,1000.0,315.0,30.0,21.821483,80.187542,150000.0,3.95,592500.0,42.47,251634.7,0.88,111 (Measured Resource),High Grade Braunite,3.57,865.65,True
BLK-03-X06Y10-B3,MOIL-BL-03,200.0,1000.0,300.0,45.0,21.821483,80.187542,150000.0,3.95,592500.0,41.4,245295.0,0.88,111 (Measured Resource),High Grade Braunite,4.28,1025.1,True
BLK-03-X06Y10-B4,MOIL-BL-03,200.0,1000.0,285.0,60.0,21.821483,80.187542,150000.0,3.45,517500.0,32.19,166583.2,0.76,122 (Indicated Resource),Medium Grade Gondite,4.67,1170.15,True
BLK-03-X07Y00-B1,MOIL-BL-03,400.0,-1000.0,330.0,15.0,21.803517,80.189483,150000.0,2.85,427500.0,6.26,26761.5,0.62,333 (Inferred / Reconnaissance),Low Grade / Country Rock,1.28,635.1,True
BLK-03-X07Y00-B2,MOIL-BL-03,400.0,-1000.0,315.0,30.0,21.803517,80.189483,150000.0,2.85,427500.0,13.81,59037.8,0.62,333 (Inferred / Reconnaissance),Low Grade / Country Rock,3.1,844.5,True
BLK-03-X07Y00-B3,MOIL-BL-03,400.0,-1000.0,300.0,45.0,21.803517,80.189483,150000.0,2.85,427500.0,13.11,56045.2,0.62,333 (Inferred / Reconnaissance),Low Grade / Country Rock,4.38,1029.6,True
BLK-03-X07Y00-B4,MOIL-BL-03,400.0,-1000.0,285.0,60.0,21.803517,80.189483,150000.0,2.85,427500.0,10.08,43092.0,0.62,333 (Inferred / Reconnaissance),Low Grade / Country Rock,3.75,1128.75,True
BLK-03-X07Y01-B1,MOIL-BL-03,400.0,-800.0,330.0,15.0,21.805314,80.189483,150000.0,2.85,427500.0,17.16,73359.0,0.62,333 (Inferred / Reconnaissance),Low Grade / Country Rock,2.34,682.8,True
BLK-03-X07Y01-B2,MOIL-BL-03,400.0,-800.0,315.0,30.0,21.805314,80.189483,150000.0,3.45,517500.0,29.38,152041.5,0.76,122 (Indicated Resource),Medium Grade Gondite,3.87,879.15,True
BLK-03-X07Y01-B3,MOIL-BL-03,400.0,-800.0,300.0,45.0,21.805314,80.189483,150000.0,3.45,517500.0,33.18,171706.5,0.76,122 (Indicated Resource),Medium Grade Gondite,3.89,1007.55,True
BLK-03-X07Y01-B4,MOIL-BL-03,400.0,-800.0,285.0,60.0,21.805314,80.189483,150000.0,2.85,427500.0,8.17,34926.8,0.62,333 (Inferred / Reconnaissance),Low Grade / Country Rock,5.49,1207.05,True
BLK-03-X07Y02-B1,MOIL-BL-03,400.0,-600.0,330.0,15.0,21.80711,80.189483,150000.0,2.85,427500.0,13.53,57840.8,0.62,333 (Inferred / Reconnaissance),Low Grade / Country Rock,2.07,670.65,True
BLK-03-X07Y02-B2,MOIL-BL-03,400.0,-600.0,315.0,30.0,21.80711,80.189483,150000.0,3.45,517500.0,28.72,148626.0,0.76,122 (Indicated Resource),Medium Grade Gondite,2.83,832.35,True
BLK-03-X07Y02-B3,MOIL-BL-03,400.0,-600.0,300.0,45.0,21.80711,80.189483,150000.0,3.45,517500.0,32.66,169015.5,0.76,122 (Indicated Resource),Medium Grade Gondite,3.71,999.45,True
BLK-03-X07Y02-B4,MOIL-BL-03,400.0,-600.0,285.0,60.0,21.80711,80.189483,150000.0,2.85,427500.0,15.53,66390.8,0.62,333 (Inferred / Reconnaissance),Low Grade / Country Rock,5.18,1193.1,True
BLK-03-X07Y03-B1,MOIL-BL-03,400.0,-400.0,330.0,15.0,21.808907,80.189483,150000.0,3.45,517500.0,31.89,165030.8,0.76,122 (Indicated Resource),Medium Grade Gondite,2.69,698.55,True
BLK-03-X07Y03-B2,MOIL-BL-03,400.0,-400.0,315.0,30.0,21.808907,80.189483,150000.0,3.45,517500.0,32.26,166945.5,0.76,122 (Indicated Resource),Medium Grade Gondite,2.77,829.65,True
BLK-03-X07Y03-B3,MOIL-BL-03,400.0,-400.0,300.0,45.0,21.808907,80.189483,150000.0,3.45,517500.0,23.38,120991.5,0.76,122 (Indicated Resource),Medium Grade Gondite,4.43,1031.85,True
BLK-03-X07Y03-B4,MOIL-BL-03,400.0,-400.0,285.0,60.0,21.808907,80.189483,150000.0,3.45,517500.0,27.98,144796.5,0.76,122 (Indicated Resource),Medium Grade Gondite,3.75,1128.75,True
BLK-03-X07Y04-B1,MOIL-BL-03,400.0,-200.0,330.0,15.0,21.810703,80.189483,150000.0,3.45,517500.0,23.38,120991.5,0.76,122 (Indicated Resource),Medium Grade Gondite,1.57,648.15,True
BLK-03-X07Y04-B2,MOIL-BL-03,400.0,-200.0,315.0,30.0,21.810703,80.189483,150000.0,3.45,517500.0,31.01,160476.8,0.76,122 (Indicated Resource),Medium Grade Gondite,3.42,858.9,True
BLK-03-X07Y04-B3,MOIL-BL-03,400.0,-200.0,300.0,45.0,21.810703,80.189483,150000.0,3.95,592500.0,43.1,255367.5,0.88,111 (Measured Resource),High Grade Braunite,3.16,974.7,True
BLK-03-X07Y04-B4,MOIL-BL-03,400.0,-200.0,285.0,60.0,21.810703,80.189483,150000.0,3.45,517500.0,32.16,166428.0,0.76,122 (Indicated Resource),Medium Grade Gondite,4.06,1142.7,True
BLK-03-X07Y05-B1,MOIL-BL-03,400.0,0.0,330.0,15.0,21.8125,80.189483,150000.0,3.45,517500.0,31.52,163116.0,0.76,122 (Indicated Resource),Medium Grade Gondite,2.23,677.85,True
BLK-03-X07Y05-B2,MOIL-BL-03,400.0,0.0,315.0,30.0,21.8125,80.189483,150000.0,3.95,592500.0,41.74,247309.5,0.88,111 (Measured Resource),High Grade Braunite,2.69,826.05,True
BLK-03-X07Y05-B3,MOIL-BL-03,400.0,0.0,300.0,45.0,21.8125,80.189483,150000.0,3.95,592500.0,47.83,283392.8,0.88,111 (Measured Resource),High Grade Braunite,4.43,1031.85,True
BLK-03-X07Y05-B4,MOIL-BL-03,400.0,0.0,285.0,60.0,21.8125,80.189483,150000.0,3.45,517500.0,22.42,116023.5,0.76,122 (Indicated Resource),Medium Grade Gondite,5.45,1205.25,True
BLK-03-X07Y06-B1,MOIL-BL-03,400.0,200.0,330.0,15.0,21.814297,80.189483,150000.0,3.45,517500.0,29.78,154111.5,0.76,122 (Indicated Resource),Medium Grade Gondite,2.11,672.45,True
BLK-03-X07Y06-B2,MOIL-BL-03,400.0,200.0,315.0,30.0,21.814297,80.189483,150000.0,3.95,592500.0,41.27,244524.8,0.88,111 (Measured Resource),High Grade Braunite,3.03,841.35,True
BLK-03-X07Y06-B3,MOIL-BL-03,400.0,200.0,300.0,45.0,21.814297,80.189483,150000.0,3.95,592500.0,44.66,264610.5,0.88,111 (Measured Resource),High Grade Braunite,4.72,1044.9,True
BLK-03-X07Y06-B4,MOIL-BL-03,400.0,200.0,285.0,60.0,21.814297,80.189483,150000.0,3.95,592500.0,45.99,272490.8,0.88,111 (Measured Resource),High Grade Braunite,4.37,1156.65,True
BLK-03-X07Y07-B1,MOIL-BL-03,400.0,400.0,330.0,15.0,21.816093,80.189483,150000.0,3.95,592500.0,41.19,244050.8,0.88,111 (Measured Resource),High Grade Braunite,2.55,692.25,True
BLK-03-X07Y07-B2,MOIL-BL-03,400.0,400.0,315.0,30.0,21.816093,80.189483,150000.0,3.95,592500.0,43.4,257145.0,0.88,111 (Measured Resource),High Grade Braunite,3.96,883.2,True
BLK-03-X07Y07-B3,MOIL-BL-03,400.0,400.0,300.0,45.0,21.816093,80.189483,150000.0,3.95,592500.0,39.77,235637.3,0.88,111 (Measured Resource),High Grade Braunite,3.14,973.8,True
BLK-03-X07Y07-B4,MOIL-BL-03,400.0,400.0,285.0,60.0,21.816093,80.189483,150000.0,3.95,592500.0,46.73,276875.2,0.88,111 (Measured Resource),High Grade Braunite,4.63,1168.35,True
BLK-03-X07Y08-B1,MOIL-BL-03,400.0,600.0,330.0,15.0,21.81789,80.189483,150000.0,3.95,592500.0,49.09,290858.3,0.88,111 (Measured Resource),High Grade Braunite,2.48,689.1,True
BLK-03-X07Y08-B2,MOIL-BL-03,400.0,600.0,315.0,30.0,21.81789,80.189483,150000.0,3.95,592500.0,42.76,253353.0,0.88,111 (Measured Resource),High Grade Braunite,3.8,876.0,True
BLK-03-X07Y08-B3,MOIL-BL-03,400.0,600.0,300.0,45.0,21.81789,80.189483,150000.0,3.95,592500.0,43.8,259515.0,0.88,111 (Measured Resource),High Grade Braunite,4.4,1030.5,True
BLK-03-X07Y08-B4,MOIL-BL-03,400.0,600.0,285.0,60.0,21.81789,80.189483,150000.0,3.95,592500.0,42.9,254182.5,0.88,111 (Measured Resource),High Grade Braunite,5.04,1186.8,True
BLK-03-X07Y09-B1,MOIL-BL-03,400.0,800.0,330.0,15.0,21.819686,80.189483,150000.0,3.95,592500.0,40.4,239370.0,0.88,111 (Measured Resource),High Grade Braunite,3.21,721.95,True
BLK-03-X07Y09-B2,MOIL-BL-03,400.0,800.0,315.0,30.0,21.819686,80.189483,150000.0,3.95,592500.0,42.97,254597.2,0.88,111 (Measured Resource),High Grade Braunite,2.79,830.55,True
BLK-03-X07Y09-B3,MOIL-BL-03,400.0,800.0,300.0,45.0,21.819686,80.189483,150000.0,3.95,592500.0,46.34,274564.5,0.88,111 (Measured Resource),High Grade Braunite,3.67,997.65,True
BLK-03-X07Y09-B4,MOIL-BL-03,400.0,800.0,285.0,60.0,21.819686,80.189483,150000.0,3.95,592500.0,40.29,238718.2,0.88,111 (Measured Resource),High Grade Braunite,3.55,1119.75,True
BLK-03-X07Y10-B1,MOIL-BL-03,400.0,1000.0,330.0,15.0,21.821483,80.189483,150000.0,3.95,592500.0,46.09,273083.2,0.88,111 (Measured Resource),High Grade Braunite,1.53,646.35,True
BLK-03-X07Y10-B2,MOIL-BL-03,400.0,1000.0,315.0,30.0,21.821483,80.189483,150000.0,3.95,592500.0,38.99,231015.8,0.88,111 (Measured Resource),High Grade Braunite,3.53,863.85,True
BLK-03-X07Y10-B3,MOIL-BL-03,400.0,1000.0,300.0,45.0,21.821483,80.189483,150000.0,3.95,592500.0,42.48,251694.0,0.88,111 (Measured Resource),High Grade Braunite,2.96,965.7,True
BLK-03-X07Y10-B4,MOIL-BL-03,400.0,1000.0,285.0,60.0,21.821483,80.189483,150000.0,3.95,592500.0,44.46,263425.5,0.88,111 (Measured Resource),High Grade Braunite,3.71,1126.95,True
BLK-03-X08Y00-B1,MOIL-BL-03,600.0,-1000.0,330.0,15.0,21.803517,80.191425,150000.0,2.85,427500.0,10.13,43305.8,0.62,333 (Inferred / Reconnaissance),Low Grade / Country Rock,1.51,645.45,True
BLK-03-X08Y00-B2,MOIL-BL-03,600.0,-1000.0,315.0,30.0,21.803517,80.191425,150000.0,2.85,427500.0,17.83,76223.2,0.62,333 (Inferred / Reconnaissance),Low Grade / Country Rock,2.67,825.15,True
BLK-03-X08Y00-B3,MOIL-BL-03,600.0,-1000.0,300.0,45.0,21.803517,80.191425,150000.0,2.85,427500.0,12.19,52112.2,0.62,333 (Inferred / Reconnaissance),Low Grade / Country Rock,4.31,1026.45,True
BLK-03-X08Y00-B4,MOIL-BL-03,600.0,-1000.0,285.0,60.0,21.803517,80.191425,150000.0,2.85,427500.0,16.89,72204.8,0.62,333 (Inferred / Reconnaissance),Low Grade / Country Rock,5.01,1185.45,True
BLK-03-X08Y01-B1,MOIL-BL-03,600.0,-800.0,330.0,15.0,21.805314,80.191425,150000.0,2.85,427500.0,13.44,57456.0,0.62,333 (Inferred / Reconnaissance),Low Grade / Country Rock,2.18,675.6,True
BLK-03-X08Y01-B2,MOIL-BL-03,600.0,-800.0,315.0,30.0,21.805314,80.191425,150000.0,2.85,427500.0,12.48,53352.0,0.62,333 (Inferred / Reconnaissance),Low Grade / Country Rock,2.19,803.55,True
BLK-03-X08Y01-B3,MOIL-BL-03,600.0,-800.0,300.0,45.0,21.805314,80.191425,150000.0,2.85,427500.0,16.37,69981.8,0.62,333 (Inferred / Reconnaissance),Low Grade / Country Rock,3.84,1005.3,True
BLK-03-X08Y01-B4,MOIL-BL-03,600.0,-800.0,285.0,60.0,21.805314,80.191425,150000.0,2.85,427500.0,4.56,19494.0,0.62,333 (Inferred / Reconnaissance),Low Grade / Country Rock,5.34,1200.3,True
BLK-03-X08Y02-B1,MOIL-BL-03,600.0,-600.0,330.0,15.0,21.80711,80.191425,150000.0,2.85,427500.0,10.85,46383.8,0.62,333 (Inferred / Reconnaissance),Low Grade / Country Rock,2.99,712.05,True
BLK-03-X08Y02-B2,MOIL-BL-03,600.0,-600.0,315.0,30.0,21.80711,80.191425,150000.0,2.85,427500.0,16.0,68400.0,0.62,333 (Inferred / Reconnaissance),Low Grade / Country Rock,3.63,868.35,True
BLK-03-X08Y02-B3,MOIL-BL-03,600.0,-600.0,300.0,45.0,21.80711,80.191425,150000.0,2.85,427500.0,4.86,20776.5,0.62,333 (Inferred / Reconnaissance),Low Grade / Country Rock,3.24,978.3,True
BLK-03-X08Y02-B4,MOIL-BL-03,600.0,-600.0,285.0,60.0,21.80711,80.191425,150000.0,2.85,427500.0,16.26,69511.5,0.62,333 (Inferred / Reconnaissance),Low Grade / Country Rock,5.3,1198.5,True
BLK-03-X08Y03-B1,MOIL-BL-03,600.0,-400.0,330.0,15.0,21.808907,80.191425,150000.0,2.85,427500.0,10.41,44502.8,0.62,333 (Inferred / Reconnaissance),Low Grade / Country Rock,2.13,673.35,True
BLK-03-X08Y03-B2,MOIL-BL-03,600.0,-400.0,315.0,30.0,21.808907,80.191425,150000.0,3.45,517500.0,24.1,124717.5,0.76,122 (Indicated Resource),Medium Grade Gondite,3.94,882.3,True
BLK-03-X08Y03-B3,MOIL-BL-03,600.0,-400.0,300.0,45.0,21.808907,80.191425,150000.0,3.45,517500.0,24.56,127098.0,0.76,122 (Indicated Resource),Medium Grade Gondite,3.13,973.35,True
BLK-03-X08Y03-B4,MOIL-BL-03,600.0,-400.0,285.0,60.0,21.808907,80.191425,150000.0,2.85,427500.0,13.25,56643.8,0.62,333 (Inferred / Reconnaissance),Low Grade / Country Rock,3.99,1139.55,True
BLK-03-X08Y04-B1,MOIL-BL-03,600.0,-200.0,330.0,15.0,21.810703,80.191425,150000.0,2.85,427500.0,17.14,73273.5,0.62,333 (Inferred / Reconnaissance),Low Grade / Country Rock,1.27,634.65,True
BLK-03-X08Y04-B2,MOIL-BL-03,600.0,-200.0,315.0,30.0,21.810703,80.191425,150000.0,3.45,517500.0,22.07,114212.2,0.76,122 (Indicated Resource),Medium Grade Gondite,3.01,840.45,True
BLK-03-X08Y04-B3,MOIL-BL-03,600.0,-200.0,300.0,45.0,21.810703,80.191425,150000.0,3.45,517500.0,27.86,144175.5,0.76,122 (Indicated Resource),Medium Grade Gondite,3.08,971.1,True
BLK-03-X08Y04-B4,MOIL-BL-03,600.0,-200.0,285.0,60.0,21.810703,80.191425,150000.0,3.45,517500.0,27.93,144537.8,0.76,122 (Indicated Resource),Medium Grade Gondite,4.32,1154.4,True
BLK-03-X08Y05-B1,MOIL-BL-03,600.0,0.0,330.0,15.0,21.8125,80.191425,150000.0,3.45,517500.0,32.68,169119.0,0.76,122 (Indicated Resource),Medium Grade Gondite,1.27,634.65,True
BLK-03-X08Y05-B2,MOIL-BL-03,600.0,0.0,315.0,30.0,21.8125,80.191425,150000.0,3.45,517500.0,33.72,174501.0,0.76,122 (Indicated Resource),Medium Grade Gondite,3.25,851.25,True
BLK-03-X08Y05-B3,MOIL-BL-03,600.0,0.0,300.0,45.0,21.8125,80.191425,150000.0,3.45,517500.0,23.82,123268.5,0.76,122 (Indicated Resource),Medium Grade Gondite,2.84,960.3,True
BLK-03-X08Y05-B4,MOIL-BL-03,600.0,0.0,285.0,60.0,21.8125,80.191425,150000.0,3.45,517500.0,28.46,147280.5,0.76,122 (Indicated Resource),Medium Grade Gondite,3.97,1138.65,True
BLK-03-X08Y06-B1,MOIL-BL-03,600.0,200.0,330.0,15.0,21.814297,80.191425,150000.0,3.45,517500.0,25.61,132531.8,0.76,122 (Indicated Resource),Medium Grade Gondite,1.74,655.8,True
BLK-03-X08Y06-B2,MOIL-BL-03,600.0,200.0,315.0,30.0,21.814297,80.191425,150000.0,3.45,517500.0,29.8,154215.0,0.76,122 (Indicated Resource),Medium Grade Gondite,3.11,844.95,True
BLK-03-X08Y06-B3,MOIL-BL-03,600.0,200.0,300.0,45.0,21.814297,80.191425,150000.0,3.95,592500.0,44.92,266151.0,0.88,111 (Measured Resource),High Grade Braunite,2.91,963.45,True
BLK-03-X08Y06-B4,MOIL-BL-03,600.0,200.0,285.0,60.0,21.814297,80.191425,150000.0,3.45,517500.0,28.32,146556.0,0.76,122 (Indicated Resource),Medium Grade Gondite,5.08,1188.6,True
BLK-03-X08Y07-B1,MOIL-BL-03,600.0,400.0,330.0,15.0,21.816093,80.191425,150000.0,3.45,517500.0,22.97,118869.8,0.76,122 (Indicated Resource),Medium Grade Gondite,3.03,713.85,True
BLK-03-X08Y07-B2,MOIL-BL-03,600.0,400.0,315.0,30.0,21.816093,80.191425,150000.0,3.95,592500.0,45.45,269291.2,0.88,111 (Measured Resource),High Grade Braunite,2.3,808.5,True
BLK-03-X08Y07-B3,MOIL-BL-03,600.0,400.0,300.0,45.0,21.816093,80.191425,150000.0,3.95,592500.0,44.09,261233.2,0.88,111 (Measured Resource),High Grade Braunite,4.74,1045.8,True
BLK-03-X08Y07-B4,MOIL-BL-03,600.0,400.0,285.0,60.0,21.816093,80.191425,150000.0,3.45,517500.0,29.73,153852.8,0.76,122 (Indicated Resource),Medium Grade Gondite,4.63,1168.35,True
BLK-03-X08Y08-B1,MOIL-BL-03,600.0,600.0,330.0,15.0,21.81789,80.191425,150000.0,3.45,517500.0,28.18,145831.5,0.76,122 (Indicated Resource),Medium Grade Gondite,1.3,636.0,True
BLK-03-X08Y08-B2,MOIL-BL-03,600.0,600.0,315.0,30.0,21.81789,80.191425,150000.0,3.95,592500.0,44.29,262418.2,0.88,111 (Measured Resource),High Grade Braunite,2.18,803.1,True
BLK-03-X08Y08-B3,MOIL-BL-03,600.0,600.0,300.0,45.0,21.81789,80.191425,150000.0,3.95,592500.0,45.28,268284.0,0.88,111 (Measured Resource),High Grade Braunite,2.79,958.05,True
BLK-03-X08Y08-B4,MOIL-BL-03,600.0,600.0,285.0,60.0,21.81789,80.191425,150000.0,3.95,592500.0,44.17,261707.3,0.88,111 (Measured Resource),High Grade Braunite,4.73,1172.85,True
BLK-03-X08Y09-B1,MOIL-BL-03,600.0,800.0,330.0,15.0,21.819686,80.191425,150000.0,3.95,592500.0,42.28,250509.0,0.88,111 (Measured Resource),High Grade Braunite,2.25,678.75,True
BLK-03-X08Y09-B2,MOIL-BL-03,600.0,800.0,315.0,30.0,21.819686,80.191425,150000.0,3.95,592500.0,44.68,264729.0,0.88,111 (Measured Resource),High Grade Braunite,3.03,841.35,True
BLK-03-X08Y09-B3,MOIL-BL-03,600.0,800.0,300.0,45.0,21.819686,80.191425,150000.0,3.95,592500.0,38.45,227816.2,0.88,111 (Measured Resource),High Grade Braunite,2.79,958.05,True
BLK-03-X08Y09-B4,MOIL-BL-03,600.0,800.0,285.0,60.0,21.819686,80.191425,150000.0,3.95,592500.0,43.41,257204.2,0.88,111 (Measured Resource),High Grade Braunite,5.3,1198.5,True
BLK-03-X08Y10-B1,MOIL-BL-03,600.0,1000.0,330.0,15.0,21.821483,80.191425,150000.0,3.95,592500.0,43.61,258389.2,0.88,111 (Measured Resource),High Grade Braunite,2.7,699.0,True
BLK-03-X08Y10-B2,MOIL-BL-03,600.0,1000.0,315.0,30.0,21.821483,80.191425,150000.0,3.95,592500.0,44.52,263781.0,0.88,111 (Measured Resource),High Grade Braunite,2.91,835.95,True
BLK-03-X08Y10-B3,MOIL-BL-03,600.0,1000.0,300.0,45.0,21.821483,80.191425,150000.0,3.95,592500.0,46.46,275275.5,0.88,111 (Measured Resource),High Grade Braunite,3.2,976.5,True
BLK-03-X08Y10-B4,MOIL-BL-03,600.0,1000.0,285.0,60.0,21.821483,80.191425,150000.0,3.95,592500.0,45.02,266743.5,0.88,111 (Measured Resource),High Grade Braunite,3.97,1138.65,True
BLK-03-X09Y00-B1,MOIL-BL-03,800.0,-1000.0,330.0,15.0,21.803517,80.193367,150000.0,2.85,427500.0,6.46,27616.5,0.62,333 (Inferred / Reconnaissance),Low Grade / Country Rock,2.64,696.3,True
BLK-03-X09Y00-B2,MOIL-BL-03,800.0,-1000.0,315.0,30.0,21.803517,80.193367,150000.0,2.85,427500.0,17.68,75582.0,0.62,333 (Inferred / Reconnaissance),Low Grade / Country Rock,3.5,862.5,True
BLK-03-X09Y00-B3,MOIL-BL-03,800.0,-1000.0,300.0,45.0,21.803517,80.193367,150000.0,2.85,427500.0,7.98,34114.5,0.62,333 (Inferred / Reconnaissance),Low Grade / Country Rock,3.59,994.05,True
BLK-03-X09Y00-B4,MOIL-BL-03,800.0,-1000.0,285.0,60.0,21.803517,80.193367,150000.0,2.85,427500.0,9.38,40099.5,0.62,333 (Inferred / Reconnaissance),Low Grade / Country Rock,5.2,1194.0,True
BLK-03-X09Y01-B1,MOIL-BL-03,800.0,-800.0,330.0,15.0,21.805314,80.193367,150000.0,2.85,427500.0,14.8,63270.0,0.62,333 (Inferred / Reconnaissance),Low Grade / Country Rock,2.43,686.85,True
BLK-03-X09Y01-B2,MOIL-BL-03,800.0,-800.0,315.0,30.0,21.805314,80.193367,150000.0,2.85,427500.0,7.85,33558.8,0.62,333 (Inferred / Reconnaissance),Low Grade / Country Rock,3.88,879.6,True
BLK-03-X09Y01-B3,MOIL-BL-03,800.0,-800.0,300.0,45.0,21.805314,80.193367,150000.0,2.85,427500.0,13.15,56216.2,0.62,333 (Inferred / Reconnaissance),Low Grade / Country Rock,4.69,1043.55,True
BLK-03-X09Y01-B4,MOIL-BL-03,800.0,-800.0,285.0,60.0,21.805314,80.193367,150000.0,2.85,427500.0,12.12,51813.0,0.62,333 (Inferred / Reconnaissance),Low Grade / Country Rock,5.14,1191.3,True
BLK-03-X09Y02-B1,MOIL-BL-03,800.0,-600.0,330.0,15.0,21.80711,80.193367,150000.0,2.85,427500.0,15.38,65749.5,0.62,333 (Inferred / Reconnaissance),Low Grade / Country Rock,1.92,663.9,True
BLK-03-X09Y02-B2,MOIL-BL-03,800.0,-600.0,315.0,30.0,21.80711,80.193367,150000.0,2.85,427500.0,17.5,74812.5,0.62,333 (Inferred / Reconnaissance),Low Grade / Country Rock,2.04,796.8,True
BLK-03-X09Y02-B3,MOIL-BL-03,800.0,-600.0,300.0,45.0,21.80711,80.193367,150000.0,2.85,427500.0,14.76,63099.0,0.62,333 (Inferred / Reconnaissance),Low Grade / Country Rock,4.68,1043.1,True
BLK-03-X09Y02-B4,MOIL-BL-03,800.0,-600.0,285.0,60.0,21.80711,80.193367,150000.0,2.85,427500.0,8.74,37363.5,0.62,333 (Inferred / Reconnaissance),Low Grade / Country Rock,4.8,1176.0,True
BLK-03-X09Y03-B1,MOIL-BL-03,800.0,-400.0,330.0,15.0,21.808907,80.193367,150000.0,2.85,427500.0,11.87,50744.2,0.62,333 (Inferred / Reconnaissance),Low Grade / Country Rock,2.77,702.15,True
BLK-03-X09Y03-B2,MOIL-BL-03,800.0,-400.0,315.0,30.0,21.808907,80.193367,150000.0,2.85,427500.0,16.13,68955.8,0.62,333 (Inferred / Reconnaissance),Low Grade / Country Rock,3.21,849.45,True
BLK-03-X09Y03-B3,MOIL-BL-03,800.0,-400.0,300.0,45.0,21.808907,80.193367,150000.0,2.85,427500.0,15.42,65920.5,0.62,333 (Inferred / Reconnaissance),Low Grade / Country Rock,3.37,984.15,True
BLK-03-X09Y03-B4,MOIL-BL-03,800.0,-400.0,285.0,60.0,21.808907,80.193367,150000.0,2.85,427500.0,7.2,30780.0,0.62,333 (Inferred / Reconnaissance),Low Grade / Country Rock,4.36,1156.2,True
BLK-03-X09Y04-B1,MOIL-BL-03,800.0,-200.0,330.0,15.0,21.810703,80.193367,150000.0,2.85,427500.0,13.49,57669.8,0.62,333 (Inferred / Reconnaissance),Low Grade / Country Rock,1.62,650.4,True
BLK-03-X09Y04-B2,MOIL-BL-03,800.0,-200.0,315.0,30.0,21.810703,80.193367,150000.0,2.85,427500.0,13.52,57798.0,0.62,333 (Inferred / Reconnaissance),Low Grade / Country Rock,2.79,830.55,True
BLK-03-X09Y04-B3,MOIL-BL-03,800.0,-200.0,300.0,45.0,21.810703,80.193367,150000.0,3.45,517500.0,31.55,163271.2,0.76,122 (Indicated Resource),Medium Grade Gondite,2.82,959.4,True
BLK-03-X09Y04-B4,MOIL-BL-03,800.0,-200.0,285.0,60.0,21.810703,80.193367,150000.0,2.85,427500.0,13.35,57071.2,0.62,333 (Inferred / Reconnaissance),Low Grade / Country Rock,4.8,1176.0,True
BLK-03-X09Y05-B1,MOIL-BL-03,800.0,0.0,330.0,15.0,21.8125,80.193367,150000.0,2.85,427500.0,17.17,73401.8,0.62,333 (Inferred / Reconnaissance),Low Grade / Country Rock,2.68,698.1,True
BLK-03-X09Y05-B2,MOIL-BL-03,800.0,0.0,315.0,30.0,21.8125,80.193367,150000.0,3.45,517500.0,31.56,163323.0,0.76,122 (Indicated Resource),Medium Grade Gondite,3.81,876.45,True
BLK-03-X09Y05-B3,MOIL-BL-03,800.0,0.0,300.0,45.0,21.8125,80.193367,150000.0,3.45,517500.0,30.1,155767.5,0.76,122 (Indicated Resource),Medium Grade Gondite,3.33,982.35,True
BLK-03-X09Y05-B4,MOIL-BL-03,800.0,0.0,285.0,60.0,21.8125,80.193367,150000.0,2.85,427500.0,16.18,69169.5,0.62,333 (Inferred / Reconnaissance),Low Grade / Country Rock,5.0,1185.0,True
BLK-03-X09Y06-B1,MOIL-BL-03,800.0,200.0,330.0,15.0,21.814297,80.193367,150000.0,2.85,427500.0,9.94,42493.5,0.62,333 (Inferred / Reconnaissance),Low Grade / Country Rock,2.67,697.65,True
BLK-03-X09Y06-B2,MOIL-BL-03,800.0,200.0,315.0,30.0,21.814297,80.193367,150000.0,3.45,517500.0,32.41,167721.7,0.76,122 (Indicated Resource),Medium Grade Gondite,3.95,882.75,True
BLK-03-X09Y06-B3,MOIL-BL-03,800.0,200.0,300.0,45.0,21.814297,80.193367,150000.0,3.45,517500.0,33.43,173000.2,0.76,122 (Indicated Resource),Medium Grade Gondite,3.4,985.5,True
BLK-03-X09Y06-B4,MOIL-BL-03,800.0,200.0,285.0,60.0,21.814297,80.193367,150000.0,3.45,517500.0,27.06,140035.5,0.76,122 (Indicated Resource),Medium Grade Gondite,3.72,1127.4,True
BLK-03-X09Y07-B1,MOIL-BL-03,800.0,400.0,330.0,15.0,21.816093,80.193367,150000.0,3.45,517500.0,24.97,129219.7,0.76,122 (Indicated Resource),Medium Grade Gondite,3.01,712.95,True
BLK-03-X09Y07-B2,MOIL-BL-03,800.0,400.0,315.0,30.0,21.816093,80.193367,150000.0,3.45,517500.0,26.33,136257.8,0.76,122 (Indicated Resource),Medium Grade Gondite,3.24,850.8,True
BLK-03-X09Y07-B3,MOIL-BL-03,800.0,400.0,300.0,45.0,21.816093,80.193367,150000.0,3.45,517500.0,29.99,155198.2,0.76,122 (Indicated Resource),Medium Grade Gondite,4.31,1026.45,True
BLK-03-X09Y07-B4,MOIL-BL-03,800.0,400.0,285.0,60.0,21.816093,80.193367,150000.0,3.45,517500.0,24.19,125183.2,0.76,122 (Indicated Resource),Medium Grade Gondite,4.11,1144.95,True
BLK-03-X09Y08-B1,MOIL-BL-03,800.0,600.0,330.0,15.0,21.81789,80.193367,150000.0,3.45,517500.0,27.38,141691.5,0.76,122 (Indicated Resource),Medium Grade Gondite,1.98,666.6,True
BLK-03-X09Y08-B2,MOIL-BL-03,800.0,600.0,315.0,30.0,21.81789,80.193367,150000.0,3.95,592500.0,44.52,263781.0,0.88,111 (Measured Resource),High Grade Braunite,3.97,883.65,True
BLK-03-X09Y08-B3,MOIL-BL-03,800.0,600.0,300.0,45.0,21.81789,80.193367,150000.0,3.95,592500.0,43.59,258270.8,0.88,111 (Measured Resource),High Grade Braunite,4.51,1035.45,True
BLK-03-X09Y08-B4,MOIL-BL-03,800.0,600.0,285.0,60.0,21.81789,80.193367,150000.0,3.45,517500.0,26.17,135429.8,0.76,122 (Indicated Resource),Medium Grade Gondite,5.07,1188.15,True
BLK-03-X09Y09-B1,MOIL-BL-03,800.0,800.0,330.0,15.0,21.819686,80.193367,150000.0,3.45,517500.0,24.68,127719.0,0.76,122 (Indicated Resource),Medium Grade Gondite,2.79,703.05,True
BLK-03-X09Y09-B2,MOIL-BL-03,800.0,800.0,315.0,30.0,21.819686,80.193367,150000.0,3.95,592500.0,47.33,280430.2,0.88,111 (Measured Resource),High Grade Braunite,2.91,835.95,True
BLK-03-X09Y09-B3,MOIL-BL-03,800.0,800.0,300.0,45.0,21.819686,80.193367,150000.0,3.95,592500.0,42.92,254301.0,0.88,111 (Measured Resource),High Grade Braunite,3.55,992.25,True
BLK-03-X09Y09-B4,MOIL-BL-03,800.0,800.0,285.0,60.0,21.819686,80.193367,150000.0,3.95,592500.0,42.28,250509.0,0.88,111 (Measured Resource),High Grade Braunite,5.0,1185.0,True
BLK-03-X09Y10-B1,MOIL-BL-03,800.0,1000.0,330.0,15.0,21.821483,80.193367,150000.0,3.95,592500.0,44.4,263070.0,0.88,111 (Measured Resource),High Grade Braunite,2.68,698.1,True
BLK-03-X09Y10-B2,MOIL-BL-03,800.0,1000.0,315.0,30.0,21.821483,80.193367,150000.0,3.95,592500.0,42.21,250094.3,0.88,111 (Measured Resource),High Grade Braunite,3.31,853.95,True
BLK-03-X09Y10-B3,MOIL-BL-03,800.0,1000.0,300.0,45.0,21.821483,80.193367,150000.0,3.95,592500.0,41.91,248316.7,0.88,111 (Measured Resource),High Grade Braunite,3.92,1008.9,True
BLK-03-X09Y10-B4,MOIL-BL-03,800.0,1000.0,285.0,60.0,21.821483,80.193367,150000.0,3.95,592500.0,45.33,268580.2,0.88,111 (Measured Resource),High Grade Braunite,5.38,1202.1,True
BLK-03-X10Y00-B1,MOIL-BL-03,1000.0,-1000.0,330.0,15.0,21.803517,80.195309,150000.0,2.85,427500.0,12.55,53651.2,0.62,333 (Inferred / Reconnaissance),Low Grade / Country Rock,2.47,688.65,True
BLK-03-X10Y00-B2,MOIL-BL-03,1000.0,-1000.0,315.0,30.0,21.803517,80.195309,150000.0,2.85,427500.0,14.31,61175.2,0.62,333 (Inferred / Reconnaissance),Low Grade / Country Rock,2.67,825.15,True
BLK-03-X10Y00-B3,MOIL-BL-03,1000.0,-1000.0,300.0,45.0,21.803517,80.195309,150000.0,2.85,427500.0,13.81,59037.8,0.62,333 (Inferred / Reconnaissance),Low Grade / Country Rock,4.58,1038.6,True
BLK-03-X10Y00-B4,MOIL-BL-03,1000.0,-1000.0,285.0,60.0,21.803517,80.195309,150000.0,2.85,427500.0,4.15,17741.2,0.62,333 (Inferred / Reconnaissance),Low Grade / Country Rock,5.24,1195.8,True
BLK-03-X10Y01-B1,MOIL-BL-03,1000.0,-800.0,330.0,15.0,21.805314,80.195309,150000.0,2.85,427500.0,7.06,30181.5,0.62,333 (Inferred / Reconnaissance),Low Grade / Country Rock,2.16,674.7,True
BLK-03-X10Y01-B2,MOIL-BL-03,1000.0,-800.0,315.0,30.0,21.805314,80.195309,150000.0,2.85,427500.0,15.93,68100.8,0.62,333 (Inferred / Reconnaissance),Low Grade / Country Rock,3.65,869.25,True
BLK-03-X10Y01-B3,MOIL-BL-03,1000.0,-800.0,300.0,45.0,21.805314,80.195309,150000.0,2.85,427500.0,16.49,70494.8,0.62,333 (Inferred / Reconnaissance),Low Grade / Country Rock,4.63,1040.85,True
BLK-03-X10Y01-B4,MOIL-BL-03,1000.0,-800.0,285.0,60.0,21.805314,80.195309,150000.0,2.85,427500.0,10.26,43861.5,0.62,333 (Inferred / Reconnaissance),Low Grade / Country Rock,4.81,1176.45,True
BLK-03-X10Y02-B1,MOIL-BL-03,1000.0,-600.0,330.0,15.0,21.80711,80.195309,150000.0,2.85,427500.0,9.47,40484.2,0.62,333 (Inferred / Reconnaissance),Low Grade / Country Rock,1.95,665.25,True
BLK-03-X10Y02-B2,MOIL-BL-03,1000.0,-600.0,315.0,30.0,21.80711,80.195309,150000.0,2.85,427500.0,10.04,42921.0,0.62,333 (Inferred / Reconnaissance),Low Grade / Country Rock,3.49,862.05,True
BLK-03-X10Y02-B3,MOIL-BL-03,1000.0,-600.0,300.0,45.0,21.80711,80.195309,150000.0,2.85,427500.0,11.02,47110.5,0.62,333 (Inferred / Reconnaissance),Low Grade / Country Rock,4.38,1029.6,True
BLK-03-X10Y02-B4,MOIL-BL-03,1000.0,-600.0,285.0,60.0,21.80711,80.195309,150000.0,2.85,427500.0,14.43,61688.2,0.62,333 (Inferred / Reconnaissance),Low Grade / Country Rock,3.54,1119.3,True
BLK-03-X10Y03-B1,MOIL-BL-03,1000.0,-400.0,330.0,15.0,21.808907,80.195309,150000.0,2.85,427500.0,12.82,54805.5,0.62,333 (Inferred / Reconnaissance),Low Grade / Country Rock,2.12,672.9,True
BLK-03-X10Y03-B2,MOIL-BL-03,1000.0,-400.0,315.0,30.0,21.808907,80.195309,150000.0,2.85,427500.0,10.39,44417.2,0.62,333 (Inferred / Reconnaissance),Low Grade / Country Rock,3.64,868.8,True
BLK-03-X10Y03-B3,MOIL-BL-03,1000.0,-400.0,300.0,45.0,21.808907,80.195309,150000.0,2.85,427500.0,11.67,49889.2,0.62,333 (Inferred / Reconnaissance),Low Grade / Country Rock,4.52,1035.9,True
BLK-03-X10Y03-B4,MOIL-BL-03,1000.0,-400.0,285.0,60.0,21.808907,80.195309,150000.0,2.85,427500.0,13.98,59764.5,0.62,333 (Inferred / Reconnaissance),Low Grade / Country Rock,4.61,1167.45,True
BLK-03-X10Y04-B1,MOIL-BL-03,1000.0,-200.0,330.0,15.0,21.810703,80.195309,150000.0,2.85,427500.0,14.56,62244.0,0.62,333 (Inferred / Reconnaissance),Low Grade / Country Rock,1.33,637.35,True
BLK-03-X10Y04-B2,MOIL-BL-03,1000.0,-200.0,315.0,30.0,21.810703,80.195309,150000.0,2.85,427500.0,4.38,18724.5,0.62,333 (Inferred / Reconnaissance),Low Grade / Country Rock,2.17,802.65,True
BLK-03-X10Y04-B3,MOIL-BL-03,1000.0,-200.0,300.0,45.0,21.810703,80.195309,150000.0,2.85,427500.0,10.13,43305.8,0.62,333 (Inferred / Reconnaissance),Low Grade / Country Rock,3.22,977.4,True
BLK-03-X10Y04-B4,MOIL-BL-03,1000.0,-200.0,285.0,60.0,21.810703,80.195309,150000.0,2.85,427500.0,17.78,76009.5,0.62,333 (Inferred / Reconnaissance),Low Grade / Country Rock,4.58,1166.1,True
BLK-03-X10Y05-B1,MOIL-BL-03,1000.0,0.0,330.0,15.0,21.8125,80.195309,150000.0,2.85,427500.0,13.27,56729.2,0.62,333 (Inferred / Reconnaissance),Low Grade / Country Rock,1.81,658.95,True
BLK-03-X10Y05-B2,MOIL-BL-03,1000.0,0.0,315.0,30.0,21.8125,80.195309,150000.0,2.85,427500.0,8.51,36380.2,0.62,333 (Inferred / Reconnaissance),Low Grade / Country Rock,2.67,825.15,True
BLK-03-X10Y05-B3,MOIL-BL-03,1000.0,0.0,300.0,45.0,21.8125,80.195309,150000.0,2.85,427500.0,13.78,58909.5,0.62,333 (Inferred / Reconnaissance),Low Grade / Country Rock,3.7,999.0,True
BLK-03-X10Y05-B4,MOIL-BL-03,1000.0,0.0,285.0,60.0,21.8125,80.195309,150000.0,2.85,427500.0,11.25,48093.8,0.62,333 (Inferred / Reconnaissance),Low Grade / Country Rock,4.68,1170.6,True
BLK-03-X10Y06-B1,MOIL-BL-03,1000.0,200.0,330.0,15.0,21.814297,80.195309,150000.0,2.85,427500.0,14.76,63099.0,0.62,333 (Inferred / Reconnaissance),Low Grade / Country Rock,1.43,641.85,True
BLK-03-X10Y06-B2,MOIL-BL-03,1000.0,200.0,315.0,30.0,21.814297,80.195309,150000.0,2.85,427500.0,14.88,63612.0,0.62,333 (Inferred / Reconnaissance),Low Grade / Country Rock,3.13,845.85,True
BLK-03-X10Y06-B3,MOIL-BL-03,1000.0,200.0,300.0,45.0,21.814297,80.195309,150000.0,3.45,517500.0,30.03,155405.2,0.76,122 (Indicated Resource),Medium Grade Gondite,3.41,985.95,True
BLK-03-X10Y06-B4,MOIL-BL-03,1000.0,200.0,285.0,60.0,21.814297,80.195309,150000.0,2.85,427500.0,9.73,41595.8,0.62,333 (Inferred / Reconnaissance),Low Grade / Country Rock,3.96,1138.2,True
BLK-03-X10Y07-B1,MOIL-BL-03,1000.0,400.0,330.0,15.0,21.816093,80.195309,150000.0,2.85,427500.0,17.71,75710.2,0.62,333 (Inferred / Reconnaissance),Low Grade / Country Rock,2.24,678.3,True
BLK-03-X10Y07-B2,MOIL-BL-03,1000.0,400.0,315.0,30.0,21.816093,80.195309,150000.0,3.45,517500.0,33.95,175691.2,0.76,122 (Indicated Resource),Medium Grade Gondite,2.98,839.1,True
BLK-03-X10Y07-B3,MOIL-BL-03,1000.0,400.0,300.0,45.0,21.816093,80.195309,150000.0,3.45,517500.0,24.64,127512.0,0.76,122 (Indicated Resource),Medium Grade Gondite,3.76,1001.7,True
BLK-03-X10Y07-B4,MOIL-BL-03,1000.0,400.0,285.0,60.0,21.816093,80.195309,150000.0,2.85,427500.0,4.55,19451.2,0.62,333 (Inferred / Reconnaissance),Low Grade / Country Rock,5.31,1198.95,True
BLK-03-X10Y08-B1,MOIL-BL-03,1000.0,600.0,330.0,15.0,21.81789,80.195309,150000.0,2.85,427500.0,15.46,66091.5,0.62,333 (Inferred / Reconnaissance),Low Grade / Country Rock,2.7,699.0,True
BLK-03-X10Y08-B2,MOIL-BL-03,1000.0,600.0,315.0,30.0,21.81789,80.195309,150000.0,3.45,517500.0,29.32,151731.0,0.76,122 (Indicated Resource),Medium Grade Gondite,3.16,847.2,True
BLK-03-X10Y08-B3,MOIL-BL-03,1000.0,600.0,300.0,45.0,21.81789,80.195309,150000.0,3.45,517500.0,33.96,175743.0,0.76,122 (Indicated Resource),Medium Grade Gondite,3.31,981.45,True
BLK-03-X10Y08-B4,MOIL-BL-03,1000.0,600.0,285.0,60.0,21.81789,80.195309,150000.0,3.45,517500.0,31.36,162288.0,0.76,122 (Indicated Resource),Medium Grade Gondite,4.66,1169.7,True
BLK-03-X10Y09-B1,MOIL-BL-03,1000.0,800.0,330.0,15.0,21.819686,80.195309,150000.0,3.45,517500.0,33.71,174449.2,0.76,122 (Indicated Resource),Medium Grade Gondite,2.91,708.45,True
BLK-03-X10Y09-B2,MOIL-BL-03,1000.0,800.0,315.0,30.0,21.819686,80.195309,150000.0,3.45,517500.0,33.98,175846.5,0.76,122 (Indicated Resource),Medium Grade Gondite,3.18,848.1,True
BLK-03-X10Y09-B3,MOIL-BL-03,1000.0,800.0,300.0,45.0,21.819686,80.195309,150000.0,3.45,517500.0,24.45,126528.8,0.76,122 (Indicated Resource),Medium Grade Gondite,3.76,1001.7,True
BLK-03-X10Y09-B4,MOIL-BL-03,1000.0,800.0,285.0,60.0,21.819686,80.195309,150000.0,3.45,517500.0,30.53,157992.8,0.76,122 (Indicated Resource),Medium Grade Gondite,5.05,1187.25,True
BLK-03-X10Y10-B1,MOIL-BL-03,1000.0,1000.0,330.0,15.0,21.821483,80.195309,150000.0,3.45,517500.0,22.01,113901.8,0.76,122 (Indicated Resource),Medium Grade Gondite,2.26,679.2,True
BLK-03-X10Y10-B2,MOIL-BL-03,1000.0,1000.0,315.0,30.0,21.821483,80.195309,150000.0,3.95,592500.0,45.14,267454.5,0.88,111 (Measured Resource),High Grade Braunite,2.31,808.95,True
BLK-03-X10Y10-B3,MOIL-BL-03,1000.0,1000.0,300.0,45.0,21.821483,80.195309,150000.0,3.95,592500.0,42.85,253886.2,0.88,111 (Measured Resource),High Grade Braunite,4.08,1016.1,True
BLK-03-X10Y10-B4,MOIL-BL-03,1000.0,1000.0,285.0,60.0,21.821483,80.195309,150000.0,3.45,517500.0,25.19,130358.2,0.76,122 (Indicated Resource),Medium Grade Gondite,4.21,1149.45,True
BLK-02-X00Y00-B1,MOIL-GM-02,-1000.0,-1000.0,295.0,15.0,21.382217,78.971791,150000.0,3.45,517500.0,33.29,172275.8,0.76,122 (Indicated Resource),Medium Grade Gondite,1.73,655.35,True
BLK-02-X00Y00-B2,MOIL-GM-02,-1000.0,-1000.0,280.0,30.0,21.382217,78.971791,150000.0,3.95,592500.0,42.48,251694.0,0.88,111 (Measured Resource),High Grade Braunite,2.65,824.25,True
BLK-02-X00Y00-B3,MOIL-GM-02,-1000.0,-1000.0,265.0,45.0,21.382217,78.971791,150000.0,3.95,592500.0,36.4,215670.0,0.88,111 (Measured Resource),High Grade Braunite,4.13,1018.35,True
BLK-02-X00Y00-B4,MOIL-GM-02,-1000.0,-1000.0,250.0,60.0,21.382217,78.971791,150000.0,3.45,517500.0,22.73,117627.8,0.76,122 (Indicated Resource),Medium Grade Gondite,5.21,1194.45,True
BLK-02-X00Y01-B1,MOIL-GM-02,-1000.0,-800.0,295.0,15.0,21.384014,78.971791,150000.0,3.45,517500.0,31.8,164565.0,0.76,122 (Indicated Resource),Medium Grade Gondite,3.22,722.4,True
BLK-02-X00Y01-B2,MOIL-GM-02,-1000.0,-800.0,280.0,30.0,21.384014,78.971791,150000.0,3.45,517500.0,33.24,172017.0,0.76,122 (Indicated Resource),Medium Grade Gondite,2.71,826.95,True
BLK-02-X00Y01-B3,MOIL-GM-02,-1000.0,-800.0,265.0,45.0,21.384014,78.971791,150000.0,3.45,517500.0,26.79,138638.2,0.76,122 (Indicated Resource),Medium Grade Gondite,4.24,1023.3,True
BLK-02-X00Y01-B4,MOIL-GM-02,-1000.0,-800.0,250.0,60.0,21.384014,78.971791,150000.0,3.45,517500.0,23.61,122181.8,0.76,122 (Indicated Resource),Medium Grade Gondite,4.13,1145.85,True
BLK-02-X00Y02-B1,MOIL-GM-02,-1000.0,-600.0,295.0,15.0,21.38581,78.971791,150000.0,2.85,427500.0,5.66,24196.5,0.62,333 (Inferred / Reconnaissance),Low Grade / Country Rock,2.16,674.7,True
BLK-02-X00Y02-B2,MOIL-GM-02,-1000.0,-600.0,280.0,30.0,21.38581,78.971791,150000.0,3.45,517500.0,28.62,148108.5,0.76,122 (Indicated Resource),Medium Grade Gondite,2.42,813.9,True
BLK-02-X00Y02-B3,MOIL-GM-02,-1000.0,-600.0,265.0,45.0,21.38581,78.971791,150000.0,3.45,517500.0,22.32,115506.0,0.76,122 (Indicated Resource),Medium Grade Gondite,4.19,1021.05,True
BLK-02-X00Y02-B4,MOIL-GM-02,-1000.0,-600.0,250.0,60.0,21.38581,78.971791,150000.0,3.45,517500.0,22.24,115092.0,0.76,122 (Indicated Resource),Medium Grade Gondite,5.45,1205.25,True
BLK-02-X00Y03-B1,MOIL-GM-02,-1000.0,-400.0,295.0,15.0,21.387607,78.971791,150000.0,2.85,427500.0,7.1,30352.5,0.62,333 (Inferred / Reconnaissance),Low Grade / Country Rock,2.58,693.6,True
BLK-02-X00Y03-B2,MOIL-GM-02,-1000.0,-400.0,280.0,30.0,21.387607,78.971791,150000.0,3.45,517500.0,27.22,140863.5,0.76,122 (Indicated Resource),Medium Grade Gondite,2.12,800.4,True
BLK-02-X00Y03-B3,MOIL-GM-02,-1000.0,-400.0,265.0,45.0,21.387607,78.971791,150000.0,3.45,517500.0,27.67,143192.2,0.76,122 (Indicated Resource),Medium Grade Gondite,3.78,1002.6,True
BLK-02-X00Y03-B4,MOIL-GM-02,-1000.0,-400.0,250.0,60.0,21.387607,78.971791,150000.0,2.85,427500.0,15.97,68271.8,0.62,333 (Inferred / Reconnaissance),Low Grade / Country Rock,4.96,1183.2,True
BLK-02-X00Y04-B1,MOIL-GM-02,-1000.0,-200.0,295.0,15.0,21.389403,78.971791,150000.0,2.85,427500.0,5.11,21845.3,0.62,333 (Inferred / Reconnaissance),Low Grade / Country Rock,1.67,652.65,True
BLK-02-X00Y04-B2,MOIL-GM-02,-1000.0,-200.0,280.0,30.0,21.389403,78.971791,150000.0,2.85,427500.0,8.37,35781.8,0.62,333 (Inferred / Reconnaissance),Low Grade / Country Rock,2.23,805.35,True
BLK-02-X00Y04-B3,MOIL-GM-02,-1000.0,-200.0,265.0,45.0,21.389403,78.971791,150000.0,3.45,517500.0,27.48,142209.0,0.76,122 (Indicated Resource),Medium Grade Gondite,4.72,1044.9,True
BLK-02-X00Y04-B4,MOIL-GM-02,-1000.0,-200.0,250.0,60.0,21.389403,78.971791,150000.0,2.85,427500.0,11.2,47880.0,0.62,333 (Inferred / Reconnaissance),Low Grade / Country Rock,4.98,1184.1,True
BLK-02-X00Y05-B1,MOIL-GM-02,-1000.0,0.0,295.0,15.0,21.3912,78.971791,150000.0,2.85,427500.0,13.56,57969.0,0.62,333 (Inferred / Reconnaissance),Low Grade / Country Rock,2.95,710.25,True
BLK-02-X00Y05-B2,MOIL-GM-02,-1000.0,0.0,280.0,30.0,21.3912,78.971791,150000.0,2.85,427500.0,7.02,30010.5,0.62,333 (Inferred / Reconnaissance),Low Grade / Country Rock,3.51,862.95,True
BLK-02-X00Y05-B3,MOIL-GM-02,-1000.0,0.0,265.0,45.0,21.3912,78.971791,150000.0,2.85,427500.0,16.34,69853.5,0.62,333 (Inferred / Reconnaissance),Low Grade / Country Rock,3.09,971.55,True
BLK-02-X00Y05-B4,MOIL-GM-02,-1000.0,0.0,250.0,60.0,21.3912,78.971791,150000.0,2.85,427500.0,8.86,37876.5,0.62,333 (Inferred / Reconnaissance),Low Grade / Country Rock,5.44,1204.8,True
BLK-02-X00Y06-B1,MOIL-GM-02,-1000.0,200.0,295.0,15.0,21.392997,78.971791,150000.0,2.85,427500.0,14.93,63825.7,0.62,333 (Inferred / Reconnaissance),Low Grade / Country Rock,1.82,659.4,True
BLK-02-X00Y06-B2,MOIL-GM-02,-1000.0,200.0,280.0,30.0,21.392997,78.971791,150000.0,2.85,427500.0,11.9,50872.5,0.62,333 (Inferred / Reconnaissance),Low Grade / Country Rock,2.81,831.45,True
BLK-02-X00Y06-B3,MOIL-GM-02,-1000.0,200.0,265.0,45.0,21.392997,78.971791,150000.0,2.85,427500.0,10.86,46426.5,0.62,333 (Inferred / Reconnaissance),Low Grade / Country Rock,3.46,988.2,True
BLK-02-X00Y06-B4,MOIL-GM-02,-1000.0,200.0,250.0,60.0,21.392997,78.971791,150000.0,2.85,427500.0,7.91,33815.2,0.62,333 (Inferred / Reconnaissance),Low Grade / Country Rock,4.85,1178.25,True
BLK-02-X00Y07-B1,MOIL-GM-02,-1000.0,400.0,295.0,15.0,21.394793,78.971791,150000.0,2.85,427500.0,14.9,63697.5,0.62,333 (Inferred / Reconnaissance),Low Grade / Country Rock,3.0,712.5,True
BLK-02-X00Y07-B2,MOIL-GM-02,-1000.0,400.0,280.0,30.0,21.394793,78.971791,150000.0,2.85,427500.0,6.17,26376.8,0.62,333 (Inferred / Reconnaissance),Low Grade / Country Rock,3.65,869.25,True
BLK-02-X00Y07-B3,MOIL-GM-02,-1000.0,400.0,265.0,45.0,21.394793,78.971791,150000.0,2.85,427500.0,7.57,32361.8,0.62,333 (Inferred / Reconnaissance),Low Grade / Country Rock,3.6,994.5,True
BLK-02-X00Y07-B4,MOIL-GM-02,-1000.0,400.0,250.0,60.0,21.394793,78.971791,150000.0,2.85,427500.0,16.62,71050.5,0.62,333 (Inferred / Reconnaissance),Low Grade / Country Rock,4.41,1158.45,True
BLK-02-X00Y08-B1,MOIL-GM-02,-1000.0,600.0,295.0,15.0,21.39659,78.971791,150000.0,2.85,427500.0,6.76,28899.0,0.62,333 (Inferred / Reconnaissance),Low Grade / Country Rock,1.57,648.15,True
BLK-02-X00Y08-B2,MOIL-GM-02,-1000.0,600.0,280.0,30.0,21.39659,78.971791,150000.0,2.85,427500.0,10.62,45400.5,0.62,333 (Inferred / Reconnaissance),Low Grade / Country Rock,3.53,863.85,True
BLK-02-X00Y08-B3,MOIL-GM-02,-1000.0,600.0,265.0,45.0,21.39659,78.971791,150000.0,2.85,427500.0,17.96,76779.0,0.62,333 (Inferred / Reconnaissance),Low Grade / Country Rock,4.32,1026.9,True
BLK-02-X00Y08-B4,MOIL-GM-02,-1000.0,600.0,250.0,60.0,21.39659,78.971791,150000.0,2.85,427500.0,16.28,69597.0,0.62,333 (Inferred / Reconnaissance),Low Grade / Country Rock,5.0,1185.0,True
BLK-02-X00Y09-B1,MOIL-GM-02,-1000.0,800.0,295.0,15.0,21.398386,78.971791,150000.0,2.85,427500.0,16.54,70708.5,0.62,333 (Inferred / Reconnaissance),Low Grade / Country Rock,1.4,640.5,True
BLK-02-X00Y09-B2,MOIL-GM-02,-1000.0,800.0,280.0,30.0,21.398386,78.971791,150000.0,2.85,427500.0,17.02,72760.5,0.62,333 (Inferred / Reconnaissance),Low Grade / Country Rock,2.79,830.55,True
BLK-02-X00Y09-B3,MOIL-GM-02,-1000.0,800.0,265.0,45.0,21.398386,78.971791,150000.0,2.85,427500.0,16.9,72247.5,0.62,333 (Inferred / Reconnaissance),Low Grade / Country Rock,2.9,963.0,True
BLK-02-X00Y09-B4,MOIL-GM-02,-1000.0,800.0,250.0,60.0,21.398386,78.971791,150000.0,2.85,427500.0,14.01,59892.8,0.62,333 (Inferred / Reconnaissance),Low Grade / Country Rock,4.97,1183.65,True
BLK-02-X00Y10-B1,MOIL-GM-02,-1000.0,1000.0,295.0,15.0,21.400183,78.971791,150000.0,2.85,427500.0,17.96,76779.0,0.62,333 (Inferred / Reconnaissance),Low Grade / Country Rock,2.79,703.05,True
BLK-02-X00Y10-B2,MOIL-GM-02,-1000.0,1000.0,280.0,30.0,21.400183,78.971791,150000.0,2.85,427500.0,9.36,40014.0,0.62,333 (Inferred / Reconnaissance),Low Grade / Country Rock,3.11,844.95,True
BLK-02-X00Y10-B3,MOIL-GM-02,-1000.0,1000.0,265.0,45.0,21.400183,78.971791,150000.0,2.85,427500.0,9.13,39030.8,0.62,333 (Inferred / Reconnaissance),Low Grade / Country Rock,3.14,973.8,True
BLK-02-X00Y10-B4,MOIL-GM-02,-1000.0,1000.0,250.0,60.0,21.400183,78.971791,150000.0,2.85,427500.0,7.48,31977.0,0.62,333 (Inferred / Reconnaissance),Low Grade / Country Rock,3.94,1137.3,True
BLK-02-X01Y00-B1,MOIL-GM-02,-800.0,-1000.0,295.0,15.0,21.382217,78.973733,150000.0,3.95,592500.0,38.69,229238.2,0.88,111 (Measured Resource),High Grade Braunite,3.08,716.1,True
BLK-02-X01Y00-B2,MOIL-GM-02,-800.0,-1000.0,280.0,30.0,21.382217,78.973733,150000.0,3.95,592500.0,36.5,216262.5,0.88,111 (Measured Resource),High Grade Braunite,2.11,799.95,True
BLK-02-X01Y00-B3,MOIL-GM-02,-800.0,-1000.0,265.0,45.0,21.382217,78.973733,150000.0,3.95,592500.0,35.82,212233.5,0.88,111 (Measured Resource),High Grade Braunite,3.26,979.2,True
BLK-02-X01Y00-B4,MOIL-GM-02,-800.0,-1000.0,250.0,60.0,21.382217,78.973733,150000.0,3.95,592500.0,35.57,210752.2,0.88,111 (Measured Resource),High Grade Braunite,3.69,1126.05,True
BLK-02-X01Y01-B1,MOIL-GM-02,-800.0,-800.0,295.0,15.0,21.384014,78.973733,150000.0,3.45,517500.0,26.66,137965.5,0.76,122 (Indicated Resource),Medium Grade Gondite,2.43,686.85,True
BLK-02-X01Y01-B2,MOIL-GM-02,-800.0,-800.0,280.0,30.0,21.384014,78.973733,150000.0,3.95,592500.0,39.77,235637.3,0.88,111 (Measured Resource),High Grade Braunite,2.68,825.6,True
BLK-02-X01Y01-B3,MOIL-GM-02,-800.0,-800.0,265.0,45.0,21.384014,78.973733,150000.0,3.95,592500.0,42.62,252523.5,0.88,111 (Measured Resource),High Grade Braunite,4.16,1019.7,True
BLK-02-X01Y01-B4,MOIL-GM-02,-800.0,-800.0,250.0,60.0,21.384014,78.973733,150000.0,3.95,592500.0,34.84,206427.0,0.88,111 (Measured Resource),High Grade Braunite,3.67,1125.15,True
BLK-02-X01Y02-B1,MOIL-GM-02,-800.0,-600.0,295.0,15.0,21.38581,78.973733,150000.0,3.45,517500.0,25.56,132273.0,0.76,122 (Indicated Resource),Medium Grade Gondite,1.52,645.9,True
BLK-02-X01Y02-B2,MOIL-GM-02,-800.0,-600.0,280.0,30.0,21.38581,78.973733,150000.0,3.95,592500.0,39.09,231608.3,0.88,111 (Measured Resource),High Grade Braunite,2.93,836.85,True
BLK-02-X01Y02-B3,MOIL-GM-02,-800.0,-600.0,265.0,45.0,21.38581,78.973733,150000.0,3.95,592500.0,35.84,212352.0,0.88,111 (Measured Resource),High Grade Braunite,3.19,976.05,True
BLK-02-X01Y02-B4,MOIL-GM-02,-800.0,-600.0,250.0,60.0,21.38581,78.973733,150000.0,3.45,517500.0,30.86,159700.5,0.76,122 (Indicated Resource),Medium Grade Gondite,3.56,1120.2,True
BLK-02-X01Y03-B1,MOIL-GM-02,-800.0,-400.0,295.0,15.0,21.387607,78.973733,150000.0,3.45,517500.0,28.66,148315.5,0.76,122 (Indicated Resource),Medium Grade Gondite,1.59,649.05,True
BLK-02-X01Y03-B2,MOIL-GM-02,-800.0,-400.0,280.0,30.0,21.387607,78.973733,150000.0,3.45,517500.0,22.01,113901.8,0.76,122 (Indicated Resource),Medium Grade Gondite,3.74,873.3,True
BLK-02-X01Y03-B3,MOIL-GM-02,-800.0,-400.0,265.0,45.0,21.387607,78.973733,150000.0,3.45,517500.0,30.06,155560.5,0.76,122 (Indicated Resource),Medium Grade Gondite,2.95,965.25,True
BLK-02-X01Y03-B4,MOIL-GM-02,-800.0,-400.0,250.0,60.0,21.387607,78.973733,150000.0,3.45,517500.0,29.97,155094.7,0.76,122 (Indicated Resource),Medium Grade Gondite,4.72,1172.4,True
BLK-02-X01Y04-B1,MOIL-GM-02,-800.0,-200.0,295.0,15.0,21.389403,78.973733,150000.0,2.85,427500.0,10.63,45443.2,0.62,333 (Inferred / Reconnaissance),Low Grade / Country Rock,2.09,671.55,True
BLK-02-X01Y04-B2,MOIL-GM-02,-800.0,-200.0,280.0,30.0,21.389403,78.973733,150000.0,3.45,517500.0,32.64,168912.0,0.76,122 (Indicated Resource),Medium Grade Gondite,2.49,817.05,True
BLK-02-X01Y04-B3,MOIL-GM-02,-800.0,-200.0,265.0,45.0,21.389403,78.973733,150000.0,3.45,517500.0,26.78,138586.5,0.76,122 (Indicated Resource),Medium Grade Gondite,3.41,985.95,True
BLK-02-X01Y04-B4,MOIL-GM-02,-800.0,-200.0,250.0,60.0,21.389403,78.973733,150000.0,3.45,517500.0,31.25,161718.8,0.76,122 (Indicated Resource),Medium Grade Gondite,5.33,1199.85,True
BLK-02-X01Y05-B1,MOIL-GM-02,-800.0,0.0,295.0,15.0,21.3912,78.973733,150000.0,2.85,427500.0,15.9,67972.5,0.62,333 (Inferred / Reconnaissance),Low Grade / Country Rock,2.85,705.75,True
BLK-02-X01Y05-B2,MOIL-GM-02,-800.0,0.0,280.0,30.0,21.3912,78.973733,150000.0,3.45,517500.0,33.84,175122.0,0.76,122 (Indicated Resource),Medium Grade Gondite,3.39,857.55,True
BLK-02-X01Y05-B3,MOIL-GM-02,-800.0,0.0,265.0,45.0,21.3912,78.973733,150000.0,3.45,517500.0,31.01,160476.8,0.76,122 (Indicated Resource),Medium Grade Gondite,4.72,1044.9,True
BLK-02-X01Y05-B4,MOIL-GM-02,-800.0,0.0,250.0,60.0,21.3912,78.973733,150000.0,2.85,427500.0,4.1,17527.5,0.62,333 (Inferred / Reconnaissance),Low Grade / Country Rock,4.77,1174.65,True
BLK-02-X01Y06-B1,MOIL-GM-02,-800.0,200.0,295.0,15.0,21.392997,78.973733,150000.0,2.85,427500.0,14.35,61346.2,0.62,333 (Inferred / Reconnaissance),Low Grade / Country Rock,3.09,716.55,True
BLK-02-X01Y06-B2,MOIL-GM-02,-800.0,200.0,280.0,30.0,21.392997,78.973733,150000.0,2.85,427500.0,16.37,69981.8,0.62,333 (Inferred / Reconnaissance),Low Grade / Country Rock,3.68,870.6,True
BLK-02-X01Y06-B3,MOIL-GM-02,-800.0,200.0,265.0,45.0,21.392997,78.973733,150000.0,3.45,517500.0,33.35,172586.2,0.76,122 (Indicated Resource),Medium Grade Gondite,3.82,1004.4,True
BLK-02-X01Y06-B4,MOIL-GM-02,-800.0,200.0,250.0,60.0,21.392997,78.973733,150000.0,2.85,427500.0,4.1,17527.5,0.62,333 (Inferred / Reconnaissance),Low Grade / Country Rock,3.52,1118.4,True
BLK-02-X01Y07-B1,MOIL-GM-02,-800.0,400.0,295.0,15.0,21.394793,78.973733,150000.0,2.85,427500.0,11.62,49675.5,0.62,333 (Inferred / Reconnaissance),Low Grade / Country Rock,2.12,672.9,True
BLK-02-X01Y07-B2,MOIL-GM-02,-800.0,400.0,280.0,30.0,21.394793,78.973733,150000.0,2.85,427500.0,10.32,44118.0,0.62,333 (Inferred / Reconnaissance),Low Grade / Country Rock,2.8,831.0,True
BLK-02-X01Y07-B3,MOIL-GM-02,-800.0,400.0,265.0,45.0,21.394793,78.973733,150000.0,2.85,427500.0,16.85,72033.8,0.62,333 (Inferred / Reconnaissance),Low Grade / Country Rock,3.47,988.65,True
BLK-02-X01Y07-B4,MOIL-GM-02,-800.0,400.0,250.0,60.0,21.394793,78.973733,150000.0,2.85,427500.0,15.99,68357.2,0.62,333 (Inferred / Reconnaissance),Low Grade / Country Rock,5.31,1198.95,True
BLK-02-X01Y08-B1,MOIL-GM-02,-800.0,600.0,295.0,15.0,21.39659,78.973733,150000.0,2.85,427500.0,10.99,46982.2,0.62,333 (Inferred / Reconnaissance),Low Grade / Country Rock,2.14,673.8,True
BLK-02-X01Y08-B2,MOIL-GM-02,-800.0,600.0,280.0,30.0,21.39659,78.973733,150000.0,2.85,427500.0,14.65,62628.7,0.62,333 (Inferred / Reconnaissance),Low Grade / Country Rock,3.42,858.9,True
BLK-02-X01Y08-B3,MOIL-GM-02,-800.0,600.0,265.0,45.0,21.39659,78.973733,150000.0,2.85,427500.0,8.6,36765.0,0.62,333 (Inferred / Reconnaissance),Low Grade / Country Rock,2.96,965.7,True
BLK-02-X01Y08-B4,MOIL-GM-02,-800.0,600.0,250.0,60.0,21.39659,78.973733,150000.0,2.85,427500.0,7.71,32960.2,0.62,333 (Inferred / Reconnaissance),Low Grade / Country Rock,3.76,1129.2,True
BLK-02-X01Y09-B1,MOIL-GM-02,-800.0,800.0,295.0,15.0,21.398386,78.973733,150000.0,2.85,427500.0,8.13,34755.8,0.62,333 (Inferred / Reconnaissance),Low Grade / Country Rock,1.77,657.15,True
BLK-02-X01Y09-B2,MOIL-GM-02,-800.0,800.0,280.0,30.0,21.398386,78.973733,150000.0,2.85,427500.0,12.93,55275.8,0.62,333 (Inferred / Reconnaissance),Low Grade / Country Rock,3.91,880.95,True
BLK-02-X01Y09-B3,MOIL-GM-02,-800.0,800.0,265.0,45.0,21.398386,78.973733,150000.0,2.85,427500.0,13.6,58140.0,0.62,333 (Inferred / Reconnaissance),Low Grade / Country Rock,4.6,1039.5,True
BLK-02-X01Y09-B4,MOIL-GM-02,-800.0,800.0,250.0,60.0,21.398386,78.973733,150000.0,2.85,427500.0,14.98,64039.5,0.62,333 (Inferred / Reconnaissance),Low Grade / Country Rock,4.96,1183.2,True
BLK-02-X01Y10-B1,MOIL-GM-02,-800.0,1000.0,295.0,15.0,21.400183,78.973733,150000.0,2.85,427500.0,9.8,41895.0,0.62,333 (Inferred / Reconnaissance),Low Grade / Country Rock,1.9,663.0,True
BLK-02-X01Y10-B2,MOIL-GM-02,-800.0,1000.0,280.0,30.0,21.400183,78.973733,150000.0,2.85,427500.0,15.85,67758.8,0.62,333 (Inferred / Reconnaissance),Low Grade / Country Rock,3.81,876.45,True
BLK-02-X01Y10-B3,MOIL-GM-02,-800.0,1000.0,265.0,45.0,21.400183,78.973733,150000.0,2.85,427500.0,10.33,44160.8,0.62,333 (Inferred / Reconnaissance),Low Grade / Country Rock,2.77,957.15,True
BLK-02-X01Y10-B4,MOIL-GM-02,-800.0,1000.0,250.0,60.0,21.400183,78.973733,150000.0,2.85,427500.0,15.1,64552.5,0.62,333 (Inferred / Reconnaissance),Low Grade / Country Rock,4.07,1143.15,True
BLK-02-X02Y00-B1,MOIL-GM-02,-600.0,-1000.0,295.0,15.0,21.382217,78.975675,150000.0,3.95,592500.0,32.82,194458.5,0.88,111 (Measured Resource),High Grade Braunite,1.27,634.65,True
BLK-02-X02Y00-B2,MOIL-GM-02,-600.0,-1000.0,280.0,30.0,21.382217,78.975675,150000.0,3.95,592500.0,36.42,215788.5,0.88,111 (Measured Resource),High Grade Braunite,3.37,856.65,True
BLK-02-X02Y00-B3,MOIL-GM-02,-600.0,-1000.0,265.0,45.0,21.382217,78.975675,150000.0,3.95,592500.0,40.12,237711.0,0.88,111 (Measured Resource),High Grade Braunite,4.58,1038.6,True
BLK-02-X02Y00-B4,MOIL-GM-02,-600.0,-1000.0,250.0,60.0,21.382217,78.975675,150000.0,3.95,592500.0,36.88,218514.0,0.88,111 (Measured Resource),High Grade Braunite,4.08,1143.6,True
BLK-02-X02Y01-B1,MOIL-GM-02,-600.0,-800.0,295.0,15.0,21.384014,78.975675,150000.0,3.95,592500.0,45.02,266743.5,0.88,111 (Measured Resource),High Grade Braunite,1.86,661.2,True
BLK-02-X02Y01-B2,MOIL-GM-02,-600.0,-800.0,280.0,30.0,21.384014,78.975675,150000.0,3.95,592500.0,35.52,210456.0,0.88,111 (Measured Resource),High Grade Braunite,2.33,809.85,True
BLK-02-X02Y01-B3,MOIL-GM-02,-600.0,-800.0,265.0,45.0,21.384014,78.975675,150000.0,3.95,592500.0,40.13,237770.3,0.88,111 (Measured Resource),High Grade Braunite,2.94,964.8,True
BLK-02-X02Y01-B4,MOIL-GM-02,-600.0,-800.0,250.0,60.0,21.384014,78.975675,150000.0,3.95,592500.0,29.3,173602.5,0.88,111 (Measured Resource),High Grade Braunite,4.81,1176.45,True
BLK-02-X02Y02-B1,MOIL-GM-02,-600.0,-600.0,295.0,15.0,21.38581,78.975675,150000.0,3.45,517500.0,27.65,143088.7,0.76,122 (Indicated Resource),Medium Grade Gondite,1.54,646.8,True
BLK-02-X02Y02-B2,MOIL-GM-02,-600.0,-600.0,280.0,30.0,21.38581,78.975675,150000.0,3.95,592500.0,30.87,182904.8,0.88,111 (Measured Resource),High Grade Braunite,3.02,840.9,True
BLK-02-X02Y02-B3,MOIL-GM-02,-600.0,-600.0,265.0,45.0,21.38581,78.975675,150000.0,3.95,592500.0,38.5,228112.5,0.88,111 (Measured Resource),High Grade Braunite,4.25,1023.75,True
BLK-02-X02Y02-B4,MOIL-GM-02,-600.0,-600.0,250.0,60.0,21.38581,78.975675,150000.0,3.95,592500.0,40.85,242036.3,0.88,111 (Measured Resource),High Grade Braunite,3.8,1131.0,True
BLK-02-X02Y03-B1,MOIL-GM-02,-600.0,-400.0,295.0,15.0,21.387607,78.975675,150000.0,3.45,517500.0,33.3,172327.5,0.76,122 (Indicated Resource),Medium Grade Gondite,2.49,689.55,True
BLK-02-X02Y03-B2,MOIL-GM-02,-600.0,-400.0,280.0,30.0,21.387607,78.975675,150000.0,3.95,592500.0,34.91,206841.7,0.88,111 (Measured Resource),High Grade Braunite,3.48,861.6,True
BLK-02-X02Y03-B3,MOIL-GM-02,-600.0,-400.0,265.0,45.0,21.387607,78.975675,150000.0,3.95,592500.0,37.96,224913.0,0.88,111 (Measured Resource),High Grade Braunite,4.31,1026.45,True
BLK-02-X02Y03-B4,MOIL-GM-02,-600.0,-400.0,250.0,60.0,21.387607,78.975675,150000.0,3.45,517500.0,26.77,138534.8,0.76,122 (Indicated Resource),Medium Grade Gondite,4.27,1152.15,True
BLK-02-X02Y04-B1,MOIL-GM-02,-600.0,-200.0,295.0,15.0,21.389403,78.975675,150000.0,3.45,517500.0,29.89,154680.8,0.76,122 (Indicated Resource),Medium Grade Gondite,1.44,642.3,True
BLK-02-X02Y04-B2,MOIL-GM-02,-600.0,-200.0,280.0,30.0,21.389403,78.975675,150000.0,3.45,517500.0,30.83,159545.2,0.76,122 (Indicated Resource),Medium Grade Gondite,2.09,799.05,True
BLK-02-X02Y04-B3,MOIL-GM-02,-600.0,-200.0,265.0,45.0,21.389403,78.975675,150000.0,3.95,592500.0,37.77,223787.3,0.88,111 (Measured Resource),High Grade Braunite,2.95,965.25,True
BLK-02-X02Y04-B4,MOIL-GM-02,-600.0,-200.0,250.0,60.0,21.389403,78.975675,150000.0,3.45,517500.0,33.66,174190.5,0.76,122 (Indicated Resource),Medium Grade Gondite,5.24,1195.8,True
BLK-02-X02Y05-B1,MOIL-GM-02,-600.0,0.0,295.0,15.0,21.3912,78.975675,150000.0,3.45,517500.0,29.52,152766.0,0.76,122 (Indicated Resource),Medium Grade Gondite,2.89,707.55,True
BLK-02-X02Y05-B2,MOIL-GM-02,-600.0,0.0,280.0,30.0,21.3912,78.975675,150000.0,3.45,517500.0,32.65,168963.8,0.76,122 (Indicated Resource),Medium Grade Gondite,2.52,818.4,True
BLK-02-X02Y05-B3,MOIL-GM-02,-600.0,0.0,265.0,45.0,21.3912,78.975675,150000.0,3.45,517500.0,32.19,166583.2,0.76,122 (Indicated Resource),Medium Grade Gondite,3.14,973.8,True
BLK-02-X02Y05-B4,MOIL-GM-02,-600.0,0.0,250.0,60.0,21.3912,78.975675,150000.0,3.45,517500.0,26.96,139518.0,0.76,122 (Indicated Resource),Medium Grade Gondite,4.62,1167.9,True
BLK-02-X02Y06-B1,MOIL-GM-02,-600.0,200.0,295.0,15.0,21.392997,78.975675,150000.0,2.85,427500.0,13.99,59807.2,0.62,333 (Inferred / Reconnaissance),Low Grade / Country Rock,1.31,636.45,True
BLK-02-X02Y06-B2,MOIL-GM-02,-600.0,200.0,280.0,30.0,21.392997,78.975675,150000.0,3.45,517500.0,25.49,131910.7,0.76,122 (Indicated Resource),Medium Grade Gondite,3.22,849.9,True
BLK-02-X02Y06-B3,MOIL-GM-02,-600.0,200.0,265.0,45.0,21.392997,78.975675,150000.0,3.45,517500.0,26.29,136050.7,0.76,122 (Indicated Resource),Medium Grade Gondite,4.3,1026.0,True
BLK-02-X02Y06-B4,MOIL-GM-02,-600.0,200.0,250.0,60.0,21.392997,78.975675,150000.0,3.45,517500.0,29.82,154318.5,0.76,122 (Indicated Resource),Medium Grade Gondite,3.97,1138.65,True
BLK-02-X02Y07-B1,MOIL-GM-02,-600.0,400.0,295.0,15.0,21.394793,78.975675,150000.0,2.85,427500.0,6.04,25821.0,0.62,333 (Inferred / Reconnaissance),Low Grade / Country Rock,2.51,690.45,True
BLK-02-X02Y07-B2,MOIL-GM-02,-600.0,400.0,280.0,30.0,21.394793,78.975675,150000.0,3.45,517500.0,27.41,141846.8,0.76,122 (Indicated Resource),Medium Grade Gondite,2.34,810.3,True
BLK-02-X02Y07-B3,MOIL-GM-02,-600.0,400.0,265.0,45.0,21.394793,78.975675,150000.0,3.45,517500.0,25.92,134136.0,0.76,122 (Indicated Resource),Medium Grade Gondite,3.36,983.7,True
BLK-02-X02Y07-B4,MOIL-GM-02,-600.0,400.0,250.0,60.0,21.394793,78.975675,150000.0,2.85,427500.0,5.51,23555.2,0.62,333 (Inferred / Reconnaissance),Low Grade / Country Rock,4.59,1166.55,True
BLK-02-X02Y08-B1,MOIL-GM-02,-600.0,600.0,295.0,15.0,21.39659,78.975675,150000.0,2.85,427500.0,14.69,62799.8,0.62,333 (Inferred / Reconnaissance),Low Grade / Country Rock,2.4,685.5,True
BLK-02-X02Y08-B2,MOIL-GM-02,-600.0,600.0,280.0,30.0,21.39659,78.975675,150000.0,2.85,427500.0,15.57,66561.8,0.62,333 (Inferred / Reconnaissance),Low Grade / Country Rock,2.26,806.7,True
BLK-02-X02Y08-B3,MOIL-GM-02,-600.0,600.0,265.0,45.0,21.39659,78.975675,150000.0,2.85,427500.0,10.1,43177.5,0.62,333 (Inferred / Reconnaissance),Low Grade / Country Rock,3.97,1011.15,True
BLK-02-X02Y08-B4,MOIL-GM-02,-600.0,600.0,250.0,60.0,21.39659,78.975675,150000.0,2.85,427500.0,13.46,57541.5,0.62,333 (Inferred / Reconnaissance),Low Grade / Country Rock,4.89,1180.05,True
BLK-02-X02Y09-B1,MOIL-GM-02,-600.0,800.0,295.0,15.0,21.398386,78.975675,150000.0,2.85,427500.0,14.21,60747.8,0.62,333 (Inferred / Reconnaissance),Low Grade / Country Rock,2.55,692.25,True
BLK-02-X02Y09-B2,MOIL-GM-02,-600.0,800.0,280.0,30.0,21.398386,78.975675,150000.0,2.85,427500.0,5.32,22743.0,0.62,333 (Inferred / Reconnaissance),Low Grade / Country Rock,3.39,857.55,True
BLK-02-X02Y09-B3,MOIL-GM-02,-600.0,800.0,265.0,45.0,21.398386,78.975675,150000.0,2.85,427500.0,14.15,60491.3,0.62,333 (Inferred / Reconnaissance),Low Grade / Country Rock,4.74,1045.8,True
BLK-02-X02Y09-B4,MOIL-GM-02,-600.0,800.0,250.0,60.0,21.398386,78.975675,150000.0,2.85,427500.0,13.71,58610.2,0.62,333 (Inferred / Reconnaissance),Low Grade / Country Rock,4.87,1179.15,True
BLK-02-X02Y10-B1,MOIL-GM-02,-600.0,1000.0,295.0,15.0,21.400183,78.975675,150000.0,2.85,427500.0,11.21,47922.8,0.62,333 (Inferred / Reconnaissance),Low Grade / Country Rock,2.99,712.05,True
BLK-02-X02Y10-B2,MOIL-GM-02,-600.0,1000.0,280.0,30.0,21.400183,78.975675,150000.0,2.85,427500.0,17.96,76779.0,0.62,333 (Inferred / Reconnaissance),Low Grade / Country Rock,3.56,865.2,True
BLK-02-X02Y10-B3,MOIL-GM-02,-600.0,1000.0,265.0,45.0,21.400183,78.975675,150000.0,2.85,427500.0,12.58,53779.5,0.62,333 (Inferred / Reconnaissance),Low Grade / Country Rock,2.91,963.45,True
BLK-02-X02Y10-B4,MOIL-GM-02,-600.0,1000.0,250.0,60.0,21.400183,78.975675,150000.0,2.85,427500.0,14.17,60576.8,0.62,333 (Inferred / Reconnaissance),Low Grade / Country Rock,4.92,1181.4,True
BLK-02-X03Y00-B1,MOIL-GM-02,-400.0,-1000.0,295.0,15.0,21.382217,78.977617,150000.0,3.95,592500.0,33.25,197006.2,0.88,111 (Measured Resource),High Grade Braunite,2.8,703.5,True
BLK-02-X03Y00-B2,MOIL-GM-02,-400.0,-1000.0,280.0,30.0,21.382217,78.977617,150000.0,3.95,592500.0,37.17,220232.3,0.88,111 (Measured Resource),High Grade Braunite,2.59,821.55,True
BLK-02-X03Y00-B3,MOIL-GM-02,-400.0,-1000.0,265.0,45.0,21.382217,78.977617,150000.0,3.95,592500.0,33.83,200442.8,0.88,111 (Measured Resource),High Grade Braunite,4.27,1024.65,True
BLK-02-X03Y00-B4,MOIL-GM-02,-400.0,-1000.0,250.0,60.0,21.382217,78.977617,150000.0,3.95,592500.0,38.38,227401.5,0.88,111 (Measured Resource),High Grade Braunite,4.09,1144.05,True
BLK-02-X03Y01-B1,MOIL-GM-02,-400.0,-800.0,295.0,15.0,21.384014,78.977617,150000.0,3.95,592500.0,33.13,196295.3,0.88,111 (Measured Resource),High Grade Braunite,1.27,634.65,True
BLK-02-X03Y01-B2,MOIL-GM-02,-400.0,-800.0,280.0,30.0,21.384014,78.977617,150000.0,3.95,592500.0,33.83,200442.8,0.88,111 (Measured Resource),High Grade Braunite,3.32,854.4,True
BLK-02-X03Y01-B3,MOIL-GM-02,-400.0,-800.0,265.0,45.0,21.384014,78.977617,150000.0,3.95,592500.0,37.02,219343.5,0.88,111 (Measured Resource),High Grade Braunite,4.6,1039.5,True
BLK-02-X03Y01-B4,MOIL-GM-02,-400.0,-800.0,250.0,60.0,21.384014,78.977617,150000.0,3.95,592500.0,34.72,205716.0,0.88,111 (Measured Resource),High Grade Braunite,5.3,1198.5,True
BLK-02-X03Y02-B1,MOIL-GM-02,-400.0,-600.0,295.0,15.0,21.38581,78.977617,150000.0,3.95,592500.0,39.32,232971.0,0.88,111 (Measured Resource),High Grade Braunite,2.82,704.4,True
BLK-02-X03Y02-B2,MOIL-GM-02,-400.0,-600.0,280.0,30.0,21.38581,78.977617,150000.0,3.95,592500.0,35.76,211878.0,0.88,111 (Measured Resource),High Grade Braunite,2.67,825.15,True
BLK-02-X03Y02-B3,MOIL-GM-02,-400.0,-600.0,265.0,45.0,21.38581,78.977617,150000.0,3.95,592500.0,34.18,202516.5,0.88,111 (Measured Resource),High Grade Braunite,4.32,1026.9,True
BLK-02-X03Y02-B4,MOIL-GM-02,-400.0,-600.0,250.0,60.0,21.38581,78.977617,150000.0,3.95,592500.0,40.95,242628.8,0.88,111 (Measured Resource),High Grade Braunite,4.7,1171.5,True
BLK-02-X03Y03-B1,MOIL-GM-02,-400.0,-400.0,295.0,15.0,21.387607,78.977617,150000.0,3.95,592500.0,33.89,200798.2,0.88,111 (Measured Resource),High Grade Braunite,3.2,721.5,True
BLK-02-X03Y03-B2,MOIL-GM-02,-400.0,-400.0,280.0,30.0,21.387607,78.977617,150000.0,3.95,592500.0,35.88,212589.0,0.88,111 (Measured Resource),High Grade Braunite,3.45,860.25,True
BLK-02-X03Y03-B3,MOIL-GM-02,-400.0,-400.0,265.0,45.0,21.387607,78.977617,150000.0,3.95,592500.0,38.11,225801.8,0.88,111 (Measured Resource),High Grade Braunite,4.41,1030.95,True
BLK-02-X03Y03-B4,MOIL-GM-02,-400.0,-400.0,250.0,60.0,21.387607,78.977617,150000.0,3.95,592500.0,33.22,196828.5,0.88,111 (Measured Resource),High Grade Braunite,4.37,1156.65,True
BLK-02-X03Y04-B1,MOIL-GM-02,-400.0,-200.0,295.0,15.0,21.389403,78.977617,150000.0,3.45,517500.0,24.03,124355.2,0.76,122 (Indicated Resource),Medium Grade Gondite,2.24,678.3,True
BLK-02-X03Y04-B2,MOIL-GM-02,-400.0,-200.0,280.0,30.0,21.389403,78.977617,150000.0,3.95,592500.0,32.92,195051.0,0.88,111 (Measured Resource),High Grade Braunite,3.33,854.85,True
BLK-02-X03Y04-B3,MOIL-GM-02,-400.0,-200.0,265.0,45.0,21.389403,78.977617,150000.0,3.95,592500.0,42.08,249324.0,0.88,111 (Measured Resource),High Grade Braunite,2.88,962.1,True
BLK-02-X03Y04-B4,MOIL-GM-02,-400.0,-200.0,250.0,60.0,21.389403,78.977617,150000.0,3.95,592500.0,36.11,213951.8,0.88,111 (Measured Resource),High Grade Braunite,5.25,1196.25,True
BLK-02-X03Y05-B1,MOIL-GM-02,-400.0,0.0,295.0,15.0,21.3912,78.977617,150000.0,3.45,517500.0,33.27,172172.3,0.76,122 (Indicated Resource),Medium Grade Gondite,2.49,689.55,True
BLK-02-X03Y05-B2,MOIL-GM-02,-400.0,0.0,280.0,30.0,21.3912,78.977617,150000.0,3.95,592500.0,35.39,209685.8,0.88,111 (Measured Resource),High Grade Braunite,2.82,831.9,True
BLK-02-X03Y05-B3,MOIL-GM-02,-400.0,0.0,265.0,45.0,21.3912,78.977617,150000.0,3.95,592500.0,36.84,218277.0,0.88,111 (Measured Resource),High Grade Braunite,3.4,985.5,True
BLK-02-X03Y05-B4,MOIL-GM-02,-400.0,0.0,250.0,60.0,21.3912,78.977617,150000.0,3.45,517500.0,29.03,150230.2,0.76,122 (Indicated Resource),Medium Grade Gondite,4.1,1144.5,True
BLK-02-X03Y06-B1,MOIL-GM-02,-400.0,200.0,295.0,15.0,21.392997,78.977617,150000.0,3.45,517500.0,29.65,153438.8,0.76,122 (Indicated Resource),Medium Grade Gondite,1.98,666.6,True
BLK-02-X03Y06-B2,MOIL-GM-02,-400.0,200.0,280.0,30.0,21.392997,78.977617,150000.0,3.45,517500.0,32.33,167307.8,0.76,122 (Indicated Resource),Medium Grade Gondite,3.27,852.15,True
BLK-02-X03Y06-B3,MOIL-GM-02,-400.0,200.0,265.0,45.0,21.392997,78.977617,150000.0,3.95,592500.0,34.39,203760.8,0.88,111 (Measured Resource),High Grade Braunite,4.44,1032.3,True
BLK-02-X03Y06-B4,MOIL-GM-02,-400.0,200.0,250.0,60.0,21.392997,78.977617,150000.0,3.45,517500.0,26.64,137862.0,0.76,122 (Indicated Resource),Medium Grade Gondite,4.57,1165.65,True
BLK-02-X03Y07-B1,MOIL-GM-02,-400.0,400.0,295.0,15.0,21.394793,78.977617,150000.0,3.45,517500.0,29.79,154163.2,0.76,122 (Indicated Resource),Medium Grade Gondite,1.95,665.25,True
BLK-02-X03Y07-B2,MOIL-GM-02,-400.0,400.0,280.0,30.0,21.394793,78.977617,150000.0,3.45,517500.0,25.53,132117.8,0.76,122 (Indicated Resource),Medium Grade Gondite,2.95,837.75,True
BLK-02-X03Y07-B3,MOIL-GM-02,-400.0,400.0,265.0,45.0,21.394793,78.977617,150000.0,3.45,517500.0,24.58,127201.5,0.76,122 (Indicated Resource),Medium Grade Gondite,3.32,981.9,True
BLK-02-X03Y07-B4,MOIL-GM-02,-400.0,400.0,250.0,60.0,21.394793,78.977617,150000.0,3.45,517500.0,22.74,117679.5,0.76,122 (Indicated Resource),Medium Grade Gondite,4.11,1144.95,True
BLK-02-X03Y08-B1,MOIL-GM-02,-400.0,600.0,295.0,15.0,21.39659,78.977617,150000.0,2.85,427500.0,8.49,36294.8,0.62,333 (Inferred / Reconnaissance),Low Grade / Country Rock,3.17,720.15,True
BLK-02-X03Y08-B2,MOIL-GM-02,-400.0,600.0,280.0,30.0,21.39659,78.977617,150000.0,3.45,517500.0,29.08,150489.0,0.76,122 (Indicated Resource),Medium Grade Gondite,3.57,865.65,True
BLK-02-X03Y08-B3,MOIL-GM-02,-400.0,600.0,265.0,45.0,21.39659,78.977617,150000.0,3.45,517500.0,22.54,116644.5,0.76,122 (Indicated Resource),Medium Grade Gondite,2.96,965.7,True
BLK-02-X03Y08-B4,MOIL-GM-02,-400.0,600.0,250.0,60.0,21.39659,78.977617,150000.0,2.85,427500.0,15.4,65835.0,0.62,333 (Inferred / Reconnaissance),Low Grade / Country Rock,4.75,1173.75,True
BLK-02-X03Y09-B1,MOIL-GM-02,-400.0,800.0,295.0,15.0,21.398386,78.977617,150000.0,2.85,427500.0,6.67,28514.2,0.62,333 (Inferred / Reconnaissance),Low Grade / Country Rock,2.06,670.2,True
BLK-02-X03Y09-B2,MOIL-GM-02,-400.0,800.0,280.0,30.0,21.398386,78.977617,150000.0,3.45,517500.0,28.46,147280.5,0.76,122 (Indicated Resource),Medium Grade Gondite,3.69,871.05,True
BLK-02-X03Y09-B3,MOIL-GM-02,-400.0,800.0,265.0,45.0,21.398386,78.977617,150000.0,3.45,517500.0,22.72,117576.0,0.76,122 (Indicated Resource),Medium Grade Gondite,3.94,1009.8,True
BLK-02-X03Y09-B4,MOIL-GM-02,-400.0,800.0,250.0,60.0,21.398386,78.977617,150000.0,2.85,427500.0,14.04,60021.0,0.62,333 (Inferred / Reconnaissance),Low Grade / Country Rock,5.46,1205.7,True
BLK-02-X03Y10-B1,MOIL-GM-02,-400.0,1000.0,295.0,15.0,21.400183,78.977617,150000.0,2.85,427500.0,15.3,65407.5,0.62,333 (Inferred / Reconnaissance),Low Grade / Country Rock,1.8,658.5,True
BLK-02-X03Y10-B2,MOIL-GM-02,-400.0,1000.0,280.0,30.0,21.400183,78.977617,150000.0,2.85,427500.0,13.93,59550.8,0.62,333 (Inferred / Reconnaissance),Low Grade / Country Rock,3.53,863.85,True
BLK-02-X03Y10-B3,MOIL-GM-02,-400.0,1000.0,265.0,45.0,21.400183,78.977617,150000.0,2.85,427500.0,14.22,60790.5,0.62,333 (Inferred / Reconnaissance),Low Grade / Country Rock,4.39,1030.05,True
BLK-02-X03Y10-B4,MOIL-GM-02,-400.0,1000.0,250.0,60.0,21.400183,78.977617,150000.0,2.85,427500.0,16.65,71178.7,0.62,333 (Inferred / Reconnaissance),Low Grade / Country Rock,3.7,1126.5,True
BLK-02-X04Y00-B1,MOIL-GM-02,-200.0,-1000.0,295.0,15.0,21.382217,78.979558,150000.0,3.45,517500.0,23.26,120370.5,0.76,122 (Indicated Resource),Medium Grade Gondite,2.84,705.3,True
BLK-02-X04Y00-B2,MOIL-GM-02,-200.0,-1000.0,280.0,30.0,21.382217,78.979558,150000.0,3.95,592500.0,33.05,195821.2,0.88,111 (Measured Resource),High Grade Braunite,2.5,817.5,True
BLK-02-X04Y00-B3,MOIL-GM-02,-200.0,-1000.0,265.0,45.0,21.382217,78.979558,150000.0,3.95,592500.0,35.81,212174.3,0.88,111 (Measured Resource),High Grade Braunite,4.39,1030.05,True
BLK-02-X04Y00-B4,MOIL-GM-02,-200.0,-1000.0,250.0,60.0,21.382217,78.979558,150000.0,3.45,517500.0,23.52,121716.0,0.76,122 (Indicated Resource),Medium Grade Gondite,4.84,1177.8,True
BLK-02-X04Y01-B1,MOIL-GM-02,-200.0,-800.0,295.0,15.0,21.384014,78.979558,150000.0,3.45,517500.0,22.04,114057.0,0.76,122 (Indicated Resource),Medium Grade Gondite,1.47,643.65,True
BLK-02-X04Y01-B2,MOIL-GM-02,-200.0,-800.0,280.0,30.0,21.384014,78.979558,150000.0,3.95,592500.0,34.47,204234.8,0.88,111 (Measured Resource),High Grade Braunite,2.7,826.5,True
BLK-02-X04Y01-B3,MOIL-GM-02,-200.0,-800.0,265.0,45.0,21.384014,78.979558,150000.0,3.95,592500.0,37.3,221002.5,0.88,111 (Measured Resource),High Grade Braunite,3.23,977.85,True
BLK-02-X04Y01-B4,MOIL-GM-02,-200.0,-800.0,250.0,60.0,21.384014,78.979558,150000.0,3.95,592500.0,37.77,223787.3,0.88,111 (Measured Resource),High Grade Braunite,4.55,1164.75,True
BLK-02-X04Y02-B1,MOIL-GM-02,-200.0,-600.0,295.0,15.0,21.38581,78.979558,150000.0,3.95,592500.0,34.56,204768.0,0.88,111 (Measured Resource),High Grade Braunite,2.28,680.1,True
BLK-02-X04Y02-B2,MOIL-GM-02,-200.0,-600.0,280.0,30.0,21.38581,78.979558,150000.0,3.95,592500.0,33.84,200502.0,0.88,111 (Measured Resource),High Grade Braunite,3.47,861.15,True
BLK-02-X04Y02-B3,MOIL-GM-02,-200.0,-600.0,265.0,45.0,21.38581,78.979558,150000.0,3.95,592500.0,35.42,209863.5,0.88,111 (Measured Resource),High Grade Braunite,4.6,1039.5,True
BLK-02-X04Y02-B4,MOIL-GM-02,-200.0,-600.0,250.0,60.0,21.38581,78.979558,150000.0,3.95,592500.0,34.64,205242.0,0.88,111 (Measured Resource),High Grade Braunite,4.36,1156.2,True
BLK-02-X04Y03-B1,MOIL-GM-02,-200.0,-400.0,295.0,15.0,21.387607,78.979558,150000.0,3.95,592500.0,31.08,184149.0,0.88,111 (Measured Resource),High Grade Braunite,2.83,704.85,True
BLK-02-X04Y03-B2,MOIL-GM-02,-200.0,-400.0,280.0,30.0,21.387607,78.979558,150000.0,3.95,592500.0,36.84,218277.0,0.88,111 (Measured Resource),High Grade Braunite,2.32,809.4,True
BLK-02-X04Y03-B3,MOIL-GM-02,-200.0,-400.0,265.0,45.0,21.387607,78.979558,150000.0,3.95,592500.0,38.44,227757.0,0.88,111 (Measured Resource),High Grade Braunite,3.62,995.4,True
BLK-02-X04Y03-B4,MOIL-GM-02,-200.0,-400.0,250.0,60.0,21.387607,78.979558,150000.0,3.95,592500.0,34.25,202931.3,0.88,111 (Measured Resource),High Grade Braunite,3.9,1135.5,True
BLK-02-X04Y04-B1,MOIL-GM-02,-200.0,-200.0,295.0,15.0,21.389403,78.979558,150000.0,3.95,592500.0,39.8,235815.0,0.88,111 (Measured Resource),High Grade Braunite,1.5,645.0,True
BLK-02-X04Y04-B2,MOIL-GM-02,-200.0,-200.0,280.0,30.0,21.389403,78.979558,150000.0,3.95,592500.0,38.54,228349.5,0.88,111 (Measured Resource),High Grade Braunite,2.55,819.75,True
BLK-02-X04Y04-B3,MOIL-GM-02,-200.0,-200.0,265.0,45.0,21.389403,78.979558,150000.0,3.95,592500.0,34.63,205182.8,0.88,111 (Measured Resource),High Grade Braunite,4.28,1025.1,True
BLK-02-X04Y04-B4,MOIL-GM-02,-200.0,-200.0,250.0,60.0,21.389403,78.979558,150000.0,3.95,592500.0,32.57,192977.2,0.88,111 (Measured Resource),High Grade Braunite,4.93,1181.85,True
BLK-02-X04Y05-B1,MOIL-GM-02,-200.0,0.0,295.0,15.0,21.3912,78.979558,150000.0,3.95,592500.0,35.12,208086.0,0.88,111 (Measured Resource),High Grade Braunite,1.79,658.05,True
BLK-02-X04Y05-B2,MOIL-GM-02,-200.0,0.0,280.0,30.0,21.3912,78.979558,150000.0,3.95,592500.0,34.8,206190.0,0.88,111 (Measured Resource),High Grade Braunite,2.29,808.05,True
BLK-02-X04Y05-B3,MOIL-GM-02,-200.0,0.0,265.0,45.0,21.3912,78.979558,150000.0,3.95,592500.0,34.14,202279.5,0.88,111 (Measured Resource),High Grade Braunite,4.25,1023.75,True
BLK-02-X04Y05-B4,MOIL-GM-02,-200.0,0.0,250.0,60.0,21.3912,78.979558,150000.0,3.95,592500.0,35.77,211937.2,0.88,111 (Measured Resource),High Grade Braunite,5.08,1188.6,True
BLK-02-X04Y06-B1,MOIL-GM-02,-200.0,200.0,295.0,15.0,21.392997,78.979558,150000.0,3.45,517500.0,28.89,149505.8,0.76,122 (Indicated Resource),Medium Grade Gondite,1.43,641.85,True
BLK-02-X04Y06-B2,MOIL-GM-02,-200.0,200.0,280.0,30.0,21.392997,78.979558,150000.0,3.95,592500.0,38.01,225209.2,0.88,111 (Measured Resource),High Grade Braunite,3.68,870.6,True
BLK-02-X04Y06-B3,MOIL-GM-02,-200.0,200.0,265.0,45.0,21.392997,78.979558,150000.0,3.95,592500.0,33.57,198902.2,0.88,111 (Measured Resource),High Grade Braunite,3.83,1004.85,True
BLK-02-X04Y06-B4,MOIL-GM-02,-200.0,200.0,250.0,60.0,21.392997,78.979558,150000.0,3.95,592500.0,35.51,210396.7,0.88,111 (Measured Resource),High Grade Braunite,4.52,1163.4,True
BLK-02-X04Y07-B1,MOIL-GM-02,-200.0,400.0,295.0,15.0,21.394793,78.979558,150000.0,3.45,517500.0,26.81,138741.8,0.76,122 (Indicated Resource),Medium Grade Gondite,3.11,717.45,True
BLK-02-X04Y07-B2,MOIL-GM-02,-200.0,400.0,280.0,30.0,21.394793,78.979558,150000.0,3.95,592500.0,30.55,181008.8,0.88,111 (Measured Resource),High Grade Braunite,3.49,862.05,True
BLK-02-X04Y07-B3,MOIL-GM-02,-200.0,400.0,265.0,45.0,21.394793,78.979558,150000.0,3.95,592500.0,37.57,222602.2,0.88,111 (Measured Resource),High Grade Braunite,4.13,1018.35,True
BLK-02-X04Y07-B4,MOIL-GM-02,-200.0,400.0,250.0,60.0,21.394793,78.979558,150000.0,3.45,517500.0,23.68,122544.0,0.76,122 (Indicated Resource),Medium Grade Gondite,4.22,1149.9,True
BLK-02-X04Y08-B1,MOIL-GM-02,-200.0,600.0,295.0,15.0,21.39659,78.979558,150000.0,3.45,517500.0,32.87,170102.2,0.76,122 (Indicated Resource),Medium Grade Gondite,2.38,684.6,True
BLK-02-X04Y08-B2,MOIL-GM-02,-200.0,600.0,280.0,30.0,21.39659,78.979558,150000.0,3.45,517500.0,24.6,127305.0,0.76,122 (Indicated Resource),Medium Grade Gondite,2.25,806.25,True
BLK-02-X04Y08-B3,MOIL-GM-02,-200.0,600.0,265.0,45.0,21.39659,78.979558,150000.0,3.45,517500.0,28.22,146038.5,0.76,122 (Indicated Resource),Medium Grade Gondite,3.85,1005.75,True
BLK-02-X04Y08-B4,MOIL-GM-02,-200.0,600.0,250.0,60.0,21.39659,78.979558,150000.0,3.45,517500.0,26.01,134601.8,0.76,122 (Indicated Resource),Medium Grade Gondite,4.76,1174.2,True
BLK-02-X04Y09-B1,MOIL-GM-02,-200.0,800.0,295.0,15.0,21.398386,78.979558,150000.0,2.85,427500.0,4.96,21204.0,0.62,333 (Inferred / Reconnaissance),Low Grade / Country Rock,1.54,646.8,True
BLK-02-X04Y09-B2,MOIL-GM-02,-200.0,800.0,280.0,30.0,21.398386,78.979558,150000.0,3.45,517500.0,28.56,147798.0,0.76,122 (Indicated Resource),Medium Grade Gondite,2.12,800.4,True
BLK-02-X04Y09-B3,MOIL-GM-02,-200.0,800.0,265.0,45.0,21.398386,78.979558,150000.0,3.45,517500.0,32.57,168549.8,0.76,122 (Indicated Resource),Medium Grade Gondite,3.03,968.85,True
BLK-02-X04Y09-B4,MOIL-GM-02,-200.0,800.0,250.0,60.0,21.398386,78.979558,150000.0,3.45,517500.0,30.09,155715.8,0.76,122 (Indicated Resource),Medium Grade Gondite,4.28,1152.6,True
BLK-02-X04Y10-B1,MOIL-GM-02,-200.0,1000.0,295.0,15.0,21.400183,78.979558,150000.0,2.85,427500.0,9.6,41040.0,0.62,333 (Inferred / Reconnaissance),Low Grade / Country Rock,2.78,702.6,True
BLK-02-X04Y10-B2,MOIL-GM-02,-200.0,1000.0,280.0,30.0,21.400183,78.979558,150000.0,3.45,517500.0,27.99,144848.2,0.76,122 (Indicated Resource),Medium Grade Gondite,3.45,860.25,True
BLK-02-X04Y10-B3,MOIL-GM-02,-200.0,1000.0,265.0,45.0,21.400183,78.979558,150000.0,3.45,517500.0,28.06,145210.5,0.76,122 (Indicated Resource),Medium Grade Gondite,3.94,1009.8,True
BLK-02-X04Y10-B4,MOIL-GM-02,-200.0,1000.0,250.0,60.0,21.400183,78.979558,150000.0,2.85,427500.0,14.65,62628.7,0.62,333 (Inferred / Reconnaissance),Low Grade / Country Rock,4.71,1171.95,True
BLK-02-X05Y00-B1,MOIL-GM-02,0.0,-1000.0,295.0,15.0,21.382217,78.9815,150000.0,3.45,517500.0,29.39,152093.2,0.76,122 (Indicated Resource),Medium Grade Gondite,2.83,704.85,True
BLK-02-X05Y00-B2,MOIL-GM-02,0.0,-1000.0,280.0,30.0,21.382217,78.9815,150000.0,3.45,517500.0,33.39,172793.3,0.76,122 (Indicated Resource),Medium Grade Gondite,2.75,828.75,True
BLK-02-X05Y00-B3,MOIL-GM-02,0.0,-1000.0,265.0,45.0,21.382217,78.9815,150000.0,3.45,517500.0,28.93,149712.8,0.76,122 (Indicated Resource),Medium Grade Gondite,2.92,963.9,True
BLK-02-X05Y00-B4,MOIL-GM-02,0.0,-1000.0,250.0,60.0,21.382217,78.9815,150000.0,3.45,517500.0,26.31,136154.2,0.76,122 (Indicated Resource),Medium Grade Gondite,4.32,1154.4,True
BLK-02-X05Y01-B1,MOIL-GM-02,0.0,-800.0,295.0,15.0,21.384014,78.9815,150000.0,3.45,517500.0,32.02,165703.5,0.76,122 (Indicated Resource),Medium Grade Gondite,2.28,680.1,True
BLK-02-X05Y01-B2,MOIL-GM-02,0.0,-800.0,280.0,30.0,21.384014,78.9815,150000.0,3.95,592500.0,32.06,189955.5,0.88,111 (Measured Resource),High Grade Braunite,3.46,860.7,True
BLK-02-X05Y01-B3,MOIL-GM-02,0.0,-800.0,265.0,45.0,21.384014,78.9815,150000.0,3.95,592500.0,36.12,214011.0,0.88,111 (Measured Resource),High Grade Braunite,4.55,1037.25,True
BLK-02-X05Y01-B4,MOIL-GM-02,0.0,-800.0,250.0,60.0,21.384014,78.9815,150000.0,3.45,517500.0,24.69,127770.8,0.76,122 (Indicated Resource),Medium Grade Gondite,3.56,1120.2,True
BLK-02-X05Y02-B1,MOIL-GM-02,0.0,-600.0,295.0,15.0,21.38581,78.9815,150000.0,3.45,517500.0,27.2,140760.0,0.76,122 (Indicated Resource),Medium Grade Gondite,2.66,697.2,True
BLK-02-X05Y02-B2,MOIL-GM-02,0.0,-600.0,280.0,30.0,21.38581,78.9815,150000.0,3.95,592500.0,35.14,208204.5,0.88,111 (Measured Resource),High Grade Braunite,2.91,835.95,True
BLK-02-X05Y02-B3,MOIL-GM-02,0.0,-600.0,265.0,45.0,21.38581,78.9815,150000.0,3.95,592500.0,41.79,247605.8,0.88,111 (Measured Resource),High Grade Braunite,3.26,979.2,True
BLK-02-X05Y02-B4,MOIL-GM-02,0.0,-600.0,250.0,60.0,21.38581,78.9815,150000.0,3.45,517500.0,31.02,160528.5,0.76,122 (Indicated Resource),Medium Grade Gondite,3.81,1131.45,True
BLK-02-X05Y03-B1,MOIL-GM-02,0.0,-400.0,295.0,15.0,21.387607,78.9815,150000.0,3.95,592500.0,34.88,206664.0,0.88,111 (Measured Resource),High Grade Braunite,2.04,669.3,True
BLK-02-X05Y03-B2,MOIL-GM-02,0.0,-400.0,280.0,30.0,21.387607,78.9815,150000.0,3.95,592500.0,39.06,231430.5,0.88,111 (Measured Resource),High Grade Braunite,3.58,866.1,True
BLK-02-X05Y03-B3,MOIL-GM-02,0.0,-400.0,265.0,45.0,21.387607,78.9815,150000.0,3.95,592500.0,37.56,222543.0,0.88,111 (Measured Resource),High Grade Braunite,4.19,1021.05,True
BLK-02-X05Y03-B4,MOIL-GM-02,0.0,-400.0,250.0,60.0,21.387607,78.9815,150000.0,3.95,592500.0,33.77,200087.3,0.88,111 (Measured Resource),High Grade Braunite,3.93,1136.85,True
BLK-02-X05Y04-B1,MOIL-GM-02,0.0,-200.0,295.0,15.0,21.389403,78.9815,150000.0,3.95,592500.0,35.29,209093.2,0.88,111 (Measured Resource),High Grade Braunite,2.98,711.6,True
BLK-02-X05Y04-B2,MOIL-GM-02,0.0,-200.0,280.0,30.0,21.389403,78.9815,150000.0,3.95,592500.0,36.39,215610.8,0.88,111 (Measured Resource),High Grade Braunite,3.3,853.5,True
BLK-02-X05Y04-B3,MOIL-GM-02,0.0,-200.0,265.0,45.0,21.389403,78.9815,150000.0,3.95,592500.0,33.96,201213.0,0.88,111 (Measured Resource),High Grade Braunite,4.17,1020.15,True
BLK-02-X05Y04-B4,MOIL-GM-02,0.0,-200.0,250.0,60.0,21.389403,78.9815,150000.0,3.95,592500.0,39.66,234985.5,0.88,111 (Measured Resource),High Grade Braunite,4.22,1149.9,True
BLK-02-X05Y05-B1,MOIL-GM-02,0.0,0.0,295.0,15.0,21.3912,78.9815,150000.0,3.95,592500.0,38.05,225446.2,0.88,111 (Measured Resource),High Grade Braunite,1.61,649.95,True
BLK-02-X05Y05-B2,MOIL-GM-02,0.0,0.0,280.0,30.0,21.3912,78.9815,150000.0,3.95,592500.0,34.24,202872.0,0.88,111 (Measured Resource),High Grade Braunite,2.64,823.8,True
BLK-02-X05Y05-B3,MOIL-GM-02,0.0,0.0,265.0,45.0,21.3912,78.9815,150000.0,3.95,592500.0,35.48,210219.0,0.88,111 (Measured Resource),High Grade Braunite,4.01,1012.95,True
BLK-02-X05Y05-B4,MOIL-GM-02,0.0,0.0,250.0,60.0,21.3912,78.9815,150000.0,3.95,592500.0,34.57,204827.2,0.88,111 (Measured Resource),High Grade Braunite,3.89,1135.05,True
BLK-02-X05Y06-B1,MOIL-GM-02,0.0,200.0,295.0,15.0,21.392997,78.9815,150000.0,3.95,592500.0,35.1,207967.5,0.88,111 (Measured Resource),High Grade Braunite,3.19,721.05,True
BLK-02-X05Y06-B2,MOIL-GM-02,0.0,200.0,280.0,30.0,21.392997,78.9815,150000.0,3.95,592500.0,32.52,192681.0,0.88,111 (Measured Resource),High Grade Braunite,3.68,870.6,True
BLK-02-X05Y06-B3,MOIL-GM-02,0.0,200.0,265.0,45.0,21.392997,78.9815,150000.0,3.95,592500.0,36.77,217862.3,0.88,111 (Measured Resource),High Grade Braunite,3.54,991.8,True
BLK-02-X05Y06-B4,MOIL-GM-02,0.0,200.0,250.0,60.0,21.392997,78.9815,150000.0,3.95,592500.0,35.43,209922.8,0.88,111 (Measured Resource),High Grade Braunite,4.29,1153.05,True
BLK-02-X05Y07-B1,MOIL-GM-02,0.0,400.0,295.0,15.0,21.394793,78.9815,150000.0,3.95,592500.0,37.49,222128.2,0.88,111 (Measured Resource),High Grade Braunite,2.26,679.2,True
BLK-02-X05Y07-B2,MOIL-GM-02,0.0,400.0,280.0,30.0,21.394793,78.9815,150000.0,3.95,592500.0,32.18,190666.5,0.88,111 (Measured Resource),High Grade Braunite,2.81,831.45,True
BLK-02-X05Y07-B3,MOIL-GM-02,0.0,400.0,265.0,45.0,21.394793,78.9815,150000.0,3.95,592500.0,37.27,220824.8,0.88,111 (Measured Resource),High Grade Braunite,4.7,1044.0,True
BLK-02-X05Y07-B4,MOIL-GM-02,0.0,400.0,250.0,60.0,21.394793,78.9815,150000.0,3.95,592500.0,39.92,236526.0,0.88,111 (Measured Resource),High Grade Braunite,4.4,1158.0,True
BLK-02-X05Y08-B1,MOIL-GM-02,0.0,600.0,295.0,15.0,21.39659,78.9815,150000.0,3.45,517500.0,28.38,146866.5,0.76,122 (Indicated Resource),Medium Grade Gondite,2.11,672.45,True
BLK-02-X05Y08-B2,MOIL-GM-02,0.0,600.0,280.0,30.0,21.39659,78.9815,150000.0,3.95,592500.0,37.63,222957.8,0.88,111 (Measured Resource),High Grade Braunite,3.41,858.45,True
BLK-02-X05Y08-B3,MOIL-GM-02,0.0,600.0,265.0,45.0,21.39659,78.9815,150000.0,3.95,592500.0,36.27,214899.8,0.88,111 (Measured Resource),High Grade Braunite,3.71,999.45,True
BLK-02-X05Y08-B4,MOIL-GM-02,0.0,600.0,250.0,60.0,21.39659,78.9815,150000.0,3.45,517500.0,26.08,134964.0,0.76,122 (Indicated Resource),Medium Grade Gondite,3.85,1133.25,True
BLK-02-X05Y09-B1,MOIL-GM-02,0.0,800.0,295.0,15.0,21.398386,78.9815,150000.0,3.45,517500.0,33.27,172172.3,0.76,122 (Indicated Resource),Medium Grade Gondite,1.88,662.1,True
BLK-02-X05Y09-B2,MOIL-GM-02,0.0,800.0,280.0,30.0,21.398386,78.9815,150000.0,3.95,592500.0,39.52,234156.0,0.88,111 (Measured Resource),High Grade Braunite,3.6,867.0,True
BLK-02-X05Y09-B3,MOIL-GM-02,0.0,800.0,265.0,45.0,21.398386,78.9815,150000.0,3.95,592500.0,38.76,229653.0,0.88,111 (Measured Resource),High Grade Braunite,4.62,1040.4,True
BLK-02-X05Y09-B4,MOIL-GM-02,0.0,800.0,250.0,60.0,21.398386,78.9815,150000.0,3.45,517500.0,29.48,152559.0,0.76,122 (Indicated Resource),Medium Grade Gondite,5.3,1198.5,True
BLK-02-X05Y10-B1,MOIL-GM-02,0.0,1000.0,295.0,15.0,21.400183,78.9815,150000.0,3.45,517500.0,24.01,124251.8,0.76,122 (Indicated Resource),Medium Grade Gondite,2.5,690.0,True
BLK-02-X05Y10-B2,MOIL-GM-02,0.0,1000.0,280.0,30.0,21.400183,78.9815,150000.0,3.45,517500.0,31.27,161822.2,0.76,122 (Indicated Resource),Medium Grade Gondite,2.54,819.3,True
BLK-02-X05Y10-B3,MOIL-GM-02,0.0,1000.0,265.0,45.0,21.400183,78.9815,150000.0,3.45,517500.0,30.89,159855.8,0.76,122 (Indicated Resource),Medium Grade Gondite,4.31,1026.45,True
BLK-02-X05Y10-B4,MOIL-GM-02,0.0,1000.0,250.0,60.0,21.400183,78.9815,150000.0,3.45,517500.0,31.97,165444.8,0.76,122 (Indicated Resource),Medium Grade Gondite,4.13,1145.85,True
BLK-02-X06Y00-B1,MOIL-GM-02,200.0,-1000.0,295.0,15.0,21.382217,78.983442,150000.0,2.85,427500.0,13.54,57883.5,0.62,333 (Inferred / Reconnaissance),Low Grade / Country Rock,1.86,661.2,True
BLK-02-X06Y00-B2,MOIL-GM-02,200.0,-1000.0,280.0,30.0,21.382217,78.983442,150000.0,3.45,517500.0,30.87,159752.3,0.76,122 (Indicated Resource),Medium Grade Gondite,2.93,836.85,True
BLK-02-X06Y00-B3,MOIL-GM-02,200.0,-1000.0,265.0,45.0,21.382217,78.983442,150000.0,3.45,517500.0,29.17,150954.8,0.76,122 (Indicated Resource),Medium Grade Gondite,3.58,993.6,True
BLK-02-X06Y00-B4,MOIL-GM-02,200.0,-1000.0,250.0,60.0,21.382217,78.983442,150000.0,2.85,427500.0,6.27,26804.2,0.62,333 (Inferred / Reconnaissance),Low Grade / Country Rock,3.86,1133.7,True
BLK-02-X06Y01-B1,MOIL-GM-02,200.0,-800.0,295.0,15.0,21.384014,78.983442,150000.0,2.85,427500.0,5.09,21759.8,0.62,333 (Inferred / Reconnaissance),Low Grade / Country Rock,2.49,689.55,True
BLK-02-X06Y01-B2,MOIL-GM-02,200.0,-800.0,280.0,30.0,21.384014,78.983442,150000.0,3.45,517500.0,32.18,166531.5,0.76,122 (Indicated Resource),Medium Grade Gondite,2.04,796.8,True
BLK-02-X06Y01-B3,MOIL-GM-02,200.0,-800.0,265.0,45.0,21.384014,78.983442,150000.0,3.45,517500.0,22.79,117938.2,0.76,122 (Indicated Resource),Medium Grade Gondite,3.66,997.2,True
BLK-02-X06Y01-B4,MOIL-GM-02,200.0,-800.0,250.0,60.0,21.384014,78.983442,150000.0,3.45,517500.0,30.85,159648.8,0.76,122 (Indicated Resource),Medium Grade Gondite,3.82,1131.9,True
BLK-02-X06Y02-B1,MOIL-GM-02,200.0,-600.0,295.0,15.0,21.38581,78.983442,150000.0,3.45,517500.0,25.26,130720.5,0.76,122 (Indicated Resource),Medium Grade Gondite,1.71,654.45,True
BLK-02-X06Y02-B2,MOIL-GM-02,200.0,-600.0,280.0,30.0,21.38581,78.983442,150000.0,3.45,517500.0,26.79,138638.2,0.76,122 (Indicated Resource),Medium Grade Gondite,2.45,815.25,True
BLK-02-X06Y02-B3,MOIL-GM-02,200.0,-600.0,265.0,45.0,21.38581,78.983442,150000.0,3.45,517500.0,26.23,135740.2,0.76,122 (Indicated Resource),Medium Grade Gondite,4.21,1021.95,True
BLK-02-X06Y02-B4,MOIL-GM-02,200.0,-600.0,250.0,60.0,21.38581,78.983442,150000.0,3.45,517500.0,29.33,151782.8,0.76,122 (Indicated Resource),Medium Grade Gondite,3.66,1124.7,True
BLK-02-X06Y03-B1,MOIL-GM-02,200.0,-400.0,295.0,15.0,21.387607,78.983442,150000.0,3.45,517500.0,29.65,153438.8,0.76,122 (Indicated Resource),Medium Grade Gondite,2.2,676.5,True
BLK-02-X06Y03-B2,MOIL-GM-02,200.0,-400.0,280.0,30.0,21.387607,78.983442,150000.0,3.95,592500.0,38.09,225683.2,0.88,111 (Measured Resource),High Grade Braunite,3.87,879.15,True
BLK-02-X06Y03-B3,MOIL-GM-02,200.0,-400.0,265.0,45.0,21.387607,78.983442,150000.0,3.95,592500.0,39.04,231312.0,0.88,111 (Measured Resource),High Grade Braunite,4.21,1021.95,True
BLK-02-X06Y03-B4,MOIL-GM-02,200.0,-400.0,250.0,60.0,21.387607,78.983442,150000.0,3.45,517500.0,24.66,127615.5,0.76,122 (Indicated Resource),Medium Grade Gondite,5.31,1198.95,True
BLK-02-X06Y04-B1,MOIL-GM-02,200.0,-200.0,295.0,15.0,21.389403,78.983442,150000.0,3.45,517500.0,27.89,144330.8,0.76,122 (Indicated Resource),Medium Grade Gondite,2.61,694.95,True
BLK-02-X06Y04-B2,MOIL-GM-02,200.0,-200.0,280.0,30.0,21.389403,78.983442,150000.0,3.95,592500.0,33.55,198783.7,0.88,111 (Measured Resource),High Grade Braunite,2.29,808.05,True
BLK-02-X06Y04-B3,MOIL-GM-02,200.0,-200.0,265.0,45.0,21.389403,78.983442,150000.0,3.95,592500.0,37.73,223550.2,0.88,111 (Measured Resource),High Grade Braunite,3.39,985.05,True
BLK-02-X06Y04-B4,MOIL-GM-02,200.0,-200.0,250.0,60.0,21.389403,78.983442,150000.0,3.95,592500.0,31.9,189007.5,0.88,111 (Measured Resource),High Grade Braunite,4.5,1162.5,True
BLK-02-X06Y05-B1,MOIL-GM-02,200.0,0.0,295.0,15.0,21.3912,78.983442,150000.0,3.95,592500.0,40.32,238896.0,0.88,111 (Measured Resource),High Grade Braunite,2.22,677.4,True
BLK-02-X06Y05-B2,MOIL-GM-02,200.0,0.0,280.0,30.0,21.3912,78.983442,150000.0,3.95,592500.0,32.51,192621.8,0.88,111 (Measured Resource),High Grade Braunite,2.01,795.45,True
BLK-02-X06Y05-B3,MOIL-GM-02,200.0,0.0,265.0,45.0,21.3912,78.983442,150000.0,3.95,592500.0,33.51,198546.7,0.88,111 (Measured Resource),High Grade Braunite,3.43,986.85,True
BLK-02-X06Y05-B4,MOIL-GM-02,200.0,0.0,250.0,60.0,21.3912,78.983442,150000.0,3.95,592500.0,41.38,245176.5,0.88,111 (Measured Resource),High Grade Braunite,3.69,1126.05,True
BLK-02-X06Y06-B1,MOIL-GM-02,200.0,200.0,295.0,15.0,21.392997,78.983442,150000.0,3.95,592500.0,34.27,203049.8,0.88,111 (Measured Resource),High Grade Braunite,3.12,717.9,True
BLK-02-X06Y06-B2,MOIL-GM-02,200.0,200.0,280.0,30.0,21.392997,78.983442,150000.0,3.95,592500.0,34.25,202931.3,0.88,111 (Measured Resource),High Grade Braunite,2.87,834.15,True
BLK-02-X06Y06-B3,MOIL-GM-02,200.0,200.0,265.0,45.0,21.392997,78.983442,150000.0,3.95,592500.0,36.65,217151.2,0.88,111 (Measured Resource),High Grade Braunite,3.12,972.9,True
BLK-02-X06Y06-B4,MOIL-GM-02,200.0,200.0,250.0,60.0,21.392997,78.983442,150000.0,3.95,592500.0,34.08,201924.0,0.88,111 (Measured Resource),High Grade Braunite,4.5,1162.5,True
BLK-02-X06Y07-B1,MOIL-GM-02,200.0,400.0,295.0,15.0,21.394793,78.983442,150000.0,3.95,592500.0,39.51,234096.8,0.88,111 (Measured Resource),High Grade Braunite,1.89,662.55,True
BLK-02-X06Y07-B2,MOIL-GM-02,200.0,400.0,280.0,30.0,21.394793,78.983442,150000.0,3.95,592500.0,34.78,206071.5,0.88,111 (Measured Resource),High Grade Braunite,2.92,836.4,True
BLK-02-X06Y07-B3,MOIL-GM-02,200.0,400.0,265.0,45.0,21.394793,78.983442,150000.0,3.95,592500.0,34.78,206071.5,0.88,111 (Measured Resource),High Grade Braunite,4.34,1027.8,True
BLK-02-X06Y07-B4,MOIL-GM-02,200.0,400.0,250.0,60.0,21.394793,78.983442,150000.0,3.95,592500.0,40.91,242391.7,0.88,111 (Measured Resource),High Grade Braunite,4.82,1176.9,True
BLK-02-X06Y08-B1,MOIL-GM-02,200.0,600.0,295.0,15.0,21.39659,78.983442,150000.0,3.95,592500.0,36.53,216440.2,0.88,111 (Measured Resource),High Grade Braunite,3.18,720.6,True
BLK-02-X06Y08-B2,MOIL-GM-02,200.0,600.0,280.0,30.0,21.39659,78.983442,150000.0,3.95,592500.0,28.86,170995.5,0.88,111 (Measured Resource),High Grade Braunite,3.32,854.4,True
BLK-02-X06Y08-B3,MOIL-GM-02,200.0,600.0,265.0,45.0,21.39659,78.983442,150000.0,3.95,592500.0,38.71,229356.8,0.88,111 (Measured Resource),High Grade Braunite,3.4,985.5,True
BLK-02-X06Y08-B4,MOIL-GM-02,200.0,600.0,250.0,60.0,21.39659,78.983442,150000.0,3.95,592500.0,36.1,213892.5,0.88,111 (Measured Resource),High Grade Braunite,5.44,1204.8,True
BLK-02-X06Y09-B1,MOIL-GM-02,200.0,800.0,295.0,15.0,21.398386,78.983442,150000.0,3.45,517500.0,23.16,119853.0,0.76,122 (Indicated Resource),Medium Grade Gondite,3.06,715.2,True
BLK-02-X06Y09-B2,MOIL-GM-02,200.0,800.0,280.0,30.0,21.398386,78.983442,150000.0,3.95,592500.0,34.04,201687.0,0.88,111 (Measured Resource),High Grade Braunite,3.76,874.2,True
BLK-02-X06Y09-B3,MOIL-GM-02,200.0,800.0,265.0,45.0,21.398386,78.983442,150000.0,3.95,592500.0,35.92,212826.0,0.88,111 (Measured Resource),High Grade Braunite,3.25,978.75,True
BLK-02-X06Y09-B4,MOIL-GM-02,200.0,800.0,250.0,60.0,21.398386,78.983442,150000.0,3.95,592500.0,35.93,212885.2,0.88,111 (Measured Resource),High Grade Braunite,3.86,1133.7,True
BLK-02-X06Y10-B1,MOIL-GM-02,200.0,1000.0,295.0,15.0,21.400183,78.983442,150000.0,3.45,517500.0,30.94,160114.5,0.76,122 (Indicated Resource),Medium Grade Gondite,1.49,644.55,True
BLK-02-X06Y10-B2,MOIL-GM-02,200.0,1000.0,280.0,30.0,21.400183,78.983442,150000.0,3.95,592500.0,33.43,198072.8,0.88,111 (Measured Resource),High Grade Braunite,2.48,816.6,True
BLK-02-X06Y10-B3,MOIL-GM-02,200.0,1000.0,265.0,45.0,21.400183,78.983442,150000.0,3.95,592500.0,36.86,218395.5,0.88,111 (Measured Resource),High Grade Braunite,4.5,1035.0,True
BLK-02-X06Y10-B4,MOIL-GM-02,200.0,1000.0,250.0,60.0,21.400183,78.983442,150000.0,3.45,517500.0,28.13,145572.8,0.76,122 (Indicated Resource),Medium Grade Gondite,3.62,1122.9,True
BLK-02-X07Y00-B1,MOIL-GM-02,400.0,-1000.0,295.0,15.0,21.382217,78.985383,150000.0,2.85,427500.0,11.89,50829.8,0.62,333 (Inferred / Reconnaissance),Low Grade / Country Rock,2.85,705.75,True
BLK-02-X07Y00-B2,MOIL-GM-02,400.0,-1000.0,280.0,30.0,21.382217,78.985383,150000.0,2.85,427500.0,5.85,25008.8,0.62,333 (Inferred / Reconnaissance),Low Grade / Country Rock,2.15,801.75,True
BLK-02-X07Y00-B3,MOIL-GM-02,400.0,-1000.0,265.0,45.0,21.382217,78.985383,150000.0,2.85,427500.0,6.63,28343.2,0.62,333 (Inferred / Reconnaissance),Low Grade / Country Rock,4.24,1023.3,True
BLK-02-X07Y00-B4,MOIL-GM-02,400.0,-1000.0,250.0,60.0,21.382217,78.985383,150000.0,2.85,427500.0,12.28,52497.0,0.62,333 (Inferred / Reconnaissance),Low Grade / Country Rock,4.58,1166.1,True
BLK-02-X07Y01-B1,MOIL-GM-02,400.0,-800.0,295.0,15.0,21.384014,78.985383,150000.0,2.85,427500.0,7.49,32019.8,0.62,333 (Inferred / Reconnaissance),Low Grade / Country Rock,1.91,663.45,True
BLK-02-X07Y01-B2,MOIL-GM-02,400.0,-800.0,280.0,30.0,21.384014,78.985383,150000.0,3.45,517500.0,33.59,173828.3,0.76,122 (Indicated Resource),Medium Grade Gondite,2.48,816.6,True
BLK-02-X07Y01-B3,MOIL-GM-02,400.0,-800.0,265.0,45.0,21.384014,78.985383,150000.0,3.45,517500.0,32.82,169843.5,0.76,122 (Indicated Resource),Medium Grade Gondite,3.91,1008.45,True
BLK-02-X07Y01-B4,MOIL-GM-02,400.0,-800.0,250.0,60.0,21.384014,78.985383,150000.0,2.85,427500.0,5.73,24495.8,0.62,333 (Inferred / Reconnaissance),Low Grade / Country Rock,4.43,1159.35,True
BLK-02-X07Y02-B1,MOIL-GM-02,400.0,-600.0,295.0,15.0,21.38581,78.985383,150000.0,2.85,427500.0,17.28,73872.0,0.62,333 (Inferred / Reconnaissance),Low Grade / Country Rock,2.09,671.55,True
BLK-02-X07Y02-B2,MOIL-GM-02,400.0,-600.0,280.0,30.0,21.38581,78.985383,150000.0,3.45,517500.0,32.36,167463.0,0.76,122 (Indicated Resource),Medium Grade Gondite,2.51,817.95,True
BLK-02-X07Y02-B3,MOIL-GM-02,400.0,-600.0,265.0,45.0,21.38581,78.985383,150000.0,3.45,517500.0,28.85,149298.8,0.76,122 (Indicated Resource),Medium Grade Gondite,4.44,1032.3,True
BLK-02-X07Y02-B4,MOIL-GM-02,400.0,-600.0,250.0,60.0,21.38581,78.985383,150000.0,2.85,427500.0,16.89,72204.8,0.62,333 (Inferred / Reconnaissance),Low Grade / Country Rock,4.47,1161.15,True
BLK-02-X07Y03-B1,MOIL-GM-02,400.0,-400.0,295.0,15.0,21.387607,78.985383,150000.0,3.45,517500.0,29.68,153594.0,0.76,122 (Indicated Resource),Medium Grade Gondite,1.26,634.2,True
BLK-02-X07Y03-B2,MOIL-GM-02,400.0,-400.0,280.0,30.0,21.387607,78.985383,150000.0,3.45,517500.0,25.04,129582.0,0.76,122 (Indicated Resource),Medium Grade Gondite,2.56,820.2,True
BLK-02-X07Y03-B3,MOIL-GM-02,400.0,-400.0,265.0,45.0,21.387607,78.985383,150000.0,3.45,517500.0,23.12,119646.0,0.76,122 (Indicated Resource),Medium Grade Gondite,3.31,981.45,True
BLK-02-X07Y03-B4,MOIL-GM-02,400.0,-400.0,250.0,60.0,21.387607,78.985383,150000.0,3.45,517500.0,25.85,133773.8,0.76,122 (Indicated Resource),Medium Grade Gondite,5.44,1204.8,True
BLK-02-X07Y04-B1,MOIL-GM-02,400.0,-200.0,295.0,15.0,21.389403,78.985383,150000.0,3.45,517500.0,30.02,155353.5,0.76,122 (Indicated Resource),Medium Grade Gondite,2.1,672.0,True
BLK-02-X07Y04-B2,MOIL-GM-02,400.0,-200.0,280.0,30.0,21.389403,78.985383,150000.0,3.45,517500.0,33.86,175225.5,0.76,122 (Indicated Resource),Medium Grade Gondite,2.31,808.95,True
BLK-02-X07Y04-B3,MOIL-GM-02,400.0,-200.0,265.0,45.0,21.389403,78.985383,150000.0,3.95,592500.0,32.36,191733.0,0.88,111 (Measured Resource),High Grade Braunite,3.7,999.0,True
BLK-02-X07Y04-B4,MOIL-GM-02,400.0,-200.0,250.0,60.0,21.389403,78.985383,150000.0,3.45,517500.0,29.76,154008.0,0.76,122 (Indicated Resource),Medium Grade Gondite,3.61,1122.45,True
BLK-02-X07Y05-B1,MOIL-GM-02,400.0,0.0,295.0,15.0,21.3912,78.985383,150000.0,3.45,517500.0,30.6,158355.0,0.76,122 (Indicated Resource),Medium Grade Gondite,1.45,642.75,True
BLK-02-X07Y05-B2,MOIL-GM-02,400.0,0.0,280.0,30.0,21.3912,78.985383,150000.0,3.95,592500.0,35.82,212233.5,0.88,111 (Measured Resource),High Grade Braunite,3.86,878.7,True
BLK-02-X07Y05-B3,MOIL-GM-02,400.0,0.0,265.0,45.0,21.3912,78.985383,150000.0,3.95,592500.0,35.8,212115.0,0.88,111 (Measured Resource),High Grade Braunite,4.12,1017.9,True
BLK-02-X07Y05-B4,MOIL-GM-02,400.0,0.0,250.0,60.0,21.3912,78.985383,150000.0,3.45,517500.0,29.87,154577.2,0.76,122 (Indicated Resource),Medium Grade Gondite,4.61,1167.45,True
BLK-02-X07Y06-B1,MOIL-GM-02,400.0,200.0,295.0,15.0,21.392997,78.985383,150000.0,3.45,517500.0,25.51,132014.2,0.76,122 (Indicated Resource),Medium Grade Gondite,2.49,689.55,True
BLK-02-X07Y06-B2,MOIL-GM-02,400.0,200.0,280.0,30.0,21.392997,78.985383,150000.0,3.95,592500.0,33.17,196532.2,0.88,111 (Measured Resource),High Grade Braunite,3.38,857.1,True
BLK-02-X07Y06-B3,MOIL-GM-02,400.0,200.0,265.0,45.0,21.392997,78.985383,150000.0,3.95,592500.0,35.43,209922.8,0.88,111 (Measured Resource),High Grade Braunite,3.01,967.95,True
BLK-02-X07Y06-B4,MOIL-GM-02,400.0,200.0,250.0,60.0,21.392997,78.985383,150000.0,3.95,592500.0,37.59,222720.8,0.88,111 (Measured Resource),High Grade Braunite,4.82,1176.9,True
BLK-02-X07Y07-B1,MOIL-GM-02,400.0,400.0,295.0,15.0,21.394793,78.985383,150000.0,3.95,592500.0,34.85,206486.3,0.88,111 (Measured Resource),High Grade Braunite,2.51,690.45,True
BLK-02-X07Y07-B2,MOIL-GM-02,400.0,400.0,280.0,30.0,21.394793,78.985383,150000.0,3.95,592500.0,31.13,184445.2,0.88,111 (Measured Resource),High Grade Braunite,3.38,857.1,True
BLK-02-X07Y07-B3,MOIL-GM-02,400.0,400.0,265.0,45.0,21.394793,78.985383,150000.0,3.95,592500.0,32.2,190785.0,0.88,111 (Measured Resource),High Grade Braunite,4.23,1022.85,True
BLK-02-X07Y07-B4,MOIL-GM-02,400.0,400.0,250.0,60.0,21.394793,78.985383,150000.0,3.95,592500.0,37.61,222839.2,0.88,111 (Measured Resource),High Grade Braunite,5.41,1203.45,True
BLK-02-X07Y08-B1,MOIL-GM-02,400.0,600.0,295.0,15.0,21.39659,78.985383,150000.0,3.95,592500.0,36.23,214662.7,0.88,111 (Measured Resource),High Grade Braunite,2.07,670.65,True
BLK-02-X07Y08-B2,MOIL-GM-02,400.0,600.0,280.0,30.0,21.39659,78.985383,150000.0,3.95,592500.0,36.69,217388.2,0.88,111 (Measured Resource),High Grade Braunite,3.02,840.9,True
BLK-02-X07Y08-B3,MOIL-GM-02,400.0,600.0,265.0,45.0,21.39659,78.985383,150000.0,3.95,592500.0,39.86,236170.5,0.88,111 (Measured Resource),High Grade Braunite,2.86,961.2,True
BLK-02-X07Y08-B4,MOIL-GM-02,400.0,600.0,250.0,60.0,21.39659,78.985383,150000.0,3.95,592500.0,38.69,229238.2,0.88,111 (Measured Resource),High Grade Braunite,5.06,1187.7,True
BLK-02-X07Y09-B1,MOIL-GM-02,400.0,800.0,295.0,15.0,21.398386,78.985383,150000.0,3.95,592500.0,36.66,217210.5,0.88,111 (Measured Resource),High Grade Braunite,2.82,704.4,True
BLK-02-X07Y09-B2,MOIL-GM-02,400.0,800.0,280.0,30.0,21.398386,78.985383,150000.0,3.95,592500.0,35.01,207434.2,0.88,111 (Measured Resource),High Grade Braunite,2.47,816.15,True
BLK-02-X07Y09-B3,MOIL-GM-02,400.0,800.0,265.0,45.0,21.398386,78.985383,150000.0,3.95,592500.0,33.34,197539.5,0.88,111 (Measured Resource),High Grade Braunite,3.38,984.6,True
BLK-02-X07Y09-B4,MOIL-GM-02,400.0,800.0,250.0,60.0,21.398386,78.985383,150000.0,3.95,592500.0,31.0,183675.0,0.88,111 (Measured Resource),High Grade Braunite,4.62,1167.9,True
BLK-02-X07Y10-B1,MOIL-GM-02,400.0,1000.0,295.0,15.0,21.400183,78.985383,150000.0,3.95,592500.0,39.26,232615.5,0.88,111 (Measured Resource),High Grade Braunite,2.13,673.35,True
BLK-02-X07Y10-B2,MOIL-GM-02,400.0,1000.0,280.0,30.0,21.400183,78.985383,150000.0,3.95,592500.0,34.72,205716.0,0.88,111 (Measured Resource),High Grade Braunite,3.78,875.1,True
BLK-02-X07Y10-B3,MOIL-GM-02,400.0,1000.0,265.0,45.0,21.400183,78.985383,150000.0,3.95,592500.0,35.42,209863.5,0.88,111 (Measured Resource),High Grade Braunite,2.77,957.15,True
BLK-02-X07Y10-B4,MOIL-GM-02,400.0,1000.0,250.0,60.0,21.400183,78.985383,150000.0,3.95,592500.0,31.96,189363.0,0.88,111 (Measured Resource),High Grade Braunite,3.53,1118.85,True
BLK-02-X08Y00-B1,MOIL-GM-02,600.0,-1000.0,295.0,15.0,21.382217,78.987325,150000.0,2.85,427500.0,4.29,18339.8,0.62,333 (Inferred / Reconnaissance),Low Grade / Country Rock,2.47,688.65,True
BLK-02-X08Y00-B2,MOIL-GM-02,600.0,-1000.0,280.0,30.0,21.382217,78.987325,150000.0,2.85,427500.0,4.31,18425.2,0.62,333 (Inferred / Reconnaissance),Low Grade / Country Rock,3.99,884.55,True
BLK-02-X08Y00-B3,MOIL-GM-02,600.0,-1000.0,265.0,45.0,21.382217,78.987325,150000.0,2.85,427500.0,6.57,28086.8,0.62,333 (Inferred / Reconnaissance),Low Grade / Country Rock,4.17,1020.15,True
BLK-02-X08Y00-B4,MOIL-GM-02,600.0,-1000.0,250.0,60.0,21.382217,78.987325,150000.0,2.85,427500.0,6.17,26376.8,0.62,333 (Inferred / Reconnaissance),Low Grade / Country Rock,4.58,1166.1,True
BLK-02-X08Y01-B1,MOIL-GM-02,600.0,-800.0,295.0,15.0,21.384014,78.987325,150000.0,2.85,427500.0,5.13,21930.8,0.62,333 (Inferred / Reconnaissance),Low Grade / Country Rock,2.78,702.6,True
BLK-02-X08Y01-B2,MOIL-GM-02,600.0,-800.0,280.0,30.0,21.384014,78.987325,150000.0,2.85,427500.0,12.19,52112.2,0.62,333 (Inferred / Reconnaissance),Low Grade / Country Rock,2.17,802.65,True
BLK-02-X08Y01-B3,MOIL-GM-02,600.0,-800.0,265.0,45.0,21.384014,78.987325,150000.0,2.85,427500.0,15.88,67887.0,0.62,333 (Inferred / Reconnaissance),Low Grade / Country Rock,3.84,1005.3,True
BLK-02-X08Y01-B4,MOIL-GM-02,600.0,-800.0,250.0,60.0,21.384014,78.987325,150000.0,2.85,427500.0,16.9,72247.5,0.62,333 (Inferred / Reconnaissance),Low Grade / Country Rock,5.33,1199.85,True
BLK-02-X08Y02-B1,MOIL-GM-02,600.0,-600.0,295.0,15.0,21.38581,78.987325,150000.0,2.85,427500.0,16.89,72204.8,0.62,333 (Inferred / Reconnaissance),Low Grade / Country Rock,1.41,640.95,True
BLK-02-X08Y02-B2,MOIL-GM-02,600.0,-600.0,280.0,30.0,21.38581,78.987325,150000.0,2.85,427500.0,5.69,24324.8,0.62,333 (Inferred / Reconnaissance),Low Grade / Country Rock,3.98,884.1,True
BLK-02-X08Y02-B3,MOIL-GM-02,600.0,-600.0,265.0,45.0,21.38581,78.987325,150000.0,2.85,427500.0,10.83,46298.2,0.62,333 (Inferred / Reconnaissance),Low Grade / Country Rock,3.23,977.85,True
BLK-02-X08Y02-B4,MOIL-GM-02,600.0,-600.0,250.0,60.0,21.38581,78.987325,150000.0,2.85,427500.0,14.78,63184.5,0.62,333 (Inferred / Reconnaissance),Low Grade / Country Rock,4.03,1141.35,True
BLK-02-X08Y03-B1,MOIL-GM-02,600.0,-400.0,295.0,15.0,21.387607,78.987325,150000.0,2.85,427500.0,14.18,60619.5,0.62,333 (Inferred / Reconnaissance),Low Grade / Country Rock,2.92,708.9,True
BLK-02-X08Y03-B2,MOIL-GM-02,600.0,-400.0,280.0,30.0,21.387607,78.987325,150000.0,3.45,517500.0,31.41,162546.8,0.76,122 (Indicated Resource),Medium Grade Gondite,2.55,819.75,True
BLK-02-X08Y03-B3,MOIL-GM-02,600.0,-400.0,265.0,45.0,21.387607,78.987325,150000.0,3.45,517500.0,26.82,138793.5,0.76,122 (Indicated Resource),Medium Grade Gondite,3.58,993.6,True
BLK-02-X08Y03-B4,MOIL-GM-02,600.0,-400.0,250.0,60.0,21.387607,78.987325,150000.0,2.85,427500.0,10.88,46512.0,0.62,333 (Inferred / Reconnaissance),Low Grade / Country Rock,3.83,1132.35,True
BLK-02-X08Y04-B1,MOIL-GM-02,600.0,-200.0,295.0,15.0,21.389403,78.987325,150000.0,2.85,427500.0,10.33,44160.8,0.62,333 (Inferred / Reconnaissance),Low Grade / Country Rock,2.27,679.65,True
BLK-02-X08Y04-B2,MOIL-GM-02,600.0,-200.0,280.0,30.0,21.389403,78.987325,150000.0,3.45,517500.0,28.38,146866.5,0.76,122 (Indicated Resource),Medium Grade Gondite,3.64,868.8,True
BLK-02-X08Y04-B3,MOIL-GM-02,600.0,-200.0,265.0,45.0,21.389403,78.987325,150000.0,3.45,517500.0,28.21,145986.8,0.76,122 (Indicated Resource),Medium Grade Gondite,3.21,976.95,True
BLK-02-X08Y04-B4,MOIL-GM-02,600.0,-200.0,250.0,60.0,21.389403,78.987325,150000.0,3.45,517500.0,29.96,155043.0,0.76,122 (Indicated Resource),Medium Grade Gondite,5.09,1189.05,True
BLK-02-X08Y05-B1,MOIL-GM-02,600.0,0.0,295.0,15.0,21.3912,78.987325,150000.0,3.45,517500.0,25.83,133670.2,0.76,122 (Indicated Resource),Medium Grade Gondite,2.54,691.8,True
BLK-02-X08Y05-B2,MOIL-GM-02,600.0,0.0,280.0,30.0,21.3912,78.987325,150000.0,3.45,517500.0,23.76,122958.0,0.76,122 (Indicated Resource),Medium Grade Gondite,2.68,825.6,True
BLK-02-X08Y05-B3,MOIL-GM-02,600.0,0.0,265.0,45.0,21.3912,78.987325,150000.0,3.45,517500.0,32.91,170309.2,0.76,122 (Indicated Resource),Medium Grade Gondite,4.57,1038.15,True
BLK-02-X08Y05-B4,MOIL-GM-02,600.0,0.0,250.0,60.0,21.3912,78.987325,150000.0,3.45,517500.0,28.9,149557.5,0.76,122 (Indicated Resource),Medium Grade Gondite,4.9,1180.5,True
BLK-02-X08Y06-B1,MOIL-GM-02,600.0,200.0,295.0,15.0,21.392997,78.987325,150000.0,3.45,517500.0,32.25,166893.8,0.76,122 (Indicated Resource),Medium Grade Gondite,3.17,720.15,True
BLK-02-X08Y06-B2,MOIL-GM-02,600.0,200.0,280.0,30.0,21.392997,78.987325,150000.0,3.45,517500.0,27.88,144279.0,0.76,122 (Indicated Resource),Medium Grade Gondite,3.12,845.4,True
BLK-02-X08Y06-B3,MOIL-GM-02,600.0,200.0,265.0,45.0,21.392997,78.987325,150000.0,3.95,592500.0,37.28,220884.0,0.88,111 (Measured Resource),High Grade Braunite,3.58,993.6,True
BLK-02-X08Y06-B4,MOIL-GM-02,600.0,200.0,250.0,60.0,21.392997,78.987325,150000.0,3.45,517500.0,22.86,118300.5,0.76,122 (Indicated Resource),Medium Grade Gondite,4.35,1155.75,True
BLK-02-X08Y07-B1,MOIL-GM-02,600.0,400.0,295.0,15.0,21.394793,78.987325,150000.0,3.45,517500.0,31.49,162960.7,0.76,122 (Indicated Resource),Medium Grade Gondite,2.86,706.2,True
BLK-02-X08Y07-B2,MOIL-GM-02,600.0,400.0,280.0,30.0,21.394793,78.987325,150000.0,3.95,592500.0,33.47,198309.8,0.88,111 (Measured Resource),High Grade Braunite,2.4,813.0,True
BLK-02-X08Y07-B3,MOIL-GM-02,600.0,400.0,265.0,45.0,21.394793,78.987325,150000.0,3.95,592500.0,36.39,215610.8,0.88,111 (Measured Resource),High Grade Braunite,4.55,1037.25,True
BLK-02-X08Y07-B4,MOIL-GM-02,600.0,400.0,250.0,60.0,21.394793,78.987325,150000.0,3.45,517500.0,27.96,144693.0,0.76,122 (Indicated Resource),Medium Grade Gondite,5.02,1185.9,True
BLK-02-X08Y08-B1,MOIL-GM-02,600.0,600.0,295.0,15.0,21.39659,78.987325,150000.0,3.45,517500.0,22.77,117834.7,0.76,122 (Indicated Resource),Medium Grade Gondite,2.08,671.1,True
BLK-02-X08Y08-B2,MOIL-GM-02,600.0,600.0,280.0,30.0,21.39659,78.987325,150000.0,3.95,592500.0,33.89,200798.2,0.88,111 (Measured Resource),High Grade Braunite,2.65,824.25,True
BLK-02-X08Y08-B3,MOIL-GM-02,600.0,600.0,265.0,45.0,21.39659,78.987325,150000.0,3.95,592500.0,37.3,221002.5,0.88,111 (Measured Resource),High Grade Braunite,2.88,962.1,True
BLK-02-X08Y08-B4,MOIL-GM-02,600.0,600.0,250.0,60.0,21.39659,78.987325,150000.0,3.95,592500.0,36.75,217743.8,0.88,111 (Measured Resource),High Grade Braunite,5.15,1191.75,True
BLK-02-X08Y09-B1,MOIL-GM-02,600.0,800.0,295.0,15.0,21.398386,78.987325,150000.0,3.95,592500.0,36.38,215551.5,0.88,111 (Measured Resource),High Grade Braunite,3.2,721.5,True
BLK-02-X08Y09-B2,MOIL-GM-02,600.0,800.0,280.0,30.0,21.398386,78.987325,150000.0,3.95,592500.0,36.58,216736.5,0.88,111 (Measured Resource),High Grade Braunite,3.15,846.75,True
BLK-02-X08Y09-B3,MOIL-GM-02,600.0,800.0,265.0,45.0,21.398386,78.987325,150000.0,3.95,592500.0,36.57,216677.3,0.88,111 (Measured Resource),High Grade Braunite,3.79,1003.05,True
BLK-02-X08Y09-B4,MOIL-GM-02,600.0,800.0,250.0,60.0,21.398386,78.987325,150000.0,3.95,592500.0,39.64,234867.0,0.88,111 (Measured Resource),High Grade Braunite,3.86,1133.7,True
BLK-02-X08Y10-B1,MOIL-GM-02,600.0,1000.0,295.0,15.0,21.400183,78.987325,150000.0,3.95,592500.0,35.19,208500.8,0.88,111 (Measured Resource),High Grade Braunite,1.36,638.7,True
BLK-02-X08Y10-B2,MOIL-GM-02,600.0,1000.0,280.0,30.0,21.400183,78.987325,150000.0,3.95,592500.0,39.6,234630.0,0.88,111 (Measured Resource),High Grade Braunite,3.64,868.8,True
BLK-02-X08Y10-B3,MOIL-GM-02,600.0,1000.0,265.0,45.0,21.400183,78.987325,150000.0,3.95,592500.0,33.25,197006.2,0.88,111 (Measured Resource),High Grade Braunite,3.24,978.3,True
BLK-02-X08Y10-B4,MOIL-GM-02,600.0,1000.0,250.0,60.0,21.400183,78.987325,150000.0,3.95,592500.0,38.09,225683.2,0.88,111 (Measured Resource),High Grade Braunite,4.0,1140.0,True
BLK-02-X09Y00-B1,MOIL-GM-02,800.0,-1000.0,295.0,15.0,21.382217,78.989267,150000.0,2.85,427500.0,4.59,19622.2,0.62,333 (Inferred / Reconnaissance),Low Grade / Country Rock,1.66,652.2,True
BLK-02-X09Y00-B2,MOIL-GM-02,800.0,-1000.0,280.0,30.0,21.382217,78.989267,150000.0,2.85,427500.0,6.81,29112.7,0.62,333 (Inferred / Reconnaissance),Low Grade / Country Rock,2.13,800.85,True
BLK-02-X09Y00-B3,MOIL-GM-02,800.0,-1000.0,265.0,45.0,21.382217,78.989267,150000.0,2.85,427500.0,14.16,60534.0,0.62,333 (Inferred / Reconnaissance),Low Grade / Country Rock,3.51,990.45,True
BLK-02-X09Y00-B4,MOIL-GM-02,800.0,-1000.0,250.0,60.0,21.382217,78.989267,150000.0,2.85,427500.0,16.38,70024.5,0.62,333 (Inferred / Reconnaissance),Low Grade / Country Rock,4.0,1140.0,True
BLK-02-X09Y01-B1,MOIL-GM-02,800.0,-800.0,295.0,15.0,21.384014,78.989267,150000.0,2.85,427500.0,10.35,44246.2,0.62,333 (Inferred / Reconnaissance),Low Grade / Country Rock,2.53,691.35,True
BLK-02-X09Y01-B2,MOIL-GM-02,800.0,-800.0,280.0,30.0,21.384014,78.989267,150000.0,2.85,427500.0,16.28,69597.0,0.62,333 (Inferred / Reconnaissance),Low Grade / Country Rock,3.05,842.25,True
BLK-02-X09Y01-B3,MOIL-GM-02,800.0,-800.0,265.0,45.0,21.384014,78.989267,150000.0,2.85,427500.0,9.23,39458.2,0.62,333 (Inferred / Reconnaissance),Low Grade / Country Rock,4.48,1034.1,True
BLK-02-X09Y01-B4,MOIL-GM-02,800.0,-800.0,250.0,60.0,21.384014,78.989267,150000.0,2.85,427500.0,8.34,35653.5,0.62,333 (Inferred / Reconnaissance),Low Grade / Country Rock,3.66,1124.7,True
BLK-02-X09Y02-B1,MOIL-GM-02,800.0,-600.0,295.0,15.0,21.38581,78.989267,150000.0,2.85,427500.0,10.23,43733.2,0.62,333 (Inferred / Reconnaissance),Low Grade / Country Rock,2.82,704.4,True
BLK-02-X09Y02-B2,MOIL-GM-02,800.0,-600.0,280.0,30.0,21.38581,78.989267,150000.0,2.85,427500.0,4.43,18938.2,0.62,333 (Inferred / Reconnaissance),Low Grade / Country Rock,3.17,847.65,True
BLK-02-X09Y02-B3,MOIL-GM-02,800.0,-600.0,265.0,45.0,21.38581,78.989267,150000.0,2.85,427500.0,12.32,52668.0,0.62,333 (Inferred / Reconnaissance),Low Grade / Country Rock,4.61,1039.95,True
BLK-02-X09Y02-B4,MOIL-GM-02,800.0,-600.0,250.0,60.0,21.38581,78.989267,150000.0,2.85,427500.0,8.01,34242.8,0.62,333 (Inferred / Reconnaissance),Low Grade / Country Rock,4.06,1142.7,True
BLK-02-X09Y03-B1,MOIL-GM-02,800.0,-400.0,295.0,15.0,21.387607,78.989267,150000.0,2.85,427500.0,10.17,43476.8,0.62,333 (Inferred / Reconnaissance),Low Grade / Country Rock,1.96,665.7,True
BLK-02-X09Y03-B2,MOIL-GM-02,800.0,-400.0,280.0,30.0,21.387607,78.989267,150000.0,2.85,427500.0,14.31,61175.2,0.62,333 (Inferred / Reconnaissance),Low Grade / Country Rock,3.28,852.6,True
BLK-02-X09Y03-B3,MOIL-GM-02,800.0,-400.0,265.0,45.0,21.387607,78.989267,150000.0,2.85,427500.0,14.62,62500.5,0.62,333 (Inferred / Reconnaissance),Low Grade / Country Rock,4.39,1030.05,True
BLK-02-X09Y03-B4,MOIL-GM-02,800.0,-400.0,250.0,60.0,21.387607,78.989267,150000.0,2.85,427500.0,16.92,72333.0,0.62,333 (Inferred / Reconnaissance),Low Grade / Country Rock,4.36,1156.2,True
BLK-02-X09Y04-B1,MOIL-GM-02,800.0,-200.0,295.0,15.0,21.389403,78.989267,150000.0,2.85,427500.0,17.79,76052.2,0.62,333 (Inferred / Reconnaissance),Low Grade / Country Rock,1.68,653.1,True
BLK-02-X09Y04-B2,MOIL-GM-02,800.0,-200.0,280.0,30.0,21.389403,78.989267,150000.0,2.85,427500.0,14.0,59850.0,0.62,333 (Inferred / Reconnaissance),Low Grade / Country Rock,3.07,843.15,True
BLK-02-X09Y04-B3,MOIL-GM-02,800.0,-200.0,265.0,45.0,21.389403,78.989267,150000.0,3.45,517500.0,31.8,164565.0,0.76,122 (Indicated Resource),Medium Grade Gondite,3.7,999.0,True
BLK-02-X09Y04-B4,MOIL-GM-02,800.0,-200.0,250.0,60.0,21.389403,78.989267,150000.0,2.85,427500.0,14.98,64039.5,0.62,333 (Inferred / Reconnaissance),Low Grade / Country Rock,5.36,1201.2,True
BLK-02-X09Y05-B1,MOIL-GM-02,800.0,0.0,295.0,15.0,21.3912,78.989267,150000.0,2.85,427500.0,14.25,60918.7,0.62,333 (Inferred / Reconnaissance),Low Grade / Country Rock,2.8,703.5,True
BLK-02-X09Y05-B2,MOIL-GM-02,800.0,0.0,280.0,30.0,21.3912,78.989267,150000.0,3.45,517500.0,22.81,118041.8,0.76,122 (Indicated Resource),Medium Grade Gondite,2.41,813.45,True
BLK-02-X09Y05-B3,MOIL-GM-02,800.0,0.0,265.0,45.0,21.3912,78.989267,150000.0,3.45,517500.0,33.69,174345.8,0.76,122 (Indicated Resource),Medium Grade Gondite,4.14,1018.8,True
BLK-02-X09Y05-B4,MOIL-GM-02,800.0,0.0,250.0,60.0,21.3912,78.989267,150000.0,2.85,427500.0,11.86,50701.5,0.62,333 (Inferred / Reconnaissance),Low Grade / Country Rock,4.23,1150.35,True
BLK-02-X09Y06-B1,MOIL-GM-02,800.0,200.0,295.0,15.0,21.392997,78.989267,150000.0,2.85,427500.0,4.62,19750.5,0.62,333 (Inferred / Reconnaissance),Low Grade / Country Rock,1.99,667.05,True
BLK-02-X09Y06-B2,MOIL-GM-02,800.0,200.0,280.0,30.0,21.392997,78.989267,150000.0,3.45,517500.0,27.99,144848.2,0.76,122 (Indicated Resource),Medium Grade Gondite,2.42,813.9,True
BLK-02-X09Y06-B3,MOIL-GM-02,800.0,200.0,265.0,45.0,21.392997,78.989267,150000.0,3.45,517500.0,24.08,124614.0,0.76,122 (Indicated Resource),Medium Grade Gondite,3.77,1002.15,True
BLK-02-X09Y06-B4,MOIL-GM-02,800.0,200.0,250.0,60.0,21.392997,78.989267,150000.0,3.45,517500.0,29.03,150230.2,0.76,122 (Indicated Resource),Medium Grade Gondite,3.98,1139.1,True
BLK-02-X09Y07-B1,MOIL-GM-02,800.0,400.0,295.0,15.0,21.394793,78.989267,150000.0,3.45,517500.0,29.05,150333.8,0.76,122 (Indicated Resource),Medium Grade Gondite,3.05,714.75,True
BLK-02-X09Y07-B2,MOIL-GM-02,800.0,400.0,280.0,30.0,21.394793,78.989267,150000.0,3.45,517500.0,27.68,143244.0,0.76,122 (Indicated Resource),Medium Grade Gondite,3.71,871.95,True
BLK-02-X09Y07-B3,MOIL-GM-02,800.0,400.0,265.0,45.0,21.394793,78.989267,150000.0,3.45,517500.0,33.13,171447.8,0.76,122 (Indicated Resource),Medium Grade Gondite,2.93,964.35,True
BLK-02-X09Y07-B4,MOIL-GM-02,800.0,400.0,250.0,60.0,21.394793,78.989267,150000.0,3.45,517500.0,23.15,119801.2,0.76,122 (Indicated Resource),Medium Grade Gondite,4.45,1160.25,True
BLK-02-X09Y08-B1,MOIL-GM-02,800.0,600.0,295.0,15.0,21.39659,78.989267,150000.0,3.45,517500.0,29.06,150385.5,0.76,122 (Indicated Resource),Medium Grade Gondite,2.1,672.0,True
BLK-02-X09Y08-B2,MOIL-GM-02,800.0,600.0,280.0,30.0,21.39659,78.989267,150000.0,3.95,592500.0,37.88,224439.0,0.88,111 (Measured Resource),High Grade Braunite,2.65,824.25,True
BLK-02-X09Y08-B3,MOIL-GM-02,800.0,600.0,265.0,45.0,21.39659,78.989267,150000.0,3.95,592500.0,34.04,201687.0,0.88,111 (Measured Resource),High Grade Braunite,4.74,1045.8,True
BLK-02-X09Y08-B4,MOIL-GM-02,800.0,600.0,250.0,60.0,21.39659,78.989267,150000.0,3.45,517500.0,22.06,114160.5,0.76,122 (Indicated Resource),Medium Grade Gondite,4.78,1175.1,True
BLK-02-X09Y09-B1,MOIL-GM-02,800.0,800.0,295.0,15.0,21.398386,78.989267,150000.0,3.45,517500.0,32.44,167877.0,0.76,122 (Indicated Resource),Medium Grade Gondite,2.59,694.05,True
BLK-02-X09Y09-B2,MOIL-GM-02,800.0,800.0,280.0,30.0,21.398386,78.989267,150000.0,3.95,592500.0,34.07,201864.8,0.88,111 (Measured Resource),High Grade Braunite,2.73,827.85,True
BLK-02-X09Y09-B3,MOIL-GM-02,800.0,800.0,265.0,45.0,21.398386,78.989267,150000.0,3.95,592500.0,41.5,245887.5,0.88,111 (Measured Resource),High Grade Braunite,4.69,1043.55,True
BLK-02-X09Y09-B4,MOIL-GM-02,800.0,800.0,250.0,60.0,21.398386,78.989267,150000.0,3.95,592500.0,31.43,186222.8,0.88,111 (Measured Resource),High Grade Braunite,5.47,1206.15,True
BLK-02-X09Y10-B1,MOIL-GM-02,800.0,1000.0,295.0,15.0,21.400183,78.989267,150000.0,3.95,592500.0,39.5,234037.5,0.88,111 (Measured Resource),High Grade Braunite,1.85,660.75,True
BLK-02-X09Y10-B2,MOIL-GM-02,800.0,1000.0,280.0,30.0,21.400183,78.989267,150000.0,3.95,592500.0,35.72,211641.0,0.88,111 (Measured Resource),High Grade Braunite,2.74,828.3,True
BLK-02-X09Y10-B3,MOIL-GM-02,800.0,1000.0,265.0,45.0,21.400183,78.989267,150000.0,3.95,592500.0,34.93,206960.2,0.88,111 (Measured Resource),High Grade Braunite,4.06,1015.2,True
BLK-02-X09Y10-B4,MOIL-GM-02,800.0,1000.0,250.0,60.0,21.400183,78.989267,150000.0,3.95,592500.0,34.74,205834.5,0.88,111 (Measured Resource),High Grade Braunite,4.52,1163.4,True
BLK-02-X10Y00-B1,MOIL-GM-02,1000.0,-1000.0,295.0,15.0,21.382217,78.991209,150000.0,2.85,427500.0,7.24,30951.0,0.62,333 (Inferred / Reconnaissance),Low Grade / Country Rock,2.06,670.2,True
BLK-02-X10Y00-B2,MOIL-GM-02,1000.0,-1000.0,280.0,30.0,21.382217,78.991209,150000.0,2.85,427500.0,9.22,39415.5,0.62,333 (Inferred / Reconnaissance),Low Grade / Country Rock,3.97,883.65,True
BLK-02-X10Y00-B3,MOIL-GM-02,1000.0,-1000.0,265.0,45.0,21.382217,78.991209,150000.0,2.85,427500.0,15.95,68186.2,0.62,333 (Inferred / Reconnaissance),Low Grade / Country Rock,3.53,991.35,True
BLK-02-X10Y00-B4,MOIL-GM-02,1000.0,-1000.0,250.0,60.0,21.382217,78.991209,150000.0,2.85,427500.0,16.79,71777.2,0.62,333 (Inferred / Reconnaissance),Low Grade / Country Rock,4.19,1148.55,True
BLK-02-X10Y01-B1,MOIL-GM-02,1000.0,-800.0,295.0,15.0,21.384014,78.991209,150000.0,2.85,427500.0,13.35,57071.2,0.62,333 (Inferred / Reconnaissance),Low Grade / Country Rock,3.18,720.6,True
BLK-02-X10Y01-B2,MOIL-GM-02,1000.0,-800.0,280.0,30.0,21.384014,78.991209,150000.0,2.85,427500.0,9.46,40441.5,0.62,333 (Inferred / Reconnaissance),Low Grade / Country Rock,3.36,856.2,True
BLK-02-X10Y01-B3,MOIL-GM-02,1000.0,-800.0,265.0,45.0,21.384014,78.991209,150000.0,2.85,427500.0,8.14,34798.5,0.62,333 (Inferred / Reconnaissance),Low Grade / Country Rock,3.28,980.1,True
BLK-02-X10Y01-B4,MOIL-GM-02,1000.0,-800.0,250.0,60.0,21.384014,78.991209,150000.0,2.85,427500.0,12.04,51471.0,0.62,333 (Inferred / Reconnaissance),Low Grade / Country Rock,5.46,1205.7,True
BLK-02-X10Y02-B1,MOIL-GM-02,1000.0,-600.0,295.0,15.0,21.38581,78.991209,150000.0,2.85,427500.0,10.34,44203.5,0.62,333 (Inferred / Reconnaissance),Low Grade / Country Rock,3.13,718.35,True
BLK-02-X10Y02-B2,MOIL-GM-02,1000.0,-600.0,280.0,30.0,21.38581,78.991209,150000.0,2.85,427500.0,16.8,71820.0,0.62,333 (Inferred / Reconnaissance),Low Grade / Country Rock,2.51,817.95,True
BLK-02-X10Y02-B3,MOIL-GM-02,1000.0,-600.0,265.0,45.0,21.38581,78.991209,150000.0,2.85,427500.0,9.63,41168.3,0.62,333 (Inferred / Reconnaissance),Low Grade / Country Rock,4.04,1014.3,True
BLK-02-X10Y02-B4,MOIL-GM-02,1000.0,-600.0,250.0,60.0,21.38581,78.991209,150000.0,2.85,427500.0,11.25,48093.8,0.62,333 (Inferred / Reconnaissance),Low Grade / Country Rock,3.69,1126.05,True
BLK-02-X10Y03-B1,MOIL-GM-02,1000.0,-400.0,295.0,15.0,21.387607,78.991209,150000.0,2.85,427500.0,17.91,76565.2,0.62,333 (Inferred / Reconnaissance),Low Grade / Country Rock,2.76,701.7,True
BLK-02-X10Y03-B2,MOIL-GM-02,1000.0,-400.0,280.0,30.0,21.387607,78.991209,150000.0,2.85,427500.0,10.13,43305.8,0.62,333 (Inferred / Reconnaissance),Low Grade / Country Rock,3.24,850.8,True
BLK-02-X10Y03-B3,MOIL-GM-02,1000.0,-400.0,265.0,45.0,21.387607,78.991209,150000.0,2.85,427500.0,5.23,22358.3,0.62,333 (Inferred / Reconnaissance),Low Grade / Country Rock,3.74,1000.8,True
BLK-02-X10Y03-B4,MOIL-GM-02,1000.0,-400.0,250.0,60.0,21.387607,78.991209,150000.0,2.85,427500.0,17.03,72803.2,0.62,333 (Inferred / Reconnaissance),Low Grade / Country Rock,5.29,1198.05,True
BLK-02-X10Y04-B1,MOIL-GM-02,1000.0,-200.0,295.0,15.0,21.389403,78.991209,150000.0,2.85,427500.0,8.72,37278.0,0.62,333 (Inferred / Reconnaissance),Low Grade / Country Rock,2.31,681.45,True
BLK-02-X10Y04-B2,MOIL-GM-02,1000.0,-200.0,280.0,30.0,21.389403,78.991209,150000.0,2.85,427500.0,13.76,58824.0,0.62,333 (Inferred / Reconnaissance),Low Grade / Country Rock,2.68,825.6,True
BLK-02-X10Y04-B3,MOIL-GM-02,1000.0,-200.0,265.0,45.0,21.389403,78.991209,150000.0,2.85,427500.0,4.91,20990.3,0.62,333 (Inferred / Reconnaissance),Low Grade / Country Rock,3.76,1001.7,True
BLK-02-X10Y04-B4,MOIL-GM-02,1000.0,-200.0,250.0,60.0,21.389403,78.991209,150000.0,2.85,427500.0,12.42,53095.5,0.62,333 (Inferred / Reconnaissance),Low Grade / Country Rock,3.51,1117.95,True
BLK-02-X10Y05-B1,MOIL-GM-02,1000.0,0.0,295.0,15.0,21.3912,78.991209,150000.0,2.85,427500.0,5.34,22828.5,0.62,333 (Inferred / Reconnaissance),Low Grade / Country Rock,1.66,652.2,True
BLK-02-X10Y05-B2,MOIL-GM-02,1000.0,0.0,280.0,30.0,21.3912,78.991209,150000.0,2.85,427500.0,8.87,37919.2,0.62,333 (Inferred / Reconnaissance),Low Grade / Country Rock,3.08,843.6,True
BLK-02-X10Y05-B3,MOIL-GM-02,1000.0,0.0,265.0,45.0,21.3912,78.991209,150000.0,2.85,427500.0,8.11,34670.2,0.62,333 (Inferred / Reconnaissance),Low Grade / Country Rock,3.3,981.0,True
BLK-02-X10Y05-B4,MOIL-GM-02,1000.0,0.0,250.0,60.0,21.3912,78.991209,150000.0,2.85,427500.0,16.17,69126.8,0.62,333 (Inferred / Reconnaissance),Low Grade / Country Rock,3.79,1130.55,True
BLK-02-X10Y06-B1,MOIL-GM-02,1000.0,200.0,295.0,15.0,21.392997,78.991209,150000.0,2.85,427500.0,10.94,46768.5,0.62,333 (Inferred / Reconnaissance),Low Grade / Country Rock,3.16,719.7,True
BLK-02-X10Y06-B2,MOIL-GM-02,1000.0,200.0,280.0,30.0,21.392997,78.991209,150000.0,2.85,427500.0,12.75,54506.2,0.62,333 (Inferred / Reconnaissance),Low Grade / Country Rock,3.43,859.35,True
BLK-02-X10Y06-B3,MOIL-GM-02,1000.0,200.0,265.0,45.0,21.392997,78.991209,150000.0,3.45,517500.0,27.17,140604.8,0.76,122 (Indicated Resource),Medium Grade Gondite,2.79,958.05,True
BLK-02-X10Y06-B4,MOIL-GM-02,1000.0,200.0,250.0,60.0,21.392997,78.991209,150000.0,2.85,427500.0,13.05,55788.8,0.62,333 (Inferred / Reconnaissance),Low Grade / Country Rock,4.76,1174.2,True
BLK-02-X10Y07-B1,MOIL-GM-02,1000.0,400.0,295.0,15.0,21.394793,78.991209,150000.0,2.85,427500.0,5.55,23726.2,0.62,333 (Inferred / Reconnaissance),Low Grade / Country Rock,2.17,675.15,True
BLK-02-X10Y07-B2,MOIL-GM-02,1000.0,400.0,280.0,30.0,21.394793,78.991209,150000.0,3.45,517500.0,32.98,170671.5,0.76,122 (Indicated Resource),Medium Grade Gondite,2.41,813.45,True
BLK-02-X10Y07-B3,MOIL-GM-02,1000.0,400.0,265.0,45.0,21.394793,78.991209,150000.0,3.45,517500.0,27.53,142467.8,0.76,122 (Indicated Resource),Medium Grade Gondite,3.67,997.65,True
BLK-02-X10Y07-B4,MOIL-GM-02,1000.0,400.0,250.0,60.0,21.394793,78.991209,150000.0,2.85,427500.0,15.35,65621.2,0.62,333 (Inferred / Reconnaissance),Low Grade / Country Rock,5.15,1191.75,True
BLK-02-X10Y08-B1,MOIL-GM-02,1000.0,600.0,295.0,15.0,21.39659,78.991209,150000.0,2.85,427500.0,14.63,62543.3,0.62,333 (Inferred / Reconnaissance),Low Grade / Country Rock,1.98,666.6,True
BLK-02-X10Y08-B2,MOIL-GM-02,1000.0,600.0,280.0,30.0,21.39659,78.991209,150000.0,3.45,517500.0,22.86,118300.5,0.76,122 (Indicated Resource),Medium Grade Gondite,2.7,826.5,True
BLK-02-X10Y08-B3,MOIL-GM-02,1000.0,600.0,265.0,45.0,21.39659,78.991209,150000.0,3.45,517500.0,30.16,156078.0,0.76,122 (Indicated Resource),Medium Grade Gondite,4.16,1019.7,True
BLK-02-X10Y08-B4,MOIL-GM-02,1000.0,600.0,250.0,60.0,21.39659,78.991209,150000.0,3.45,517500.0,33.58,173776.5,0.76,122 (Indicated Resource),Medium Grade Gondite,4.41,1158.45,True
BLK-02-X10Y09-B1,MOIL-GM-02,1000.0,800.0,295.0,15.0,21.398386,78.991209,150000.0,3.45,517500.0,29.59,153128.2,0.76,122 (Indicated Resource),Medium Grade Gondite,2.33,682.35,True
BLK-02-X10Y09-B2,MOIL-GM-02,1000.0,800.0,280.0,30.0,21.398386,78.991209,150000.0,3.45,517500.0,23.81,123216.7,0.76,122 (Indicated Resource),Medium Grade Gondite,2.92,836.4,True
BLK-02-X10Y09-B3,MOIL-GM-02,1000.0,800.0,265.0,45.0,21.398386,78.991209,150000.0,3.45,517500.0,28.54,147694.5,0.76,122 (Indicated Resource),Medium Grade Gondite,4.65,1041.75,True
BLK-02-X10Y09-B4,MOIL-GM-02,1000.0,800.0,250.0,60.0,21.398386,78.991209,150000.0,3.45,517500.0,26.4,136620.0,0.76,122 (Indicated Resource),Medium Grade Gondite,5.46,1205.7,True
BLK-02-X10Y10-B1,MOIL-GM-02,1000.0,1000.0,295.0,15.0,21.400183,78.991209,150000.0,3.45,517500.0,28.51,147539.2,0.76,122 (Indicated Resource),Medium Grade Gondite,1.73,655.35,True
BLK-02-X10Y10-B2,MOIL-GM-02,1000.0,1000.0,280.0,30.0,21.400183,78.991209,150000.0,3.95,592500.0,35.19,208500.8,0.88,111 (Measured Resource),High Grade Braunite,2.91,835.95,True
BLK-02-X10Y10-B3,MOIL-GM-02,1000.0,1000.0,265.0,45.0,21.400183,78.991209,150000.0,3.95,592500.0,35.33,209330.2,0.88,111 (Measured Resource),High Grade Braunite,2.79,958.05,True
BLK-02-X10Y10-B4,MOIL-GM-02,1000.0,1000.0,250.0,60.0,21.400183,78.991209,150000.0,3.45,517500.0,27.34,141484.5,0.76,122 (Indicated Resource),Medium Grade Gondite,5.48,1206.6,True
BLK-04-X00Y00-B1,MOIL-UK-04,-1000.0,-1000.0,345.0,15.0,21.959017,80.453491,150000.0,3.45,517500.0,30.04,155457.0,0.76,122 (Indicated Resource),Medium Grade Gondite,2.77,702.15,True
BLK-04-X00Y00-B2,MOIL-UK-04,-1000.0,-1000.0,330.0,30.0,21.959017,80.453491,150000.0,3.95,592500.0,33.2,196710.0,0.88,111 (Measured Resource),High Grade Braunite,2.57,820.65,True
BLK-04-X00Y00-B3,MOIL-UK-04,-1000.0,-1000.0,315.0,45.0,21.959017,80.453491,150000.0,3.95,592500.0,30.5,180712.5,0.88,111 (Measured Resource),High Grade Braunite,4.54,1036.8,True
BLK-04-X00Y00-B4,MOIL-UK-04,-1000.0,-1000.0,300.0,60.0,21.959017,80.453491,150000.0,3.45,517500.0,24.18,125131.5,0.76,122 (Indicated Resource),Medium Grade Gondite,4.42,1158.9,True
BLK-04-X00Y01-B1,MOIL-UK-04,-1000.0,-800.0,345.0,15.0,21.960814,80.453491,150000.0,3.45,517500.0,29.06,150385.5,0.76,122 (Indicated Resource),Medium Grade Gondite,2.28,680.1,True
BLK-04-X00Y01-B2,MOIL-UK-04,-1000.0,-800.0,330.0,30.0,21.960814,80.453491,150000.0,3.45,517500.0,31.96,165393.0,0.76,122 (Indicated Resource),Medium Grade Gondite,2.46,815.7,True
BLK-04-X00Y01-B3,MOIL-UK-04,-1000.0,-800.0,315.0,45.0,21.960814,80.453491,150000.0,3.45,517500.0,26.53,137292.8,0.76,122 (Indicated Resource),Medium Grade Gondite,4.33,1027.35,True
BLK-04-X00Y01-B4,MOIL-UK-04,-1000.0,-800.0,300.0,60.0,21.960814,80.453491,150000.0,3.45,517500.0,28.34,146659.5,0.76,122 (Indicated Resource),Medium Grade Gondite,4.3,1153.5,True
BLK-04-X00Y02-B1,MOIL-UK-04,-1000.0,-600.0,345.0,15.0,21.96261,80.453491,150000.0,2.85,427500.0,4.41,18852.8,0.62,333 (Inferred / Reconnaissance),Low Grade / Country Rock,2.76,701.7,True
BLK-04-X00Y02-B2,MOIL-UK-04,-1000.0,-600.0,330.0,30.0,21.96261,80.453491,150000.0,3.45,517500.0,33.67,174242.2,0.76,122 (Indicated Resource),Medium Grade Gondite,3.24,850.8,True
BLK-04-X00Y02-B3,MOIL-UK-04,-1000.0,-600.0,315.0,45.0,21.96261,80.453491,150000.0,3.45,517500.0,32.28,167049.0,0.76,122 (Indicated Resource),Medium Grade Gondite,3.78,1002.6,True
BLK-04-X00Y02-B4,MOIL-UK-04,-1000.0,-600.0,300.0,60.0,21.96261,80.453491,150000.0,3.45,517500.0,24.78,128236.5,0.76,122 (Indicated Resource),Medium Grade Gondite,3.53,1118.85,True
BLK-04-X00Y03-B1,MOIL-UK-04,-1000.0,-400.0,345.0,15.0,21.964407,80.453491,150000.0,2.85,427500.0,13.15,56216.2,0.62,333 (Inferred / Reconnaissance),Low Grade / Country Rock,2.24,678.3,True
BLK-04-X00Y03-B2,MOIL-UK-04,-1000.0,-400.0,330.0,30.0,21.964407,80.453491,150000.0,3.45,517500.0,31.39,162443.2,0.76,122 (Indicated Resource),Medium Grade Gondite,3.39,857.55,True
BLK-04-X00Y03-B3,MOIL-UK-04,-1000.0,-400.0,315.0,45.0,21.964407,80.453491,150000.0,3.45,517500.0,33.86,175225.5,0.76,122 (Indicated Resource),Medium Grade Gondite,3.77,1002.15,True
BLK-04-X00Y03-B4,MOIL-UK-04,-1000.0,-400.0,300.0,60.0,21.964407,80.453491,150000.0,2.85,427500.0,9.98,42664.5,0.62,333 (Inferred / Reconnaissance),Low Grade / Country Rock,4.07,1143.15,True
BLK-04-X00Y04-B1,MOIL-UK-04,-1000.0,-200.0,345.0,15.0,21.966203,80.453491,150000.0,2.85,427500.0,10.68,45657.0,0.62,333 (Inferred / Reconnaissance),Low Grade / Country Rock,3.0,712.5,True
BLK-04-X00Y04-B2,MOIL-UK-04,-1000.0,-200.0,330.0,30.0,21.966203,80.453491,150000.0,2.85,427500.0,4.59,19622.2,0.62,333 (Inferred / Reconnaissance),Low Grade / Country Rock,3.96,883.2,True
BLK-04-X00Y04-B3,MOIL-UK-04,-1000.0,-200.0,315.0,45.0,21.966203,80.453491,150000.0,3.45,517500.0,33.92,175536.0,0.76,122 (Indicated Resource),Medium Grade Gondite,3.95,1010.25,True
BLK-04-X00Y04-B4,MOIL-UK-04,-1000.0,-200.0,300.0,60.0,21.966203,80.453491,150000.0,2.85,427500.0,8.64,36936.0,0.62,333 (Inferred / Reconnaissance),Low Grade / Country Rock,3.95,1137.75,True
BLK-04-X00Y05-B1,MOIL-UK-04,-1000.0,0.0,345.0,15.0,21.968,80.453491,150000.0,2.85,427500.0,7.87,33644.2,0.62,333 (Inferred / Reconnaissance),Low Grade / Country Rock,1.35,638.25,True
BLK-04-X00Y05-B2,MOIL-UK-04,-1000.0,0.0,330.0,30.0,21.968,80.453491,150000.0,2.85,427500.0,10.65,45528.8,0.62,333 (Inferred / Reconnaissance),Low Grade / Country Rock,2.11,799.95,True
BLK-04-X00Y05-B3,MOIL-UK-04,-1000.0,0.0,315.0,45.0,21.968,80.453491,150000.0,2.85,427500.0,14.06,60106.5,0.62,333 (Inferred / Reconnaissance),Low Grade / Country Rock,3.49,989.55,True
BLK-04-X00Y05-B4,MOIL-UK-04,-1000.0,0.0,300.0,60.0,21.968,80.453491,150000.0,2.85,427500.0,6.79,29027.2,0.62,333 (Inferred / Reconnaissance),Low Grade / Country Rock,4.59,1166.55,True
BLK-04-X00Y06-B1,MOIL-UK-04,-1000.0,200.0,345.0,15.0,21.969797,80.453491,150000.0,2.85,427500.0,17.63,75368.2,0.62,333 (Inferred / Reconnaissance),Low Grade / Country Rock,2.64,696.3,True
BLK-04-X00Y06-B2,MOIL-UK-04,-1000.0,200.0,330.0,30.0,21.969797,80.453491,150000.0,2.85,427500.0,10.88,46512.0,0.62,333 (Inferred / Reconnaissance),Low Grade / Country Rock,3.55,864.75,True
BLK-04-X00Y06-B3,MOIL-UK-04,-1000.0,200.0,315.0,45.0,21.969797,80.453491,150000.0,2.85,427500.0,14.32,61218.0,0.62,333 (Inferred / Reconnaissance),Low Grade / Country Rock,4.53,1036.35,True
BLK-04-X00Y06-B4,MOIL-UK-04,-1000.0,200.0,300.0,60.0,21.969797,80.453491,150000.0,2.85,427500.0,6.87,29369.2,0.62,333 (Inferred / Reconnaissance),Low Grade / Country Rock,5.22,1194.9,True
BLK-04-X00Y07-B1,MOIL-UK-04,-1000.0,400.0,345.0,15.0,21.971593,80.453491,150000.0,2.85,427500.0,8.21,35097.8,0.62,333 (Inferred / Reconnaissance),Low Grade / Country Rock,3.13,718.35,True
BLK-04-X00Y07-B2,MOIL-UK-04,-1000.0,400.0,330.0,30.0,21.971593,80.453491,150000.0,2.85,427500.0,7.93,33900.8,0.62,333 (Inferred / Reconnaissance),Low Grade / Country Rock,3.85,878.25,True
BLK-04-X00Y07-B3,MOIL-UK-04,-1000.0,400.0,315.0,45.0,21.971593,80.453491,150000.0,2.85,427500.0,17.49,74769.7,0.62,333 (Inferred / Reconnaissance),Low Grade / Country Rock,3.04,969.3,True
BLK-04-X00Y07-B4,MOIL-UK-04,-1000.0,400.0,300.0,60.0,21.971593,80.453491,150000.0,2.85,427500.0,17.64,75411.0,0.62,333 (Inferred / Reconnaissance),Low Grade / Country Rock,3.67,1125.15,True
BLK-04-X00Y08-B1,MOIL-UK-04,-1000.0,600.0,345.0,15.0,21.97339,80.453491,150000.0,2.85,427500.0,7.06,30181.5,0.62,333 (Inferred / Reconnaissance),Low Grade / Country Rock,2.14,673.8,True
BLK-04-X00Y08-B2,MOIL-UK-04,-1000.0,600.0,330.0,30.0,21.97339,80.453491,150000.0,2.85,427500.0,17.91,76565.2,0.62,333 (Inferred / Reconnaissance),Low Grade / Country Rock,2.98,839.1,True
BLK-04-X00Y08-B3,MOIL-UK-04,-1000.0,600.0,315.0,45.0,21.97339,80.453491,150000.0,2.85,427500.0,11.71,50060.3,0.62,333 (Inferred / Reconnaissance),Low Grade / Country Rock,4.14,1018.8,True
BLK-04-X00Y08-B4,MOIL-UK-04,-1000.0,600.0,300.0,60.0,21.97339,80.453491,150000.0,2.85,427500.0,17.56,75069.0,0.62,333 (Inferred / Reconnaissance),Low Grade / Country Rock,5.07,1188.15,True
BLK-04-X00Y09-B1,MOIL-UK-04,-1000.0,800.0,345.0,15.0,21.975186,80.453491,150000.0,2.85,427500.0,7.14,30523.5,0.62,333 (Inferred / Reconnaissance),Low Grade / Country Rock,1.86,661.2,True
BLK-04-X00Y09-B2,MOIL-UK-04,-1000.0,800.0,330.0,30.0,21.975186,80.453491,150000.0,2.85,427500.0,5.37,22956.8,0.62,333 (Inferred / Reconnaissance),Low Grade / Country Rock,3.29,853.05,True
BLK-04-X00Y09-B3,MOIL-UK-04,-1000.0,800.0,315.0,45.0,21.975186,80.453491,150000.0,2.85,427500.0,6.53,27915.8,0.62,333 (Inferred / Reconnaissance),Low Grade / Country Rock,3.26,979.2,True
BLK-04-X00Y09-B4,MOIL-UK-04,-1000.0,800.0,300.0,60.0,21.975186,80.453491,150000.0,2.85,427500.0,16.43,70238.2,0.62,333 (Inferred / Reconnaissance),Low Grade / Country Rock,4.15,1146.75,True
BLK-04-X00Y10-B1,MOIL-UK-04,-1000.0,1000.0,345.0,15.0,21.976983,80.453491,150000.0,2.85,427500.0,11.93,51000.8,0.62,333 (Inferred / Reconnaissance),Low Grade / Country Rock,2.05,669.75,True
BLK-04-X00Y10-B2,MOIL-UK-04,-1000.0,1000.0,330.0,30.0,21.976983,80.453491,150000.0,2.85,427500.0,5.04,21546.0,0.62,333 (Inferred / Reconnaissance),Low Grade / Country Rock,2.73,827.85,True
BLK-04-X00Y10-B3,MOIL-UK-04,-1000.0,1000.0,315.0,45.0,21.976983,80.453491,150000.0,2.85,427500.0,9.71,41510.2,0.62,333 (Inferred / Reconnaissance),Low Grade / Country Rock,4.54,1036.8,True
BLK-04-X00Y10-B4,MOIL-UK-04,-1000.0,1000.0,300.0,60.0,21.976983,80.453491,150000.0,2.85,427500.0,8.54,36508.5,0.62,333 (Inferred / Reconnaissance),Low Grade / Country Rock,4.26,1151.7,True
BLK-04-X01Y00-B1,MOIL-UK-04,-800.0,-1000.0,345.0,15.0,21.959017,80.455433,150000.0,3.95,592500.0,35.35,209448.8,0.88,111 (Measured Resource),High Grade Braunite,2.85,705.75,True
BLK-04-X01Y00-B2,MOIL-UK-04,-800.0,-1000.0,330.0,30.0,21.959017,80.455433,150000.0,3.95,592500.0,35.53,210515.2,0.88,111 (Measured Resource),High Grade Braunite,3.91,880.95,True
BLK-04-X01Y00-B3,MOIL-UK-04,-800.0,-1000.0,315.0,45.0,21.959017,80.455433,150000.0,3.95,592500.0,32.24,191022.0,0.88,111 (Measured Resource),High Grade Braunite,4.39,1030.05,True
BLK-04-X01Y00-B4,MOIL-UK-04,-800.0,-1000.0,300.0,60.0,21.959017,80.455433,150000.0,3.95,592500.0,37.1,219817.5,0.88,111 (Measured Resource),High Grade Braunite,4.52,1163.4,True
BLK-04-X01Y01-B1,MOIL-UK-04,-800.0,-800.0,345.0,15.0,21.960814,80.455433,150000.0,3.45,517500.0,25.33,131082.7,0.76,122 (Indicated Resource),Medium Grade Gondite,1.86,661.2,True
BLK-04-X01Y01-B2,MOIL-UK-04,-800.0,-800.0,330.0,30.0,21.960814,80.455433,150000.0,3.95,592500.0,31.96,189363.0,0.88,111 (Measured Resource),High Grade Braunite,2.37,811.65,True
BLK-04-X01Y01-B3,MOIL-UK-04,-800.0,-800.0,315.0,45.0,21.960814,80.455433,150000.0,3.95,592500.0,32.28,191259.0,0.88,111 (Measured Resource),High Grade Braunite,2.88,962.1,True
BLK-04-X01Y01-B4,MOIL-UK-04,-800.0,-800.0,300.0,60.0,21.960814,80.455433,150000.0,3.95,592500.0,36.62,216973.5,0.88,111 (Measured Resource),High Grade Braunite,3.87,1134.15,True
BLK-04-X01Y02-B1,MOIL-UK-04,-800.0,-600.0,345.0,15.0,21.96261,80.455433,150000.0,3.45,517500.0,32.82,169843.5,0.76,122 (Indicated Resource),Medium Grade Gondite,2.26,679.2,True
BLK-04-X01Y02-B2,MOIL-UK-04,-800.0,-600.0,330.0,30.0,21.96261,80.455433,150000.0,3.95,592500.0,34.22,202753.5,0.88,111 (Measured Resource),High Grade Braunite,2.13,800.85,True
BLK-04-X01Y02-B3,MOIL-UK-04,-800.0,-600.0,315.0,45.0,21.96261,80.455433,150000.0,3.95,592500.0,32.2,190785.0,0.88,111 (Measured Resource),High Grade Braunite,2.84,960.3,True
BLK-04-X01Y02-B4,MOIL-UK-04,-800.0,-600.0,300.0,60.0,21.96261,80.455433,150000.0,3.45,517500.0,25.71,133049.2,0.76,122 (Indicated Resource),Medium Grade Gondite,3.62,1122.9,True
BLK-04-X01Y03-B1,MOIL-UK-04,-800.0,-400.0,345.0,15.0,21.964407,80.455433,150000.0,3.45,517500.0,24.83,128495.2,0.76,122 (Indicated Resource),Medium Grade Gondite,1.78,657.6,True
BLK-04-X01Y03-B2,MOIL-UK-04,-800.0,-400.0,330.0,30.0,21.964407,80.455433,150000.0,3.45,517500.0,33.93,175587.8,0.76,122 (Indicated Resource),Medium Grade Gondite,2.47,816.15,True
BLK-04-X01Y03-B3,MOIL-UK-04,-800.0,-400.0,315.0,45.0,21.964407,80.455433,150000.0,3.45,517500.0,24.87,128702.2,0.76,122 (Indicated Resource),Medium Grade Gondite,4.12,1017.9,True
BLK-04-X01Y03-B4,MOIL-UK-04,-800.0,-400.0,300.0,60.0,21.964407,80.455433,150000.0,3.45,517500.0,32.31,167204.2,0.76,122 (Indicated Resource),Medium Grade Gondite,4.27,1152.15,True
BLK-04-X01Y04-B1,MOIL-UK-04,-800.0,-200.0,345.0,15.0,21.966203,80.455433,150000.0,2.85,427500.0,16.26,69511.5,0.62,333 (Inferred / Reconnaissance),Low Grade / Country Rock,1.93,664.35,True
BLK-04-X01Y04-B2,MOIL-UK-04,-800.0,-200.0,330.0,30.0,21.966203,80.455433,150000.0,3.45,517500.0,24.36,126063.0,0.76,122 (Indicated Resource),Medium Grade Gondite,2.66,824.7,True
BLK-04-X01Y04-B3,MOIL-UK-04,-800.0,-200.0,315.0,45.0,21.966203,80.455433,150000.0,3.45,517500.0,29.31,151679.2,0.76,122 (Indicated Resource),Medium Grade Gondite,3.48,989.1,True
BLK-04-X01Y04-B4,MOIL-UK-04,-800.0,-200.0,300.0,60.0,21.966203,80.455433,150000.0,3.45,517500.0,30.07,155612.2,0.76,122 (Indicated Resource),Medium Grade Gondite,3.97,1138.65,True
BLK-04-X01Y05-B1,MOIL-UK-04,-800.0,0.0,345.0,15.0,21.968,80.455433,150000.0,2.85,427500.0,13.81,59037.8,0.62,333 (Inferred / Reconnaissance),Low Grade / Country Rock,1.94,664.8,True
BLK-04-X01Y05-B2,MOIL-UK-04,-800.0,0.0,330.0,30.0,21.968,80.455433,150000.0,3.45,517500.0,27.47,142157.2,0.76,122 (Indicated Resource),Medium Grade Gondite,3.12,845.4,True
BLK-04-X01Y05-B3,MOIL-UK-04,-800.0,0.0,315.0,45.0,21.968,80.455433,150000.0,3.45,517500.0,30.23,156440.2,0.76,122 (Indicated Resource),Medium Grade Gondite,3.23,977.85,True
BLK-04-X01Y05-B4,MOIL-UK-04,-800.0,0.0,300.0,60.0,21.968,80.455433,150000.0,2.85,427500.0,15.7,67117.5,0.62,333 (Inferred / Reconnaissance),Low Grade / Country Rock,4.94,1182.3,True
BLK-04-X01Y06-B1,MOIL-UK-04,-800.0,200.0,345.0,15.0,21.969797,80.455433,150000.0,2.85,427500.0,7.28,31122.0,0.62,333 (Inferred / Reconnaissance),Low Grade / Country Rock,3.2,721.5,True
BLK-04-X01Y06-B2,MOIL-UK-04,-800.0,200.0,330.0,30.0,21.969797,80.455433,150000.0,2.85,427500.0,13.31,56900.2,0.62,333 (Inferred / Reconnaissance),Low Grade / Country Rock,2.9,835.5,True
BLK-04-X01Y06-B3,MOIL-UK-04,-800.0,200.0,315.0,45.0,21.969797,80.455433,150000.0,3.45,517500.0,23.89,123630.8,0.76,122 (Indicated Resource),Medium Grade Gondite,3.82,1004.4,True
BLK-04-X01Y06-B4,MOIL-UK-04,-800.0,200.0,300.0,60.0,21.969797,80.455433,150000.0,2.85,427500.0,6.31,26975.2,0.62,333 (Inferred / Reconnaissance),Low Grade / Country Rock,4.36,1156.2,True
BLK-04-X01Y07-B1,MOIL-UK-04,-800.0,400.0,345.0,15.0,21.971593,80.455433,150000.0,2.85,427500.0,9.72,41553.0,0.62,333 (Inferred / Reconnaissance),Low Grade / Country Rock,2.69,698.55,True
BLK-04-X01Y07-B2,MOIL-UK-04,-800.0,400.0,330.0,30.0,21.971593,80.455433,150000.0,2.85,427500.0,6.69,28599.8,0.62,333 (Inferred / Reconnaissance),Low Grade / Country Rock,3.64,868.8,True
BLK-04-X01Y07-B3,MOIL-UK-04,-800.0,400.0,315.0,45.0,21.971593,80.455433,150000.0,2.85,427500.0,8.57,36636.8,0.62,333 (Inferred / Reconnaissance),Low Grade / Country Rock,3.64,996.3,True
BLK-04-X01Y07-B4,MOIL-UK-04,-800.0,400.0,300.0,60.0,21.971593,80.455433,150000.0,2.85,427500.0,14.81,63312.8,0.62,333 (Inferred / Reconnaissance),Low Grade / Country Rock,4.75,1173.75,True
BLK-04-X01Y08-B1,MOIL-UK-04,-800.0,600.0,345.0,15.0,21.97339,80.455433,150000.0,2.85,427500.0,8.31,35525.2,0.62,333 (Inferred / Reconnaissance),Low Grade / Country Rock,2.02,668.4,True
BLK-04-X01Y08-B2,MOIL-UK-04,-800.0,600.0,330.0,30.0,21.97339,80.455433,150000.0,2.85,427500.0,8.28,35397.0,0.62,333 (Inferred / Reconnaissance),Low Grade / Country Rock,3.19,848.55,True
BLK-04-X01Y08-B3,MOIL-UK-04,-800.0,600.0,315.0,45.0,21.97339,80.455433,150000.0,2.85,427500.0,8.66,37021.5,0.62,333 (Inferred / Reconnaissance),Low Grade / Country Rock,4.2,1021.5,True
BLK-04-X01Y08-B4,MOIL-UK-04,-800.0,600.0,300.0,60.0,21.97339,80.455433,150000.0,2.85,427500.0,12.12,51813.0,0.62,333 (Inferred / Reconnaissance),Low Grade / Country Rock,3.79,1130.55,True
BLK-04-X01Y09-B1,MOIL-UK-04,-800.0,800.0,345.0,15.0,21.975186,80.455433,150000.0,2.85,427500.0,8.34,35653.5,0.62,333 (Inferred / Reconnaissance),Low Grade / Country Rock,1.69,653.55,True
BLK-04-X01Y09-B2,MOIL-UK-04,-800.0,800.0,330.0,30.0,21.975186,80.455433,150000.0,2.85,427500.0,9.46,40441.5,0.62,333 (Inferred / Reconnaissance),Low Grade / Country Rock,3.03,841.35,True
BLK-04-X01Y09-B3,MOIL-UK-04,-800.0,800.0,315.0,45.0,21.975186,80.455433,150000.0,2.85,427500.0,11.09,47409.8,0.62,333 (Inferred / Reconnaissance),Low Grade / Country Rock,4.26,1024.2,True
BLK-04-X01Y09-B4,MOIL-UK-04,-800.0,800.0,300.0,60.0,21.975186,80.455433,150000.0,2.85,427500.0,6.65,28428.8,0.62,333 (Inferred / Reconnaissance),Low Grade / Country Rock,5.39,1202.55,True
BLK-04-X01Y10-B1,MOIL-UK-04,-800.0,1000.0,345.0,15.0,21.976983,80.455433,150000.0,2.85,427500.0,8.8,37620.0,0.62,333 (Inferred / Reconnaissance),Low Grade / Country Rock,1.85,660.75,True
BLK-04-X01Y10-B2,MOIL-UK-04,-800.0,1000.0,330.0,30.0,21.976983,80.455433,150000.0,2.85,427500.0,13.59,58097.2,0.62,333 (Inferred / Reconnaissance),Low Grade / Country Rock,3.61,867.45,True
BLK-04-X01Y10-B3,MOIL-UK-04,-800.0,1000.0,315.0,45.0,21.976983,80.455433,150000.0,2.85,427500.0,9.3,39757.5,0.62,333 (Inferred / Reconnaissance),Low Grade / Country Rock,4.24,1023.3,True
BLK-04-X01Y10-B4,MOIL-UK-04,-800.0,1000.0,300.0,60.0,21.976983,80.455433,150000.0,2.85,427500.0,16.37,69981.8,0.62,333 (Inferred / Reconnaissance),Low Grade / Country Rock,5.03,1186.35,True
BLK-04-X02Y00-B1,MOIL-UK-04,-600.0,-1000.0,345.0,15.0,21.959017,80.457375,150000.0,3.95,592500.0,31.15,184563.8,0.88,111 (Measured Resource),High Grade Braunite,1.32,636.9,True
BLK-04-X02Y00-B2,MOIL-UK-04,-600.0,-1000.0,330.0,30.0,21.959017,80.457375,150000.0,3.95,592500.0,34.83,206367.8,0.88,111 (Measured Resource),High Grade Braunite,3.34,855.3,True
BLK-04-X02Y00-B3,MOIL-UK-04,-600.0,-1000.0,315.0,45.0,21.959017,80.457375,150000.0,3.95,592500.0,35.1,207967.5,0.88,111 (Measured Resource),High Grade Braunite,4.27,1024.65,True
BLK-04-X02Y00-B4,MOIL-UK-04,-600.0,-1000.0,300.0,60.0,21.959017,80.457375,150000.0,3.95,592500.0,33.26,197065.5,0.88,111 (Measured Resource),High Grade Braunite,3.63,1123.35,True
BLK-04-X02Y01-B1,MOIL-UK-04,-600.0,-800.0,345.0,15.0,21.960814,80.457375,150000.0,3.95,592500.0,34.39,203760.8,0.88,111 (Measured Resource),High Grade Braunite,2.17,675.15,True
BLK-04-X02Y01-B2,MOIL-UK-04,-600.0,-800.0,330.0,30.0,21.960814,80.457375,150000.0,3.95,592500.0,33.26,197065.5,0.88,111 (Measured Resource),High Grade Braunite,3.17,847.65,True
BLK-04-X02Y01-B3,MOIL-UK-04,-600.0,-800.0,315.0,45.0,21.960814,80.457375,150000.0,3.95,592500.0,33.08,195999.0,0.88,111 (Measured Resource),High Grade Braunite,3.37,984.15,True
BLK-04-X02Y01-B4,MOIL-UK-04,-600.0,-800.0,300.0,60.0,21.960814,80.457375,150000.0,3.95,592500.0,36.04,213537.0,0.88,111 (Measured Resource),High Grade Braunite,4.34,1155.3,True
BLK-04-X02Y02-B1,MOIL-UK-04,-600.0,-600.0,345.0,15.0,21.96261,80.457375,150000.0,3.45,517500.0,32.8,169740.0,0.76,122 (Indicated Resource),Medium Grade Gondite,1.41,640.95,True
BLK-04-X02Y02-B2,MOIL-UK-04,-600.0,-600.0,330.0,30.0,21.96261,80.457375,150000.0,3.95,592500.0,34.92,206901.0,0.88,111 (Measured Resource),High Grade Braunite,3.68,870.6,True
BLK-04-X02Y02-B3,MOIL-UK-04,-600.0,-600.0,315.0,45.0,21.96261,80.457375,150000.0,3.95,592500.0,31.96,189363.0,0.88,111 (Measured Resource),High Grade Braunite,3.35,983.25,True
BLK-04-X02Y02-B4,MOIL-UK-04,-600.0,-600.0,300.0,60.0,21.96261,80.457375,150000.0,3.95,592500.0,36.06,213655.5,0.88,111 (Measured Resource),High Grade Braunite,4.11,1144.95,True
BLK-04-X02Y03-B1,MOIL-UK-04,-600.0,-400.0,345.0,15.0,21.964407,80.457375,150000.0,3.45,517500.0,31.74,164254.5,0.76,122 (Indicated Resource),Medium Grade Gondite,2.91,708.45,True
BLK-04-X02Y03-B2,MOIL-UK-04,-600.0,-400.0,330.0,30.0,21.964407,80.457375,150000.0,3.95,592500.0,36.0,213300.0,0.88,111 (Measured Resource),High Grade Braunite,2.28,807.6,True
BLK-04-X02Y03-B3,MOIL-UK-04,-600.0,-400.0,315.0,45.0,21.964407,80.457375,150000.0,3.95,592500.0,28.61,169514.2,0.88,111 (Measured Resource),High Grade Braunite,3.69,998.55,True
BLK-04-X02Y03-B4,MOIL-UK-04,-600.0,-400.0,300.0,60.0,21.964407,80.457375,150000.0,3.45,517500.0,33.99,175898.3,0.76,122 (Indicated Resource),Medium Grade Gondite,3.82,1131.9,True
BLK-04-X02Y04-B1,MOIL-UK-04,-600.0,-200.0,345.0,15.0,21.966203,80.457375,150000.0,3.45,517500.0,33.37,172689.8,0.76,122 (Indicated Resource),Medium Grade Gondite,2.9,708.0,True
BLK-04-X02Y04-B2,MOIL-UK-04,-600.0,-200.0,330.0,30.0,21.966203,80.457375,150000.0,3.45,517500.0,33.67,174242.2,0.76,122 (Indicated Resource),Medium Grade Gondite,2.36,811.2,True
BLK-04-X02Y04-B3,MOIL-UK-04,-600.0,-200.0,315.0,45.0,21.966203,80.457375,150000.0,3.95,592500.0,35.79,212055.8,0.88,111 (Measured Resource),High Grade Braunite,3.11,972.45,True
BLK-04-X02Y04-B4,MOIL-UK-04,-600.0,-200.0,300.0,60.0,21.966203,80.457375,150000.0,3.45,517500.0,31.49,162960.7,0.76,122 (Indicated Resource),Medium Grade Gondite,4.1,1144.5,True
BLK-04-X02Y05-B1,MOIL-UK-04,-600.0,0.0,345.0,15.0,21.968,80.457375,150000.0,3.45,517500.0,23.62,122233.5,0.76,122 (Indicated Resource),Medium Grade Gondite,2.1,672.0,True
BLK-04-X02Y05-B2,MOIL-UK-04,-600.0,0.0,330.0,30.0,21.968,80.457375,150000.0,3.45,517500.0,23.09,119490.8,0.76,122 (Indicated Resource),Medium Grade Gondite,2.53,818.85,True
BLK-04-X02Y05-B3,MOIL-UK-04,-600.0,0.0,315.0,45.0,21.968,80.457375,150000.0,3.45,517500.0,26.46,136930.5,0.76,122 (Indicated Resource),Medium Grade Gondite,4.45,1032.75,True
BLK-04-X02Y05-B4,MOIL-UK-04,-600.0,0.0,300.0,60.0,21.968,80.457375,150000.0,3.45,517500.0,31.51,163064.2,0.76,122 (Indicated Resource),Medium Grade Gondite,4.39,1157.55,True
BLK-04-X02Y06-B1,MOIL-UK-04,-600.0,200.0,345.0,15.0,21.969797,80.457375,150000.0,2.85,427500.0,14.14,60448.5,0.62,333 (Inferred / Reconnaissance),Low Grade / Country Rock,2.39,685.05,True
BLK-04-X02Y06-B2,MOIL-UK-04,-600.0,200.0,330.0,30.0,21.969797,80.457375,150000.0,3.45,517500.0,26.09,135015.8,0.76,122 (Indicated Resource),Medium Grade Gondite,3.45,860.25,True
BLK-04-X02Y06-B3,MOIL-UK-04,-600.0,200.0,315.0,45.0,21.969797,80.457375,150000.0,3.45,517500.0,30.2,156285.0,0.76,122 (Indicated Resource),Medium Grade Gondite,3.99,1012.05,True
BLK-04-X02Y06-B4,MOIL-UK-04,-600.0,200.0,300.0,60.0,21.969797,80.457375,150000.0,3.45,517500.0,29.42,152248.5,0.76,122 (Indicated Resource),Medium Grade Gondite,4.87,1179.15,True
BLK-04-X02Y07-B1,MOIL-UK-04,-600.0,400.0,345.0,15.0,21.971593,80.457375,150000.0,2.85,427500.0,9.38,40099.5,0.62,333 (Inferred / Reconnaissance),Low Grade / Country Rock,2.99,712.05,True
BLK-04-X02Y07-B2,MOIL-UK-04,-600.0,400.0,330.0,30.0,21.971593,80.457375,150000.0,3.45,517500.0,23.95,123941.2,0.76,122 (Indicated Resource),Medium Grade Gondite,3.77,874.65,True
BLK-04-X02Y07-B3,MOIL-UK-04,-600.0,400.0,315.0,45.0,21.971593,80.457375,150000.0,3.45,517500.0,26.11,135119.2,0.76,122 (Indicated Resource),Medium Grade Gondite,3.0,967.5,True
BLK-04-X02Y07-B4,MOIL-UK-04,-600.0,400.0,300.0,60.0,21.971593,80.457375,150000.0,2.85,427500.0,12.4,53010.0,0.62,333 (Inferred / Reconnaissance),Low Grade / Country Rock,4.25,1151.25,True
BLK-04-X02Y08-B1,MOIL-UK-04,-600.0,600.0,345.0,15.0,21.97339,80.457375,150000.0,2.85,427500.0,15.42,65920.5,0.62,333 (Inferred / Reconnaissance),Low Grade / Country Rock,2.11,672.45,True
BLK-04-X02Y08-B2,MOIL-UK-04,-600.0,600.0,330.0,30.0,21.97339,80.457375,150000.0,2.85,427500.0,13.36,57114.0,0.62,333 (Inferred / Reconnaissance),Low Grade / Country Rock,2.62,822.9,True
BLK-04-X02Y08-B3,MOIL-UK-04,-600.0,600.0,315.0,45.0,21.97339,80.457375,150000.0,2.85,427500.0,6.93,29625.8,0.62,333 (Inferred / Reconnaissance),Low Grade / Country Rock,3.53,991.35,True
BLK-04-X02Y08-B4,MOIL-UK-04,-600.0,600.0,300.0,60.0,21.97339,80.457375,150000.0,2.85,427500.0,12.5,53437.5,0.62,333 (Inferred / Reconnaissance),Low Grade / Country Rock,4.81,1176.45,True
BLK-04-X02Y09-B1,MOIL-UK-04,-600.0,800.0,345.0,15.0,21.975186,80.457375,150000.0,2.85,427500.0,12.09,51684.8,0.62,333 (Inferred / Reconnaissance),Low Grade / Country Rock,3.23,722.85,True
BLK-04-X02Y09-B2,MOIL-UK-04,-600.0,800.0,330.0,30.0,21.975186,80.457375,150000.0,2.85,427500.0,13.68,58482.0,0.62,333 (Inferred / Reconnaissance),Low Grade / Country Rock,3.86,878.7,True
BLK-04-X02Y09-B3,MOIL-UK-04,-600.0,800.0,315.0,45.0,21.975186,80.457375,150000.0,2.85,427500.0,5.65,24153.8,0.62,333 (Inferred / Reconnaissance),Low Grade / Country Rock,2.87,961.65,True
BLK-04-X02Y09-B4,MOIL-UK-04,-600.0,800.0,300.0,60.0,21.975186,80.457375,150000.0,2.85,427500.0,8.35,35696.2,0.62,333 (Inferred / Reconnaissance),Low Grade / Country Rock,3.77,1129.65,True
BLK-04-X02Y10-B1,MOIL-UK-04,-600.0,1000.0,345.0,15.0,21.976983,80.457375,150000.0,2.85,427500.0,11.36,48564.0,0.62,333 (Inferred / Reconnaissance),Low Grade / Country Rock,2.29,680.55,True
BLK-04-X02Y10-B2,MOIL-UK-04,-600.0,1000.0,330.0,30.0,21.976983,80.457375,150000.0,2.85,427500.0,12.05,51513.8,0.62,333 (Inferred / Reconnaissance),Low Grade / Country Rock,3.49,862.05,True
BLK-04-X02Y10-B3,MOIL-UK-04,-600.0,1000.0,315.0,45.0,21.976983,80.457375,150000.0,2.85,427500.0,17.6,75240.0,0.62,333 (Inferred / Reconnaissance),Low Grade / Country Rock,4.51,1035.45,True
BLK-04-X02Y10-B4,MOIL-UK-04,-600.0,1000.0,300.0,60.0,21.976983,80.457375,150000.0,2.85,427500.0,5.66,24196.5,0.62,333 (Inferred / Reconnaissance),Low Grade / Country Rock,4.18,1148.1,True
BLK-04-X03Y00-B1,MOIL-UK-04,-400.0,-1000.0,345.0,15.0,21.959017,80.459317,150000.0,3.95,592500.0,37.13,219995.2,0.88,111 (Measured Resource),High Grade Braunite,1.76,656.7,True
BLK-04-X03Y00-B2,MOIL-UK-04,-400.0,-1000.0,330.0,30.0,21.959017,80.459317,150000.0,3.95,592500.0,33.9,200857.5,0.88,111 (Measured Resource),High Grade Braunite,3.11,844.95,True
BLK-04-X03Y00-B3,MOIL-UK-04,-400.0,-1000.0,315.0,45.0,21.959017,80.459317,150000.0,3.95,592500.0,29.78,176446.5,0.88,111 (Measured Resource),High Grade Braunite,3.2,976.5,True
BLK-04-X03Y00-B4,MOIL-UK-04,-400.0,-1000.0,300.0,60.0,21.959017,80.459317,150000.0,3.95,592500.0,36.22,214603.5,0.88,111 (Measured Resource),High Grade Braunite,3.54,1119.3,True
BLK-04-X03Y01-B1,MOIL-UK-04,-400.0,-800.0,345.0,15.0,21.960814,80.459317,150000.0,3.95,592500.0,35.96,213063.0,0.88,111 (Measured Resource),High Grade Braunite,2.04,669.3,True
BLK-04-X03Y01-B2,MOIL-UK-04,-400.0,-800.0,330.0,30.0,21.960814,80.459317,150000.0,3.95,592500.0,33.54,198724.5,0.88,111 (Measured Resource),High Grade Braunite,2.7,826.5,True
BLK-04-X03Y01-B3,MOIL-UK-04,-400.0,-800.0,315.0,45.0,21.960814,80.459317,150000.0,3.95,592500.0,36.18,214366.5,0.88,111 (Measured Resource),High Grade Braunite,3.26,979.2,True
BLK-04-X03Y01-B4,MOIL-UK-04,-400.0,-800.0,300.0,60.0,21.960814,80.459317,150000.0,3.95,592500.0,32.34,191614.5,0.88,111 (Measured Resource),High Grade Braunite,5.13,1190.85,True
BLK-04-X03Y02-B1,MOIL-UK-04,-400.0,-600.0,345.0,15.0,21.96261,80.459317,150000.0,3.95,592500.0,32.72,193866.0,0.88,111 (Measured Resource),High Grade Braunite,1.42,641.4,True
BLK-04-X03Y02-B2,MOIL-UK-04,-400.0,-600.0,330.0,30.0,21.96261,80.459317,150000.0,3.95,592500.0,33.25,197006.2,0.88,111 (Measured Resource),High Grade Braunite,3.56,865.2,True
BLK-04-X03Y02-B3,MOIL-UK-04,-400.0,-600.0,315.0,45.0,21.96261,80.459317,150000.0,3.95,592500.0,33.33,197480.2,0.88,111 (Measured Resource),High Grade Braunite,2.83,959.85,True
BLK-04-X03Y02-B4,MOIL-UK-04,-400.0,-600.0,300.0,60.0,21.96261,80.459317,150000.0,3.95,592500.0,35.29,209093.2,0.88,111 (Measured Resource),High Grade Braunite,4.32,1154.4,True
BLK-04-X03Y03-B1,MOIL-UK-04,-400.0,-400.0,345.0,15.0,21.964407,80.459317,150000.0,3.95,592500.0,28.46,168625.5,0.88,111 (Measured Resource),High Grade Braunite,1.81,658.95,True
BLK-04-X03Y03-B2,MOIL-UK-04,-400.0,-400.0,330.0,30.0,21.964407,80.459317,150000.0,3.95,592500.0,35.82,212233.5,0.88,111 (Measured Resource),High Grade Braunite,3.95,882.75,True
BLK-04-X03Y03-B3,MOIL-UK-04,-400.0,-400.0,315.0,45.0,21.964407,80.459317,150000.0,3.95,592500.0,31.57,187052.2,0.88,111 (Measured Resource),High Grade Braunite,3.45,987.75,True
BLK-04-X03Y03-B4,MOIL-UK-04,-400.0,-400.0,300.0,60.0,21.964407,80.459317,150000.0,3.95,592500.0,34.29,203168.2,0.88,111 (Measured Resource),High Grade Braunite,5.07,1188.15,True
BLK-04-X03Y04-B1,MOIL-UK-04,-400.0,-200.0,345.0,15.0,21.966203,80.459317,150000.0,3.45,517500.0,30.37,157164.8,0.76,122 (Indicated Resource),Medium Grade Gondite,3.07,715.65,True
BLK-04-X03Y04-B2,MOIL-UK-04,-400.0,-200.0,330.0,30.0,21.966203,80.459317,150000.0,3.95,592500.0,37.78,223846.5,0.88,111 (Measured Resource),High Grade Braunite,3.77,874.65,True
BLK-04-X03Y04-B3,MOIL-UK-04,-400.0,-200.0,315.0,45.0,21.966203,80.459317,150000.0,3.95,592500.0,33.04,195762.0,0.88,111 (Measured Resource),High Grade Braunite,3.37,984.15,True
BLK-04-X03Y04-B4,MOIL-UK-04,-400.0,-200.0,300.0,60.0,21.966203,80.459317,150000.0,3.95,592500.0,37.53,222365.2,0.88,111 (Measured Resource),High Grade Braunite,4.51,1162.95,True
BLK-04-X03Y05-B1,MOIL-UK-04,-400.0,0.0,345.0,15.0,21.968,80.459317,150000.0,3.45,517500.0,28.02,145003.5,0.76,122 (Indicated Resource),Medium Grade Gondite,2.47,688.65,True
BLK-04-X03Y05-B2,MOIL-UK-04,-400.0,0.0,330.0,30.0,21.968,80.459317,150000.0,3.95,592500.0,34.88,206664.0,0.88,111 (Measured Resource),High Grade Braunite,2.91,835.95,True
BLK-04-X03Y05-B3,MOIL-UK-04,-400.0,0.0,315.0,45.0,21.968,80.459317,150000.0,3.95,592500.0,30.41,180179.2,0.88,111 (Measured Resource),High Grade Braunite,3.99,1012.05,True
BLK-04-X03Y05-B4,MOIL-UK-04,-400.0,0.0,300.0,60.0,21.968,80.459317,150000.0,3.45,517500.0,24.88,128754.0,0.76,122 (Indicated Resource),Medium Grade Gondite,4.37,1156.65,True
BLK-04-X03Y06-B1,MOIL-UK-04,-400.0,200.0,345.0,15.0,21.969797,80.459317,150000.0,3.45,517500.0,24.52,126891.0,0.76,122 (Indicated Resource),Medium Grade Gondite,3.0,712.5,True
BLK-04-X03Y06-B2,MOIL-UK-04,-400.0,200.0,330.0,30.0,21.969797,80.459317,150000.0,3.45,517500.0,27.86,144175.5,0.76,122 (Indicated Resource),Medium Grade Gondite,2.45,815.25,True
BLK-04-X03Y06-B3,MOIL-UK-04,-400.0,200.0,315.0,45.0,21.969797,80.459317,150000.0,3.95,592500.0,33.67,199494.8,0.88,111 (Measured Resource),High Grade Braunite,3.18,975.6,True
BLK-04-X03Y06-B4,MOIL-UK-04,-400.0,200.0,300.0,60.0,21.969797,80.459317,150000.0,3.45,517500.0,33.87,175277.2,0.76,122 (Indicated Resource),Medium Grade Gondite,4.57,1165.65,True
BLK-04-X03Y07-B1,MOIL-UK-04,-400.0,400.0,345.0,15.0,21.971593,80.459317,150000.0,3.45,517500.0,25.47,131807.2,0.76,122 (Indicated Resource),Medium Grade Gondite,2.57,693.15,True
BLK-04-X03Y07-B2,MOIL-UK-04,-400.0,400.0,330.0,30.0,21.971593,80.459317,150000.0,3.45,517500.0,25.3,130927.5,0.76,122 (Indicated Resource),Medium Grade Gondite,3.64,868.8,True
BLK-04-X03Y07-B3,MOIL-UK-04,-400.0,400.0,315.0,45.0,21.971593,80.459317,150000.0,3.45,517500.0,25.7,132997.5,0.76,122 (Indicated Resource),Medium Grade Gondite,4.73,1045.35,True
BLK-04-X03Y07-B4,MOIL-UK-04,-400.0,400.0,300.0,60.0,21.971593,80.459317,150000.0,3.45,517500.0,29.26,151420.5,0.76,122 (Indicated Resource),Medium Grade Gondite,5.19,1193.55,True
BLK-04-X03Y08-B1,MOIL-UK-04,-400.0,600.0,345.0,15.0,21.97339,80.459317,150000.0,2.85,427500.0,5.02,21460.5,0.62,333 (Inferred / Reconnaissance),Low Grade / Country Rock,1.95,665.25,True
BLK-04-X03Y08-B2,MOIL-UK-04,-400.0,600.0,330.0,30.0,21.97339,80.459317,150000.0,3.45,517500.0,30.85,159648.8,0.76,122 (Indicated Resource),Medium Grade Gondite,3.31,853.95,True
BLK-04-X03Y08-B3,MOIL-UK-04,-400.0,600.0,315.0,45.0,21.97339,80.459317,150000.0,3.45,517500.0,24.33,125907.8,0.76,122 (Indicated Resource),Medium Grade Gondite,3.46,988.2,True
BLK-04-X03Y08-B4,MOIL-UK-04,-400.0,600.0,300.0,60.0,21.97339,80.459317,150000.0,2.85,427500.0,7.69,32874.8,0.62,333 (Inferred / Reconnaissance),Low Grade / Country Rock,4.73,1172.85,True
BLK-04-X03Y09-B1,MOIL-UK-04,-400.0,800.0,345.0,15.0,21.975186,80.459317,150000.0,2.85,427500.0,8.82,37705.5,0.62,333 (Inferred / Reconnaissance),Low Grade / Country Rock,1.87,661.65,True
BLK-04-X03Y09-B2,MOIL-UK-04,-400.0,800.0,330.0,30.0,21.975186,80.459317,150000.0,3.45,517500.0,24.49,126735.7,0.76,122 (Indicated Resource),Medium Grade Gondite,2.82,831.9,True
BLK-04-X03Y09-B3,MOIL-UK-04,-400.0,800.0,315.0,45.0,21.975186,80.459317,150000.0,3.45,517500.0,24.35,126011.3,0.76,122 (Indicated Resource),Medium Grade Gondite,4.68,1043.1,True
BLK-04-X03Y09-B4,MOIL-UK-04,-400.0,800.0,300.0,60.0,21.975186,80.459317,150000.0,2.85,427500.0,6.16,26334.0,0.62,333 (Inferred / Reconnaissance),Low Grade / Country Rock,5.33,1199.85,True
BLK-04-X03Y10-B1,MOIL-UK-04,-400.0,1000.0,345.0,15.0,21.976983,80.459317,150000.0,2.85,427500.0,10.0,42750.0,0.62,333 (Inferred / Reconnaissance),Low Grade / Country Rock,2.01,667.95,True
BLK-04-X03Y10-B2,MOIL-UK-04,-400.0,1000.0,330.0,30.0,21.976983,80.459317,150000.0,2.85,427500.0,7.24,30951.0,0.62,333 (Inferred / Reconnaissance),Low Grade / Country Rock,3.27,852.15,True
BLK-04-X03Y10-B3,MOIL-UK-04,-400.0,1000.0,315.0,45.0,21.976983,80.459317,150000.0,2.85,427500.0,13.6,58140.0,0.62,333 (Inferred / Reconnaissance),Low Grade / Country Rock,3.69,998.55,True
BLK-04-X03Y10-B4,MOIL-UK-04,-400.0,1000.0,300.0,60.0,21.976983,80.459317,150000.0,2.85,427500.0,4.78,20434.5,0.62,333 (Inferred / Reconnaissance),Low Grade / Country Rock,5.34,1200.3,True
BLK-04-X04Y00-B1,MOIL-UK-04,-200.0,-1000.0,345.0,15.0,21.959017,80.461258,150000.0,3.45,517500.0,33.76,174708.0,0.76,122 (Indicated Resource),Medium Grade Gondite,2.11,672.45,True
BLK-04-X04Y00-B2,MOIL-UK-04,-200.0,-1000.0,330.0,30.0,21.959017,80.461258,150000.0,3.95,592500.0,32.71,193806.8,0.88,111 (Measured Resource),High Grade Braunite,3.23,850.35,True
BLK-04-X04Y00-B3,MOIL-UK-04,-200.0,-1000.0,315.0,45.0,21.959017,80.461258,150000.0,3.95,592500.0,28.02,166018.5,0.88,111 (Measured Resource),High Grade Braunite,2.9,963.0,True
BLK-04-X04Y00-B4,MOIL-UK-04,-200.0,-1000.0,300.0,60.0,21.959017,80.461258,150000.0,3.45,517500.0,27.47,142157.2,0.76,122 (Indicated Resource),Medium Grade Gondite,5.14,1191.3,True
BLK-04-X04Y01-B1,MOIL-UK-04,-200.0,-800.0,345.0,15.0,21.960814,80.461258,150000.0,3.45,517500.0,22.2,114885.0,0.76,122 (Indicated Resource),Medium Grade Gondite,2.41,685.95,True
BLK-04-X04Y01-B2,MOIL-UK-04,-200.0,-800.0,330.0,30.0,21.960814,80.461258,150000.0,3.95,592500.0,31.9,189007.5,0.88,111 (Measured Resource),High Grade Braunite,3.76,874.2,True
BLK-04-X04Y01-B3,MOIL-UK-04,-200.0,-800.0,315.0,45.0,21.960814,80.461258,150000.0,3.95,592500.0,31.71,187881.8,0.88,111 (Measured Resource),High Grade Braunite,4.29,1025.55,True
BLK-04-X04Y01-B4,MOIL-UK-04,-200.0,-800.0,300.0,60.0,21.960814,80.461258,150000.0,3.95,592500.0,31.89,188948.2,0.88,111 (Measured Resource),High Grade Braunite,4.01,1140.45,True
BLK-04-X04Y02-B1,MOIL-UK-04,-200.0,-600.0,345.0,15.0,21.96261,80.461258,150000.0,3.95,592500.0,32.08,190074.0,0.88,111 (Measured Resource),High Grade Braunite,2.04,669.3,True
BLK-04-X04Y02-B2,MOIL-UK-04,-200.0,-600.0,330.0,30.0,21.96261,80.461258,150000.0,3.95,592500.0,30.06,178105.5,0.88,111 (Measured Resource),High Grade Braunite,3.75,873.75,True
BLK-04-X04Y02-B3,MOIL-UK-04,-200.0,-600.0,315.0,45.0,21.96261,80.461258,150000.0,3.95,592500.0,29.59,175320.8,0.88,111 (Measured Resource),High Grade Braunite,3.82,1004.4,True
BLK-04-X04Y02-B4,MOIL-UK-04,-200.0,-600.0,300.0,60.0,21.96261,80.461258,150000.0,3.95,592500.0,38.2,226335.0,0.88,111 (Measured Resource),High Grade Braunite,5.41,1203.45,True
BLK-04-X04Y03-B1,MOIL-UK-04,-200.0,-400.0,345.0,15.0,21.964407,80.461258,150000.0,3.95,592500.0,32.81,194399.2,0.88,111 (Measured Resource),High Grade Braunite,3.18,720.6,True
BLK-04-X04Y03-B2,MOIL-UK-04,-200.0,-400.0,330.0,30.0,21.964407,80.461258,150000.0,3.95,592500.0,32.62,193273.5,0.88,111 (Measured Resource),High Grade Braunite,3.91,880.95,True
BLK-04-X04Y03-B3,MOIL-UK-04,-200.0,-400.0,315.0,45.0,21.964407,80.461258,150000.0,3.95,592500.0,32.56,192918.0,0.88,111 (Measured Resource),High Grade Braunite,3.59,994.05,True
BLK-04-X04Y03-B4,MOIL-UK-04,-200.0,-400.0,300.0,60.0,21.964407,80.461258,150000.0,3.95,592500.0,32.63,193332.8,0.88,111 (Measured Resource),High Grade Braunite,3.6,1122.0,True
BLK-04-X04Y04-B1,MOIL-UK-04,-200.0,-200.0,345.0,15.0,21.966203,80.461258,150000.0,3.95,592500.0,31.69,187763.2,0.88,111 (Measured Resource),High Grade Braunite,1.37,639.15,True
BLK-04-X04Y04-B2,MOIL-UK-04,-200.0,-200.0,330.0,30.0,21.966203,80.461258,150000.0,3.95,592500.0,34.03,201627.8,0.88,111 (Measured Resource),High Grade Braunite,2.97,838.65,True
BLK-04-X04Y04-B3,MOIL-UK-04,-200.0,-200.0,315.0,45.0,21.966203,80.461258,150000.0,3.95,592500.0,33.16,196473.0,0.88,111 (Measured Resource),High Grade Braunite,3.46,988.2,True
BLK-04-X04Y04-B4,MOIL-UK-04,-200.0,-200.0,300.0,60.0,21.966203,80.461258,150000.0,3.95,592500.0,34.92,206901.0,0.88,111 (Measured Resource),High Grade Braunite,5.5,1207.5,True
BLK-04-X04Y05-B1,MOIL-UK-04,-200.0,0.0,345.0,15.0,21.968,80.461258,150000.0,3.95,592500.0,27.08,160449.0,0.88,111 (Measured Resource),High Grade Braunite,2.02,668.4,True
BLK-04-X04Y05-B2,MOIL-UK-04,-200.0,0.0,330.0,30.0,21.968,80.461258,150000.0,3.95,592500.0,35.02,207493.5,0.88,111 (Measured Resource),High Grade Braunite,2.39,812.55,True
BLK-04-X04Y05-B3,MOIL-UK-04,-200.0,0.0,315.0,45.0,21.968,80.461258,150000.0,3.95,592500.0,25.48,150969.0,0.88,111 (Measured Resource),High Grade Braunite,3.29,980.55,True
BLK-04-X04Y05-B4,MOIL-UK-04,-200.0,0.0,300.0,60.0,21.968,80.461258,150000.0,3.95,592500.0,34.98,207256.5,0.88,111 (Measured Resource),High Grade Braunite,3.82,1131.9,True
BLK-04-X04Y06-B1,MOIL-UK-04,-200.0,200.0,345.0,15.0,21.969797,80.461258,150000.0,3.45,517500.0,25.73,133152.8,0.76,122 (Indicated Resource),Medium Grade Gondite,2.27,679.65,True
BLK-04-X04Y06-B2,MOIL-UK-04,-200.0,200.0,330.0,30.0,21.969797,80.461258,150000.0,3.95,592500.0,33.57,198902.2,0.88,111 (Measured Resource),High Grade Braunite,2.13,800.85,True
BLK-04-X04Y06-B3,MOIL-UK-04,-200.0,200.0,315.0,45.0,21.969797,80.461258,150000.0,3.95,592500.0,35.22,208678.5,0.88,111 (Measured Resource),High Grade Braunite,4.14,1018.8,True
BLK-04-X04Y06-B4,MOIL-UK-04,-200.0,200.0,300.0,60.0,21.969797,80.461258,150000.0,3.95,592500.0,33.52,198606.0,0.88,111 (Measured Resource),High Grade Braunite,5.0,1185.0,True
BLK-04-X04Y07-B1,MOIL-UK-04,-200.0,400.0,345.0,15.0,21.971593,80.461258,150000.0,3.45,517500.0,29.81,154266.8,0.76,122 (Indicated Resource),Medium Grade Gondite,2.71,699.45,True
BLK-04-X04Y07-B2,MOIL-UK-04,-200.0,400.0,330.0,30.0,21.971593,80.461258,150000.0,3.95,592500.0,33.19,196650.7,0.88,111 (Measured Resource),High Grade Braunite,2.18,803.1,True
BLK-04-X04Y07-B3,MOIL-UK-04,-200.0,400.0,315.0,45.0,21.971593,80.461258,150000.0,3.95,592500.0,31.53,186815.3,0.88,111 (Measured Resource),High Grade Braunite,3.43,986.85,True
BLK-04-X04Y07-B4,MOIL-UK-04,-200.0,400.0,300.0,60.0,21.971593,80.461258,150000.0,3.45,517500.0,33.31,172379.2,0.76,122 (Indicated Resource),Medium Grade Gondite,4.51,1162.95,True
BLK-04-X04Y08-B1,MOIL-UK-04,-200.0,600.0,345.0,15.0,21.97339,80.461258,150000.0,3.45,517500.0,33.61,173931.8,0.76,122 (Indicated Resource),Medium Grade Gondite,1.43,641.85,True
BLK-04-X04Y08-B2,MOIL-UK-04,-200.0,600.0,330.0,30.0,21.97339,80.461258,150000.0,3.45,517500.0,27.73,143502.8,0.76,122 (Indicated Resource),Medium Grade Gondite,2.12,800.4,True
BLK-04-X04Y08-B3,MOIL-UK-04,-200.0,600.0,315.0,45.0,21.97339,80.461258,150000.0,3.45,517500.0,29.56,152973.0,0.76,122 (Indicated Resource),Medium Grade Gondite,2.91,963.45,True
BLK-04-X04Y08-B4,MOIL-UK-04,-200.0,600.0,300.0,60.0,21.97339,80.461258,150000.0,3.45,517500.0,24.1,124717.5,0.76,122 (Indicated Resource),Medium Grade Gondite,4.02,1140.9,True
BLK-04-X04Y09-B1,MOIL-UK-04,-200.0,800.0,345.0,15.0,21.975186,80.461258,150000.0,2.85,427500.0,14.48,61902.0,0.62,333 (Inferred / Reconnaissance),Low Grade / Country Rock,1.58,648.6,True
BLK-04-X04Y09-B2,MOIL-UK-04,-200.0,800.0,330.0,30.0,21.975186,80.461258,150000.0,3.45,517500.0,32.16,166428.0,0.76,122 (Indicated Resource),Medium Grade Gondite,2.26,806.7,True
BLK-04-X04Y09-B3,MOIL-UK-04,-200.0,800.0,315.0,45.0,21.975186,80.461258,150000.0,3.45,517500.0,22.42,116023.5,0.76,122 (Indicated Resource),Medium Grade Gondite,3.54,991.8,True
BLK-04-X04Y09-B4,MOIL-UK-04,-200.0,800.0,300.0,60.0,21.975186,80.461258,150000.0,3.45,517500.0,33.75,174656.2,0.76,122 (Indicated Resource),Medium Grade Gondite,3.72,1127.4,True
BLK-04-X04Y10-B1,MOIL-UK-04,-200.0,1000.0,345.0,15.0,21.976983,80.461258,150000.0,2.85,427500.0,5.42,23170.5,0.62,333 (Inferred / Reconnaissance),Low Grade / Country Rock,2.75,701.25,True
BLK-04-X04Y10-B2,MOIL-UK-04,-200.0,1000.0,330.0,30.0,21.976983,80.461258,150000.0,3.45,517500.0,25.75,133256.2,0.76,122 (Indicated Resource),Medium Grade Gondite,3.43,859.35,True
BLK-04-X04Y10-B3,MOIL-UK-04,-200.0,1000.0,315.0,45.0,21.976983,80.461258,150000.0,3.45,517500.0,24.4,126270.0,0.76,122 (Indicated Resource),Medium Grade Gondite,3.67,997.65,True
BLK-04-X04Y10-B4,MOIL-UK-04,-200.0,1000.0,300.0,60.0,21.976983,80.461258,150000.0,2.85,427500.0,7.71,32960.2,0.62,333 (Inferred / Reconnaissance),Low Grade / Country Rock,4.4,1158.0,True
BLK-04-X05Y00-B1,MOIL-UK-04,0.0,-1000.0,345.0,15.0,21.959017,80.4632,150000.0,3.45,517500.0,31.23,161615.2,0.76,122 (Indicated Resource),Medium Grade Gondite,2.77,702.15,True
BLK-04-X05Y00-B2,MOIL-UK-04,0.0,-1000.0,330.0,30.0,21.959017,80.4632,150000.0,3.45,517500.0,28.19,145883.3,0.76,122 (Indicated Resource),Medium Grade Gondite,3.86,878.7,True
BLK-04-X05Y00-B3,MOIL-UK-04,0.0,-1000.0,315.0,45.0,21.959017,80.4632,150000.0,3.45,517500.0,25.17,130254.8,0.76,122 (Indicated Resource),Medium Grade Gondite,3.23,977.85,True
BLK-04-X05Y00-B4,MOIL-UK-04,0.0,-1000.0,300.0,60.0,21.959017,80.4632,150000.0,3.45,517500.0,29.37,151989.8,0.76,122 (Indicated Resource),Medium Grade Gondite,4.74,1173.3,True
BLK-04-X05Y01-B1,MOIL-UK-04,0.0,-800.0,345.0,15.0,21.960814,80.4632,150000.0,3.45,517500.0,22.56,116748.0,0.76,122 (Indicated Resource),Medium Grade Gondite,2.47,688.65,True
BLK-04-X05Y01-B2,MOIL-UK-04,0.0,-800.0,330.0,30.0,21.960814,80.4632,150000.0,3.95,592500.0,34.57,204827.2,0.88,111 (Measured Resource),High Grade Braunite,2.75,828.75,True
BLK-04-X05Y01-B3,MOIL-UK-04,0.0,-800.0,315.0,45.0,21.960814,80.4632,150000.0,3.95,592500.0,35.52,210456.0,0.88,111 (Measured Resource),High Grade Braunite,3.85,1005.75,True
BLK-04-X05Y01-B4,MOIL-UK-04,0.0,-800.0,300.0,60.0,21.960814,80.4632,150000.0,3.45,517500.0,22.02,113953.5,0.76,122 (Indicated Resource),Medium Grade Gondite,4.77,1174.65,True
BLK-04-X05Y02-B1,MOIL-UK-04,0.0,-600.0,345.0,15.0,21.96261,80.4632,150000.0,3.45,517500.0,30.99,160373.2,0.76,122 (Indicated Resource),Medium Grade Gondite,1.75,656.25,True
BLK-04-X05Y02-B2,MOIL-UK-04,0.0,-600.0,330.0,30.0,21.96261,80.4632,150000.0,3.95,592500.0,35.1,207967.5,0.88,111 (Measured Resource),High Grade Braunite,2.93,836.85,True
BLK-04-X05Y02-B3,MOIL-UK-04,0.0,-600.0,315.0,45.0,21.96261,80.4632,150000.0,3.95,592500.0,31.49,186578.2,0.88,111 (Measured Resource),High Grade Braunite,3.87,1006.65,True
BLK-04-X05Y02-B4,MOIL-UK-04,0.0,-600.0,300.0,60.0,21.96261,80.4632,150000.0,3.45,517500.0,33.4,172845.0,0.76,122 (Indicated Resource),Medium Grade Gondite,4.72,1172.4,True
BLK-04-X05Y03-B1,MOIL-UK-04,0.0,-400.0,345.0,15.0,21.964407,80.4632,150000.0,3.95,592500.0,31.57,187052.2,0.88,111 (Measured Resource),High Grade Braunite,1.86,661.2,True
BLK-04-X05Y03-B2,MOIL-UK-04,0.0,-400.0,330.0,30.0,21.964407,80.4632,150000.0,3.95,592500.0,37.12,219936.0,0.88,111 (Measured Resource),High Grade Braunite,3.19,848.55,True
BLK-04-X05Y03-B3,MOIL-UK-04,0.0,-400.0,315.0,45.0,21.964407,80.4632,150000.0,3.95,592500.0,37.53,222365.2,0.88,111 (Measured Resource),High Grade Braunite,3.07,970.65,True
BLK-04-X05Y03-B4,MOIL-UK-04,0.0,-400.0,300.0,60.0,21.964407,80.4632,150000.0,3.95,592500.0,30.58,181186.5,0.88,111 (Measured Resource),High Grade Braunite,3.54,1119.3,True
BLK-04-X05Y04-B1,MOIL-UK-04,0.0,-200.0,345.0,15.0,21.966203,80.4632,150000.0,3.95,592500.0,38.83,230067.8,0.88,111 (Measured Resource),High Grade Braunite,2.33,682.35,True
BLK-04-X05Y04-B2,MOIL-UK-04,0.0,-200.0,330.0,30.0,21.966203,80.4632,150000.0,3.95,592500.0,31.85,188711.2,0.88,111 (Measured Resource),High Grade Braunite,2.55,819.75,True
BLK-04-X05Y04-B3,MOIL-UK-04,0.0,-200.0,315.0,45.0,21.966203,80.4632,150000.0,3.95,592500.0,34.34,203464.5,0.88,111 (Measured Resource),High Grade Braunite,3.89,1007.55,True
BLK-04-X05Y04-B4,MOIL-UK-04,0.0,-200.0,300.0,60.0,21.966203,80.4632,150000.0,3.95,592500.0,37.31,221061.8,0.88,111 (Measured Resource),High Grade Braunite,4.73,1172.85,True
BLK-04-X05Y05-B1,MOIL-UK-04,0.0,0.0,345.0,15.0,21.968,80.4632,150000.0,3.95,592500.0,34.72,205716.0,0.88,111 (Measured Resource),High Grade Braunite,2.44,687.3,True
BLK-04-X05Y05-B2,MOIL-UK-04,0.0,0.0,330.0,30.0,21.968,80.4632,150000.0,3.95,592500.0,33.12,196236.0,0.88,111 (Measured Resource),High Grade Braunite,2.45,815.25,True
BLK-04-X05Y05-B3,MOIL-UK-04,0.0,0.0,315.0,45.0,21.968,80.4632,150000.0,3.95,592500.0,35.8,212115.0,0.88,111 (Measured Resource),High Grade Braunite,3.07,970.65,True
BLK-04-X05Y05-B4,MOIL-UK-04,0.0,0.0,300.0,60.0,21.968,80.4632,150000.0,3.95,592500.0,37.8,223965.0,0.88,111 (Measured Resource),High Grade Braunite,3.59,1121.55,True
BLK-04-X05Y06-B1,MOIL-UK-04,0.0,200.0,345.0,15.0,21.969797,80.4632,150000.0,3.95,592500.0,31.33,185630.2,0.88,111 (Measured Resource),High Grade Braunite,1.51,645.45,True
BLK-04-X05Y06-B2,MOIL-UK-04,0.0,200.0,330.0,30.0,21.969797,80.4632,150000.0,3.95,592500.0,33.95,201153.8,0.88,111 (Measured Resource),High Grade Braunite,2.49,817.05,True
BLK-04-X05Y06-B3,MOIL-UK-04,0.0,200.0,315.0,45.0,21.969797,80.4632,150000.0,3.95,592500.0,30.86,182845.5,0.88,111 (Measured Resource),High Grade Braunite,3.08,971.1,True
BLK-04-X05Y06-B4,MOIL-UK-04,0.0,200.0,300.0,60.0,21.969797,80.4632,150000.0,3.95,592500.0,37.45,221891.3,0.88,111 (Measured Resource),High Grade Braunite,4.16,1147.2,True
BLK-04-X05Y07-B1,MOIL-UK-04,0.0,400.0,345.0,15.0,21.971593,80.4632,150000.0,3.95,592500.0,34.84,206427.0,0.88,111 (Measured Resource),High Grade Braunite,2.41,685.95,True
BLK-04-X05Y07-B2,MOIL-UK-04,0.0,400.0,330.0,30.0,21.971593,80.4632,150000.0,3.95,592500.0,33.5,198487.5,0.88,111 (Measured Resource),High Grade Braunite,2.17,802.65,True
BLK-04-X05Y07-B3,MOIL-UK-04,0.0,400.0,315.0,45.0,21.971593,80.4632,150000.0,3.95,592500.0,32.33,191555.2,0.88,111 (Measured Resource),High Grade Braunite,4.54,1036.8,True
BLK-04-X05Y07-B4,MOIL-UK-04,0.0,400.0,300.0,60.0,21.971593,80.4632,150000.0,3.95,592500.0,34.78,206071.5,0.88,111 (Measured Resource),High Grade Braunite,4.54,1164.3,True
BLK-04-X05Y08-B1,MOIL-UK-04,0.0,600.0,345.0,15.0,21.97339,80.4632,150000.0,3.45,517500.0,26.64,137862.0,0.76,122 (Indicated Resource),Medium Grade Gondite,2.19,676.05,True
BLK-04-X05Y08-B2,MOIL-UK-04,0.0,600.0,330.0,30.0,21.97339,80.4632,150000.0,3.95,592500.0,40.14,237829.5,0.88,111 (Measured Resource),High Grade Braunite,3.27,852.15,True
BLK-04-X05Y08-B3,MOIL-UK-04,0.0,600.0,315.0,45.0,21.97339,80.4632,150000.0,3.95,592500.0,33.82,200383.5,0.88,111 (Measured Resource),High Grade Braunite,4.46,1033.2,True
BLK-04-X05Y08-B4,MOIL-UK-04,0.0,600.0,300.0,60.0,21.97339,80.4632,150000.0,3.45,517500.0,32.35,167411.2,0.76,122 (Indicated Resource),Medium Grade Gondite,4.54,1164.3,True
BLK-04-X05Y09-B1,MOIL-UK-04,0.0,800.0,345.0,15.0,21.975186,80.4632,150000.0,3.45,517500.0,26.17,135429.8,0.76,122 (Indicated Resource),Medium Grade Gondite,2.53,691.35,True
BLK-04-X05Y09-B2,MOIL-UK-04,0.0,800.0,330.0,30.0,21.975186,80.4632,150000.0,3.95,592500.0,35.29,209093.2,0.88,111 (Measured Resource),High Grade Braunite,2.89,835.05,True
BLK-04-X05Y09-B3,MOIL-UK-04,0.0,800.0,315.0,45.0,21.975186,80.4632,150000.0,3.95,592500.0,32.82,194458.5,0.88,111 (Measured Resource),High Grade Braunite,4.74,1045.8,True
BLK-04-X05Y09-B4,MOIL-UK-04,0.0,800.0,300.0,60.0,21.975186,80.4632,150000.0,3.45,517500.0,22.58,116851.5,0.76,122 (Indicated Resource),Medium Grade Gondite,4.89,1180.05,True
BLK-04-X05Y10-B1,MOIL-UK-04,0.0,1000.0,345.0,15.0,21.976983,80.4632,150000.0,3.45,517500.0,32.09,166065.8,0.76,122 (Indicated Resource),Medium Grade Gondite,2.55,692.25,True
BLK-04-X05Y10-B2,MOIL-UK-04,0.0,1000.0,330.0,30.0,21.976983,80.4632,150000.0,3.45,517500.0,28.84,149247.0,0.76,122 (Indicated Resource),Medium Grade Gondite,3.42,858.9,True
BLK-04-X05Y10-B3,MOIL-UK-04,0.0,1000.0,315.0,45.0,21.976983,80.4632,150000.0,3.45,517500.0,27.15,140501.2,0.76,122 (Indicated Resource),Medium Grade Gondite,2.93,964.35,True
BLK-04-X05Y10-B4,MOIL-UK-04,0.0,1000.0,300.0,60.0,21.976983,80.4632,150000.0,3.45,517500.0,33.55,173621.2,0.76,122 (Indicated Resource),Medium Grade Gondite,4.36,1156.2,True
BLK-04-X06Y00-B1,MOIL-UK-04,200.0,-1000.0,345.0,15.0,21.959017,80.465142,150000.0,2.85,427500.0,13.32,56943.0,0.62,333 (Inferred / Reconnaissance),Low Grade / Country Rock,2.31,681.45,True
BLK-04-X06Y00-B2,MOIL-UK-04,200.0,-1000.0,330.0,30.0,21.959017,80.465142,150000.0,3.45,517500.0,22.66,117265.5,0.76,122 (Indicated Resource),Medium Grade Gondite,3.91,880.95,True
BLK-04-X06Y00-B3,MOIL-UK-04,200.0,-1000.0,315.0,45.0,21.959017,80.465142,150000.0,3.45,517500.0,31.51,163064.2,0.76,122 (Indicated Resource),Medium Grade Gondite,3.05,969.75,True
BLK-04-X06Y00-B4,MOIL-UK-04,200.0,-1000.0,300.0,60.0,21.959017,80.465142,150000.0,2.85,427500.0,17.74,75838.5,0.62,333 (Inferred / Reconnaissance),Low Grade / Country Rock,4.97,1183.65,True
BLK-04-X06Y01-B1,MOIL-UK-04,200.0,-800.0,345.0,15.0,21.960814,80.465142,150000.0,2.85,427500.0,10.61,45357.8,0.62,333 (Inferred / Reconnaissance),Low Grade / Country Rock,2.47,688.65,True
BLK-04-X06Y01-B2,MOIL-UK-04,200.0,-800.0,330.0,30.0,21.960814,80.465142,150000.0,3.45,517500.0,23.28,120474.0,0.76,122 (Indicated Resource),Medium Grade Gondite,3.12,845.4,True
BLK-04-X06Y01-B3,MOIL-UK-04,200.0,-800.0,315.0,45.0,21.960814,80.465142,150000.0,3.45,517500.0,22.88,118404.0,0.76,122 (Indicated Resource),Medium Grade Gondite,3.84,1005.3,True
BLK-04-X06Y01-B4,MOIL-UK-04,200.0,-800.0,300.0,60.0,21.960814,80.465142,150000.0,3.45,517500.0,28.63,148160.2,0.76,122 (Indicated Resource),Medium Grade Gondite,5.25,1196.25,True
BLK-04-X06Y02-B1,MOIL-UK-04,200.0,-600.0,345.0,15.0,21.96261,80.465142,150000.0,3.45,517500.0,30.7,158872.5,0.76,122 (Indicated Resource),Medium Grade Gondite,1.75,656.25,True
BLK-04-X06Y02-B2,MOIL-UK-04,200.0,-600.0,330.0,30.0,21.96261,80.465142,150000.0,3.45,517500.0,32.66,169015.5,0.76,122 (Indicated Resource),Medium Grade Gondite,3.15,846.75,True
BLK-04-X06Y02-B3,MOIL-UK-04,200.0,-600.0,315.0,45.0,21.96261,80.465142,150000.0,3.45,517500.0,29.28,151524.0,0.76,122 (Indicated Resource),Medium Grade Gondite,3.09,971.55,True
BLK-04-X06Y02-B4,MOIL-UK-04,200.0,-600.0,300.0,60.0,21.96261,80.465142,150000.0,3.45,517500.0,32.29,167100.7,0.76,122 (Indicated Resource),Medium Grade Gondite,5.36,1201.2,True
BLK-04-X06Y03-B1,MOIL-UK-04,200.0,-400.0,345.0,15.0,21.964407,80.465142,150000.0,3.45,517500.0,31.3,161977.5,0.76,122 (Indicated Resource),Medium Grade Gondite,3.13,718.35,True
BLK-04-X06Y03-B2,MOIL-UK-04,200.0,-400.0,330.0,30.0,21.964407,80.465142,150000.0,3.95,592500.0,31.41,186104.2,0.88,111 (Measured Resource),High Grade Braunite,2.6,822.0,True
BLK-04-X06Y03-B3,MOIL-UK-04,200.0,-400.0,315.0,45.0,21.964407,80.465142,150000.0,3.95,592500.0,33.3,197302.5,0.88,111 (Measured Resource),High Grade Braunite,3.08,971.1,True
BLK-04-X06Y03-B4,MOIL-UK-04,200.0,-400.0,300.0,60.0,21.964407,80.465142,150000.0,3.45,517500.0,30.03,155405.2,0.76,122 (Indicated Resource),Medium Grade Gondite,4.87,1179.15,True
BLK-04-X06Y04-B1,MOIL-UK-04,200.0,-200.0,345.0,15.0,21.966203,80.465142,150000.0,3.45,517500.0,25.44,131652.0,0.76,122 (Indicated Resource),Medium Grade Gondite,1.3,636.0,True
BLK-04-X06Y04-B2,MOIL-UK-04,200.0,-200.0,330.0,30.0,21.966203,80.465142,150000.0,3.95,592500.0,36.59,216795.8,0.88,111 (Measured Resource),High Grade Braunite,2.4,813.0,True
BLK-04-X06Y04-B3,MOIL-UK-04,200.0,-200.0,315.0,45.0,21.966203,80.465142,150000.0,3.95,592500.0,30.16,178698.0,0.88,111 (Measured Resource),High Grade Braunite,3.14,973.8,True
BLK-04-X06Y04-B4,MOIL-UK-04,200.0,-200.0,300.0,60.0,21.966203,80.465142,150000.0,3.95,592500.0,32.42,192088.5,0.88,111 (Measured Resource),High Grade Braunite,4.28,1152.6,True
BLK-04-X06Y05-B1,MOIL-UK-04,200.0,0.0,345.0,15.0,21.968,80.465142,150000.0,3.95,592500.0,34.27,203049.8,0.88,111 (Measured Resource),High Grade Braunite,2.54,691.8,True
BLK-04-X06Y05-B2,MOIL-UK-04,200.0,0.0,330.0,30.0,21.968,80.465142,150000.0,3.95,592500.0,33.05,195821.2,0.88,111 (Measured Resource),High Grade Braunite,2.91,835.95,True
BLK-04-X06Y05-B3,MOIL-UK-04,200.0,0.0,315.0,45.0,21.968,80.465142,150000.0,3.95,592500.0,26.59,157545.8,0.88,111 (Measured Resource),High Grade Braunite,3.22,977.4,True
BLK-04-X06Y05-B4,MOIL-UK-04,200.0,0.0,300.0,60.0,21.968,80.465142,150000.0,3.95,592500.0,30.98,183556.5,0.88,111 (Measured Resource),High Grade Braunite,4.27,1152.15,True
BLK-04-X06Y06-B1,MOIL-UK-04,200.0,200.0,345.0,15.0,21.969797,80.465142,150000.0,3.95,592500.0,39.72,235341.0,0.88,111 (Measured Resource),High Grade Braunite,2.77,702.15,True
BLK-04-X06Y06-B2,MOIL-UK-04,200.0,200.0,330.0,30.0,21.969797,80.465142,150000.0,3.95,592500.0,39.69,235163.2,0.88,111 (Measured Resource),High Grade Braunite,2.72,827.4,True
BLK-04-X06Y06-B3,MOIL-UK-04,200.0,200.0,315.0,45.0,21.969797,80.465142,150000.0,3.95,592500.0,35.07,207789.8,0.88,111 (Measured Resource),High Grade Braunite,4.67,1042.65,True
BLK-04-X06Y06-B4,MOIL-UK-04,200.0,200.0,300.0,60.0,21.969797,80.465142,150000.0,3.95,592500.0,38.04,225387.0,0.88,111 (Measured Resource),High Grade Braunite,4.27,1152.15,True
BLK-04-X06Y07-B1,MOIL-UK-04,200.0,400.0,345.0,15.0,21.971593,80.465142,150000.0,3.95,592500.0,37.33,221180.2,0.88,111 (Measured Resource),High Grade Braunite,1.42,641.4,True
BLK-04-X06Y07-B2,MOIL-UK-04,200.0,400.0,330.0,30.0,21.971593,80.465142,150000.0,3.95,592500.0,36.9,218632.5,0.88,111 (Measured Resource),High Grade Braunite,3.9,880.5,True
BLK-04-X06Y07-B3,MOIL-UK-04,200.0,400.0,315.0,45.0,21.971593,80.465142,150000.0,3.95,592500.0,33.82,200383.5,0.88,111 (Measured Resource),High Grade Braunite,3.41,985.95,True
BLK-04-X06Y07-B4,MOIL-UK-04,200.0,400.0,300.0,60.0,21.971593,80.465142,150000.0,3.95,592500.0,30.76,182253.0,0.88,111 (Measured Resource),High Grade Braunite,4.36,1156.2,True
BLK-04-X06Y08-B1,MOIL-UK-04,200.0,600.0,345.0,15.0,21.97339,80.465142,150000.0,3.95,592500.0,35.6,210930.0,0.88,111 (Measured Resource),High Grade Braunite,2.17,675.15,True
BLK-04-X06Y08-B2,MOIL-UK-04,200.0,600.0,330.0,30.0,21.97339,80.465142,150000.0,3.95,592500.0,33.99,201390.8,0.88,111 (Measured Resource),High Grade Braunite,3.98,884.1,True
BLK-04-X06Y08-B3,MOIL-UK-04,200.0,600.0,315.0,45.0,21.97339,80.465142,150000.0,3.95,592500.0,30.2,178935.0,0.88,111 (Measured Resource),High Grade Braunite,3.13,973.35,True
BLK-04-X06Y08-B4,MOIL-UK-04,200.0,600.0,300.0,60.0,21.97339,80.465142,150000.0,3.95,592500.0,34.28,203109.0,0.88,111 (Measured Resource),High Grade Braunite,4.93,1181.85,True
BLK-04-X06Y09-B1,MOIL-UK-04,200.0,800.0,345.0,15.0,21.975186,80.465142,150000.0,3.45,517500.0,22.6,116955.0,0.76,122 (Indicated Resource),Medium Grade Gondite,2.21,676.95,True
BLK-04-X06Y09-B2,MOIL-UK-04,200.0,800.0,330.0,30.0,21.975186,80.465142,150000.0,3.95,592500.0,32.8,194340.0,0.88,111 (Measured Resource),High Grade Braunite,3.5,862.5,True
BLK-04-X06Y09-B3,MOIL-UK-04,200.0,800.0,315.0,45.0,21.975186,80.465142,150000.0,3.95,592500.0,30.22,179053.5,0.88,111 (Measured Resource),High Grade Braunite,3.67,997.65,True
BLK-04-X06Y09-B4,MOIL-UK-04,200.0,800.0,300.0,60.0,21.975186,80.465142,150000.0,3.95,592500.0,31.99,189540.7,0.88,111 (Measured Resource),High Grade Braunite,4.24,1150.8,True
BLK-04-X06Y10-B1,MOIL-UK-04,200.0,1000.0,345.0,15.0,21.976983,80.465142,150000.0,3.45,517500.0,22.83,118145.2,0.76,122 (Indicated Resource),Medium Grade Gondite,2.42,686.4,True
BLK-04-X06Y10-B2,MOIL-UK-04,200.0,1000.0,330.0,30.0,21.976983,80.465142,150000.0,3.95,592500.0,31.49,186578.2,0.88,111 (Measured Resource),High Grade Braunite,3.22,849.9,True
BLK-04-X06Y10-B3,MOIL-UK-04,200.0,1000.0,315.0,45.0,21.976983,80.465142,150000.0,3.95,592500.0,33.0,195525.0,0.88,111 (Measured Resource),High Grade Braunite,3.58,993.6,True
BLK-04-X06Y10-B4,MOIL-UK-04,200.0,1000.0,300.0,60.0,21.976983,80.465142,150000.0,3.45,517500.0,26.01,134601.8,0.76,122 (Indicated Resource),Medium Grade Gondite,4.62,1167.9,True
BLK-04-X07Y00-B1,MOIL-UK-04,400.0,-1000.0,345.0,15.0,21.959017,80.467083,150000.0,2.85,427500.0,8.84,37791.0,0.62,333 (Inferred / Reconnaissance),Low Grade / Country Rock,2.08,671.1,True
BLK-04-X07Y00-B2,MOIL-UK-04,400.0,-1000.0,330.0,30.0,21.959017,80.467083,150000.0,2.85,427500.0,15.17,64851.8,0.62,333 (Inferred / Reconnaissance),Low Grade / Country Rock,2.32,809.4,True
BLK-04-X07Y00-B3,MOIL-UK-04,400.0,-1000.0,315.0,45.0,21.959017,80.467083,150000.0,2.85,427500.0,12.67,54164.2,0.62,333 (Inferred / Reconnaissance),Low Grade / Country Rock,3.76,1001.7,True
BLK-04-X07Y00-B4,MOIL-UK-04,400.0,-1000.0,300.0,60.0,21.959017,80.467083,150000.0,2.85,427500.0,8.27,35354.2,0.62,333 (Inferred / Reconnaissance),Low Grade / Country Rock,4.96,1183.2,True
BLK-04-X07Y01-B1,MOIL-UK-04,400.0,-800.0,345.0,15.0,21.960814,80.467083,150000.0,2.85,427500.0,11.72,50103.0,0.62,333 (Inferred / Reconnaissance),Low Grade / Country Rock,2.2,676.5,True
BLK-04-X07Y01-B2,MOIL-UK-04,400.0,-800.0,330.0,30.0,21.960814,80.467083,150000.0,3.45,517500.0,30.01,155301.8,0.76,122 (Indicated Resource),Medium Grade Gondite,3.6,867.0,True
BLK-04-X07Y01-B3,MOIL-UK-04,400.0,-800.0,315.0,45.0,21.960814,80.467083,150000.0,3.45,517500.0,33.67,174242.2,0.76,122 (Indicated Resource),Medium Grade Gondite,4.01,1012.95,True
BLK-04-X07Y01-B4,MOIL-UK-04,400.0,-800.0,300.0,60.0,21.960814,80.467083,150000.0,2.85,427500.0,16.24,69426.0,0.62,333 (Inferred / Reconnaissance),Low Grade / Country Rock,3.5,1117.5,True
BLK-04-X07Y02-B1,MOIL-UK-04,400.0,-600.0,345.0,15.0,21.96261,80.467083,150000.0,2.85,427500.0,11.42,48820.5,0.62,333 (Inferred / Reconnaissance),Low Grade / Country Rock,1.68,653.1,True
BLK-04-X07Y02-B2,MOIL-UK-04,400.0,-600.0,330.0,30.0,21.96261,80.467083,150000.0,3.45,517500.0,23.13,119697.7,0.76,122 (Indicated Resource),Medium Grade Gondite,3.06,842.7,True
BLK-04-X07Y02-B3,MOIL-UK-04,400.0,-600.0,315.0,45.0,21.96261,80.467083,150000.0,3.45,517500.0,30.96,160218.0,0.76,122 (Indicated Resource),Medium Grade Gondite,3.57,993.15,True
BLK-04-X07Y02-B4,MOIL-UK-04,400.0,-600.0,300.0,60.0,21.96261,80.467083,150000.0,2.85,427500.0,13.38,57199.5,0.62,333 (Inferred / Reconnaissance),Low Grade / Country Rock,4.48,1161.6,True
BLK-04-X07Y03-B1,MOIL-UK-04,400.0,-400.0,345.0,15.0,21.964407,80.467083,150000.0,3.45,517500.0,27.25,141018.8,0.76,122 (Indicated Resource),Medium Grade Gondite,1.83,659.85,True
BLK-04-X07Y03-B2,MOIL-UK-04,400.0,-400.0,330.0,30.0,21.964407,80.467083,150000.0,3.45,517500.0,26.59,137603.2,0.76,122 (Indicated Resource),Medium Grade Gondite,2.7,826.5,True
BLK-04-X07Y03-B3,MOIL-UK-04,400.0,-400.0,315.0,45.0,21.964407,80.467083,150000.0,3.45,517500.0,29.75,153956.2,0.76,122 (Indicated Resource),Medium Grade Gondite,2.98,966.6,True
BLK-04-X07Y03-B4,MOIL-UK-04,400.0,-400.0,300.0,60.0,21.964407,80.467083,150000.0,3.45,517500.0,23.11,119594.2,0.76,122 (Indicated Resource),Medium Grade Gondite,4.82,1176.9,True
BLK-04-X07Y04-B1,MOIL-UK-04,400.0,-200.0,345.0,15.0,21.966203,80.467083,150000.0,3.45,517500.0,28.56,147798.0,0.76,122 (Indicated Resource),Medium Grade Gondite,2.11,672.45,True
BLK-04-X07Y04-B2,MOIL-UK-04,400.0,-200.0,330.0,30.0,21.966203,80.467083,150000.0,3.45,517500.0,23.83,123320.2,0.76,122 (Indicated Resource),Medium Grade Gondite,2.82,831.9,True
BLK-04-X07Y04-B3,MOIL-UK-04,400.0,-200.0,315.0,45.0,21.966203,80.467083,150000.0,3.95,592500.0,31.6,187230.0,0.88,111 (Measured Resource),High Grade Braunite,4.33,1027.35,True
BLK-04-X07Y04-B4,MOIL-UK-04,400.0,-200.0,300.0,60.0,21.966203,80.467083,150000.0,3.45,517500.0,32.68,169119.0,0.76,122 (Indicated Resource),Medium Grade Gondite,4.91,1180.95,True
BLK-04-X07Y05-B1,MOIL-UK-04,400.0,0.0,345.0,15.0,21.968,80.467083,150000.0,3.45,517500.0,22.72,117576.0,0.76,122 (Indicated Resource),Medium Grade Gondite,2.59,694.05,True
BLK-04-X07Y05-B2,MOIL-UK-04,400.0,0.0,330.0,30.0,21.968,80.467083,150000.0,3.95,592500.0,31.21,184919.2,0.88,111 (Measured Resource),High Grade Braunite,2.39,812.55,True
BLK-04-X07Y05-B3,MOIL-UK-04,400.0,0.0,315.0,45.0,21.968,80.467083,150000.0,3.95,592500.0,30.33,179705.2,0.88,111 (Measured Resource),High Grade Braunite,4.3,1026.0,True
BLK-04-X07Y05-B4,MOIL-UK-04,400.0,0.0,300.0,60.0,21.968,80.467083,150000.0,3.45,517500.0,29.78,154111.5,0.76,122 (Indicated Resource),Medium Grade Gondite,4.72,1172.4,True
BLK-04-X07Y06-B1,MOIL-UK-04,400.0,200.0,345.0,15.0,21.969797,80.467083,150000.0,3.45,517500.0,30.02,155353.5,0.76,122 (Indicated Resource),Medium Grade Gondite,1.72,654.9,True
BLK-04-X07Y06-B2,MOIL-UK-04,400.0,200.0,330.0,30.0,21.969797,80.467083,150000.0,3.95,592500.0,39.17,232082.2,0.88,111 (Measured Resource),High Grade Braunite,3.27,852.15,True
BLK-04-X07Y06-B3,MOIL-UK-04,400.0,200.0,315.0,45.0,21.969797,80.467083,150000.0,3.95,592500.0,31.01,183734.3,0.88,111 (Measured Resource),High Grade Braunite,4.33,1027.35,True
BLK-04-X07Y06-B4,MOIL-UK-04,400.0,200.0,300.0,60.0,21.969797,80.467083,150000.0,3.95,592500.0,36.09,213833.3,0.88,111 (Measured Resource),High Grade Braunite,4.38,1157.1,True
BLK-04-X07Y07-B1,MOIL-UK-04,400.0,400.0,345.0,15.0,21.971593,80.467083,150000.0,3.95,592500.0,31.28,185334.0,0.88,111 (Measured Resource),High Grade Braunite,2.59,694.05,True
BLK-04-X07Y07-B2,MOIL-UK-04,400.0,400.0,330.0,30.0,21.971593,80.467083,150000.0,3.95,592500.0,35.19,208500.8,0.88,111 (Measured Resource),High Grade Braunite,2.36,811.2,True
BLK-04-X07Y07-B3,MOIL-UK-04,400.0,400.0,315.0,45.0,21.971593,80.467083,150000.0,3.95,592500.0,33.22,196828.5,0.88,111 (Measured Resource),High Grade Braunite,4.1,1017.0,True
BLK-04-X07Y07-B4,MOIL-UK-04,400.0,400.0,300.0,60.0,21.971593,80.467083,150000.0,3.95,592500.0,29.96,177513.0,0.88,111 (Measured Resource),High Grade Braunite,3.63,1123.35,True
BLK-04-X07Y08-B1,MOIL-UK-04,400.0,600.0,345.0,15.0,21.97339,80.467083,150000.0,3.95,592500.0,34.2,202635.0,0.88,111 (Measured Resource),High Grade Braunite,2.85,705.75,True
BLK-04-X07Y08-B2,MOIL-UK-04,400.0,600.0,330.0,30.0,21.97339,80.467083,150000.0,3.95,592500.0,32.37,191792.2,0.88,111 (Measured Resource),High Grade Braunite,3.96,883.2,True
BLK-04-X07Y08-B3,MOIL-UK-04,400.0,600.0,315.0,45.0,21.97339,80.467083,150000.0,3.95,592500.0,32.28,191259.0,0.88,111 (Measured Resource),High Grade Braunite,4.18,1020.6,True
BLK-04-X07Y08-B4,MOIL-UK-04,400.0,600.0,300.0,60.0,21.97339,80.467083,150000.0,3.95,592500.0,34.93,206960.2,0.88,111 (Measured Resource),High Grade Braunite,4.57,1165.65,True
BLK-04-X07Y09-B1,MOIL-UK-04,400.0,800.0,345.0,15.0,21.975186,80.467083,150000.0,3.95,592500.0,29.21,173069.3,0.88,111 (Measured Resource),High Grade Braunite,2.94,709.8,True
BLK-04-X07Y09-B2,MOIL-UK-04,400.0,800.0,330.0,30.0,21.975186,80.467083,150000.0,3.95,592500.0,35.54,210574.5,0.88,111 (Measured Resource),High Grade Braunite,2.42,813.9,True
BLK-04-X07Y09-B3,MOIL-UK-04,400.0,800.0,315.0,45.0,21.975186,80.467083,150000.0,3.95,592500.0,34.88,206664.0,0.88,111 (Measured Resource),High Grade Braunite,4.03,1013.85,True
BLK-04-X07Y09-B4,MOIL-UK-04,400.0,800.0,300.0,60.0,21.975186,80.467083,150000.0,3.95,592500.0,36.66,217210.5,0.88,111 (Measured Resource),High Grade Braunite,4.26,1151.7,True
BLK-04-X07Y10-B1,MOIL-UK-04,400.0,1000.0,345.0,15.0,21.976983,80.467083,150000.0,3.95,592500.0,34.16,202398.0,0.88,111 (Measured Resource),High Grade Braunite,1.34,637.8,True
BLK-04-X07Y10-B2,MOIL-UK-04,400.0,1000.0,330.0,30.0,21.976983,80.467083,150000.0,3.95,592500.0,34.41,203879.2,0.88,111 (Measured Resource),High Grade Braunite,3.43,859.35,True
BLK-04-X07Y10-B3,MOIL-UK-04,400.0,1000.0,315.0,45.0,21.976983,80.467083,150000.0,3.95,592500.0,33.9,200857.5,0.88,111 (Measured Resource),High Grade Braunite,3.91,1008.45,True
BLK-04-X07Y10-B4,MOIL-UK-04,400.0,1000.0,300.0,60.0,21.976983,80.467083,150000.0,3.95,592500.0,30.5,180712.5,0.88,111 (Measured Resource),High Grade Braunite,5.22,1194.9,True
BLK-04-X08Y00-B1,MOIL-UK-04,600.0,-1000.0,345.0,15.0,21.959017,80.469025,150000.0,2.85,427500.0,10.53,45015.7,0.62,333 (Inferred / Reconnaissance),Low Grade / Country Rock,2.31,681.45,True
BLK-04-X08Y00-B2,MOIL-UK-04,600.0,-1000.0,330.0,30.0,21.959017,80.469025,150000.0,2.85,427500.0,14.56,62244.0,0.62,333 (Inferred / Reconnaissance),Low Grade / Country Rock,3.56,865.2,True
BLK-04-X08Y00-B3,MOIL-UK-04,600.0,-1000.0,315.0,45.0,21.959017,80.469025,150000.0,2.85,427500.0,13.0,55575.0,0.62,333 (Inferred / Reconnaissance),Low Grade / Country Rock,4.63,1040.85,True
BLK-04-X08Y00-B4,MOIL-UK-04,600.0,-1000.0,300.0,60.0,21.959017,80.469025,150000.0,2.85,427500.0,17.75,75881.2,0.62,333 (Inferred / Reconnaissance),Low Grade / Country Rock,5.39,1202.55,True
BLK-04-X08Y01-B1,MOIL-UK-04,600.0,-800.0,345.0,15.0,21.960814,80.469025,150000.0,2.85,427500.0,15.54,66433.5,0.62,333 (Inferred / Reconnaissance),Low Grade / Country Rock,2.66,697.2,True
BLK-04-X08Y01-B2,MOIL-UK-04,600.0,-800.0,330.0,30.0,21.960814,80.469025,150000.0,2.85,427500.0,13.29,56814.7,0.62,333 (Inferred / Reconnaissance),Low Grade / Country Rock,2.21,804.45,True
BLK-04-X08Y01-B3,MOIL-UK-04,600.0,-800.0,315.0,45.0,21.960814,80.469025,150000.0,2.85,427500.0,7.8,33345.0,0.62,333 (Inferred / Reconnaissance),Low Grade / Country Rock,2.76,956.7,True
BLK-04-X08Y01-B4,MOIL-UK-04,600.0,-800.0,300.0,60.0,21.960814,80.469025,150000.0,2.85,427500.0,5.92,25308.0,0.62,333 (Inferred / Reconnaissance),Low Grade / Country Rock,4.38,1157.1,True
BLK-04-X08Y02-B1,MOIL-UK-04,600.0,-600.0,345.0,15.0,21.96261,80.469025,150000.0,2.85,427500.0,6.05,25863.8,0.62,333 (Inferred / Reconnaissance),Low Grade / Country Rock,3.05,714.75,True
BLK-04-X08Y02-B2,MOIL-UK-04,600.0,-600.0,330.0,30.0,21.96261,80.469025,150000.0,2.85,427500.0,15.28,65322.0,0.62,333 (Inferred / Reconnaissance),Low Grade / Country Rock,2.14,801.3,True
BLK-04-X08Y02-B3,MOIL-UK-04,600.0,-600.0,315.0,45.0,21.96261,80.469025,150000.0,2.85,427500.0,7.48,31977.0,0.62,333 (Inferred / Reconnaissance),Low Grade / Country Rock,4.39,1030.05,True
BLK-04-X08Y02-B4,MOIL-UK-04,600.0,-600.0,300.0,60.0,21.96261,80.469025,150000.0,2.85,427500.0,15.24,65151.0,0.62,333 (Inferred / Reconnaissance),Low Grade / Country Rock,5.39,1202.55,True
BLK-04-X08Y03-B1,MOIL-UK-04,600.0,-400.0,345.0,15.0,21.964407,80.469025,150000.0,2.85,427500.0,17.97,76821.8,0.62,333 (Inferred / Reconnaissance),Low Grade / Country Rock,3.2,721.5,True
BLK-04-X08Y03-B2,MOIL-UK-04,600.0,-400.0,330.0,30.0,21.964407,80.469025,150000.0,3.45,517500.0,26.92,139311.0,0.76,122 (Indicated Resource),Medium Grade Gondite,2.5,817.5,True
BLK-04-X08Y03-B3,MOIL-UK-04,600.0,-400.0,315.0,45.0,21.964407,80.469025,150000.0,3.45,517500.0,31.1,160942.5,0.76,122 (Indicated Resource),Medium Grade Gondite,3.35,983.25,True
BLK-04-X08Y03-B4,MOIL-UK-04,600.0,-400.0,300.0,60.0,21.964407,80.469025,150000.0,2.85,427500.0,15.29,65364.7,0.62,333 (Inferred / Reconnaissance),Low Grade / Country Rock,4.57,1165.65,True
BLK-04-X08Y04-B1,MOIL-UK-04,600.0,-200.0,345.0,15.0,21.966203,80.469025,150000.0,2.85,427500.0,15.11,64595.2,0.62,333 (Inferred / Reconnaissance),Low Grade / Country Rock,1.8,658.5,True
BLK-04-X08Y04-B2,MOIL-UK-04,600.0,-200.0,330.0,30.0,21.966203,80.469025,150000.0,3.45,517500.0,28.1,145417.5,0.76,122 (Indicated Resource),Medium Grade Gondite,3.13,845.85,True
BLK-04-X08Y04-B3,MOIL-UK-04,600.0,-200.0,315.0,45.0,21.966203,80.469025,150000.0,3.45,517500.0,33.32,172431.0,0.76,122 (Indicated Resource),Medium Grade Gondite,3.28,980.1,True
BLK-04-X08Y04-B4,MOIL-UK-04,600.0,-200.0,300.0,60.0,21.966203,80.469025,150000.0,3.45,517500.0,33.24,172017.0,0.76,122 (Indicated Resource),Medium Grade Gondite,5.11,1189.95,True
BLK-04-X08Y05-B1,MOIL-UK-04,600.0,0.0,345.0,15.0,21.968,80.469025,150000.0,3.45,517500.0,30.77,159234.8,0.76,122 (Indicated Resource),Medium Grade Gondite,2.82,704.4,True
BLK-04-X08Y05-B2,MOIL-UK-04,600.0,0.0,330.0,30.0,21.968,80.469025,150000.0,3.45,517500.0,29.27,151472.2,0.76,122 (Indicated Resource),Medium Grade Gondite,2.49,817.05,True
BLK-04-X08Y05-B3,MOIL-UK-04,600.0,0.0,315.0,45.0,21.968,80.469025,150000.0,3.45,517500.0,24.27,125597.2,0.76,122 (Indicated Resource),Medium Grade Gondite,4.48,1034.1,True
BLK-04-X08Y05-B4,MOIL-UK-04,600.0,0.0,300.0,60.0,21.968,80.469025,150000.0,3.45,517500.0,30.7,158872.5,0.76,122 (Indicated Resource),Medium Grade Gondite,3.93,1136.85,True
BLK-04-X08Y06-B1,MOIL-UK-04,600.0,200.0,345.0,15.0,21.969797,80.469025,150000.0,3.45,517500.0,29.38,152041.5,0.76,122 (Indicated Resource),Medium Grade Gondite,2.15,674.25,True
BLK-04-X08Y06-B2,MOIL-UK-04,600.0,200.0,330.0,30.0,21.969797,80.469025,150000.0,3.45,517500.0,23.9,123682.5,0.76,122 (Indicated Resource),Medium Grade Gondite,3.06,842.7,True
BLK-04-X08Y06-B3,MOIL-UK-04,600.0,200.0,315.0,45.0,21.969797,80.469025,150000.0,3.95,592500.0,35.5,210337.5,0.88,111 (Measured Resource),High Grade Braunite,3.31,981.45,True
BLK-04-X08Y06-B4,MOIL-UK-04,600.0,200.0,300.0,60.0,21.969797,80.469025,150000.0,3.45,517500.0,23.15,119801.2,0.76,122 (Indicated Resource),Medium Grade Gondite,4.43,1159.35,True
BLK-04-X08Y07-B1,MOIL-UK-04,600.0,400.0,345.0,15.0,21.971593,80.469025,150000.0,3.45,517500.0,29.08,150489.0,0.76,122 (Indicated Resource),Medium Grade Gondite,1.34,637.8,True
BLK-04-X08Y07-B2,MOIL-UK-04,600.0,400.0,330.0,30.0,21.971593,80.469025,150000.0,3.95,592500.0,29.22,173128.5,0.88,111 (Measured Resource),High Grade Braunite,2.06,797.7,True
BLK-04-X08Y07-B3,MOIL-UK-04,600.0,400.0,315.0,45.0,21.971593,80.469025,150000.0,3.95,592500.0,31.71,187881.8,0.88,111 (Measured Resource),High Grade Braunite,3.0,967.5,True
BLK-04-X08Y07-B4,MOIL-UK-04,600.0,400.0,300.0,60.0,21.971593,80.469025,150000.0,3.45,517500.0,23.67,122492.3,0.76,122 (Indicated Resource),Medium Grade Gondite,3.87,1134.15,True
BLK-04-X08Y08-B1,MOIL-UK-04,600.0,600.0,345.0,15.0,21.97339,80.469025,150000.0,3.45,517500.0,31.64,163737.0,0.76,122 (Indicated Resource),Medium Grade Gondite,2.13,673.35,True
BLK-04-X08Y08-B2,MOIL-UK-04,600.0,600.0,330.0,30.0,21.97339,80.469025,150000.0,3.95,592500.0,36.06,213655.5,0.88,111 (Measured Resource),High Grade Braunite,2.73,827.85,True
BLK-04-X08Y08-B3,MOIL-UK-04,600.0,600.0,315.0,45.0,21.97339,80.469025,150000.0,3.95,592500.0,31.6,187230.0,0.88,111 (Measured Resource),High Grade Braunite,3.07,970.65,True
BLK-04-X08Y08-B4,MOIL-UK-04,600.0,600.0,300.0,60.0,21.97339,80.469025,150000.0,3.95,592500.0,36.84,218277.0,0.88,111 (Measured Resource),High Grade Braunite,3.56,1120.2,True
BLK-04-X08Y09-B1,MOIL-UK-04,600.0,800.0,345.0,15.0,21.975186,80.469025,150000.0,3.95,592500.0,27.44,162582.0,0.88,111 (Measured Resource),High Grade Braunite,2.51,690.45,True
BLK-04-X08Y09-B2,MOIL-UK-04,600.0,800.0,330.0,30.0,21.975186,80.469025,150000.0,3.95,592500.0,36.76,217803.0,0.88,111 (Measured Resource),High Grade Braunite,3.26,851.7,True
BLK-04-X08Y09-B3,MOIL-UK-04,600.0,800.0,315.0,45.0,21.975186,80.469025,150000.0,3.95,592500.0,36.15,214188.8,0.88,111 (Measured Resource),High Grade Braunite,3.43,986.85,True
BLK-04-X08Y09-B4,MOIL-UK-04,600.0,800.0,300.0,60.0,21.975186,80.469025,150000.0,3.95,592500.0,26.87,159204.8,0.88,111 (Measured Resource),High Grade Braunite,4.9,1180.5,True
BLK-04-X08Y10-B1,MOIL-UK-04,600.0,1000.0,345.0,15.0,21.976983,80.469025,150000.0,3.95,592500.0,35.11,208026.7,0.88,111 (Measured Resource),High Grade Braunite,2.42,686.4,True
BLK-04-X08Y10-B2,MOIL-UK-04,600.0,1000.0,330.0,30.0,21.976983,80.469025,150000.0,3.95,592500.0,34.04,201687.0,0.88,111 (Measured Resource),High Grade Braunite,3.37,856.65,True
BLK-04-X08Y10-B3,MOIL-UK-04,600.0,1000.0,315.0,45.0,21.976983,80.469025,150000.0,3.95,592500.0,31.54,186874.5,0.88,111 (Measured Resource),High Grade Braunite,3.49,989.55,True
BLK-04-X08Y10-B4,MOIL-UK-04,600.0,1000.0,300.0,60.0,21.976983,80.469025,150000.0,3.95,592500.0,38.15,226038.8,0.88,111 (Measured Resource),High Grade Braunite,5.13,1190.85,True
BLK-04-X09Y00-B1,MOIL-UK-04,800.0,-1000.0,345.0,15.0,21.959017,80.470967,150000.0,2.85,427500.0,11.07,47324.2,0.62,333 (Inferred / Reconnaissance),Low Grade / Country Rock,2.05,669.75,True
BLK-04-X09Y00-B2,MOIL-UK-04,800.0,-1000.0,330.0,30.0,21.959017,80.470967,150000.0,2.85,427500.0,16.82,71905.5,0.62,333 (Inferred / Reconnaissance),Low Grade / Country Rock,2.46,815.7,True
BLK-04-X09Y00-B3,MOIL-UK-04,800.0,-1000.0,315.0,45.0,21.959017,80.470967,150000.0,2.85,427500.0,7.6,32490.0,0.62,333 (Inferred / Reconnaissance),Low Grade / Country Rock,3.47,988.65,True
BLK-04-X09Y00-B4,MOIL-UK-04,800.0,-1000.0,300.0,60.0,21.959017,80.470967,150000.0,2.85,427500.0,16.03,68528.2,0.62,333 (Inferred / Reconnaissance),Low Grade / Country Rock,5.38,1202.1,True
BLK-04-X09Y01-B1,MOIL-UK-04,800.0,-800.0,345.0,15.0,21.960814,80.470967,150000.0,2.85,427500.0,7.08,30267.0,0.62,333 (Inferred / Reconnaissance),Low Grade / Country Rock,2.98,711.6,True
BLK-04-X09Y01-B2,MOIL-UK-04,800.0,-800.0,330.0,30.0,21.960814,80.470967,150000.0,2.85,427500.0,7.61,32532.8,0.62,333 (Inferred / Reconnaissance),Low Grade / Country Rock,3.94,882.3,True
BLK-04-X09Y01-B3,MOIL-UK-04,800.0,-800.0,315.0,45.0,21.960814,80.470967,150000.0,2.85,427500.0,12.36,52839.0,0.62,333 (Inferred / Reconnaissance),Low Grade / Country Rock,2.76,956.7,True
BLK-04-X09Y01-B4,MOIL-UK-04,800.0,-800.0,300.0,60.0,21.960814,80.470967,150000.0,2.85,427500.0,4.48,19152.0,0.62,333 (Inferred / Reconnaissance),Low Grade / Country Rock,3.79,1130.55,True
BLK-04-X09Y02-B1,MOIL-UK-04,800.0,-600.0,345.0,15.0,21.96261,80.470967,150000.0,2.85,427500.0,6.63,28343.2,0.62,333 (Inferred / Reconnaissance),Low Grade / Country Rock,2.79,703.05,True
BLK-04-X09Y02-B2,MOIL-UK-04,800.0,-600.0,330.0,30.0,21.96261,80.470967,150000.0,2.85,427500.0,7.12,30438.0,0.62,333 (Inferred / Reconnaissance),Low Grade / Country Rock,3.94,882.3,True
BLK-04-X09Y02-B3,MOIL-UK-04,800.0,-600.0,315.0,45.0,21.96261,80.470967,150000.0,2.85,427500.0,12.91,55190.2,0.62,333 (Inferred / Reconnaissance),Low Grade / Country Rock,4.14,1018.8,True
BLK-04-X09Y02-B4,MOIL-UK-04,800.0,-600.0,300.0,60.0,21.96261,80.470967,150000.0,2.85,427500.0,7.05,30138.7,0.62,333 (Inferred / Reconnaissance),Low Grade / Country Rock,5.29,1198.05,True
BLK-04-X09Y03-B1,MOIL-UK-04,800.0,-400.0,345.0,15.0,21.964407,80.470967,150000.0,2.85,427500.0,13.35,57071.2,0.62,333 (Inferred / Reconnaissance),Low Grade / Country Rock,2.98,711.6,True
BLK-04-X09Y03-B2,MOIL-UK-04,800.0,-400.0,330.0,30.0,21.964407,80.470967,150000.0,2.85,427500.0,17.39,74342.2,0.62,333 (Inferred / Reconnaissance),Low Grade / Country Rock,2.25,806.25,True
BLK-04-X09Y03-B3,MOIL-UK-04,800.0,-400.0,315.0,45.0,21.964407,80.470967,150000.0,2.85,427500.0,5.35,22871.2,0.62,333 (Inferred / Reconnaissance),Low Grade / Country Rock,4.36,1028.7,True
BLK-04-X09Y03-B4,MOIL-UK-04,800.0,-400.0,300.0,60.0,21.964407,80.470967,150000.0,2.85,427500.0,16.13,68955.8,0.62,333 (Inferred / Reconnaissance),Low Grade / Country Rock,4.67,1170.15,True
BLK-04-X09Y04-B1,MOIL-UK-04,800.0,-200.0,345.0,15.0,21.966203,80.470967,150000.0,2.85,427500.0,9.12,38988.0,0.62,333 (Inferred / Reconnaissance),Low Grade / Country Rock,2.56,692.7,True
BLK-04-X09Y04-B2,MOIL-UK-04,800.0,-200.0,330.0,30.0,21.966203,80.470967,150000.0,2.85,427500.0,8.28,35397.0,0.62,333 (Inferred / Reconnaissance),Low Grade / Country Rock,2.48,816.6,True
BLK-04-X09Y04-B3,MOIL-UK-04,800.0,-200.0,315.0,45.0,21.966203,80.470967,150000.0,3.45,517500.0,27.86,144175.5,0.76,122 (Indicated Resource),Medium Grade Gondite,3.18,975.6,True
BLK-04-X09Y04-B4,MOIL-UK-04,800.0,-200.0,300.0,60.0,21.966203,80.470967,150000.0,2.85,427500.0,10.77,46041.7,0.62,333 (Inferred / Reconnaissance),Low Grade / Country Rock,5.41,1203.45,True
BLK-04-X09Y05-B1,MOIL-UK-04,800.0,0.0,345.0,15.0,21.968,80.470967,150000.0,2.85,427500.0,15.76,67374.0,0.62,333 (Inferred / Reconnaissance),Low Grade / Country Rock,3.13,718.35,True
BLK-04-X09Y05-B2,MOIL-UK-04,800.0,0.0,330.0,30.0,21.968,80.470967,150000.0,3.45,517500.0,31.68,163944.0,0.76,122 (Indicated Resource),Medium Grade Gondite,2.71,826.95,True
BLK-04-X09Y05-B3,MOIL-UK-04,800.0,0.0,315.0,45.0,21.968,80.470967,150000.0,3.45,517500.0,31.74,164254.5,0.76,122 (Indicated Resource),Medium Grade Gondite,4.6,1039.5,True
BLK-04-X09Y05-B4,MOIL-UK-04,800.0,0.0,300.0,60.0,21.968,80.470967,150000.0,2.85,427500.0,17.26,73786.5,0.62,333 (Inferred / Reconnaissance),Low Grade / Country Rock,4.87,1179.15,True
BLK-04-X09Y06-B1,MOIL-UK-04,800.0,200.0,345.0,15.0,21.969797,80.470967,150000.0,2.85,427500.0,6.96,29754.0,0.62,333 (Inferred / Reconnaissance),Low Grade / Country Rock,1.33,637.35,True
BLK-04-X09Y06-B2,MOIL-UK-04,800.0,200.0,330.0,30.0,21.969797,80.470967,150000.0,3.45,517500.0,23.77,123009.8,0.76,122 (Indicated Resource),Medium Grade Gondite,3.93,881.85,True
BLK-04-X09Y06-B3,MOIL-UK-04,800.0,200.0,315.0,45.0,21.969797,80.470967,150000.0,3.45,517500.0,27.55,142571.2,0.76,122 (Indicated Resource),Medium Grade Gondite,4.46,1033.2,True
BLK-04-X09Y06-B4,MOIL-UK-04,800.0,200.0,300.0,60.0,21.969797,80.470967,150000.0,3.45,517500.0,27.58,142726.5,0.76,122 (Indicated Resource),Medium Grade Gondite,4.82,1176.9,True
BLK-04-X09Y07-B1,MOIL-UK-04,800.0,400.0,345.0,15.0,21.971593,80.470967,150000.0,3.45,517500.0,22.29,115350.8,0.76,122 (Indicated Resource),Medium Grade Gondite,1.75,656.25,True
BLK-04-X09Y07-B2,MOIL-UK-04,800.0,400.0,330.0,30.0,21.971593,80.470967,150000.0,3.45,517500.0,27.24,140967.0,0.76,122 (Indicated Resource),Medium Grade Gondite,3.26,851.7,True
BLK-04-X09Y07-B3,MOIL-UK-04,800.0,400.0,315.0,45.0,21.971593,80.470967,150000.0,3.45,517500.0,24.06,124510.5,0.76,122 (Indicated Resource),Medium Grade Gondite,4.28,1025.1,True
BLK-04-X09Y07-B4,MOIL-UK-04,800.0,400.0,300.0,60.0,21.971593,80.470967,150000.0,3.45,517500.0,26.37,136464.8,0.76,122 (Indicated Resource),Medium Grade Gondite,5.13,1190.85,True
BLK-04-X09Y08-B1,MOIL-UK-04,800.0,600.0,345.0,15.0,21.97339,80.470967,150000.0,3.45,517500.0,23.18,119956.5,0.76,122 (Indicated Resource),Medium Grade Gondite,2.61,694.95,True
BLK-04-X09Y08-B2,MOIL-UK-04,800.0,600.0,330.0,30.0,21.97339,80.470967,150000.0,3.95,592500.0,32.14,190429.5,0.88,111 (Measured Resource),High Grade Braunite,2.59,821.55,True
BLK-04-X09Y08-B3,MOIL-UK-04,800.0,600.0,315.0,45.0,21.97339,80.470967,150000.0,3.95,592500.0,32.19,190725.7,0.88,111 (Measured Resource),High Grade Braunite,4.08,1016.1,True
BLK-04-X09Y08-B4,MOIL-UK-04,800.0,600.0,300.0,60.0,21.97339,80.470967,150000.0,3.45,517500.0,33.21,171861.8,0.76,122 (Indicated Resource),Medium Grade Gondite,3.54,1119.3,True
BLK-04-X09Y09-B1,MOIL-UK-04,800.0,800.0,345.0,15.0,21.975186,80.470967,150000.0,3.45,517500.0,22.13,114522.8,0.76,122 (Indicated Resource),Medium Grade Gondite,2.79,703.05,True
BLK-04-X09Y09-B2,MOIL-UK-04,800.0,800.0,330.0,30.0,21.975186,80.470967,150000.0,3.95,592500.0,37.06,219580.5,0.88,111 (Measured Resource),High Grade Braunite,3.29,853.05,True
BLK-04-X09Y09-B3,MOIL-UK-04,800.0,800.0,315.0,45.0,21.975186,80.470967,150000.0,3.95,592500.0,33.26,197065.5,0.88,111 (Measured Resource),High Grade Braunite,2.83,959.85,True
BLK-04-X09Y09-B4,MOIL-UK-04,800.0,800.0,300.0,60.0,21.975186,80.470967,150000.0,3.95,592500.0,28.14,166729.5,0.88,111 (Measured Resource),High Grade Braunite,3.88,1134.6,True
BLK-04-X09Y10-B1,MOIL-UK-04,800.0,1000.0,345.0,15.0,21.976983,80.470967,150000.0,3.95,592500.0,36.76,217803.0,0.88,111 (Measured Resource),High Grade Braunite,2.21,676.95,True
BLK-04-X09Y10-B2,MOIL-UK-04,800.0,1000.0,330.0,30.0,21.976983,80.470967,150000.0,3.95,592500.0,32.64,193392.0,0.88,111 (Measured Resource),High Grade Braunite,3.17,847.65,True
BLK-04-X09Y10-B3,MOIL-UK-04,800.0,1000.0,315.0,45.0,21.976983,80.470967,150000.0,3.95,592500.0,32.33,191555.2,0.88,111 (Measured Resource),High Grade Braunite,4.15,1019.25,True
BLK-04-X09Y10-B4,MOIL-UK-04,800.0,1000.0,300.0,60.0,21.976983,80.470967,150000.0,3.95,592500.0,35.48,210219.0,0.88,111 (Measured Resource),High Grade Braunite,5.22,1194.9,True
BLK-04-X10Y00-B1,MOIL-UK-04,1000.0,-1000.0,345.0,15.0,21.959017,80.472909,150000.0,2.85,427500.0,6.84,29241.0,0.62,333 (Inferred / Reconnaissance),Low Grade / Country Rock,1.96,665.7,True
BLK-04-X10Y00-B2,MOIL-UK-04,1000.0,-1000.0,330.0,30.0,21.959017,80.472909,150000.0,2.85,427500.0,17.72,75753.0,0.62,333 (Inferred / Reconnaissance),Low Grade / Country Rock,3.97,883.65,True
BLK-04-X10Y00-B3,MOIL-UK-04,1000.0,-1000.0,315.0,45.0,21.959017,80.472909,150000.0,2.85,427500.0,7.13,30480.8,0.62,333 (Inferred / Reconnaissance),Low Grade / Country Rock,2.88,962.1,True
BLK-04-X10Y00-B4,MOIL-UK-04,1000.0,-1000.0,300.0,60.0,21.959017,80.472909,150000.0,2.85,427500.0,7.79,33302.2,0.62,333 (Inferred / Reconnaissance),Low Grade / Country Rock,4.3,1153.5,True
BLK-04-X10Y01-B1,MOIL-UK-04,1000.0,-800.0,345.0,15.0,21.960814,80.472909,150000.0,2.85,427500.0,10.17,43476.8,0.62,333 (Inferred / Reconnaissance),Low Grade / Country Rock,2.49,689.55,True
BLK-04-X10Y01-B2,MOIL-UK-04,1000.0,-800.0,330.0,30.0,21.960814,80.472909,150000.0,2.85,427500.0,16.59,70922.2,0.62,333 (Inferred / Reconnaissance),Low Grade / Country Rock,2.66,824.7,True
BLK-04-X10Y01-B3,MOIL-UK-04,1000.0,-800.0,315.0,45.0,21.960814,80.472909,150000.0,2.85,427500.0,15.9,67972.5,0.62,333 (Inferred / Reconnaissance),Low Grade / Country Rock,2.94,964.8,True
BLK-04-X10Y01-B4,MOIL-UK-04,1000.0,-800.0,300.0,60.0,21.960814,80.472909,150000.0,2.85,427500.0,4.59,19622.2,0.62,333 (Inferred / Reconnaissance),Low Grade / Country Rock,4.51,1162.95,True
BLK-04-X10Y02-B1,MOIL-UK-04,1000.0,-600.0,345.0,15.0,21.96261,80.472909,150000.0,2.85,427500.0,4.84,20691.0,0.62,333 (Inferred / Reconnaissance),Low Grade / Country Rock,2.03,668.85,True
BLK-04-X10Y02-B2,MOIL-UK-04,1000.0,-600.0,330.0,30.0,21.96261,80.472909,150000.0,2.85,427500.0,16.55,70751.2,0.62,333 (Inferred / Reconnaissance),Low Grade / Country Rock,2.48,816.6,True
BLK-04-X10Y02-B3,MOIL-UK-04,1000.0,-600.0,315.0,45.0,21.96261,80.472909,150000.0,2.85,427500.0,13.88,59337.0,0.62,333 (Inferred / Reconnaissance),Low Grade / Country Rock,3.35,983.25,True
BLK-04-X10Y02-B4,MOIL-UK-04,1000.0,-600.0,300.0,60.0,21.96261,80.472909,150000.0,2.85,427500.0,4.63,19793.2,0.62,333 (Inferred / Reconnaissance),Low Grade / Country Rock,4.61,1167.45,True
BLK-04-X10Y03-B1,MOIL-UK-04,1000.0,-400.0,345.0,15.0,21.964407,80.472909,150000.0,2.85,427500.0,15.69,67074.8,0.62,333 (Inferred / Reconnaissance),Low Grade / Country Rock,2.07,670.65,True
BLK-04-X10Y03-B2,MOIL-UK-04,1000.0,-400.0,330.0,30.0,21.964407,80.472909,150000.0,2.85,427500.0,12.64,54036.0,0.62,333 (Inferred / Reconnaissance),Low Grade / Country Rock,3.8,876.0,True
BLK-04-X10Y03-B3,MOIL-UK-04,1000.0,-400.0,315.0,45.0,21.964407,80.472909,150000.0,2.85,427500.0,15.06,64381.5,0.62,333 (Inferred / Reconnaissance),Low Grade / Country Rock,3.14,973.8,True
BLK-04-X10Y03-B4,MOIL-UK-04,1000.0,-400.0,300.0,60.0,21.964407,80.472909,150000.0,2.85,427500.0,14.27,61004.2,0.62,333 (Inferred / Reconnaissance),Low Grade / Country Rock,4.5,1162.5,True
BLK-04-X10Y04-B1,MOIL-UK-04,1000.0,-200.0,345.0,15.0,21.966203,80.472909,150000.0,2.85,427500.0,14.44,61731.0,0.62,333 (Inferred / Reconnaissance),Low Grade / Country Rock,2.24,678.3,True
BLK-04-X10Y04-B2,MOIL-UK-04,1000.0,-200.0,330.0,30.0,21.966203,80.472909,150000.0,2.85,427500.0,5.79,24752.2,0.62,333 (Inferred / Reconnaissance),Low Grade / Country Rock,3.14,846.3,True
BLK-04-X10Y04-B3,MOIL-UK-04,1000.0,-200.0,315.0,45.0,21.966203,80.472909,150000.0,2.85,427500.0,10.89,46554.8,0.62,333 (Inferred / Reconnaissance),Low Grade / Country Rock,3.79,1003.05,True
BLK-04-X10Y04-B4,MOIL-UK-04,1000.0,-200.0,300.0,60.0,21.966203,80.472909,150000.0,2.85,427500.0,16.3,69682.5,0.62,333 (Inferred / Reconnaissance),Low Grade / Country Rock,5.29,1198.05,True
BLK-04-X10Y05-B1,MOIL-UK-04,1000.0,0.0,345.0,15.0,21.968,80.472909,150000.0,2.85,427500.0,10.35,44246.2,0.62,333 (Inferred / Reconnaissance),Low Grade / Country Rock,2.16,674.7,True
BLK-04-X10Y05-B2,MOIL-UK-04,1000.0,0.0,330.0,30.0,21.968,80.472909,150000.0,2.85,427500.0,11.21,47922.8,0.62,333 (Inferred / Reconnaissance),Low Grade / Country Rock,3.04,841.8,True
BLK-04-X10Y05-B3,MOIL-UK-04,1000.0,0.0,315.0,45.0,21.968,80.472909,150000.0,2.85,427500.0,17.31,74000.2,0.62,333 (Inferred / Reconnaissance),Low Grade / Country Rock,4.05,1014.75,True
BLK-04-X10Y05-B4,MOIL-UK-04,1000.0,0.0,300.0,60.0,21.968,80.472909,150000.0,2.85,427500.0,7.88,33687.0,0.62,333 (Inferred / Reconnaissance),Low Grade / Country Rock,4.56,1165.2,True
BLK-04-X10Y06-B1,MOIL-UK-04,1000.0,200.0,345.0,15.0,21.969797,80.472909,150000.0,2.85,427500.0,12.78,54634.5,0.62,333 (Inferred / Reconnaissance),Low Grade / Country Rock,2.53,691.35,True
BLK-04-X10Y06-B2,MOIL-UK-04,1000.0,200.0,330.0,30.0,21.969797,80.472909,150000.0,2.85,427500.0,12.19,52112.2,0.62,333 (Inferred / Reconnaissance),Low Grade / Country Rock,2.36,811.2,True
BLK-04-X10Y06-B3,MOIL-UK-04,1000.0,200.0,315.0,45.0,21.969797,80.472909,150000.0,3.45,517500.0,22.4,115920.0,0.76,122 (Indicated Resource),Medium Grade Gondite,3.43,986.85,True
BLK-04-X10Y06-B4,MOIL-UK-04,1000.0,200.0,300.0,60.0,21.969797,80.472909,150000.0,2.85,427500.0,9.99,42707.2,0.62,333 (Inferred / Reconnaissance),Low Grade / Country Rock,3.62,1122.9,True
BLK-04-X10Y07-B1,MOIL-UK-04,1000.0,400.0,345.0,15.0,21.971593,80.472909,150000.0,2.85,427500.0,15.41,65877.8,0.62,333 (Inferred / Reconnaissance),Low Grade / Country Rock,1.94,664.8,True
BLK-04-X10Y07-B2,MOIL-UK-04,1000.0,400.0,330.0,30.0,21.971593,80.472909,150000.0,3.45,517500.0,32.96,170568.0,0.76,122 (Indicated Resource),Medium Grade Gondite,2.31,808.95,True
BLK-04-X10Y07-B3,MOIL-UK-04,1000.0,400.0,315.0,45.0,21.971593,80.472909,150000.0,3.45,517500.0,22.68,117369.0,0.76,122 (Indicated Resource),Medium Grade Gondite,3.71,999.45,True
BLK-04-X10Y07-B4,MOIL-UK-04,1000.0,400.0,300.0,60.0,21.971593,80.472909,150000.0,2.85,427500.0,6.65,28428.8,0.62,333 (Inferred / Reconnaissance),Low Grade / Country Rock,5.37,1201.65,True
BLK-04-X10Y08-B1,MOIL-UK-04,1000.0,600.0,345.0,15.0,21.97339,80.472909,150000.0,2.85,427500.0,4.14,17698.5,0.62,333 (Inferred / Reconnaissance),Low Grade / Country Rock,2.08,671.1,True
BLK-04-X10Y08-B2,MOIL-UK-04,1000.0,600.0,330.0,30.0,21.97339,80.472909,150000.0,3.45,517500.0,33.12,171396.0,0.76,122 (Indicated Resource),Medium Grade Gondite,2.77,829.65,True
BLK-04-X10Y08-B3,MOIL-UK-04,1000.0,600.0,315.0,45.0,21.97339,80.472909,150000.0,3.45,517500.0,23.12,119646.0,0.76,122 (Indicated Resource),Medium Grade Gondite,3.36,983.7,True
BLK-04-X10Y08-B4,MOIL-UK-04,1000.0,600.0,300.0,60.0,21.97339,80.472909,150000.0,3.45,517500.0,27.98,144796.5,0.76,122 (Indicated Resource),Medium Grade Gondite,3.87,1134.15,True
BLK-04-X10Y09-B1,MOIL-UK-04,1000.0,800.0,345.0,15.0,21.975186,80.472909,150000.0,3.45,517500.0,27.6,142830.0,0.76,122 (Indicated Resource),Medium Grade Gondite,2.92,708.9,True
BLK-04-X10Y09-B2,MOIL-UK-04,1000.0,800.0,330.0,30.0,21.975186,80.472909,150000.0,3.45,517500.0,32.47,168032.2,0.76,122 (Indicated Resource),Medium Grade Gondite,2.1,799.5,True
BLK-04-X10Y09-B3,MOIL-UK-04,1000.0,800.0,315.0,45.0,21.975186,80.472909,150000.0,3.45,517500.0,23.93,123837.7,0.76,122 (Indicated Resource),Medium Grade Gondite,3.3,981.0,True
BLK-04-X10Y09-B4,MOIL-UK-04,1000.0,800.0,300.0,60.0,21.975186,80.472909,150000.0,3.45,517500.0,29.14,150799.5,0.76,122 (Indicated Resource),Medium Grade Gondite,4.22,1149.9,True
BLK-04-X10Y10-B1,MOIL-UK-04,1000.0,1000.0,345.0,15.0,21.976983,80.472909,150000.0,3.45,517500.0,32.13,166272.8,0.76,122 (Indicated Resource),Medium Grade Gondite,2.68,698.1,True
BLK-04-X10Y10-B2,MOIL-UK-04,1000.0,1000.0,330.0,30.0,21.976983,80.472909,150000.0,3.95,592500.0,34.1,202042.5,0.88,111 (Measured Resource),High Grade Braunite,2.23,805.35,True
BLK-04-X10Y10-B3,MOIL-UK-04,1000.0,1000.0,315.0,45.0,21.976983,80.472909,150000.0,3.95,592500.0,31.14,184504.5,0.88,111 (Measured Resource),High Grade Braunite,3.26,979.2,True
BLK-04-X10Y10-B4,MOIL-UK-04,1000.0,1000.0,300.0,60.0,21.976983,80.472909,150000.0,3.45,517500.0,24.13,124872.8,0.76,122 (Indicated Resource),Medium Grade Gondite,3.85,1133.25,True
