mine_id,grid_x,grid_y,latitude,longitude,B02_Blue,B03_Green,B04_Red,B08_NIR,B11_SWIR1,B12_SWIR2,NDVI,NDWI,NDBI,iron_oxide_index,clay_mineral_index,ferrous_index,exploration_potential_score,potential_class,spectral_zone_type,is_synthetic
MOIL-DB-01,-1200.0,-1200.0,21.53702,79.69255,0.0283,0.1173,0.0695,0.7001,0.2145,0.0931,0.8193,-0.7131,-0.531,2.453,2.304,1.993,76.3,High Potential Exploration Zone,Dense / Moderate Canopy,True
MOIL-DB-01,-1200.0,-1100.0,21.537919,79.69255,0.0228,0.1034,0.0381,0.6769,0.2162,0.0649,0.8935,-0.7349,-0.5159,1.668,3.332,3.035,79.6,High Potential Exploration Zone,Dense / Moderate Canopy,True
MOIL-DB-01,-1200.0,-1000.0,21.538817,79.69255,0.109,0.1675,0.2217,0.2897,0.3949,0.241,0.133,-0.2673,0.1537,2.033,1.639,2.119,80.3,High Potential Exploration Zone,Barren Soil & Country Rock,True
MOIL-DB-01,-1200.0,-900.0,21.539715,79.69255,0.0382,0.0607,0.0466,0.6802,0.2172,0.0966,0.8718,-0.836,-0.516,1.22,2.249,1.623,57.3,Medium Potential Zone,Dense / Moderate Canopy,True
MOIL-DB-01,-1200.0,-800.0,21.540614,79.69255,0.024,0.1183,0.0313,0.5924,0.1491,0.107,0.8995,-0.6672,-0.5978,1.308,1.394,4.025,43.9,Low Potential / Barren,Dense / Moderate Canopy,True
MOIL-DB-01,-1200.0,-700.0,21.541512,79.69255,0.0807,0.1449,0.1651,0.249,0.3701,0.2554,0.2025,-0.2644,0.1956,2.046,1.449,2.364,73.5,Medium Potential Zone,Barren Soil & Country Rock,True
MOIL-DB-01,-1200.0,-600.0,21.54241,79.69255,0.0893,0.1281,0.2021,0.2882,0.3434,0.2348,0.1756,-0.3845,0.0875,2.262,1.462,1.826,76.5,High Potential Exploration Zone,Barren Soil & Country Rock,True
MOIL-DB-01,-1200.0,-500.0,21.543308,79.69255,0.0367,0.0767,0.0432,0.4995,0.1346,0.0737,0.8408,-0.7338,-0.5754,1.177,1.826,2.045,49.1,Medium Potential Zone,Dense / Moderate Canopy,True
MOIL-DB-01,-1200.0,-400.0,21.544207,79.69255,0.1062,0.1561,0.2353,0.2826,0.3674,0.2649,0.0912,-0.2883,0.1305,2.216,1.387,1.963,76.5,High Potential Exploration Zone,Barren Soil & Country Rock,True
MOIL-DB-01,-1200.0,-300.0,21.545105,79.69255,0.1068,0.1559,0.2179,0.3026,0.3158,0.2489,0.1627,-0.3199,0.0214,2.04,1.269,1.759,70.2,Medium Potential Zone,Barren Soil & Country Rock,True
MOIL-DB-01,-1200.0,-200.0,21.546003,79.69255,0.037,0.0653,0.0535,0.5434,0.1839,0.0704,0.8207,-0.7856,-0.4942,1.447,2.614,1.558,63.5,Medium Potential Zone,Dense / Moderate Canopy,True
MOIL-DB-01,-1200.0,-100.0,21.546902,79.69255,0.043,0.1186,0.0664,0.586,0.1688,0.0806,0.7963,-0.6633,-0.5526,1.543,2.094,2.073,57.3,Medium Potential Zone,Dense / Moderate Canopy,True
MOIL-DB-01,-1200.0,0.0,21.5478,79.69255,0.09,0.1236,0.2157,0.2613,0.2889,0.3029,0.0956,-0.358,0.0502,2.398,0.954,1.678,70.7,Medium Potential Zone,Barren Soil & Country Rock,True
MOIL-DB-01,-1200.0,100.0,21.548698,79.69255,0.0416,0.092,0.0365,0.4666,0.2017,0.0651,0.855,-0.6706,-0.3963,0.877,3.098,2.955,62.5,Medium Potential Zone,Dense / Moderate Canopy,True
MOIL-DB-01,-1200.0,200.0,21.549597,79.69255,0.0346,0.1145,0.0521,0.6066,0.152,0.1171,0.8418,-0.6825,-0.5994,1.508,1.298,2.448,42.9,Low Potential / Barren,Dense / Moderate Canopy,True
MOIL-DB-01,-1200.0,300.0,21.550495,79.69255,0.0201,0.0889,0.0446,0.4587,0.1632,0.1041,0.8229,-0.6752,-0.4752,2.211,1.567,2.352,55.4,Medium Potential Zone,Dense / Moderate Canopy,True
MOIL-DB-01,-1200.0,400.0,21.551393,79.69255,0.0392,0.0948,0.0568,0.5547,0.157,0.0503,0.8141,-0.7081,-0.5588,1.451,3.12,1.951,70.1,Medium Potential Zone,Dense / Moderate Canopy,True
MOIL-DB-01,-1200.0,500.0,21.552292,79.69255,0.137,0.1705,0.182,0.2601,0.4116,0.2501,0.1767,-0.208,0.2255,1.328,1.646,2.519,65.6,Medium Potential Zone,Barren Soil & Country Rock,True
MOIL-DB-01,-1200.0,600.0,21.55319,79.69255,0.0207,0.0934,0.0672,0.6889,0.1702,0.0955,0.8222,-0.7613,-0.6038,3.252,1.783,1.637,70.1,Medium Potential Zone,Dense / Moderate Canopy,True
MOIL-DB-01,-1200.0,700.0,21.554088,79.69255,0.022,0.0611,0.0686,0.5191,0.1584,0.0856,0.7667,-0.7894,-0.5323,3.115,1.85,1.197,71.1,Medium Potential Zone,Dense / Moderate Canopy,True
MOIL-DB-01,-1200.0,800.0,21.554986,79.69255,0.0407,0.0941,0.051,0.6392,0.1864,0.1132,0.8523,-0.7434,-0.5484,1.252,1.647,2.137,44.1,Low Potential / Barren,Dense / Moderate Canopy,True
MOIL-DB-01,-1200.0,900.0,21.555885,79.69255,0.0326,0.1065,0.062,0.4959,0.1437,0.1171,0.7777,-0.6464,-0.5507,1.899,1.227,2.008,47.4,Medium Potential Zone,Dense / Moderate Canopy,True
MOIL-DB-01,-1200.0,1000.0,21.556783,79.69255,0.0356,0.0717,0.0492,0.6507,0.1682,0.072,0.8593,-0.8015,-0.5891,1.384,2.335,1.715,55.6,Medium Potential Zone,Dense / Moderate Canopy,True
MOIL-DB-01,-1200.0,1100.0,21.557681,79.69255,0.1357,0.1723,0.2233,0.2894,0.3522,0.3277,0.1289,-0.2536,0.0978,1.646,1.075,1.988,61.5,Medium Potential Zone,Barren Soil & Country Rock,True
MOIL-DB-01,-1200.0,1200.0,21.55858,79.69255,0.0445,0.0717,0.0469,0.6408,0.1571,0.0846,0.8635,-0.7988,-0.6062,1.055,1.858,1.772,44.4,Low Potential / Barren,Dense / Moderate Canopy,True
MOIL-DB-01,-1100.0,-1200.0,21.53702,79.69352,0.0331,0.1055,0.0347,0.6439,0.1345,0.1156,0.8979,-0.7184,-0.6544,1.046,1.163,3.254,42.8,Low Potential / Barren,Dense / Moderate Canopy,True
MOIL-DB-01,-1100.0,-1100.0,21.537919,79.69352,0.1277,0.1513,0.1673,0.2783,0.4077,0.2389,0.2491,-0.2956,0.1887,1.31,1.707,2.37,72.2,Medium Potential Zone,Barren Soil & Country Rock,True
MOIL-DB-01,-1100.0,-1000.0,21.538817,79.69352,0.1063,0.1365,0.2355,0.2578,0.3721,0.2469,0.0451,-0.3075,0.1816,2.214,1.507,2.023,84.6,High Potential Exploration Zone,Barren Soil & Country Rock,True
MOIL-DB-01,-1100.0,-900.0,21.539715,79.69352,0.0906,0.1461,0.2026,0.2211,0.3966,0.2815,0.0435,-0.2042,0.2842,2.238,1.409,2.515,82.5,High Potential Exploration Zone,Barren Soil & Country Rock,True
MOIL-DB-01,-1100.0,-800.0,21.540614,79.69352,0.084,0.1238,0.1806,0.2699,0.4004,0.3284,0.1982,-0.3712,0.1947,2.149,1.22,2.169,73.2,Medium Potential Zone,Barren Soil & Country Rock,True
MOIL-DB-01,-1100.0,-700.0,21.541512,79.69352,0.0299,0.0715,0.0695,0.6339,0.1505,0.073,0.8024,-0.7974,-0.6163,2.328,2.061,1.266,69.0,Medium Potential Zone,Dense / Moderate Canopy,True
MOIL-DB-01,-1100.0,-600.0,21.54241,79.69352,0.0387,0.1129,0.0379,0.4728,0.1606,0.0672,0.8515,-0.6146,-0.4929,0.981,2.39,3.315,56.4,Medium Potential Zone,Dense / Moderate Canopy,True
MOIL-DB-01,-1100.0,-500.0,21.543308,79.69352,0.041,0.0718,0.0574,0.5426,0.1835,0.0943,0.8086,-0.7664,-0.4946,1.401,1.946,1.588,55.3,Medium Potential Zone,Dense / Moderate Canopy,True
MOIL-DB-01,-1100.0,-400.0,21.544207,79.69352,0.1181,0.1429,0.1869,0.2489,0.3284,0.3144,0.1423,-0.2707,0.1376,1.582,1.044,2.083,63.3,Medium Potential Zone,Barren Soil & Country Rock,True
MOIL-DB-01,-1100.0,-300.0,21.545105,79.69352,0.1209,0.174,0.188,0.223,0.2834,0.2367,0.085,-0.1232,0.1195,1.555,1.197,2.197,66.5,Medium Potential Zone,Barren Soil & Country Rock,True
MOIL-DB-01,-1100.0,-200.0,21.546003,79.69352,0.1249,0.1377,0.2122,0.2242,0.3214,0.2481,0.0276,-0.2391,0.1781,1.699,1.295,2.082,71.0,Medium Potential Zone,Barren Soil & Country Rock,True
MOIL-DB-01,-1100.0,-100.0,21.546902,79.69352,0.0914,0.1571,0.213,0.2348,0.3838,0.25,0.0487,-0.1984,0.2407,2.329,1.535,2.371,80.8,High Potential Exploration Zone,Barren Soil & Country Rock,True
MOIL-DB-01,-1100.0,0.0,21.5478,79.69352,0.1297,0.1741,0.226,0.2348,0.4199,0.3007,0.0191,-0.1485,0.2828,1.742,1.397,2.559,72.6,Medium Potential Zone,Barren Soil & Country Rock,True
MOIL-DB-01,-1100.0,100.0,21.548698,79.69352,0.0486,0.1072,0.0577,0.6764,0.1585,0.0979,0.8429,-0.7263,-0.6202,1.186,1.619,2.094,44.6,Low Potential / Barren,Dense / Moderate Canopy,True
MOIL-DB-01,-1100.0,200.0,21.549597,79.69352,0.1393,0.1553,0.2251,0.2607,0.3862,0.2665,0.0733,-0.2533,0.1939,1.616,1.449,2.171,69.8,Medium Potential Zone,Barren Soil & Country Rock,True
MOIL-DB-01,-1100.0,300.0,21.550495,79.69352,0.0433,0.0582,0.0443,0.5971,0.1534,0.0716,0.862,-0.8225,-0.5912,1.021,2.141,1.57,49.5,Medium Potential Zone,Dense / Moderate Canopy,True
MOIL-DB-01,-1100.0,400.0,21.551393,79.69352,0.0937,0.1709,0.2339,0.29,0.2842,0.3143,0.1071,-0.2583,-0.0101,2.497,0.904,1.711,70.3,Medium Potential Zone,Barren Soil & Country Rock,True
MOIL-DB-01,-1100.0,500.0,21.552292,79.69352,0.0427,0.0806,0.0317,0.6341,0.1644,0.1112,0.9049,-0.7744,-0.5882,0.74,1.479,2.806,34.7,Low Potential / Barren,Dense / Moderate Canopy,True
MOIL-DB-01,-1100.0,600.0,21.55319,79.69352,0.0308,0.1007,0.0498,0.5038,0.162,0.0656,0.8201,-0.6669,-0.5134,1.618,2.47,2.343,62.0,Medium Potential Zone,Dense / Moderate Canopy,True
MOIL-DB-01,-1100.0,700.0,21.554088,79.69352,0.0948,0.1326,0.1603,0.2984,0.2908,0.2739,0.3009,-0.3848,-0.0129,1.691,1.062,1.801,57.2,Medium Potential Zone,Barren Soil & Country Rock,True
MOIL-DB-01,-1100.0,800.0,21.554986,79.69352,0.0254,0.1177,0.0541,0.6696,0.1696,0.1006,0.8504,-0.7011,-0.5958,2.128,1.686,2.427,55.0,Medium Potential Zone,Dense / Moderate Canopy,True
MOIL-DB-01,-1100.0,900.0,21.555885,79.69352,0.0305,0.0853,0.0506,0.7178,0.1433,0.0973,0.8683,-0.7876,-0.6672,1.661,1.473,1.886,45.8,Medium Potential Zone,Dense / Moderate Canopy,True
MOIL-DB-01,-1100.0,1000.0,21.556783,79.69352,0.1356,0.1554,0.2288,0.3095,0.358,0.3018,0.1501,-0.3314,0.0726,1.687,1.186,1.836,63.2,Medium Potential Zone,Barren Soil & Country Rock,True
MOIL-DB-01,-1100.0,1100.0,21.557681,79.69352,0.0338,0.0804,0.0374,0.5537,0.2191,0.0689,0.8733,-0.7463,-0.433,1.107,3.18,2.544,64.7,Medium Potential Zone,Dense / Moderate Canopy,True
MOIL-DB-01,-1100.0,1200.0,21.55858,79.69352,0.0218,0.0827,0.0323,0.5785,0.1228,0.0929,0.8941,-0.7498,-0.6499,1.485,1.321,2.77,40.5,Low Potential / Barren,Dense / Moderate Canopy,True
MOIL-DB-01,-1000.0,-1200.0,21.53702,79.694491,0.0635,0.0999,0.1783,0.2326,0.3496,0.1946,0.1321,-0.3991,0.201,2.81,1.797,2.063,98.0,High Potential Exploration Zone,Manganese Gossan / Alteration Outcrop,True
MOIL-DB-01,-1000.0,-1100.0,21.537919,79.694491,0.0506,0.0613,0.1586,0.191,0.3724,0.2374,0.0925,-0.5139,0.3221,3.133,1.568,2.337,97.9,High Potential Exploration Zone,Manganese Gossan / Alteration Outcrop,True
MOIL-DB-01,-1000.0,-1000.0,21.538817,79.694491,0.028,0.0607,0.0624,0.5168,0.2071,0.0619,0.7844,-0.7897,-0.4278,2.227,3.347,1.373,92.1,High Potential Exploration Zone,Dense / Moderate Canopy,True
MOIL-DB-01,-1000.0,-900.0,21.539715,79.694491,0.0432,0.0928,0.064,0.5393,0.1366,0.061,0.7878,-0.7064,-0.5958,1.482,2.24,1.703,65.7,Medium Potential Zone,Dense / Moderate Canopy,True
MOIL-DB-01,-1000.0,-800.0,21.540614,79.694491,0.1068,0.1726,0.1672,0.3115,0.4096,0.3073,0.3016,-0.2871,0.136,1.566,1.333,2.347,66.6,Medium Potential Zone,Barren Soil & Country Rock,True
MOIL-DB-01,-1000.0,-700.0,21.541512,79.694491,0.0431,0.087,0.054,0.6196,0.1327,0.0635,0.8396,-0.7538,-0.6472,1.254,2.089,1.824,57.4,Medium Potential Zone,Dense / Moderate Canopy,True
MOIL-DB-01,-1000.0,-600.0,21.54241,79.694491,0.0235,0.1175,0.0503,0.5526,0.1358,0.0792,0.8332,-0.6492,-0.6056,2.144,1.715,2.583,61.3,Medium Potential Zone,Dense / Moderate Canopy,True
MOIL-DB-01,-1000.0,-500.0,21.543308,79.694491,0.0853,0.178,0.1812,0.289,0.2928,0.3296,0.2293,-0.2377,0.0064,2.125,0.888,1.995,66.1,Medium Potential Zone,Barren Soil & Country Rock,True
MOIL-DB-01,-1000.0,-400.0,21.544207,79.694491,0.0397,0.1047,0.0542,0.4691,0.163,0.0683,0.7927,-0.635,-0.4844,1.366,2.384,2.278,62.3,Medium Potential Zone,Dense / Moderate Canopy,True
MOIL-DB-01,-1000.0,-300.0,21.545105,79.694491,0.0321,0.1079,0.0399,0.5044,0.2158,0.1165,0.8534,-0.6476,-0.4007,1.241,1.853,3.132,50.6,Medium Potential Zone,Dense / Moderate Canopy,True
MOIL-DB-01,-1000.0,-200.0,21.546003,79.694491,0.0371,0.0579,0.0652,0.4892,0.1356,0.0635,0.7648,-0.7883,-0.566,1.76,2.134,1.165,62.9,Medium Potential Zone,Dense / Moderate Canopy,True
MOIL-DB-01,-1000.0,-100.0,21.546902,79.694491,0.0232,0.1045,0.0323,0.4798,0.1634,0.0765,0.8737,-0.6424,-0.4918,1.393,2.135,3.572,55.0,Medium Potential Zone,Dense / Moderate Canopy,True
MOIL-DB-01,-1000.0,0.0,21.5478,79.694491,0.049,0.0633,0.0679,0.6369,0.1609,0.1018,0.8074,-0.8193,-0.5967,1.385,1.581,1.185,48.2,Medium Potential Zone,Dense / Moderate Canopy,True
MOIL-DB-01,-1000.0,100.0,21.548698,79.694491,0.0254,0.0637,0.0463,0.4957,0.156,0.0952,0.829,-0.7722,-0.5211,1.824,1.639,1.69,53.1,Medium Potential Zone,Dense / Moderate Canopy,True
MOIL-DB-01,-1000.0,200.0,21.549597,79.694491,0.0291,0.0697,0.0612,0.5529,0.2018,0.1195,0.8007,-0.776,-0.4651,2.106,1.689,1.505,57.6,Medium Potential Zone,Dense / Moderate Canopy,True
MOIL-DB-01,-1000.0,300.0,21.550495,79.694491,0.0399,0.0763,0.0326,0.6493,0.2178,0.0548,0.9043,-0.7898,-0.4976,0.818,3.977,2.673,73.9,Medium Potential Zone,Dense / Moderate Canopy,True
MOIL-DB-01,-1000.0,400.0,21.551393,79.694491,0.1299,0.1261,0.1665,0.311,0.2911,0.2337,0.3026,-0.4229,-0.033,1.282,1.246,1.693,56.0,Medium Potential Zone,Barren Soil & Country Rock,True
MOIL-DB-01,-1000.0,500.0,21.552292,79.694491,0.0427,0.078,0.0468,0.6208,0.1705,0.0513,0.8597,-0.7768,-0.569,1.096,3.324,1.94,68.1,Medium Potential Zone,Dense / Moderate Canopy,True
MOIL-DB-01,-1000.0,600.0,21.55319,79.694491,0.1149,0.1676,0.221,0.294,0.388,0.2253,0.1417,-0.2738,0.1378,1.924,1.722,2.078,74.9,Medium Potential Zone,Barren Soil & Country Rock,True
MOIL-DB-01,-1000.0,700.0,21.554088,79.694491,0.0467,0.0872,0.0399,0.6099,0.1758,0.0656,0.8771,-0.7497,-0.5525,0.856,2.679,2.472,54.9,Medium Potential Zone,Dense / Moderate Canopy,True
MOIL-DB-01,-1000.0,800.0,21.554986,79.694491,0.0439,0.1064,0.0324,0.5032,0.1868,0.1102,0.8791,-0.6509,-0.4585,0.737,1.695,3.657,38.5,Low Potential / Barren,Dense / Moderate Canopy,True
MOIL-DB-01,-1000.0,900.0,21.555885,79.694491,0.0412,0.0515,0.0543,0.7097,0.1861,0.1146,0.8578,-0.8648,-0.5845,1.318,1.624,1.21,44.6,Low Potential / Barren,Dense / Moderate Canopy,True
MOIL-DB-01,-1000.0,1000.0,21.556783,79.694491,0.0453,0.0587,0.0349,0.4824,0.1689,0.0731,0.8649,-0.7831,-0.4814,0.771,2.31,2.03,48.3,Medium Potential Zone,Dense / Moderate Canopy,True
MOIL-DB-01,-1000.0,1100.0,21.557681,79.694491,0.0471,0.0934,0.0385,0.7013,0.1728,0.1004,0.8959,-0.7651,-0.6047,0.818,1.721,2.669,39.0,Low Potential / Barren,Dense / Moderate Canopy,True
MOIL-DB-01,-1000.0,1200.0,21.55858,79.694491,0.0497,0.0854,0.0623,0.6031,0.1686,0.0876,0.8127,-0.7518,-0.5629,1.254,1.924,1.65,49.5,Medium Potential Zone,Dense / Moderate Canopy,True
MOIL-DB-01,-900.0,-1200.0,21.53702,79.695462,0.0594,0.0811,0.1924,0.165,0.3263,0.2584,-0.0767,-0.3411,0.3284,3.24,1.263,2.399,98.0,High Potential Exploration Zone,Manganese Gossan / Alteration Outcrop,True
MOIL-DB-01,-900.0,-1100.0,21.537919,79.695462,0.0757,0.0766,0.2061,0.2345,0.3308,0.2649,0.0646,-0.5076,0.1703,2.723,1.249,1.782,92.0,High Potential Exploration Zone,Manganese Gossan / Alteration Outcrop,True
MOIL-DB-01,-900.0,-1000.0,21.538817,79.695462,0.0562,0.1076,0.1871,0.171,0.2966,0.248,-0.0449,-0.2276,0.2686,3.327,1.196,2.309,98.0,High Potential Exploration Zone,Manganese Gossan / Alteration Outcrop,True
MOIL-DB-01,-900.0,-900.0,21.539715,79.695462,0.1252,0.1335,0.2073,0.2897,0.4004,0.3081,0.1657,-0.3692,0.1604,1.656,1.3,2.026,74.4,Medium Potential Zone,Barren Soil & Country Rock,True
MOIL-DB-01,-900.0,-800.0,21.540614,79.695462,0.0474,0.0918,0.0639,0.5126,0.2015,0.0655,0.7785,-0.6961,-0.4357,1.347,3.075,1.831,77.9,High Potential Exploration Zone,Dense / Moderate Canopy,True
MOIL-DB-01,-900.0,-700.0,21.541512,79.695462,0.0299,0.062,0.0359,0.5006,0.1648,0.0866,0.8661,-0.7795,-0.5047,1.202,1.904,2.056,54.8,Medium Potential Zone,Dense / Moderate Canopy,True
MOIL-DB-01,-900.0,-600.0,21.54241,79.695462,0.0314,0.0652,0.0598,0.4864,0.2092,0.0787,0.7812,-0.7635,-0.3984,1.901,2.66,1.522,75.7,High Potential Exploration Zone,Dense / Moderate Canopy,True
MOIL-DB-01,-900.0,-500.0,21.543308,79.695462,0.0256,0.0602,0.062,0.566,0.2187,0.0867,0.8027,-0.8078,-0.4427,2.421,2.522,1.358,78.1,High Potential Exploration Zone,Dense / Moderate Canopy,True
MOIL-DB-01,-900.0,-400.0,21.544207,79.695462,0.0494,0.0697,0.062,0.4559,0.188,0.1022,0.7605,-0.7349,-0.4162,1.256,1.84,1.536,55.0,Medium Potential Zone,Dense / Moderate Canopy,True
MOIL-DB-01,-900.0,-300.0,21.545105,79.695462,0.0249,0.0932,0.0659,0.7015,0.1946,0.0685,0.8282,-0.7655,-0.5656,2.651,2.843,1.691,83.3,High Potential Exploration Zone,Dense / Moderate Canopy,True
MOIL-DB-01,-900.0,-200.0,21.546003,79.695462,0.0467,0.0757,0.0373,0.6862,0.2085,0.0571,0.8968,-0.8013,-0.5339,0.8,3.654,2.333,71.6,Medium Potential Zone,Dense / Moderate Canopy,True
MOIL-DB-01,-900.0,-100.0,21.546902,79.695462,0.036,0.1196,0.0478,0.594,0.1466,0.1129,0.851,-0.6649,-0.6041,1.328,1.298,2.748,43.2,Low Potential / Barren,Dense / Moderate Canopy,True
MOIL-DB-01,-900.0,0.0,21.5478,79.695462,0.0444,0.0556,0.0615,0.5824,0.1205,0.0658,0.8089,-0.8257,-0.657,1.385,1.831,1.11,52.6,Medium Potential Zone,Dense / Moderate Canopy,True
MOIL-DB-01,-900.0,100.0,21.548698,79.695462,0.1251,0.1486,0.1728,0.2457,0.3506,0.2224,0.1742,-0.2461,0.1759,1.381,1.577,2.287,67.3,Medium Potential Zone,Barren Soil & Country Rock,True
MOIL-DB-01,-900.0,200.0,21.549597,79.695462,0.0403,0.0862,0.0539,0.5382,0.1383,0.1067,0.8179,-0.7238,-0.5911,1.337,1.296,1.856,43.0,Low Potential / Barren,Dense / Moderate Canopy,True
MOIL-DB-01,-900.0,300.0,21.550495,79.695462,0.0353,0.0714,0.0504,0.6873,0.1891,0.1101,0.8632,-0.8119,-0.5684,1.428,1.718,1.69,48.6,Medium Potential Zone,Dense / Moderate Canopy,True
MOIL-DB-01,-900.0,400.0,21.551393,79.695462,0.1227,0.1592,0.2057,0.2728,0.3571,0.322,0.1402,-0.2631,0.1338,1.676,1.109,2.083,63.8,Medium Potential Zone,Barren Soil & Country Rock,True
MOIL-DB-01,-900.0,500.0,21.552292,79.695462,0.0234,0.0898,0.0667,0.4864,0.1613,0.0562,0.7587,-0.6883,-0.5019,2.854,2.868,1.677,84.8,High Potential Exploration Zone,Dense / Moderate Canopy,True
MOIL-DB-01,-900.0,600.0,21.55319,79.695462,0.1342,0.1468,0.2151,0.2339,0.2831,0.3269,0.0419,-0.2289,0.0951,1.602,0.866,1.893,61.7,Medium Potential Zone,Barren Soil & Country Rock,True
MOIL-DB-01,-900.0,700.0,21.554088,79.695462,0.0206,0.1195,0.0497,0.5785,0.1821,0.0506,0.8418,-0.6577,-0.5212,2.412,3.602,2.719,87.8,High Potential Exploration Zone,Dense / Moderate Canopy,True
MOIL-DB-01,-900.0,800.0,21.554986,79.695462,0.0389,0.0708,0.0591,0.5519,0.1918,0.0601,0.8066,-0.7726,-0.4843,1.519,3.193,1.546,72.4,Medium Potential Zone,Dense / Moderate Canopy,True
MOIL-DB-01,-900.0,900.0,21.555885,79.695462,0.0464,0.0605,0.0675,0.6006,0.1902,0.1088,0.7978,-0.8169,-0.519,1.456,1.748,1.213,50.1,Medium Potential Zone,Dense / Moderate Canopy,True
MOIL-DB-01,-900.0,1000.0,21.556783,79.695462,0.0902,0.1374,0.1982,0.2546,0.3508,0.2423,0.1246,-0.2989,0.1589,2.198,1.448,2.071,74.1,Medium Potential Zone,Barren Soil & Country Rock,True
MOIL-DB-01,-900.0,1100.0,21.557681,79.695462,0.0217,0.0753,0.0372,0.6471,0.2084,0.0555,0.8914,-0.7915,-0.5129,1.715,3.753,2.348,80.1,High Potential Exploration Zone,Dense / Moderate Canopy,True
MOIL-DB-01,-900.0,1200.0,21.55858,79.695462,0.0469,0.1182,0.0532,0.5384,0.1522,0.0765,0.8202,-0.64,-0.5592,1.134,1.989,2.505,49.0,Medium Potential Zone,Dense / Moderate Canopy,True
MOIL-DB-01,-800.0,-1200.0,21.53702,79.696433,0.0645,0.0845,0.1854,0.1439,0.2548,0.2874,-0.1258,-0.2601,0.2781,2.874,0.887,2.226,96.0,High Potential Exploration Zone,Manganese Gossan / Alteration Outcrop,True
MOIL-DB-01,-800.0,-1100.0,21.537919,79.696433,0.0798,0.0973,0.1456,0.2353,0.2699,0.2605,0.2354,-0.4148,0.0684,1.825,1.036,1.815,76.8,High Potential Exploration Zone,Manganese Gossan / Alteration Outcrop,True
MOIL-DB-01,-800.0,-1000.0,21.538817,79.696433,0.0446,0.0924,0.196,0.226,0.3428,0.2816,0.0711,-0.4193,0.2054,4.393,1.217,1.989,98.0,High Potential Exploration Zone,Manganese Gossan / Alteration Outcrop,True
MOIL-DB-01,-800.0,-900.0,21.539715,79.696433,0.0608,0.0939,0.157,0.141,0.3459,0.2757,-0.0534,-0.2008,0.4208,2.58,1.255,3.051,91.9,High Potential Exploration Zone,Manganese Gossan / Alteration Outcrop,True
MOIL-DB-01,-800.0,-800.0,21.540614,79.696433,0.047,0.0614,0.1365,0.2295,0.2814,0.2057,0.2543,-0.5777,0.1015,2.906,1.368,1.676,88.1,High Potential Exploration Zone,Manganese Gossan / Alteration Outcrop,True
MOIL-DB-01,-800.0,-700.0,21.541512,79.696433,0.0978,0.1629,0.2367,0.2513,0.3137,0.3266,0.0298,-0.2133,0.1105,2.42,0.961,1.937,81.8,High Potential Exploration Zone,Barren Soil & Country Rock,True
MOIL-DB-01,-800.0,-600.0,21.54241,79.696433,0.0298,0.0548,0.0697,0.6338,0.2127,0.0739,0.8019,-0.8408,-0.4975,2.335,2.876,1.122,85.1,High Potential Exploration Zone,Dense / Moderate Canopy,True
MOIL-DB-01,-800.0,-500.0,21.543308,79.696433,0.0402,0.1111,0.0697,0.4793,0.1831,0.0736,0.746,-0.6237,-0.4472,1.733,2.49,1.976,73.0,Medium Potential Zone,Dense / Moderate Canopy,True
MOIL-DB-01,-800.0,-400.0,21.544207,79.696433,0.0426,0.1125,0.0437,0.4998,0.1222,0.0679,0.839,-0.6326,-0.6071,1.026,1.8,2.815,50.8,Medium Potential Zone,Dense / Moderate Canopy,True
MOIL-DB-01,-800.0,-300.0,21.545105,79.696433,0.1368,0.1495,0.2045,0.308,0.4039,0.2833,0.2019,-0.3465,0.1347,1.495,1.425,2.042,68.8,Medium Potential Zone,Barren Soil & Country Rock,True
MOIL-DB-01,-800.0,-200.0,21.546003,79.696433,0.0962,0.1474,0.2201,0.2912,0.37,0.3256,0.139,-0.3278,0.1192,2.287,1.136,1.94,74.7,Medium Potential Zone,Barren Soil & Country Rock,True
MOIL-DB-01,-800.0,-100.0,21.546902,79.696433,0.0495,0.1122,0.0378,0.4656,0.1615,0.0932,0.8497,-0.6115,-0.485,0.765,1.732,3.314,44.2,Low Potential / Barren,Dense / Moderate Canopy,True
MOIL-DB-01,-800.0,0.0,21.5478,79.696433,0.028,0.1102,0.0432,0.6982,0.1672,0.0507,0.8835,-0.7274,-0.6136,1.54,3.295,2.792,75.0,High Potential Exploration Zone,Dense / Moderate Canopy,True
MOIL-DB-01,-800.0,100.0,21.548698,79.696433,0.0861,0.1226,0.2171,0.2392,0.3974,0.2517,0.0484,-0.3222,0.2485,2.521,1.579,2.226,84.9,High Potential Exploration Zone,Barren Soil & Country Rock,True
MOIL-DB-01,-800.0,200.0,21.549597,79.696433,0.1292,0.148,0.208,0.2536,0.2864,0.2644,0.0989,-0.2631,0.0608,1.609,1.083,1.841,65.1,Medium Potential Zone,Barren Soil & Country Rock,True
MOIL-DB-01,-800.0,300.0,21.550495,79.696433,0.0204,0.0902,0.0657,0.5088,0.2127,0.0568,0.7712,-0.6988,-0.4105,3.229,3.742,1.79,98.0,High Potential Exploration Zone,Dense / Moderate Canopy,True
MOIL-DB-01,-800.0,400.0,21.551393,79.696433,0.0452,0.068,0.0683,0.5625,0.1341,0.0914,0.7834,-0.7842,-0.6149,1.511,1.467,1.234,48.5,Medium Potential Zone,Dense / Moderate Canopy,True
MOIL-DB-01,-800.0,500.0,21.552292,79.696433,0.047,0.0695,0.0531,0.4811,0.1662,0.0866,0.8013,-0.7476,-0.4866,1.13,1.919,1.655,50.0,Medium Potential Zone,Dense / Moderate Canopy,True
MOIL-DB-01,-800.0,600.0,21.55319,79.696433,0.1091,0.1752,0.2,0.3031,0.3244,0.3366,0.2049,-0.2674,0.034,1.834,0.964,1.946,61.4,Medium Potential Zone,Barren Soil & Country Rock,True
MOIL-DB-01,-800.0,700.0,21.554088,79.696433,0.1151,0.1674,0.2251,0.2398,0.3362,0.2949,0.0316,-0.1779,0.1673,1.955,1.14,2.146,70.3,Medium Potential Zone,Barren Soil & Country Rock,True
MOIL-DB-01,-800.0,800.0,21.554986,79.696433,0.1195,0.1427,0.1881,0.2308,0.2855,0.3202,0.102,-0.2358,0.1059,1.574,0.892,1.996,59.9,Medium Potential Zone,Barren Soil & Country Rock,True
MOIL-DB-01,-800.0,900.0,21.555885,79.696433,0.0369,0.0761,0.0355,0.5714,0.1429,0.1086,0.8831,-0.7651,-0.5999,0.962,1.315,2.394,35.7,Low Potential / Barren,Dense / Moderate Canopy,True
MOIL-DB-01,-800.0,1000.0,21.556783,79.696433,0.0467,0.087,0.0551,0.706,0.1739,0.0947,0.8551,-0.7806,-0.6048,1.181,1.836,1.824,46.7,Medium Potential Zone,Dense / Moderate Canopy,True
MOIL-DB-01,-800.0,1100.0,21.557681,79.696433,0.0412,0.0948,0.0568,0.646,0.2009,0.0782,0.8383,-0.744,-0.5255,1.378,2.569,1.98,60.2,Medium Potential Zone,Dense / Moderate Canopy,True
MOIL-DB-01,-800.0,1200.0,21.55858,79.696433,0.023,0.1113,0.0416,0.5589,0.2004,0.0946,0.8615,-0.6678,-0.4722,1.808,2.118,3.035,57.6,Medium Potential Zone,Dense / Moderate Canopy,True
MOIL-DB-01,-700.0,-1200.0,21.53702,79.697404,0.0523,0.0713,0.2158,0.1488,0.2406,0.254,-0.1838,-0.3522,0.2358,4.122,0.947,1.948,98.0,High Potential Exploration Zone,Manganese Gossan / Alteration Outcrop,True
MOIL-DB-01,-700.0,-1100.0,21.537919,79.697404,0.0646,0.0969,0.1932,0.2263,0.3691,0.2653,0.0791,-0.4005,0.2398,2.991,1.391,2.132,98.0,High Potential Exploration Zone,Manganese Gossan / Alteration Outcrop,True
MOIL-DB-01,-700.0,-1000.0,21.538817,79.697404,0.0493,0.0832,0.1842,0.1939,0.2622,0.2448,0.0258,-0.3997,0.1497,3.736,1.071,1.804,98.0,High Potential Exploration Zone,Manganese Gossan / Alteration Outcrop,True
MOIL-DB-01,-700.0,-900.0,21.539715,79.697404,0.0755,0.0809,0.1869,0.2016,0.2928,0.2422,0.0378,-0.4271,0.1845,2.477,1.209,1.885,92.2,High Potential Exploration Zone,Manganese Gossan / Alteration Outcrop,True
MOIL-DB-01,-700.0,-800.0,21.540614,79.697404,0.0484,0.0873,0.1999,0.2159,0.2901,0.1923,0.0385,-0.4241,0.1467,4.129,1.508,1.781,98.0,High Potential Exploration Zone,Manganese Gossan / Alteration Outcrop,True
MOIL-DB-01,-700.0,-700.0,21.541512,79.697404,0.072,0.0733,0.1253,0.1845,0.3435,0.2689,0.1911,-0.4317,0.3011,1.74,1.277,2.446,76.5,High Potential Exploration Zone,Manganese Gossan / Alteration Outcrop,True
MOIL-DB-01,-700.0,-600.0,21.54241,79.697404,0.0793,0.0695,0.1494,0.2009,0.3536,0.2057,0.1472,-0.4862,0.2753,1.884,1.719,2.225,84.5,High Potential Exploration Zone,Manganese Gossan / Alteration Outcrop,True
MOIL-DB-01,-700.0,-500.0,21.543308,79.697404,0.0323,0.1041,0.0396,0.7116,0.171,0.0697,0.8945,-0.7447,-0.6124,1.229,2.452,2.867,64.3,Medium Potential Zone,Dense / Moderate Canopy,True
MOIL-DB-01,-700.0,-400.0,21.544207,79.697404,0.0811,0.1615,0.2221,0.2232,0.362,0.3138,0.0026,-0.1603,0.2371,2.738,1.154,2.349,87.6,High Potential Exploration Zone,Barren Soil & Country Rock,True
MOIL-DB-01,-700.0,-300.0,21.545105,79.697404,0.106,0.1417,0.1853,0.2691,0.3033,0.2729,0.1846,-0.3102,0.0596,1.748,1.111,1.892,69.1,Medium Potential Zone,Barren Soil & Country Rock,True
MOIL-DB-01,-700.0,-200.0,21.546003,79.697404,0.0208,0.0615,0.0611,0.4857,0.1471,0.0818,0.7765,-0.7751,-0.535,2.935,1.798,1.31,74.3,Medium Potential Zone,Dense / Moderate Canopy,True
MOIL-DB-01,-700.0,-100.0,21.546902,79.697404,0.0255,0.1146,0.0587,0.6312,0.1924,0.0522,0.8297,-0.6926,-0.5329,2.303,3.686,2.256,92.9,High Potential Exploration Zone,Dense / Moderate Canopy,True
MOIL-DB-01,-700.0,0.0,21.5478,79.697404,0.1001,0.1244,0.239,0.278,0.3482,0.3143,0.0755,-0.3816,0.1121,2.388,1.108,1.773,77.1,High Potential Exploration Zone,Barren Soil & Country Rock,True
MOIL-DB-01,-700.0,100.0,21.548698,79.697404,0.0487,0.1055,0.0451,0.4678,0.1298,0.0501,0.8242,-0.6319,-0.5655,0.927,2.593,2.618,59.6,Medium Potential Zone,Dense / Moderate Canopy,True
MOIL-DB-01,-700.0,200.0,21.549597,79.697404,0.1362,0.1756,0.2134,0.2927,0.3518,0.2485,0.1566,-0.2499,0.0918,1.567,1.416,2.025,68.7,Medium Potential Zone,Barren Soil & Country Rock,True
MOIL-DB-01,-700.0,300.0,21.550495,79.697404,0.0283,0.1018,0.0398,0.6849,0.1851,0.095,0.8901,-0.7413,-0.5745,1.405,1.949,2.826,52.4,Medium Potential Zone,Dense / Moderate Canopy,True
MOIL-DB-01,-700.0,400.0,21.551393,79.697404,0.1052,0.1515,0.1835,0.3081,0.3973,0.2792,0.2534,-0.3407,0.1264,1.745,1.423,2.115,67.0,Medium Potential Zone,Barren Soil & Country Rock,True
MOIL-DB-01,-700.0,500.0,21.552292,79.697404,0.1281,0.1318,0.1657,0.2246,0.2854,0.2787,0.1508,-0.2603,0.1193,1.294,1.024,2.066,58.6,Medium Potential Zone,Barren Soil & Country Rock,True
MOIL-DB-01,-700.0,600.0,21.55319,79.697404,0.1214,0.1592,0.2034,0.2553,0.3991,0.3052,0.1132,-0.2317,0.2197,1.675,1.308,2.346,68.0,Medium Potential Zone,Barren Soil & Country Rock,True
MOIL-DB-01,-700.0,700.0,21.554088,79.697404,0.1101,0.1294,0.1863,0.3197,0.3113,0.3038,0.2637,-0.4238,-0.0133,1.692,1.025,1.668,59.1,Medium Potential Zone,Barren Soil & Country Rock,True
MOIL-DB-01,-700.0,800.0,21.554986,79.697404,0.1363,0.1386,0.1877,0.2794,0.3623,0.2895,0.1962,-0.3368,0.1293,1.377,1.252,2.035,60.7,Medium Potential Zone,Barren Soil & Country Rock,True
MOIL-DB-01,-700.0,900.0,21.555885,79.697404,0.0294,0.0804,0.0537,0.6312,0.1453,0.0991,0.8431,-0.774,-0.6258,1.83,1.466,1.727,49.4,Medium Potential Zone,Dense / Moderate Canopy,True
MOIL-DB-01,-700.0,1000.0,21.556783,79.697404,0.0427,0.0559,0.0488,0.5675,0.1537,0.0844,0.8417,-0.8207,-0.5739,1.141,1.821,1.417,46.7,Medium Potential Zone,Dense / Moderate Canopy,True
MOIL-DB-01,-700.0,1100.0,21.557681,79.697404,0.0202,0.0666,0.0386,0.5443,0.1374,0.0547,0.8677,-0.7821,-0.5968,1.91,2.511,1.979,64.8,Medium Potential Zone,Dense / Moderate Canopy,True
MOIL-DB-01,-700.0,1200.0,21.55858,79.697404,0.1313,0.1678,0.1954,0.3078,0.3126,0.2901,0.2234,-0.2943,0.0077,1.489,1.077,1.875,57.7,Medium Potential Zone,Barren Soil & Country Rock,True
MOIL-DB-01,-600.0,-1200.0,21.53702,79.698375,0.0457,0.1017,0.1331,0.1432,0.2783,0.2791,0.0367,-0.1696,0.3205,2.91,0.997,2.708,97.6,High Potential Exploration Zone,Manganese Gossan / Alteration Outcrop,True
MOIL-DB-01,-600.0,-1100.0,21.537919,79.698375,0.0452,0.0765,0.1516,0.2202,0.299,0.2473,0.1843,-0.4841,0.1519,3.357,1.209,1.863,98.0,High Potential Exploration Zone,Manganese Gossan / Alteration Outcrop,True
MOIL-DB-01,-600.0,-1000.0,21.538817,79.698375,0.0562,0.0876,0.1262,0.1774,0.3597,0.256,0.1685,-0.339,0.3394,2.247,1.405,2.721,95.5,High Potential Exploration Zone,Manganese Gossan / Alteration Outcrop,True
MOIL-DB-01,-600.0,-900.0,21.539715,79.698375,0.0793,0.0994,0.1652,0.2076,0.3486,0.2097,0.1139,-0.3525,0.2535,2.083,1.663,2.281,96.3,High Potential Exploration Zone,Manganese Gossan / Alteration Outcrop,True
MOIL-DB-01,-600.0,-800.0,21.540614,79.698375,0.0424,0.0803,0.1345,0.1677,0.3726,0.2732,0.1101,-0.3525,0.3791,3.171,1.364,2.818,98.0,High Potential Exploration Zone,Manganese Gossan / Alteration Outcrop,True
MOIL-DB-01,-600.0,-700.0,21.541512,79.698375,0.0637,0.0801,0.1464,0.1971,0.3146,0.2659,0.1476,-0.4224,0.2296,2.299,1.183,2.143,86.0,High Potential Exploration Zone,Manganese Gossan / Alteration Outcrop,True
MOIL-DB-01,-600.0,-600.0,21.54241,79.698375,0.0771,0.0764,0.1406,0.1803,0.3013,0.1844,0.1236,-0.4044,0.2512,1.823,1.634,2.215,86.1,High Potential Exploration Zone,Manganese Gossan / Alteration Outcrop,True
MOIL-DB-01,-600.0,-500.0,21.543308,79.698375,0.0745,0.1098,0.2123,0.2261,0.379,0.2799,0.0314,-0.3463,0.2527,2.851,1.354,2.193,94.7,High Potential Exploration Zone,Manganese Gossan / Alteration Outcrop,True
MOIL-DB-01,-600.0,-400.0,21.544207,79.698375,0.025,0.0609,0.032,0.5612,0.2009,0.0843,0.8923,-0.8041,-0.4728,1.278,2.382,2.265,64.8,Medium Potential Zone,Dense / Moderate Canopy,True
MOIL-DB-01,-600.0,-300.0,21.545105,79.698375,0.0866,0.1231,0.1919,0.23,0.2945,0.2674,0.0902,-0.3027,0.123,2.218,1.101,1.922,79.1,High Potential Exploration Zone,Barren Soil & Country Rock,True
MOIL-DB-01,-600.0,-200.0,21.546003,79.698375,0.0256,0.0979,0.0467,0.4748,0.1837,0.075,0.8207,-0.6581,-0.4421,1.826,2.45,2.482,71.8,Medium Potential Zone,Dense / Moderate Canopy,True
MOIL-DB-01,-600.0,-100.0,21.546902,79.698375,0.1369,0.1543,0.1982,0.3059,0.4111,0.2464,0.2136,-0.3295,0.1468,1.448,1.668,2.122,72.9,Medium Potential Zone,Barren Soil & Country Rock,True
MOIL-DB-01,-600.0,0.0,21.5478,79.698375,0.0449,0.0538,0.0585,0.467,0.1795,0.0968,0.7774,-0.7934,-0.4448,1.301,1.853,1.304,56.2,Medium Potential Zone,Dense / Moderate Canopy,True
MOIL-DB-01,-600.0,100.0,21.548698,79.698375,0.1328,0.168,0.2341,0.2515,0.283,0.3174,0.0359,-0.1989,0.059,1.762,0.892,1.843,68.5,Medium Potential Zone,Barren Soil & Country Rock,True
MOIL-DB-01,-600.0,200.0,21.549597,79.698375,0.108,0.169,0.1773,0.2512,0.3415,0.2526,0.1725,-0.1955,0.1523,1.641,1.352,2.313,69.2,Medium Potential Zone,Barren Soil & Country Rock,True
MOIL-DB-01,-600.0,300.0,21.550495,79.698375,0.0203,0.0649,0.0633,0.5616,0.1836,0.0663,0.7974,-0.793,-0.5072,3.12,2.772,1.351,88.0,High Potential Exploration Zone,Dense / Moderate Canopy,True
MOIL-DB-01,-600.0,400.0,21.551393,79.698375,0.05,0.0917,0.0551,0.4801,0.1603,0.1103,0.794,-0.6794,-0.4993,1.103,1.454,1.997,44.7,Low Potential / Barren,Dense / Moderate Canopy,True
MOIL-DB-01,-600.0,500.0,21.552292,79.698375,0.0357,0.1132,0.0357,0.6277,0.1449,0.0952,0.8923,-0.6943,-0.6249,1.001,1.522,3.401,41.2,Low Potential / Barren,Dense / Moderate Canopy,True
MOIL-DB-01,-600.0,600.0,21.55319,79.698375,0.1366,0.1672,0.1761,0.2837,0.3863,0.2451,0.2341,-0.2585,0.1531,1.289,1.576,2.311,64.6,Medium Potential Zone,Barren Soil & Country Rock,True
MOIL-DB-01,-600.0,700.0,21.554088,79.698375,0.1011,0.1281,0.2053,0.2624,0.3447,0.2851,0.1222,-0.3438,0.1356,2.03,1.209,1.938,70.5,Medium Potential Zone,Barren Soil & Country Rock,True
MOIL-DB-01,-600.0,800.0,21.554986,79.698375,0.0438,0.0941,0.0445,0.4573,0.1317,0.1012,0.8225,-0.6588,-0.5529,1.018,1.301,2.399,39.0,Low Potential / Barren,Dense / Moderate Canopy,True
MOIL-DB-01,-600.0,900.0,21.555885,79.698375,0.1001,0.1733,0.1988,0.31,0.4041,0.2296,0.2186,-0.2827,0.1319,1.986,1.76,2.176,74.8,Medium Potential Zone,Barren Soil & Country Rock,True
MOIL-DB-01,-600.0,1000.0,21.556783,79.698375,0.0223,0.1174,0.0481,0.6554,0.1906,0.0863,0.8632,-0.6961,-0.5494,2.156,2.209,2.732,63.8,Medium Potential Zone,Dense / Moderate Canopy,True
MOIL-DB-01,-600.0,1100.0,21.557681,79.698375,0.0485,0.1149,0.0562,0.6276,0.1447,0.108,0.8357,-0.6905,-0.6253,1.158,1.34,2.276,40.0,Low Potential / Barren,Dense / Moderate Canopy,True
MOIL-DB-01,-600.0,1200.0,21.55858,79.698375,0.0448,0.096,0.042,0.5012,0.1277,0.091,0.8454,-0.6783,-0.5939,0.937,1.403,2.543,37.9,Low Potential / Barren,Dense / Moderate Canopy,True
MOIL-DB-01,-500.0,-1200.0,21.53702,79.699346,0.0514,0.0915,0.1259,0.1776,0.2765,0.2207,0.1704,-0.3197,0.2178,2.451,1.253,2.284,88.2,High Potential Exploration Zone,Manganese Gossan / Alteration Outcrop,True
MOIL-DB-01,-500.0,-1100.0,21.537919,79.699346,0.0422,0.0962,0.1317,0.1414,0.3725,0.2012,0.0358,-0.1903,0.4496,3.122,1.851,3.364,98.0,High Potential Exploration Zone,Manganese Gossan / Alteration Outcrop,True
MOIL-DB-01,-500.0,-1000.0,21.538817,79.699346,0.0731,0.1082,0.1734,0.1926,0.2914,0.2268,0.0525,-0.2805,0.2042,2.372,1.285,2.137,95.9,High Potential Exploration Zone,Manganese Gossan / Alteration Outcrop,True
MOIL-DB-01,-500.0,-900.0,21.539715,79.699346,0.0593,0.0676,0.1565,0.2216,0.2655,0.2603,0.1723,-0.5325,0.0902,2.639,1.02,1.63,94.3,High Potential Exploration Zone,Manganese Gossan / Alteration Outcrop,True
MOIL-DB-01,-500.0,-800.0,21.540614,79.699346,0.0661,0.0629,0.1222,0.1753,0.3369,0.2163,0.1782,-0.472,0.3156,1.85,1.557,2.437,92.2,High Potential Exploration Zone,Manganese Gossan / Alteration Outcrop,True
MOIL-DB-01,-500.0,-700.0,21.541512,79.699346,0.0667,0.0933,0.2007,0.1499,0.3208,0.1869,-0.1446,-0.233,0.3629,3.008,1.717,2.604,98.0,High Potential Exploration Zone,Manganese Gossan / Alteration Outcrop,True
MOIL-DB-01,-500.0,-600.0,21.54241,79.699346,0.047,0.0763,0.1907,0.2374,0.288,0.2373,0.109,-0.5136,0.0963,4.055,1.213,1.613,98.0,High Potential Exploration Zone,Manganese Gossan / Alteration Outcrop,True
MOIL-DB-01,-500.0,-500.0,21.543308,79.699346,0.0504,0.0938,0.1567,0.1882,0.3195,0.2555,0.0914,-0.3348,0.2587,3.111,1.251,2.297,97.4,High Potential Exploration Zone,Manganese Gossan / Alteration Outcrop,True
MOIL-DB-01,-500.0,-400.0,21.544207,79.699346,0.0424,0.0877,0.1631,0.1534,0.2691,0.2772,-0.0308,-0.2722,0.274,3.847,0.971,2.293,98.0,High Potential Exploration Zone,Manganese Gossan / Alteration Outcrop,True
MOIL-DB-01,-500.0,-300.0,21.545105,79.699346,0.0749,0.0617,0.1889,0.1954,0.3716,0.2799,0.0169,-0.5203,0.3107,2.524,1.328,2.228,90.6,High Potential Exploration Zone,Manganese Gossan / Alteration Outcrop,True
MOIL-DB-01,-500.0,-200.0,21.546003,79.699346,0.0242,0.0822,0.059,0.707,0.1564,0.1049,0.8459,-0.7917,-0.6377,2.441,1.49,1.614,65.8,Medium Potential Zone,Dense / Moderate Canopy,True
MOIL-DB-01,-500.0,-100.0,21.546902,79.699346,0.0223,0.0891,0.0373,0.6346,0.181,0.1181,0.8889,-0.7539,-0.5561,1.671,1.532,2.67,55.0,Medium Potential Zone,Dense / Moderate Canopy,True
MOIL-DB-01,-500.0,0.0,21.5478,79.699346,0.0203,0.0556,0.0608,0.6351,0.2001,0.0687,0.8254,-0.839,-0.5209,2.996,2.914,1.23,91.7,High Potential Exploration Zone,Dense / Moderate Canopy,True
MOIL-DB-01,-500.0,100.0,21.548698,79.699346,0.0333,0.0683,0.0304,0.6853,0.1735,0.1183,0.915,-0.8186,-0.5959,0.914,1.467,2.499,42.5,Low Potential / Barren,Dense / Moderate Canopy,True
MOIL-DB-01,-500.0,200.0,21.549597,79.699346,0.0224,0.0912,0.0307,0.6006,0.155,0.095,0.9028,-0.7364,-0.5897,1.369,1.631,3.229,49.6,Medium Potential Zone,Dense / Moderate Canopy,True
MOIL-DB-01,-500.0,300.0,21.550495,79.699346,0.0278,0.0614,0.0462,0.7164,0.1636,0.1024,0.8789,-0.8422,-0.6283,1.659,1.597,1.557,52.4,Medium Potential Zone,Dense / Moderate Canopy,True
MOIL-DB-01,-500.0,400.0,21.551393,79.699346,0.1027,0.1548,0.2201,0.2728,0.3521,0.3117,0.107,-0.276,0.1269,2.142,1.13,1.994,73.4,Medium Potential Zone,Barren Soil & Country Rock,True
MOIL-DB-01,-500.0,500.0,21.552292,79.699346,0.0854,0.1408,0.1727,0.3166,0.3609,0.2736,0.294,-0.3843,0.0653,2.022,1.319,1.955,68.6,Medium Potential Zone,Barren Soil & Country Rock,True
MOIL-DB-01,-500.0,600.0,21.55319,79.699346,0.047,0.0791,0.065,0.4673,0.2086,0.0717,0.7558,-0.7105,-0.3828,1.382,2.907,1.663,70.7,Medium Potential Zone,Dense / Moderate Canopy,True
MOIL-DB-01,-500.0,700.0,21.554088,79.699346,0.0281,0.1189,0.0329,0.5707,0.1821,0.0931,0.8911,-0.6551,-0.5162,1.17,1.956,3.937,49.5,Medium Potential Zone,Dense / Moderate Canopy,True
MOIL-DB-01,-500.0,800.0,21.554986,79.699346,0.0417,0.1055,0.0394,0.55,0.1582,0.1169,0.8664,-0.6781,-0.5532,0.943,1.353,2.968,38.2,Low Potential / Barren,Dense / Moderate Canopy,True
MOIL-DB-01,-500.0,900.0,21.555885,79.699346,0.0267,0.0943,0.0471,0.5175,0.1915,0.0634,0.8332,-0.6918,-0.4598,1.767,3.019,2.372,73.2,Medium Potential Zone,Dense / Moderate Canopy,True
MOIL-DB-01,-500.0,1000.0,21.556783,79.699346,0.0329,0.0723,0.0678,0.5376,0.1548,0.1109,0.7759,-0.7628,-0.553,2.061,1.395,1.354,53.6,Medium Potential Zone,Dense / Moderate Canopy,True
MOIL-DB-01,-500.0,1100.0,21.557681,79.699346,0.0865,0.137,0.2073,0.2584,0.3652,0.2392,0.1097,-0.3072,0.1712,2.397,1.527,2.074,79.2,High Potential Exploration Zone,Barren Soil & Country Rock,True
MOIL-DB-01,-500.0,1200.0,21.55858,79.699346,0.1139,0.133,0.1938,0.2773,0.4163,0.2296,0.1771,-0.3515,0.2005,1.702,1.813,2.188,73.2,Medium Potential Zone,Barren Soil & Country Rock,True
MOIL-DB-01,-400.0,-1200.0,21.53702,79.700317,0.0584,0.0798,0.2024,0.23,0.367,0.2213,0.0638,-0.4848,0.2294,3.465,1.659,1.99,98.0,High Potential Exploration Zone,Manganese Gossan / Alteration Outcrop,True
MOIL-DB-01,-400.0,-1100.0,21.537919,79.700317,0.0522,0.0825,0.1544,0.2119,0.2699,0.2525,0.1569,-0.4397,0.1204,2.959,1.069,1.808,90.2,High Potential Exploration Zone,Manganese Gossan / Alteration Outcrop,True
MOIL-DB-01,-400.0,-1000.0,21.538817,79.700317,0.0771,0.074,0.1877,0.1544,0.257,0.1927,-0.0975,-0.3519,0.2495,2.435,1.334,2.059,94.9,High Potential Exploration Zone,Manganese Gossan / Alteration Outcrop,True
MOIL-DB-01,-400.0,-900.0,21.539715,79.700317,0.0455,0.0708,0.1763,0.2167,0.2578,0.2757,0.1028,-0.5074,0.0865,3.871,0.935,1.591,98.0,High Potential Exploration Zone,Manganese Gossan / Alteration Outcrop,True
MOIL-DB-01,-400.0,-800.0,21.540614,79.700317,0.0737,0.0964,0.1626,0.1402,0.3429,0.2767,-0.0741,-0.1851,0.4197,2.206,1.239,3.039,95.7,High Potential Exploration Zone,Manganese Gossan / Alteration Outcrop,True
MOIL-DB-01,-400.0,-700.0,21.541512,79.700317,0.0534,0.0959,0.1262,0.2109,0.2496,0.2446,0.2514,-0.3749,0.0838,2.363,1.02,1.943,89.5,High Potential Exploration Zone,Manganese Gossan / Alteration Outcrop,True
MOIL-DB-01,-400.0,-600.0,21.54241,79.700317,0.0639,0.0751,0.1279,0.2349,0.315,0.2438,0.2949,-0.5155,0.1456,2.002,1.292,1.928,85.7,High Potential Exploration Zone,Manganese Gossan / Alteration Outcrop,True
MOIL-DB-01,-400.0,-500.0,21.543308,79.700317,0.0646,0.1046,0.126,0.2293,0.2736,0.1886,0.2907,-0.3737,0.0879,1.951,1.451,2.022,85.0,High Potential Exploration Zone,Manganese Gossan / Alteration Outcrop,True
MOIL-DB-01,-400.0,-400.0,21.544207,79.700317,0.0663,0.1088,0.1257,0.1826,0.3142,0.2077,0.1845,-0.2531,0.2648,1.897,1.512,2.586,86.2,High Potential Exploration Zone,Manganese Gossan / Alteration Outcrop,True
MOIL-DB-01,-400.0,-300.0,21.545105,79.700317,0.0793,0.092,0.2044,0.1816,0.2896,0.2408,-0.0592,-0.3272,0.2292,2.578,1.202,2.045,92.8,High Potential Exploration Zone,Manganese Gossan / Alteration Outcrop,True
MOIL-DB-01,-400.0,-200.0,21.546003,79.700317,0.0574,0.0957,0.1466,0.185,0.3653,0.2632,0.1158,-0.3178,0.3278,2.553,1.388,2.628,90.0,High Potential Exploration Zone,Manganese Gossan / Alteration Outcrop,True
MOIL-DB-01,-400.0,-100.0,21.546902,79.700317,0.0467,0.1043,0.1789,0.2079,0.2812,0.2286,0.075,-0.3317,0.1498,3.829,1.23,1.936,98.0,High Potential Exploration Zone,Manganese Gossan / Alteration Outcrop,True
MOIL-DB-01,-400.0,0.0,21.5478,79.700317,0.0299,0.0616,0.0451,0.4687,0.1918,0.0603,0.8243,-0.7678,-0.4192,1.508,3.178,1.773,80.7,High Potential Exploration Zone,Dense / Moderate Canopy,True
MOIL-DB-01,-400.0,100.0,21.548698,79.700317,0.1329,0.1524,0.1857,0.2748,0.3106,0.223,0.1934,-0.2864,0.0611,1.398,1.393,1.951,70.3,Medium Potential Zone,Barren Soil & Country Rock,True
MOIL-DB-01,-400.0,200.0,21.549597,79.700317,0.0414,0.1116,0.0609,0.7002,0.2186,0.1021,0.84,-0.7251,-0.5242,1.47,2.14,2.145,61.9,Medium Potential Zone,Dense / Moderate Canopy,True
MOIL-DB-01,-400.0,300.0,21.550495,79.700317,0.0402,0.062,0.0373,0.4798,0.2143,0.0971,0.8558,-0.7712,-0.3825,0.927,2.207,2.109,55.3,Medium Potential Zone,Dense / Moderate Canopy,True
MOIL-DB-01,-400.0,400.0,21.551393,79.700317,0.0299,0.0822,0.0316,0.69,0.2053,0.1049,0.9124,-0.787,-0.5414,1.055,1.956,2.9,50.4,Medium Potential Zone,Dense / Moderate Canopy,True
MOIL-DB-01,-400.0,500.0,21.552292,79.700317,0.0905,0.1401,0.181,0.3038,0.3073,0.2839,0.2533,-0.369,0.0056,2.001,1.083,1.785,67.1,Medium Potential Zone,Barren Soil & Country Rock,True
MOIL-DB-01,-400.0,600.0,21.55319,79.700317,0.0328,0.0668,0.0684,0.5616,0.1927,0.0629,0.7828,-0.7873,-0.489,2.089,3.065,1.32,81.3,High Potential Exploration Zone,Dense / Moderate Canopy,True
MOIL-DB-01,-400.0,700.0,21.554088,79.700317,0.0265,0.0973,0.0503,0.4896,0.1225,0.1152,0.8138,-0.6685,-0.5997,1.898,1.064,2.186,47.6,Medium Potential Zone,Dense / Moderate Canopy,True
MOIL-DB-01,-400.0,800.0,21.554986,79.700317,0.1223,0.1592,0.1873,0.2385,0.305,0.2902,0.1202,-0.1996,0.1222,1.532,1.051,2.128,63.5,Medium Potential Zone,Barren Soil & Country Rock,True
MOIL-DB-01,-400.0,900.0,21.555885,79.700317,0.0463,0.0948,0.0628,0.4588,0.1871,0.0664,0.7593,-0.6575,-0.4206,1.356,2.819,1.918,68.4,Medium Potential Zone,Dense / Moderate Canopy,True
MOIL-DB-01,-400.0,1000.0,21.556783,79.700317,0.1232,0.1676,0.1897,0.299,0.3421,0.3229,0.2236,-0.2816,0.0673,1.54,1.059,2.028,59.8,Medium Potential Zone,Barren Soil & Country Rock,True
MOIL-DB-01,-400.0,1100.0,21.557681,79.700317,0.085,0.1666,0.2099,0.2759,0.366,0.3316,0.1358,-0.2471,0.1403,2.469,1.104,2.12,73.4,Medium Potential Zone,Barren Soil & Country Rock,True
MOIL-DB-01,-400.0,1200.0,21.55858,79.700317,0.0394,0.1032,0.0647,0.5207,0.1817,0.0909,0.7791,-0.6693,-0.4827,1.64,1.999,1.944,57.7,Medium Potential Zone,Dense / Moderate Canopy,True
MOIL-DB-01,-300.0,-1200.0,21.53702,79.701287,0.1112,0.1242,0.1748,0.3113,0.2967,0.2895,0.2808,-0.4297,-0.024,1.572,1.025,1.663,65.6,Medium Potential Zone,Barren Soil & Country Rock,True
MOIL-DB-01,-300.0,-1100.0,21.537919,79.701287,0.0529,0.0878,0.1435,0.1844,0.3614,0.2214,0.1248,-0.3551,0.3242,2.711,1.633,2.571,93.8,High Potential Exploration Zone,Manganese Gossan / Alteration Outcrop,True
MOIL-DB-01,-300.0,-1000.0,21.538817,79.701287,0.0541,0.0823,0.13,0.1787,0.241,0.2354,0.1577,-0.3694,0.1483,2.403,1.024,1.981,81.8,High Potential Exploration Zone,Manganese Gossan / Alteration Outcrop,True
MOIL-DB-01,-300.0,-900.0,21.539715,79.701287,0.0739,0.0876,0.1808,0.1431,0.3603,0.2224,-0.1165,-0.2404,0.4316,2.446,1.621,3.003,97.8,High Potential Exploration Zone,Manganese Gossan / Alteration Outcrop,True
MOIL-DB-01,-300.0,-800.0,21.540614,79.701287,0.079,0.066,0.2145,0.2034,0.2473,0.2869,-0.0264,-0.5099,0.0974,2.715,0.862,1.524,91.6,High Potential Exploration Zone,Manganese Gossan / Alteration Outcrop,True
MOIL-DB-01,-300.0,-700.0,21.541512,79.701287,0.0406,0.0965,0.209,0.1576,0.2881,0.2417,-0.1402,-0.2402,0.2928,5.152,1.192,2.29,98.0,High Potential Exploration Zone,Manganese Gossan / Alteration Outcrop,True
MOIL-DB-01,-300.0,-600.0,21.54241,79.701287,0.0672,0.1036,0.1961,0.1763,0.355,0.2863,-0.0531,-0.2599,0.3363,2.919,1.24,2.542,98.0,High Potential Exploration Zone,Manganese Gossan / Alteration Outcrop,True
MOIL-DB-01,-300.0,-500.0,21.543308,79.701287,0.0491,0.0637,0.1627,0.2281,0.261,0.2774,0.1675,-0.5634,0.0673,3.314,0.941,1.536,98.0,High Potential Exploration Zone,Manganese Gossan / Alteration Outcrop,True
MOIL-DB-01,-300.0,-400.0,21.544207,79.701287,0.0797,0.0627,0.1695,0.1729,0.2951,0.2297,0.0098,-0.4677,0.2612,2.127,1.285,2.077,94.8,High Potential Exploration Zone,Manganese Gossan / Alteration Outcrop,True
MOIL-DB-01,-300.0,-300.0,21.545105,79.701287,0.0696,0.0896,0.2161,0.1733,0.3158,0.2695,-0.11,-0.3185,0.2914,3.106,1.172,2.237,98.0,High Potential Exploration Zone,Manganese Gossan / Alteration Outcrop,True
MOIL-DB-01,-300.0,-200.0,21.546003,79.701287,0.0549,0.0833,0.1885,0.2261,0.2982,0.2385,0.0906,-0.4617,0.1376,3.432,1.25,1.761,98.0,High Potential Exploration Zone,Manganese Gossan / Alteration Outcrop,True
MOIL-DB-01,-300.0,-100.0,21.546902,79.701287,0.079,0.0621,0.1648,0.2036,0.2412,0.2456,0.1052,-0.5324,0.0845,2.086,0.982,1.561,80.2,High Potential Exploration Zone,Manganese Gossan / Alteration Outcrop,True
MOIL-DB-01,-300.0,0.0,21.5478,79.701287,0.0422,0.1029,0.2007,0.1432,0.2468,0.2629,-0.1671,-0.1639,0.2656,4.751,0.939,2.236,98.0,High Potential Exploration Zone,Manganese Gossan / Alteration Outcrop,True
MOIL-DB-01,-300.0,100.0,21.548698,79.701287,0.0548,0.0888,0.147,0.1573,0.2815,0.2071,0.0337,-0.2786,0.283,2.684,1.359,2.393,91.6,High Potential Exploration Zone,Manganese Gossan / Alteration Outcrop,True
MOIL-DB-01,-300.0,200.0,21.549597,79.701287,0.0424,0.0888,0.0544,0.5769,0.1525,0.06,0.8278,-0.7333,-0.5819,1.282,2.539,1.897,68.1,Medium Potential Zone,Dense / Moderate Canopy,True
MOIL-DB-01,-300.0,300.0,21.550495,79.701287,0.1199,0.164,0.1975,0.2845,0.3095,0.3232,0.1804,-0.2686,0.042,1.647,0.958,1.918,66.8,Medium Potential Zone,Barren Soil & Country Rock,True
MOIL-DB-01,-300.0,400.0,21.551393,79.701287,0.0296,0.0883,0.0543,0.5776,0.2111,0.1018,0.8282,-0.7347,-0.4646,1.833,2.074,1.993,65.1,Medium Potential Zone,Dense / Moderate Canopy,True
MOIL-DB-01,-300.0,500.0,21.552292,79.701287,0.0356,0.0559,0.0343,0.5307,0.1412,0.1167,0.8785,-0.8093,-0.5798,0.964,1.21,1.896,39.8,Low Potential / Barren,Dense / Moderate Canopy,True
MOIL-DB-01,-300.0,600.0,21.55319,79.701287,0.0463,0.1073,0.0625,0.5082,0.1647,0.0723,0.781,-0.6515,-0.5104,1.35,2.28,2.04,62.4,Medium Potential Zone,Dense / Moderate Canopy,True
MOIL-DB-01,-300.0,700.0,21.554088,79.701287,0.0463,0.0675,0.0425,0.5928,0.1479,0.1077,0.8661,-0.7956,-0.6007,0.919,1.373,1.836,40.6,Low Potential / Barren,Dense / Moderate Canopy,True
MOIL-DB-01,-300.0,800.0,21.554986,79.701287,0.0417,0.0983,0.0519,0.5437,0.2037,0.1101,0.8258,-0.6939,-0.4549,1.244,1.85,2.268,52.0,Medium Potential Zone,Dense / Moderate Canopy,True
MOIL-DB-01,-300.0,900.0,21.555885,79.701287,0.1039,0.1216,0.2272,0.2377,0.3743,0.2629,0.0227,-0.3232,0.2232,2.186,1.424,2.11,79.9,High Potential Exploration Zone,Barren Soil & Country Rock,True
MOIL-DB-01,-300.0,1000.0,21.556783,79.701287,0.0353,0.0727,0.043,0.5383,0.1989,0.0998,0.8522,-0.762,-0.4605,1.217,1.993,2.062,52.0,Medium Potential Zone,Dense / Moderate Canopy,True
MOIL-DB-01,-300.0,1100.0,21.557681,79.701287,0.1094,0.1246,0.2262,0.2466,0.4045,0.2916,0.0431,-0.3288,0.2425,2.067,1.387,2.191,76.4,High Potential Exploration Zone,Barren Soil & Country Rock,True
MOIL-DB-01,-300.0,1200.0,21.55858,79.701287,0.0249,0.0549,0.0521,0.5764,0.132,0.1085,0.8342,-0.8262,-0.6274,2.094,1.216,1.282,50.1,Medium Potential Zone,Dense / Moderate Canopy,True
MOIL-DB-01,-200.0,-1200.0,21.53702,79.702258,0.0278,0.1052,0.0665,0.5326,0.1976,0.0957,0.7779,-0.6702,-0.4588,2.392,2.065,1.952,73.6,Medium Potential Zone,Dense / Moderate Canopy,True
MOIL-DB-01,-200.0,-1100.0,21.537919,79.702258,0.0261,0.1172,0.0426,0.5612,0.1559,0.0688,0.8589,-0.6544,-0.5652,1.631,2.266,3.029,66.6,Medium Potential Zone,Dense / Moderate Canopy,True
MOIL-DB-01,-200.0,-1000.0,21.538817,79.702258,0.0377,0.0714,0.0353,0.5357,0.1581,0.0766,0.8764,-0.7648,-0.5442,0.937,2.063,2.318,56.4,Medium Potential Zone,Dense / Moderate Canopy,True
MOIL-DB-01,-200.0,-900.0,21.539715,79.702258,0.0543,0.0624,0.1664,0.2236,0.2653,0.196,0.1467,-0.5635,0.0852,3.065,1.353,1.561,93.4,High Potential Exploration Zone,Manganese Gossan / Alteration Outcrop,True
MOIL-DB-01,-200.0,-800.0,21.540614,79.702258,0.0589,0.0785,0.1761,0.2347,0.3465,0.2556,0.1426,-0.4986,0.1924,2.992,1.356,1.922,94.4,High Potential Exploration Zone,Manganese Gossan / Alteration Outcrop,True
MOIL-DB-01,-200.0,-700.0,21.541512,79.702258,0.0566,0.0744,0.174,0.2285,0.3627,0.229,0.1354,-0.509,0.227,3.073,1.584,2.015,98.0,High Potential Exploration Zone,Manganese Gossan / Alteration Outcrop,True
MOIL-DB-01,-200.0,-600.0,21.54241,79.702258,0.0498,0.0713,0.1234,0.2243,0.2771,0.2195,0.2901,-0.5177,0.1053,2.475,1.262,1.813,86.7,High Potential Exploration Zone,Manganese Gossan / Alteration Outcrop,True
MOIL-DB-01,-200.0,-500.0,21.543308,79.702258,0.0724,0.066,0.1661,0.1522,0.3019,0.1852,-0.0436,-0.3951,0.3295,2.296,1.63,2.38,98.0,High Potential Exploration Zone,Manganese Gossan / Alteration Outcrop,True
MOIL-DB-01,-200.0,-400.0,21.544207,79.702258,0.0607,0.0998,0.1876,0.1909,0.356,0.2051,0.0087,-0.3135,0.3019,3.091,1.736,2.397,98.0,High Potential Exploration Zone,Manganese Gossan / Alteration Outcrop,True
MOIL-DB-01,-200.0,-300.0,21.545105,79.702258,0.0732,0.0738,0.1562,0.1528,0.2542,0.2825,-0.011,-0.3486,0.2491,2.134,0.9,2.136,91.5,High Potential Exploration Zone,Manganese Gossan / Alteration Outcrop,True
MOIL-DB-01,-200.0,-200.0,21.546003,79.702258,0.0476,0.0767,0.1729,0.1748,0.3618,0.2791,0.0054,-0.3902,0.3485,3.633,1.296,2.513,98.0,High Potential Exploration Zone,Manganese Gossan / Alteration Outcrop,True
MOIL-DB-01,-200.0,-100.0,21.546902,79.702258,0.053,0.0646,0.141,0.1874,0.2804,0.2299,0.1413,-0.4874,0.1987,2.659,1.22,1.954,92.8,High Potential Exploration Zone,Manganese Gossan / Alteration Outcrop,True
MOIL-DB-01,-200.0,0.0,21.5478,79.702258,0.0703,0.081,0.1397,0.1758,0.344,0.2266,0.1144,-0.369,0.3236,1.986,1.518,2.537,88.2,High Potential Exploration Zone,Manganese Gossan / Alteration Outcrop,True
MOIL-DB-01,-200.0,100.0,21.548698,79.702258,0.05,0.0814,0.1655,0.1696,0.3794,0.2644,0.0124,-0.3517,0.382,3.311,1.435,2.728,98.0,High Potential Exploration Zone,Manganese Gossan / Alteration Outcrop,True
MOIL-DB-01,-200.0,200.0,21.549597,79.702258,0.0677,0.1027,0.1866,0.2191,0.2978,0.235,0.08,-0.3615,0.1522,2.757,1.267,1.909,90.7,High Potential Exploration Zone,Manganese Gossan / Alteration Outcrop,True
MOIL-DB-01,-200.0,300.0,21.550495,79.702258,0.0968,0.1421,0.21,0.2664,0.3651,0.3056,0.1183,-0.3044,0.1563,2.169,1.195,2.047,80.3,High Potential Exploration Zone,Barren Soil & Country Rock,True
MOIL-DB-01,-200.0,400.0,21.551393,79.702258,0.0955,0.1303,0.175,0.2703,0.3836,0.2527,0.214,-0.3497,0.1732,1.832,1.518,2.163,77.1,High Potential Exploration Zone,Barren Soil & Country Rock,True
MOIL-DB-01,-200.0,500.0,21.552292,79.702258,0.0468,0.0745,0.0573,0.4816,0.1944,0.0616,0.7875,-0.7319,-0.4248,1.224,3.158,1.706,76.4,High Potential Exploration Zone,Dense / Moderate Canopy,True
MOIL-DB-01,-200.0,600.0,21.55319,79.702258,0.0327,0.115,0.0486,0.4583,0.1681,0.1057,0.8083,-0.5989,-0.4634,1.488,1.59,2.734,54.3,Medium Potential Zone,Dense / Moderate Canopy,True
MOIL-DB-01,-200.0,700.0,21.554088,79.702258,0.049,0.109,0.0511,0.5058,0.1204,0.1186,0.8166,-0.6453,-0.6155,1.042,1.015,2.373,39.4,Low Potential / Barren,Dense / Moderate Canopy,True
MOIL-DB-01,-200.0,800.0,21.554986,79.702258,0.0282,0.0947,0.0592,0.6061,0.2043,0.0554,0.8221,-0.7298,-0.4958,2.096,3.684,1.937,90.5,High Potential Exploration Zone,Dense / Moderate Canopy,True
MOIL-DB-01,-200.0,900.0,21.555885,79.702258,0.0318,0.0836,0.0478,0.5934,0.1798,0.0997,0.8509,-0.7529,-0.5349,1.505,1.803,2.053,54.0,Medium Potential Zone,Dense / Moderate Canopy,True
MOIL-DB-01,-200.0,1000.0,21.556783,79.702258,0.0405,0.0737,0.0675,0.4674,0.1746,0.0561,0.7477,-0.7277,-0.4562,1.664,3.11,1.466,77.9,High Potential Exploration Zone,Dense / Moderate Canopy,True
MOIL-DB-01,-200.0,1100.0,21.557681,79.702258,0.0277,0.1156,0.0305,0.5556,0.1982,0.0632,0.8959,-0.6556,-0.4741,1.101,3.137,4.143,66.9,Medium Potential Zone,Dense / Moderate Canopy,True
MOIL-DB-01,-200.0,1200.0,21.55858,79.702258,0.0458,0.0996,0.0384,0.5235,0.1367,0.0629,0.8634,-0.6804,-0.5859,0.838,2.174,2.856,49.9,Medium Potential Zone,Dense / Moderate Canopy,True
MOIL-DB-01,-100.0,-1200.0,21.53702,79.703229,0.1314,0.1517,0.1862,0.249,0.3563,0.2592,0.1442,-0.2427,0.1773,1.417,1.374,2.246,69.4,Medium Potential Zone,Barren Soil & Country Rock,True
MOIL-DB-01,-100.0,-1100.0,21.537919,79.703229,0.0263,0.1118,0.0566,0.7083,0.1215,0.0541,0.8521,-0.7274,-0.7071,2.148,2.245,2.147,70.5,Medium Potential Zone,Dense / Moderate Canopy,True
MOIL-DB-01,-100.0,-1000.0,21.538817,79.703229,0.0474,0.1012,0.0549,0.4585,0.1554,0.0742,0.7862,-0.6385,-0.4937,1.159,2.094,2.182,60.0,Medium Potential Zone,Dense / Moderate Canopy,True
MOIL-DB-01,-100.0,-900.0,21.539715,79.703229,0.0277,0.0687,0.0548,0.705,0.186,0.0968,0.8557,-0.8224,-0.5825,1.977,1.922,1.517,65.8,Medium Potential Zone,Dense / Moderate Canopy,True
MOIL-DB-01,-100.0,-800.0,21.540614,79.703229,0.0794,0.0677,0.1234,0.2146,0.3014,0.2272,0.2698,-0.5204,0.1684,1.553,1.327,1.953,71.0,Medium Potential Zone,Manganese Gossan / Alteration Outcrop,True
MOIL-DB-01,-100.0,-700.0,21.541512,79.703229,0.049,0.0853,0.1642,0.1745,0.302,0.2222,0.0305,-0.3432,0.2674,3.351,1.359,2.25,98.0,High Potential Exploration Zone,Manganese Gossan / Alteration Outcrop,True
MOIL-DB-01,-100.0,-600.0,21.54241,79.703229,0.0776,0.109,0.204,0.239,0.2772,0.2727,0.0791,-0.3736,0.0739,2.629,1.016,1.694,87.6,High Potential Exploration Zone,Manganese Gossan / Alteration Outcrop,True
MOIL-DB-01,-100.0,-500.0,21.543308,79.703229,0.0563,0.0973,0.1401,0.2212,0.2517,0.2098,0.2243,-0.389,0.0645,2.491,1.2,1.832,86.3,High Potential Exploration Zone,Manganese Gossan / Alteration Outcrop,True
MOIL-DB-01,-100.0,-400.0,21.544207,79.703229,0.0729,0.0974,0.1701,0.2073,0.266,0.2535,0.0984,-0.3608,0.124,2.334,1.049,1.855,88.3,High Potential Exploration Zone,Manganese Gossan / Alteration Outcrop,True
MOIL-DB-01,-100.0,-300.0,21.545105,79.703229,0.0403,0.1017,0.1716,0.2344,0.3069,0.2276,0.1546,-0.395,0.134,4.257,1.348,1.902,98.0,High Potential Exploration Zone,Manganese Gossan / Alteration Outcrop,True
MOIL-DB-01,-100.0,-200.0,21.546003,79.703229,0.058,0.078,0.1367,0.2242,0.2945,0.2382,0.2426,-0.4839,0.1355,2.356,1.236,1.884,92.4,High Potential Exploration Zone,Manganese Gossan / Alteration Outcrop,True
MOIL-DB-01,-100.0,-100.0,21.546902,79.703229,0.0408,0.063,0.1797,0.2279,0.3091,0.1981,0.1183,-0.5668,0.1511,4.405,1.56,1.707,98.0,High Potential Exploration Zone,Manganese Gossan / Alteration Outcrop,True
MOIL-DB-01,-100.0,0.0,21.5478,79.703229,0.0446,0.105,0.1902,0.2366,0.2515,0.2793,0.1089,-0.3853,0.0305,4.259,0.901,1.615,98.0,High Potential Exploration Zone,Manganese Gossan / Alteration Outcrop,True
MOIL-DB-01,-100.0,100.0,21.548698,79.703229,0.0738,0.1047,0.1206,0.2142,0.3169,0.243,0.2796,-0.3435,0.1933,1.633,1.304,2.347,77.6,High Potential Exploration Zone,Manganese Gossan / Alteration Outcrop,True
MOIL-DB-01,-100.0,200.0,21.549597,79.703229,0.0588,0.0971,0.22,0.2111,0.3349,0.252,-0.0207,-0.3696,0.2269,3.743,1.329,2.028,98.0,High Potential Exploration Zone,Manganese Gossan / Alteration Outcrop,True
MOIL-DB-01,-100.0,300.0,21.550495,79.703229,0.0678,0.0771,0.152,0.2184,0.2474,0.2635,0.1793,-0.4782,0.0622,2.242,0.939,1.64,78.2,High Potential Exploration Zone,Manganese Gossan / Alteration Outcrop,True
MOIL-DB-01,-100.0,400.0,21.551393,79.703229,0.0726,0.0861,0.211,0.1873,0.2649,0.2198,-0.0595,-0.3703,0.1716,2.908,1.206,1.822,93.5,High Potential Exploration Zone,Manganese Gossan / Alteration Outcrop,True
MOIL-DB-01,-100.0,500.0,21.552292,79.703229,0.0498,0.0795,0.0367,0.5273,0.1753,0.09,0.8699,-0.7379,-0.5009,0.736,1.947,2.501,52.3,Medium Potential Zone,Dense / Moderate Canopy,True
MOIL-DB-01,-100.0,600.0,21.55319,79.703229,0.0451,0.0998,0.0404,0.5567,0.204,0.0943,0.8646,-0.696,-0.4637,0.897,2.162,2.834,56.3,Medium Potential Zone,Dense / Moderate Canopy,True
MOIL-DB-01,-100.0,700.0,21.554088,79.703229,0.0995,0.1675,0.1738,0.2891,0.3589,0.2377,0.2492,-0.2664,0.1077,1.746,1.51,2.205,73.5,Medium Potential Zone,Barren Soil & Country Rock,True
MOIL-DB-01,-100.0,800.0,21.554986,79.703229,0.0243,0.0779,0.0423,0.6363,0.1982,0.0618,0.8752,-0.7819,-0.5249,1.745,3.209,2.151,79.2,High Potential Exploration Zone,Dense / Moderate Canopy,True
MOIL-DB-01,-100.0,900.0,21.555885,79.703229,0.0202,0.0871,0.0507,0.6184,0.144,0.0507,0.8485,-0.7531,-0.6223,2.506,2.84,1.952,82.3,High Potential Exploration Zone,Dense / Moderate Canopy,True
MOIL-DB-01,-100.0,1000.0,21.556783,79.703229,0.0221,0.1125,0.0369,0.5648,0.1634,0.0887,0.8772,-0.6679,-0.5512,1.669,1.842,3.333,56.2,Medium Potential Zone,Dense / Moderate Canopy,True
MOIL-DB-01,-100.0,1100.0,21.557681,79.703229,0.0342,0.0518,0.0608,0.4722,0.1842,0.1062,0.7717,-0.8023,-0.4388,1.781,1.733,1.241,58.3,Medium Potential Zone,Dense / Moderate Canopy,True
MOIL-DB-01,-100.0,1200.0,21.55858,79.703229,0.1069,0.1209,0.2243,0.2903,0.3124,0.2668,0.1283,-0.4121,0.0366,2.097,1.171,1.615,72.2,Medium Potential Zone,Barren Soil & Country Rock,True
MOIL-DB-01,0.0,-1200.0,21.53702,79.7042,0.0307,0.0614,0.0507,0.6454,0.1521,0.0585,0.8542,-0.8263,-0.6186,1.65,2.599,1.445,67.8,Medium Potential Zone,Dense / Moderate Canopy,True
MOIL-DB-01,0.0,-1100.0,21.537919,79.7042,0.0276,0.0859,0.0577,0.5356,0.1849,0.0822,0.8056,-0.7236,-0.4868,2.09,2.25,1.835,69.8,Medium Potential Zone,Dense / Moderate Canopy,True
MOIL-DB-01,0.0,-1000.0,21.538817,79.7042,0.0377,0.1077,0.0563,0.5214,0.126,0.0501,0.8052,-0.6576,-0.6108,1.491,2.512,2.156,67.7,Medium Potential Zone,Dense / Moderate Canopy,True
MOIL-DB-01,0.0,-900.0,21.539715,79.7042,0.0483,0.0566,0.0495,0.4909,0.2149,0.0673,0.8169,-0.7933,-0.3911,1.025,3.194,1.581,73.2,Medium Potential Zone,Dense / Moderate Canopy,True
MOIL-DB-01,0.0,-800.0,21.540614,79.7042,0.025,0.0733,0.0407,0.5784,0.162,0.0732,0.8686,-0.7751,-0.5624,1.629,2.214,2.082,65.0,Medium Potential Zone,Dense / Moderate Canopy,True
MOIL-DB-01,0.0,-700.0,21.541512,79.7042,0.1091,0.171,0.2184,0.2921,0.3313,0.305,0.1443,-0.2614,0.0629,2.003,1.086,1.917,75.3,High Potential Exploration Zone,Barren Soil & Country Rock,True
MOIL-DB-01,0.0,-600.0,21.54241,79.7042,0.0586,0.0675,0.1619,0.1533,0.256,0.1825,-0.0274,-0.3884,0.251,2.762,1.403,2.087,94.4,High Potential Exploration Zone,Manganese Gossan / Alteration Outcrop,True
MOIL-DB-01,0.0,-500.0,21.543308,79.7042,0.0513,0.0765,0.1899,0.1938,0.3602,0.1994,0.01,-0.4337,0.3003,3.702,1.806,2.262,98.0,High Potential Exploration Zone,Manganese Gossan / Alteration Outcrop,True
MOIL-DB-01,0.0,-400.0,21.544207,79.7042,0.0506,0.1071,0.1644,0.2189,0.3089,0.2318,0.1422,-0.3431,0.1705,3.247,1.333,2.062,98.0,High Potential Exploration Zone,Manganese Gossan / Alteration Outcrop,True
MOIL-DB-01,0.0,-300.0,21.545105,79.7042,0.0459,0.1026,0.1278,0.171,0.3343,0.2358,0.1445,-0.2503,0.3231,2.784,1.418,2.757,95.9,High Potential Exploration Zone,Manganese Gossan / Alteration Outcrop,True
MOIL-DB-01,0.0,-200.0,21.546003,79.7042,0.0753,0.062,0.1849,0.1877,0.2616,0.2618,0.0075,-0.5037,0.1644,2.458,0.999,1.728,92.3,High Potential Exploration Zone,Manganese Gossan / Alteration Outcrop,True
MOIL-DB-01,0.0,-100.0,21.546902,79.7042,0.0565,0.0866,0.2167,0.1886,0.3553,0.2647,-0.0693,-0.3708,0.3064,3.839,1.342,2.283,98.0,High Potential Exploration Zone,Manganese Gossan / Alteration Outcrop,True
MOIL-DB-01,0.0,0.0,21.5478,79.7042,0.0665,0.1048,0.1452,0.2221,0.2929,0.2694,0.2094,-0.3586,0.1375,2.183,1.087,2.041,90.0,High Potential Exploration Zone,Manganese Gossan / Alteration Outcrop,True
MOIL-DB-01,0.0,100.0,21.548698,79.7042,0.0598,0.1029,0.2095,0.1998,0.3111,0.2662,-0.0238,-0.3201,0.2179,3.506,1.169,2.048,98.0,High Potential Exploration Zone,Manganese Gossan / Alteration Outcrop,True
MOIL-DB-01,0.0,200.0,21.549597,79.7042,0.0507,0.0608,0.1607,0.1908,0.2816,0.2222,0.0855,-0.5168,0.1923,3.171,1.268,1.854,98.0,High Potential Exploration Zone,Manganese Gossan / Alteration Outcrop,True
MOIL-DB-01,0.0,300.0,21.550495,79.7042,0.0453,0.0739,0.144,0.1701,0.2819,0.2415,0.0831,-0.3945,0.2473,3.177,1.167,2.17,98.0,High Potential Exploration Zone,Manganese Gossan / Alteration Outcrop,True
MOIL-DB-01,0.0,400.0,21.551393,79.7042,0.05,0.107,0.1711,0.1529,0.2791,0.2603,-0.0563,-0.1764,0.2922,3.421,1.073,2.451,98.0,High Potential Exploration Zone,Manganese Gossan / Alteration Outcrop,True
MOIL-DB-01,0.0,500.0,21.552292,79.7042,0.0405,0.1069,0.1645,0.1921,0.3784,0.2354,0.0774,-0.285,0.3265,4.058,1.608,2.619,98.0,High Potential Exploration Zone,Manganese Gossan / Alteration Outcrop,True
MOIL-DB-01,0.0,600.0,21.55319,79.7042,0.0779,0.1058,0.2141,0.2212,0.2815,0.2181,0.0163,-0.3531,0.1199,2.748,1.291,1.766,92.1,High Potential Exploration Zone,Manganese Gossan / Alteration Outcrop,True
MOIL-DB-01,0.0,700.0,21.554088,79.7042,0.1388,0.1416,0.1687,0.2978,0.3312,0.2945,0.2768,-0.3554,0.0531,1.216,1.125,1.952,62.9,Medium Potential Zone,Barren Soil & Country Rock,True
MOIL-DB-01,0.0,800.0,21.554986,79.7042,0.0373,0.0946,0.0557,0.6153,0.136,0.0819,0.834,-0.7334,-0.638,1.495,1.659,1.92,56.2,Medium Potential Zone,Dense / Moderate Canopy,True
MOIL-DB-01,0.0,900.0,21.555885,79.7042,0.1176,0.1545,0.1855,0.2724,0.349,0.2501,0.1899,-0.2761,0.1233,1.577,1.395,2.115,71.4,Medium Potential Zone,Barren Soil & Country Rock,True
MOIL-DB-01,0.0,1000.0,21.556783,79.7042,0.1258,0.1653,0.1976,0.2918,0.3431,0.3222,0.1924,-0.2765,0.0809,1.571,1.065,2.013,65.3,Medium Potential Zone,Barren Soil & Country Rock,True
MOIL-DB-01,0.0,1100.0,21.557681,79.7042,0.1356,0.1525,0.2029,0.2871,0.3277,0.3069,0.1719,-0.306,0.0661,1.496,1.068,1.894,64.3,Medium Potential Zone,Barren Soil & Country Rock,True
MOIL-DB-01,0.0,1200.0,21.55858,79.7042,0.1039,0.1605,0.1903,0.24,0.4021,0.3307,0.1156,-0.1985,0.2524,1.832,1.216,2.519,71.3,Medium Potential Zone,Barren Soil & Country Rock,True
MOIL-DB-01,100.0,-1200.0,21.53702,79.705171,0.0443,0.1191,0.0546,0.6954,0.1559,0.099,0.8544,-0.7076,-0.6337,1.231,1.574,2.405,46.5,Medium Potential Zone,Dense / Moderate Canopy,True
MOIL-DB-01,100.0,-1100.0,21.537919,79.705171,0.1273,0.1698,0.1921,0.2839,0.4002,0.326,0.1929,-0.2515,0.17,1.509,1.227,2.293,65.0,Medium Potential Zone,Barren Soil & Country Rock,True
MOIL-DB-01,100.0,-1000.0,21.538817,79.705171,0.1296,0.1365,0.2182,0.2525,0.2879,0.2452,0.0729,-0.2984,0.0655,1.683,1.174,1.765,70.4,Medium Potential Zone,Barren Soil & Country Rock,True
MOIL-DB-01,100.0,-900.0,21.539715,79.705171,0.0422,0.057,0.0625,0.7192,0.1988,0.0832,0.84,-0.853,-0.5668,1.48,2.391,1.189,64.1,Medium Potential Zone,Dense / Moderate Canopy,True
MOIL-DB-01,100.0,-800.0,21.540614,79.705171,0.0202,0.0646,0.066,0.4559,0.2105,0.0579,0.7472,-0.7516,-0.3683,3.268,3.633,1.442,98.0,High Potential Exploration Zone,Dense / Moderate Canopy,True
MOIL-DB-01,100.0,-700.0,21.541512,79.705171,0.0905,0.168,0.1983,0.2345,0.3762,0.3329,0.0838,-0.1654,0.2319,2.19,1.13,2.451,77.9,High Potential Exploration Zone,Barren Soil & Country Rock,True
MOIL-DB-01,100.0,-600.0,21.54241,79.705171,0.023,0.0538,0.0618,0.619,0.2123,0.0883,0.8184,-0.84,-0.4893,2.693,2.404,1.213,81.8,High Potential Exploration Zone,Dense / Moderate Canopy,True
MOIL-DB-01,100.0,-500.0,21.543308,79.705171,0.1042,0.1595,0.1908,0.32,0.3368,0.2855,0.2529,-0.3347,0.0256,1.831,1.179,1.888,71.8,Medium Potential Zone,Barren Soil & Country Rock,True
MOIL-DB-01,100.0,-400.0,21.544207,79.705171,0.049,0.0676,0.1845,0.1989,0.2406,0.2113,0.0374,-0.4926,0.095,3.765,1.139,1.576,98.0,High Potential Exploration Zone,Manganese Gossan / Alteration Outcrop,True
MOIL-DB-01,100.0,-300.0,21.545105,79.705171,0.0657,0.1006,0.1512,0.2047,0.2771,0.2559,0.1503,-0.341,0.1502,2.3,1.083,2.019,81.9,High Potential Exploration Zone,Manganese Gossan / Alteration Outcrop,True
MOIL-DB-01,100.0,-200.0,21.546003,79.705171,0.0679,0.0665,0.1865,0.1734,0.2642,0.235,-0.0365,-0.4454,0.2075,2.746,1.124,1.88,93.9,High Potential Exploration Zone,Manganese Gossan / Alteration Outcrop,True
MOIL-DB-01,100.0,-100.0,21.546902,79.705171,0.0581,0.0987,0.1285,0.219,0.2549,0.2028,0.2606,-0.3786,0.0757,2.211,1.257,1.932,84.1,High Potential Exploration Zone,Manganese Gossan / Alteration Outcrop,True
MOIL-DB-01,100.0,0.0,21.5478,79.705171,0.0606,0.0832,0.2189,0.1989,0.2858,0.279,-0.0477,-0.4104,0.1792,3.61,1.024,1.817,98.0,High Potential Exploration Zone,Manganese Gossan / Alteration Outcrop,True
MOIL-DB-01,100.0,100.0,21.548698,79.705171,0.0525,0.0737,0.1694,0.2313,0.3392,0.2545,0.1544,-0.5168,0.1891,3.228,1.333,1.901,98.0,High Potential Exploration Zone,Manganese Gossan / Alteration Outcrop,True
MOIL-DB-01,100.0,200.0,21.549597,79.705171,0.069,0.093,0.196,0.1593,0.2648,0.2198,-0.1033,-0.2628,0.2489,2.839,1.205,2.137,98.0,High Potential Exploration Zone,Manganese Gossan / Alteration Outcrop,True
MOIL-DB-01,100.0,300.0,21.550495,79.705171,0.074,0.0957,0.1766,0.1419,0.273,0.2684,-0.1089,-0.1945,0.3159,2.386,1.017,2.465,93.9,High Potential Exploration Zone,Manganese Gossan / Alteration Outcrop,True
MOIL-DB-01,100.0,400.0,21.551393,79.705171,0.0497,0.0965,0.1385,0.2006,0.3279,0.2627,0.1833,-0.3504,0.2409,2.786,1.248,2.332,93.9,High Potential Exploration Zone,Manganese Gossan / Alteration Outcrop,True
MOIL-DB-01,100.0,500.0,21.552292,79.705171,0.0575,0.0916,0.1687,0.2347,0.3131,0.2031,0.1637,-0.4385,0.143,2.932,1.542,1.877,98.0,High Potential Exploration Zone,Manganese Gossan / Alteration Outcrop,True
MOIL-DB-01,100.0,600.0,21.55319,79.705171,0.0667,0.0874,0.2004,0.1577,0.2765,0.2814,-0.1192,-0.2867,0.2737,3.004,0.983,2.19,93.7,High Potential Exploration Zone,Manganese Gossan / Alteration Outcrop,True
MOIL-DB-01,100.0,700.0,21.554088,79.705171,0.0772,0.0821,0.1248,0.1707,0.2746,0.2256,0.1553,-0.3503,0.2334,1.616,1.217,2.267,75.0,High Potential Exploration Zone,Manganese Gossan / Alteration Outcrop,True
MOIL-DB-01,100.0,800.0,21.554986,79.705171,0.0527,0.1014,0.1203,0.2045,0.333,0.2527,0.2591,-0.3367,0.2392,2.282,1.318,2.472,79.5,High Potential Exploration Zone,Manganese Gossan / Alteration Outcrop,True
MOIL-DB-01,100.0,900.0,21.555885,79.705171,0.0383,0.1067,0.0614,0.4593,0.123,0.1087,0.7643,-0.6229,-0.5775,1.601,1.132,2.007,52.4,Medium Potential Zone,Dense / Moderate Canopy,True
MOIL-DB-01,100.0,1000.0,21.556783,79.705171,0.0487,0.0802,0.0371,0.5778,0.1637,0.0862,0.8794,-0.7562,-0.5585,0.761,1.898,2.447,49.7,Medium Potential Zone,Dense / Moderate Canopy,True
MOIL-DB-01,100.0,1100.0,21.557681,79.705171,0.0397,0.063,0.0594,0.6098,0.1778,0.0975,0.8225,-0.8128,-0.5484,1.497,1.824,1.352,57.6,Medium Potential Zone,Dense / Moderate Canopy,True
MOIL-DB-01,100.0,1200.0,21.55858,79.705171,0.0337,0.0948,0.0589,0.511,0.1697,0.0821,0.7931,-0.6869,-0.5014,1.748,2.068,1.941,64.1,Medium Potential Zone,Dense / Moderate Canopy,True
MOIL-DB-01,200.0,-1200.0,21.53702,79.706142,0.1301,0.1426,0.1658,0.2658,0.3026,0.3045,0.2316,-0.3015,0.0648,1.275,0.994,1.999,56.1,Medium Potential Zone,Barren Soil & Country Rock,True
MOIL-DB-01,200.0,-1100.0,21.537919,79.706142,0.0281,0.1165,0.0417,0.5998,0.2002,0.086,0.8701,-0.6747,-0.4996,1.483,2.328,3.13,59.9,Medium Potential Zone,Dense / Moderate Canopy,True
MOIL-DB-01,200.0,-1000.0,21.538817,79.706142,0.0453,0.1145,0.0449,0.5981,0.204,0.1132,0.8603,-0.6787,-0.4913,0.991,1.802,2.89,47.2,Medium Potential Zone,Dense / Moderate Canopy,True
MOIL-DB-01,200.0,-900.0,21.539715,79.706142,0.0464,0.1012,0.031,0.535,0.1329,0.0608,0.8906,-0.682,-0.6021,0.668,2.185,3.515,48.9,Medium Potential Zone,Dense / Moderate Canopy,True
MOIL-DB-01,200.0,-800.0,21.540614,79.706142,0.0845,0.1346,0.2366,0.2512,0.3024,0.3062,0.03,-0.3023,0.0924,2.8,0.987,1.773,81.9,High Potential Exploration Zone,Barren Soil & Country Rock,True
MOIL-DB-01,200.0,-700.0,21.541512,79.706142,0.0294,0.0695,0.0397,0.5562,0.1287,0.0968,0.8668,-0.7779,-0.6241,1.348,1.329,1.983,46.1,Medium Potential Zone,Dense / Moderate Canopy,True
MOIL-DB-01,200.0,-600.0,21.54241,79.706142,0.0399,0.0795,0.0416,0.5606,0.1624,0.0966,0.862,-0.7516,-0.5508,1.041,1.681,2.202,48.9,Medium Potential Zone,Dense / Moderate Canopy,True
MOIL-DB-01,200.0,-500.0,21.543308,79.706142,0.0221,0.1167,0.0664,0.4818,0.1384,0.0718,0.7577,-0.6099,-0.5538,3.002,1.927,2.045,79.2,High Potential Exploration Zone,Dense / Moderate Canopy,True
MOIL-DB-01,200.0,-400.0,21.544207,79.706142,0.024,0.064,0.0661,0.4795,0.1599,0.1034,0.7577,-0.7644,-0.4999,2.751,1.546,1.302,71.7,Medium Potential Zone,Dense / Moderate Canopy,True
MOIL-DB-01,200.0,-300.0,21.545105,79.706142,0.0301,0.0615,0.0595,0.6586,0.218,0.0598,0.8343,-0.8292,-0.5026,1.977,3.647,1.365,93.4,High Potential Exploration Zone,Dense / Moderate Canopy,True
MOIL-DB-01,200.0,-200.0,21.546003,79.706142,0.0684,0.0809,0.2115,0.1808,0.3024,0.1939,-0.0782,-0.3819,0.2518,3.093,1.559,2.055,98.0,High Potential Exploration Zone,Manganese Gossan / Alteration Outcrop,True
MOIL-DB-01,200.0,-100.0,21.546902,79.706142,0.0528,0.08,0.1218,0.1838,0.2871,0.2684,0.203,-0.3932,0.2195,2.304,1.07,2.22,80.6,High Potential Exploration Zone,Manganese Gossan / Alteration Outcrop,True
MOIL-DB-01,200.0,0.0,21.5478,79.706142,0.0443,0.098,0.1914,0.1642,0.2517,0.2726,-0.0766,-0.2524,0.2104,4.322,0.923,2.045,98.0,High Potential Exploration Zone,Manganese Gossan / Alteration Outcrop,True
MOIL-DB-01,200.0,100.0,21.548698,79.706142,0.05,0.0673,0.1559,0.1801,0.2857,0.2874,0.072,-0.456,0.2267,3.119,0.994,2.018,96.8,High Potential Exploration Zone,Manganese Gossan / Alteration Outcrop,True
MOIL-DB-01,200.0,200.0,21.549597,79.706142,0.0752,0.1036,0.1599,0.2363,0.3358,0.2715,0.1929,-0.3902,0.1739,2.125,1.237,2.069,87.9,High Potential Exploration Zone,Manganese Gossan / Alteration Outcrop,True
MOIL-DB-01,200.0,300.0,21.550495,79.706142,0.06,0.068,0.2087,0.1886,0.3756,0.208,-0.0505,-0.4699,0.3313,3.476,1.805,2.317,98.0,High Potential Exploration Zone,Manganese Gossan / Alteration Outcrop,True
MOIL-DB-01,200.0,400.0,21.551393,79.706142,0.0797,0.0711,0.1568,0.1994,0.3371,0.2592,0.1195,-0.4742,0.2566,1.968,1.3,2.144,91.8,High Potential Exploration Zone,Manganese Gossan / Alteration Outcrop,True
MOIL-DB-01,200.0,500.0,21.552292,79.706142,0.0591,0.0638,0.1696,0.1735,0.3321,0.2001,0.0113,-0.462,0.3137,2.872,1.66,2.291,98.0,High Potential Exploration Zone,Manganese Gossan / Alteration Outcrop,True
MOIL-DB-01,200.0,600.0,21.55319,79.706142,0.0558,0.1083,0.1289,0.2002,0.2527,0.1973,0.2168,-0.2979,0.1158,2.312,1.281,2.102,87.3,High Potential Exploration Zone,Manganese Gossan / Alteration Outcrop,True
MOIL-DB-01,200.0,700.0,21.554088,79.706142,0.0642,0.0822,0.1748,0.228,0.3544,0.2777,0.1319,-0.47,0.2171,2.724,1.276,2.025,92.4,High Potential Exploration Zone,Manganese Gossan / Alteration Outcrop,True
MOIL-DB-01,200.0,800.0,21.554986,79.706142,0.0647,0.0845,0.1659,0.214,0.313,0.1916,0.1265,-0.4339,0.1879,2.566,1.633,1.972,94.2,High Potential Exploration Zone,Manganese Gossan / Alteration Outcrop,True
MOIL-DB-01,200.0,900.0,21.555885,79.706142,0.0457,0.0779,0.1268,0.1639,0.3319,0.1814,0.1278,-0.356,0.3388,2.776,1.83,2.639,97.9,High Potential Exploration Zone,Manganese Gossan / Alteration Outcrop,True
MOIL-DB-01,200.0,1000.0,21.556783,79.706142,0.0432,0.0619,0.0372,0.4578,0.1712,0.0958,0.8495,-0.7617,-0.4555,0.863,1.787,2.037,52.2,Medium Potential Zone,Dense / Moderate Canopy,True
MOIL-DB-01,200.0,1100.0,21.557681,79.706142,0.0317,0.0818,0.0613,0.459,0.1984,0.0966,0.7645,-0.6975,-0.3965,1.934,2.053,1.768,69.7,Medium Potential Zone,Dense / Moderate Canopy,True
MOIL-DB-01,200.0,1200.0,21.55858,79.706142,0.1115,0.123,0.1904,0.2374,0.2831,0.2629,0.11,-0.3176,0.0878,1.708,1.077,1.838,71.0,Medium Potential Zone,Barren Soil & Country Rock,True
MOIL-DB-01,300.0,-1200.0,21.53702,79.707113,0.0476,0.0964,0.0461,0.7199,0.1483,0.0631,0.8797,-0.7639,-0.6584,0.967,2.35,2.297,52.8,Medium Potential Zone,Dense / Moderate Canopy,True
MOIL-DB-01,300.0,-1100.0,21.537919,79.707113,0.0351,0.0748,0.0578,0.4996,0.171,0.085,0.7926,-0.7395,-0.49,1.645,2.012,1.637,58.5,Medium Potential Zone,Dense / Moderate Canopy,True
MOIL-DB-01,300.0,-1000.0,21.538817,79.707113,0.0478,0.0964,0.0422,0.6362,0.1451,0.1177,0.8755,-0.7368,-0.6285,0.883,1.234,2.512,36.1,Low Potential / Barren,Dense / Moderate Canopy,True
MOIL-DB-01,300.0,-900.0,21.539715,79.707113,0.0329,0.1049,0.0463,0.4701,0.1907,0.0783,0.8205,-0.6351,-0.4229,1.407,2.434,2.669,62.2,Medium Potential Zone,Dense / Moderate Canopy,True
MOIL-DB-01,300.0,-800.0,21.540614,79.707113,0.0292,0.109,0.0572,0.6804,0.1492,0.0823,0.8449,-0.7238,-0.6403,1.96,1.813,2.125,59.0,Medium Potential Zone,Dense / Moderate Canopy,True
MOIL-DB-01,300.0,-700.0,21.541512,79.707113,0.0393,0.0752,0.0505,0.7189,0.1942,0.093,0.8688,-0.8106,-0.5747,1.284,2.088,1.76,55.4,Medium Potential Zone,Dense / Moderate Canopy,True
MOIL-DB-01,300.0,-600.0,21.54241,79.707113,0.0333,0.1165,0.0521,0.5383,0.1286,0.0763,0.8236,-0.6441,-0.6143,1.566,1.686,2.476,54.6,Medium Potential Zone,Dense / Moderate Canopy,True
MOIL-DB-01,300.0,-500.0,21.543308,79.707113,0.0411,0.1113,0.0678,0.4777,0.1801,0.0967,0.7515,-0.6222,-0.4524,1.649,1.863,2.019,61.2,Medium Potential Zone,Dense / Moderate Canopy,True
MOIL-DB-01,300.0,-400.0,21.544207,79.707113,0.1127,0.1401,0.1662,0.2266,0.3863,0.2939,0.1538,-0.2359,0.2606,1.474,1.315,2.548,69.9,Medium Potential Zone,Barren Soil & Country Rock,True
MOIL-DB-01,300.0,-300.0,21.545105,79.707113,0.0406,0.0594,0.0361,0.5182,0.1599,0.1157,0.8699,-0.7943,-0.5283,0.889,1.382,1.956,43.8,Low Potential / Barren,Dense / Moderate Canopy,True
MOIL-DB-01,300.0,-200.0,21.546003,79.707113,0.0277,0.0539,0.0574,0.6188,0.1876,0.0683,0.8303,-0.8397,-0.5348,2.074,2.747,1.243,80.2,High Potential Exploration Zone,Dense / Moderate Canopy,True
MOIL-DB-01,300.0,-100.0,21.546902,79.707113,0.0607,0.0781,0.2018,0.1469,0.2786,0.2463,-0.1572,-0.306,0.3093,3.325,1.131,2.283,96.5,High Potential Exploration Zone,Manganese Gossan / Alteration Outcrop,True
MOIL-DB-01,300.0,0.0,21.5478,79.707113,0.0482,0.0936,0.1337,0.1423,0.3609,0.2167,0.0312,-0.2062,0.4345,2.773,1.666,3.237,98.0,High Potential Exploration Zone,Manganese Gossan / Alteration Outcrop,True
MOIL-DB-01,300.0,100.0,21.548698,79.707113,0.0463,0.0686,0.2086,0.2054,0.3739,0.268,-0.0076,-0.4992,0.2908,4.508,1.395,2.149,98.0,High Potential Exploration Zone,Manganese Gossan / Alteration Outcrop,True
MOIL-DB-01,300.0,200.0,21.549597,79.707113,0.0707,0.085,0.2021,0.1813,0.3558,0.2634,-0.0543,-0.3616,0.325,2.858,1.351,2.383,98.0,High Potential Exploration Zone,Manganese Gossan / Alteration Outcrop,True
MOIL-DB-01,300.0,300.0,21.550495,79.707113,0.0671,0.0765,0.1831,0.1907,0.3046,0.2889,0.0204,-0.4274,0.23,2.727,1.054,2.015,95.4,High Potential Exploration Zone,Manganese Gossan / Alteration Outcrop,True
MOIL-DB-01,300.0,400.0,21.551393,79.707113,0.0602,0.0616,0.1826,0.2128,0.3639,0.2496,0.0763,-0.551,0.262,3.035,1.458,2.047,98.0,High Potential Exploration Zone,Manganese Gossan / Alteration Outcrop,True
MOIL-DB-01,300.0,500.0,21.552292,79.707113,0.0408,0.066,0.1361,0.1611,0.352,0.2141,0.0841,-0.4189,0.3719,3.338,1.644,2.669,98.0,High Potential Exploration Zone,Manganese Gossan / Alteration Outcrop,True
MOIL-DB-01,300.0,600.0,21.55319,79.707113,0.0525,0.0978,0.1612,0.1465,0.3219,0.1943,-0.048,-0.1993,0.3746,3.072,1.657,2.804,98.0,High Potential Exploration Zone,Manganese Gossan / Alteration Outcrop,True
MOIL-DB-01,300.0,700.0,21.554088,79.707113,0.0629,0.099,0.2129,0.1467,0.2826,0.2518,-0.1842,-0.1942,0.3165,3.387,1.122,2.391,98.0,High Potential Exploration Zone,Manganese Gossan / Alteration Outcrop,True
MOIL-DB-01,300.0,800.0,21.554986,79.707113,0.0526,0.0826,0.122,0.2093,0.3637,0.2875,0.2636,-0.4344,0.2693,2.319,1.265,2.414,85.2,High Potential Exploration Zone,Manganese Gossan / Alteration Outcrop,True
MOIL-DB-01,300.0,900.0,21.555885,79.707113,0.0732,0.0616,0.1852,0.1896,0.3713,0.2792,0.0117,-0.5096,0.324,2.529,1.33,2.291,94.0,High Potential Exploration Zone,Manganese Gossan / Alteration Outcrop,True
MOIL-DB-01,300.0,1000.0,21.556783,79.707113,0.0795,0.1031,0.1747,0.2115,0.3751,0.2436,0.0953,-0.3446,0.2789,2.197,1.54,2.364,89.1,High Potential Exploration Zone,Manganese Gossan / Alteration Outcrop,True
MOIL-DB-01,300.0,1100.0,21.557681,79.707113,0.0736,0.1071,0.1771,0.1559,0.2618,0.1927,-0.0635,-0.1856,0.2534,2.406,1.359,2.284,90.0,High Potential Exploration Zone,Manganese Gossan / Alteration Outcrop,True
MOIL-DB-01,300.0,1200.0,21.55858,79.707113,0.0344,0.0932,0.0493,0.7127,0.1491,0.1112,0.8706,-0.7687,-0.6539,1.433,1.342,2.099,51.1,Medium Potential Zone,Dense / Moderate Canopy,True
MOIL-DB-01,400.0,-1200.0,21.53702,79.708083,0.1161,0.1589,0.2218,0.2703,0.3076,0.2643,0.0986,-0.2596,0.0646,1.91,1.164,1.855,68.7,Medium Potential Zone,Barren Soil & Country Rock,True
MOIL-DB-01,400.0,-1100.0,21.537919,79.708083,0.1051,0.1518,0.21,0.3045,0.4074,0.2755,0.1837,-0.3347,0.1445,1.997,1.479,2.061,72.2,Medium Potential Zone,Barren Soil & Country Rock,True
MOIL-DB-01,400.0,-1000.0,21.538817,79.708083,0.1278,0.1486,0.2037,0.2796,0.3735,0.3268,0.157,-0.3058,0.1438,1.594,1.143,2.066,63.7,Medium Potential Zone,Barren Soil & Country Rock,True
MOIL-DB-01,400.0,-900.0,21.539715,79.708083,0.0482,0.1067,0.0656,0.4634,0.2049,0.0551,0.7521,-0.6258,-0.3868,1.36,3.722,2.069,82.2,High Potential Exploration Zone,Dense / Moderate Canopy,True
MOIL-DB-01,400.0,-800.0,21.540614,79.708083,0.0251,0.0752,0.0374,0.5697,0.1612,0.0534,0.8769,-0.7668,-0.559,1.49,3.02,2.296,69.9,Medium Potential Zone,Dense / Moderate Canopy,True
MOIL-DB-01,400.0,-700.0,21.541512,79.708083,0.0456,0.1051,0.0639,0.6527,0.2137,0.0903,0.8217,-0.7226,-0.5066,1.401,2.366,1.973,61.2,Medium Potential Zone,Dense / Moderate Canopy,True
MOIL-DB-01,400.0,-600.0,21.54241,79.708083,0.0458,0.0745,0.032,0.6525,0.1455,0.0832,0.9065,-0.7951,-0.6354,0.699,1.748,2.55,42.0,Low Potential / Barren,Dense / Moderate Canopy,True
MOIL-DB-01,400.0,-500.0,21.543308,79.708083,0.1296,0.1775,0.1644,0.2433,0.3065,0.3008,0.1936,-0.1564,0.1149,1.268,1.019,2.339,59.6,Medium Potential Zone,Barren Soil & Country Rock,True
MOIL-DB-01,400.0,-400.0,21.544207,79.708083,0.0337,0.061,0.0466,0.5319,0.1811,0.0652,0.8389,-0.7942,-0.4919,1.383,2.778,1.65,68.7,Medium Potential Zone,Dense / Moderate Canopy,True
MOIL-DB-01,400.0,-300.0,21.545105,79.708083,0.0313,0.0742,0.0422,0.6319,0.1762,0.1096,0.8747,-0.7897,-0.5639,1.348,1.608,2.037,50.5,Medium Potential Zone,Dense / Moderate Canopy,True
MOIL-DB-01,400.0,-200.0,21.546003,79.708083,0.0824,0.1309,0.1875,0.238,0.2917,0.2734,0.1187,-0.2902,0.1014,2.275,1.067,1.924,76.6,High Potential Exploration Zone,Barren Soil & Country Rock,True
MOIL-DB-01,400.0,-100.0,21.546902,79.708083,0.0425,0.0779,0.0491,0.654,0.1553,0.1049,0.8603,-0.7871,-0.6163,1.155,1.48,1.824,48.9,Medium Potential Zone,Dense / Moderate Canopy,True
MOIL-DB-01,400.0,0.0,21.5478,79.708083,0.0464,0.0818,0.0532,0.6434,0.1549,0.1059,0.8473,-0.7745,-0.6119,1.146,1.462,1.778,50.1,Medium Potential Zone,Dense / Moderate Canopy,True
MOIL-DB-01,400.0,100.0,21.548698,79.708083,0.0575,0.1023,0.1455,0.1411,0.3286,0.2297,-0.0151,-0.1593,0.399,2.531,1.43,3.032,92.3,High Potential Exploration Zone,Manganese Gossan / Alteration Outcrop,True
MOIL-DB-01,400.0,200.0,21.549597,79.708083,0.0424,0.0844,0.1369,0.203,0.3023,0.1988,0.1946,-0.4127,0.1966,3.228,1.52,2.106,97.4,High Potential Exploration Zone,Manganese Gossan / Alteration Outcrop,True
MOIL-DB-01,400.0,300.0,21.550495,79.708083,0.0565,0.0716,0.1853,0.1695,0.3551,0.1816,-0.0445,-0.4059,0.3537,3.281,1.956,2.481,98.0,High Potential Exploration Zone,Manganese Gossan / Alteration Outcrop,True
MOIL-DB-01,400.0,400.0,21.551393,79.708083,0.0561,0.0909,0.1223,0.1616,0.2858,0.1824,0.1385,-0.2802,0.2777,2.178,1.567,2.512,91.6,High Potential Exploration Zone,Manganese Gossan / Alteration Outcrop,True
MOIL-DB-01,400.0,500.0,21.552292,79.708083,0.0619,0.0915,0.1428,0.1943,0.3799,0.2776,0.1531,-0.3596,0.3231,2.307,1.369,2.596,92.0,High Potential Exploration Zone,Manganese Gossan / Alteration Outcrop,True
MOIL-DB-01,400.0,600.0,21.55319,79.708083,0.0423,0.0664,0.1694,0.1645,0.2513,0.208,-0.0147,-0.4249,0.2088,4.001,1.208,1.92,98.0,High Potential Exploration Zone,Manganese Gossan / Alteration Outcrop,True
MOIL-DB-01,400.0,700.0,21.554088,79.708083,0.0424,0.0865,0.169,0.1406,0.3076,0.2372,-0.0917,-0.2384,0.3724,3.982,1.297,2.699,98.0,High Potential Exploration Zone,Manganese Gossan / Alteration Outcrop,True
MOIL-DB-01,400.0,800.0,21.554986,79.708083,0.0642,0.1085,0.2183,0.1927,0.3583,0.1894,-0.0622,-0.2795,0.3006,3.398,1.892,2.357,98.0,High Potential Exploration Zone,Manganese Gossan / Alteration Outcrop,True
MOIL-DB-01,400.0,900.0,21.555885,79.708083,0.0612,0.0939,0.1765,0.1631,0.2488,0.2225,-0.0395,-0.269,0.2081,2.881,1.118,2.058,98.0,High Potential Exploration Zone,Manganese Gossan / Alteration Outcrop,True
MOIL-DB-01,400.0,1000.0,21.556783,79.708083,0.0659,0.1096,0.1437,0.2318,0.2496,0.2824,0.2347,-0.358,0.0369,2.18,0.884,1.84,78.2,High Potential Exploration Zone,Manganese Gossan / Alteration Outcrop,True
MOIL-DB-01,400.0,1100.0,21.557681,79.708083,0.0733,0.061,0.1498,0.1451,0.3794,0.2271,-0.016,-0.4077,0.4467,2.044,1.671,3.022,93.5,High Potential Exploration Zone,Manganese Gossan / Alteration Outcrop,True
MOIL-DB-01,400.0,1200.0,21.55858,79.708083,0.0665,0.0717,0.2134,0.1674,0.2764,0.2146,-0.1207,-0.4002,0.2456,3.209,1.288,1.987,98.0,High Potential Exploration Zone,Manganese Gossan / Alteration Outcrop,True
MOIL-DB-01,500.0,-1200.0,21.53702,79.709054,0.0206,0.0918,0.0313,0.5956,0.1658,0.067,0.9002,-0.7328,-0.5645,1.521,2.475,3.216,59.4,Medium Potential Zone,Dense / Moderate Canopy,True
MOIL-DB-01,500.0,-1100.0,21.537919,79.709054,0.1223,0.1206,0.1853,0.288,0.3013,0.2872,0.217,-0.4098,0.0225,1.515,1.049,1.697,58.7,Medium Potential Zone,Barren Soil & Country Rock,True
MOIL-DB-01,500.0,-1000.0,21.538817,79.709054,0.0893,0.1663,0.1813,0.2576,0.3822,0.2415,0.1737,-0.2152,0.1948,2.031,1.582,2.401,74.2,Medium Potential Zone,Barren Soil & Country Rock,True
MOIL-DB-01,500.0,-900.0,21.539715,79.709054,0.0475,0.0888,0.032,0.6092,0.129,0.0697,0.9003,-0.7456,-0.6505,0.672,1.85,2.99,41.2,Low Potential / Barren,Dense / Moderate Canopy,True
MOIL-DB-01,500.0,-800.0,21.540614,79.709054,0.0203,0.0554,0.0445,0.7198,0.1492,0.061,0.8835,-0.8571,-0.6567,2.19,2.445,1.451,68.3,Medium Potential Zone,Dense / Moderate Canopy,True
MOIL-DB-01,500.0,-700.0,21.541512,79.709054,0.0356,0.0815,0.0679,0.5256,0.1493,0.0598,0.7713,-0.7316,-0.5575,1.908,2.496,1.485,69.6,Medium Potential Zone,Dense / Moderate Canopy,True
MOIL-DB-01,500.0,-600.0,21.54241,79.709054,0.0296,0.1062,0.0689,0.4618,0.2193,0.0678,0.7404,-0.6261,-0.356,2.323,3.235,2.017,86.9,High Potential Exploration Zone,Dense / Moderate Canopy,True
MOIL-DB-01,500.0,-500.0,21.543308,79.709054,0.0433,0.0966,0.0611,0.5759,0.2116,0.1053,0.8081,-0.7128,-0.4626,1.411,2.01,1.947,56.6,Medium Potential Zone,Dense / Moderate Canopy,True
MOIL-DB-01,500.0,-400.0,21.544207,79.709054,0.1369,0.1777,0.1932,0.2852,0.3941,0.3181,0.1923,-0.2323,0.1603,1.411,1.239,2.301,64.1,Medium Potential Zone,Barren Soil & Country Rock,True
MOIL-DB-01,500.0,-300.0,21.545105,79.709054,0.1177,0.1784,0.1785,0.2996,0.3548,0.2466,0.2532,-0.2534,0.0844,1.516,1.439,2.184,67.1,Medium Potential Zone,Barren Soil & Country Rock,True
MOIL-DB-01,500.0,-200.0,21.546003,79.709054,0.1256,0.139,0.19,0.2685,0.351,0.2447,0.1711,-0.3179,0.1331,1.513,1.434,2.039,70.3,Medium Potential Zone,Barren Soil & Country Rock,True
MOIL-DB-01,500.0,-100.0,21.546902,79.709054,0.0408,0.06,0.0513,0.6145,0.1386,0.1126,0.8459,-0.8222,-0.6319,1.258,1.231,1.394,44.9,Low Potential / Barren,Dense / Moderate Canopy,True
MOIL-DB-01,500.0,0.0,21.5478,79.709054,0.0235,0.0734,0.0491,0.4527,0.1232,0.0539,0.8044,-0.721,-0.5722,2.093,2.286,1.768,72.5,Medium Potential Zone,Dense / Moderate Canopy,True
MOIL-DB-01,500.0,100.0,21.548698,79.709054,0.0301,0.1125,0.0524,0.6552,0.1887,0.0864,0.852,-0.7069,-0.5528,1.741,2.184,2.437,66.7,Medium Potential Zone,Dense / Moderate Canopy,True
MOIL-DB-01,500.0,200.0,21.549597,79.709054,0.0363,0.077,0.0474,0.6764,0.1763,0.0764,0.8689,-0.7956,-0.5864,1.305,2.308,1.884,64.3,Medium Potential Zone,Dense / Moderate Canopy,True
MOIL-DB-01,500.0,300.0,21.550495,79.709054,0.0472,0.0848,0.1452,0.2356,0.3087,0.181,0.2372,-0.4707,0.1344,3.078,1.706,1.894,96.0,High Potential Exploration Zone,Manganese Gossan / Alteration Outcrop,True
MOIL-DB-01,500.0,400.0,21.551393,79.709054,0.0437,0.0742,0.1292,0.2294,0.3596,0.2868,0.2794,-0.5111,0.2211,2.956,1.254,2.142,88.2,High Potential Exploration Zone,Manganese Gossan / Alteration Outcrop,True
MOIL-DB-01,500.0,500.0,21.552292,79.709054,0.0683,0.0923,0.2123,0.2346,0.3628,0.2748,0.0499,-0.4355,0.2146,3.111,1.321,1.981,98.0,High Potential Exploration Zone,Manganese Gossan / Alteration Outcrop,True
MOIL-DB-01,500.0,600.0,21.55319,79.709054,0.0669,0.0601,0.163,0.2036,0.3166,0.2703,0.1108,-0.5442,0.2173,2.437,1.171,1.924,90.0,High Potential Exploration Zone,Manganese Gossan / Alteration Outcrop,True
MOIL-DB-01,500.0,700.0,21.554088,79.709054,0.0728,0.0899,0.1222,0.1769,0.272,0.2173,0.183,-0.326,0.2118,1.68,1.252,2.273,82.8,High Potential Exploration Zone,Manganese Gossan / Alteration Outcrop,True
MOIL-DB-01,500.0,800.0,21.554986,79.709054,0.0647,0.0633,0.1222,0.1837,0.3511,0.1834,0.2009,-0.4873,0.313,1.889,1.915,2.429,97.3,High Potential Exploration Zone,Manganese Gossan / Alteration Outcrop,True
MOIL-DB-01,500.0,900.0,21.555885,79.709054,0.074,0.0792,0.1318,0.1967,0.3733,0.2397,0.1976,-0.426,0.3097,1.782,1.558,2.498,91.8,High Potential Exploration Zone,Manganese Gossan / Alteration Outcrop,True
MOIL-DB-01,500.0,1000.0,21.556783,79.709054,0.0675,0.1008,0.1999,0.1473,0.3437,0.2844,-0.1515,-0.1874,0.4,2.964,1.208,2.838,98.0,High Potential Exploration Zone,Manganese Gossan / Alteration Outcrop,True
MOIL-DB-01,500.0,1100.0,21.557681,79.709054,0.068,0.1018,0.1686,0.1719,0.3347,0.2341,0.0098,-0.256,0.3213,2.478,1.429,2.551,98.0,High Potential Exploration Zone,Manganese Gossan / Alteration Outcrop,True
MOIL-DB-01,500.0,1200.0,21.55858,79.709054,0.0758,0.1087,0.202,0.2393,0.2888,0.2785,0.0845,-0.3752,0.0938,2.664,1.037,1.745,89.9,High Potential Exploration Zone,Manganese Gossan / Alteration Outcrop,True
MOIL-DB-01,600.0,-1200.0,21.53702,79.710025,0.0871,0.1573,0.1964,0.3122,0.3489,0.3313,0.2276,-0.3299,0.0556,2.255,1.053,1.919,66.3,Medium Potential Zone,Barren Soil & Country Rock,True
MOIL-DB-01,600.0,-1100.0,21.537919,79.710025,0.1298,0.1655,0.2176,0.2555,0.3897,0.278,0.0801,-0.2137,0.208,1.676,1.402,2.286,69.5,Medium Potential Zone,Barren Soil & Country Rock,True
MOIL-DB-01,600.0,-1000.0,21.538817,79.710025,0.0366,0.061,0.0326,0.5489,0.2133,0.0871,0.8879,-0.7999,-0.4403,0.891,2.449,2.261,52.2,Medium Potential Zone,Dense / Moderate Canopy,True
MOIL-DB-01,600.0,-900.0,21.539715,79.710025,0.0373,0.1171,0.0448,0.4654,0.1981,0.0994,0.8245,-0.5981,-0.4029,1.201,1.993,3.04,51.1,Medium Potential Zone,Dense / Moderate Canopy,True
MOIL-DB-01,600.0,-800.0,21.540614,79.710025,0.0298,0.0632,0.0493,0.6299,0.1779,0.0806,0.8548,-0.8177,-0.5596,1.655,2.206,1.564,58.9,Medium Potential Zone,Dense / Moderate Canopy,True
MOIL-DB-01,600.0,-700.0,21.541512,79.710025,0.0232,0.0987,0.0594,0.4531,0.1471,0.0564,0.7683,-0.6422,-0.5099,2.555,2.605,1.987,78.1,High Potential Exploration Zone,Dense / Moderate Canopy,True
MOIL-DB-01,600.0,-600.0,21.54241,79.710025,0.0378,0.0826,0.0485,0.7105,0.186,0.0618,0.8721,-0.7917,-0.5851,1.284,3.009,1.964,66.9,Medium Potential Zone,Dense / Moderate Canopy,True
MOIL-DB-01,600.0,-500.0,21.543308,79.710025,0.0432,0.0796,0.0424,0.7176,0.2136,0.1159,0.8885,-0.8002,-0.5413,0.98,1.843,2.177,45.8,Medium Potential Zone,Dense / Moderate Canopy,True
MOIL-DB-01,600.0,-400.0,21.544207,79.710025,0.0941,0.1465,0.2266,0.2937,0.399,0.3305,0.129,-0.3343,0.152,2.409,1.207,2.005,75.9,High Potential Exploration Zone,Barren Soil & Country Rock,True
MOIL-DB-01,600.0,-300.0,21.545105,79.710025,0.0279,0.07,0.0441,0.5318,0.1449,0.1027,0.8469,-0.7674,-0.5717,1.583,1.411,1.859,48.5,Medium Potential Zone,Dense / Moderate Canopy,True
MOIL-DB-01,600.0,-200.0,21.546003,79.710025,0.1237,0.1694,0.1653,0.2262,0.32,0.245,0.1556,-0.1435,0.1717,1.336,1.306,2.44,65.5,Medium Potential Zone,Barren Soil & Country Rock,True
MOIL-DB-01,600.0,-100.0,21.546902,79.710025,0.0403,0.0944,0.0443,0.5846,0.184,0.0584,0.8591,-0.722,-0.5212,1.1,3.153,2.446,70.1,Medium Potential Zone,Dense / Moderate Canopy,True
MOIL-DB-01,600.0,0.0,21.5478,79.710025,0.1334,0.1405,0.2241,0.2451,0.2858,0.28,0.0448,-0.2711,0.0767,1.679,1.021,1.793,70.0,Medium Potential Zone,Barren Soil & Country Rock,True
MOIL-DB-01,600.0,100.0,21.548698,79.710025,0.0446,0.0677,0.0664,0.5795,0.1249,0.052,0.7944,-0.7908,-0.6454,1.489,2.404,1.235,67.0,Medium Potential Zone,Dense / Moderate Canopy,True
MOIL-DB-01,600.0,200.0,21.549597,79.710025,0.0364,0.0556,0.0669,0.6439,0.2001,0.0909,0.8118,-0.841,-0.5258,1.838,2.202,1.142,68.4,Medium Potential Zone,Dense / Moderate Canopy,True
MOIL-DB-01,600.0,300.0,21.550495,79.710025,0.0316,0.0976,0.0691,0.6249,0.1542,0.07,0.8008,-0.7299,-0.6042,2.185,2.203,1.658,73.9,Medium Potential Zone,Dense / Moderate Canopy,True
MOIL-DB-01,600.0,400.0,21.551393,79.710025,0.0256,0.1064,0.0486,0.5698,0.1948,0.0604,0.8428,-0.6852,-0.4906,1.903,3.226,2.531,86.1,High Potential Exploration Zone,Dense / Moderate Canopy,True
MOIL-DB-01,600.0,500.0,21.552292,79.710025,0.0587,0.0618,0.187,0.1458,0.2522,0.2729,-0.1238,-0.4048,0.2673,3.189,0.924,2.06,93.0,High Potential Exploration Zone,Manganese Gossan / Alteration Outcrop,True
MOIL-DB-01,600.0,600.0,21.55319,79.710025,0.0577,0.07,0.1793,0.1919,0.2975,0.2796,0.0341,-0.4652,0.2157,3.106,1.064,1.941,94.9,High Potential Exploration Zone,Manganese Gossan / Alteration Outcrop,True
MOIL-DB-01,600.0,700.0,21.554088,79.710025,0.07,0.0676,0.1771,0.1489,0.2743,0.2801,-0.0865,-0.3756,0.2963,2.53,0.979,2.224,90.0,High Potential Exploration Zone,Manganese Gossan / Alteration Outcrop,True
MOIL-DB-01,600.0,800.0,21.554986,79.710025,0.0585,0.1046,0.1366,0.1605,0.2894,0.2203,0.0806,-0.2109,0.2864,2.336,1.314,2.568,92.5,High Potential Exploration Zone,Manganese Gossan / Alteration Outcrop,True
MOIL-DB-01,600.0,900.0,21.555885,79.710025,0.0698,0.09,0.1753,0.2002,0.3425,0.2782,0.0663,-0.38,0.2621,2.511,1.231,2.224,96.2,High Potential Exploration Zone,Manganese Gossan / Alteration Outcrop,True
MOIL-DB-01,600.0,1000.0,21.556783,79.710025,0.0566,0.1001,0.1695,0.2122,0.3625,0.1835,0.1119,-0.3588,0.2615,2.995,1.975,2.299,98.0,High Potential Exploration Zone,Manganese Gossan / Alteration Outcrop,True
MOIL-DB-01,600.0,1100.0,21.557681,79.710025,0.0619,0.1095,0.1696,0.2264,0.266,0.2465,0.1434,-0.3482,0.0804,2.742,1.079,1.82,96.4,High Potential Exploration Zone,Manganese Gossan / Alteration Outcrop,True
MOIL-DB-01,600.0,1200.0,21.55858,79.710025,0.0748,0.0816,0.1687,0.1482,0.2459,0.2316,-0.0646,-0.29,0.2479,2.255,1.062,2.143,92.1,High Potential Exploration Zone,Manganese Gossan / Alteration Outcrop,True
MOIL-DB-01,700.0,-1200.0,21.53702,79.710996,0.0479,0.0961,0.0631,0.6484,0.1901,0.1038,0.8227,-0.7418,-0.5465,1.315,1.831,1.817,49.0,Medium Potential Zone,Dense / Moderate Canopy,True
MOIL-DB-01,700.0,-1100.0,21.537919,79.710996,0.0337,0.0611,0.0638,0.462,0.1467,0.0864,0.7575,-0.7663,-0.5179,1.89,1.699,1.277,55.7,Medium Potential Zone,Dense / Moderate Canopy,True
MOIL-DB-01,700.0,-1000.0,21.538817,79.710996,0.0436,0.0758,0.0586,0.7015,0.1739,0.0823,0.8459,-0.8049,-0.6027,1.344,2.112,1.542,53.2,Medium Potential Zone,Dense / Moderate Canopy,True
MOIL-DB-01,700.0,-900.0,21.539715,79.710996,0.0293,0.1135,0.0619,0.6405,0.1789,0.1179,0.8238,-0.6989,-0.5633,2.109,1.518,2.113,53.9,Medium Potential Zone,Dense / Moderate Canopy,True
MOIL-DB-01,700.0,-800.0,21.540614,79.710996,0.097,0.1345,0.2193,0.2997,0.3636,0.2982,0.1549,-0.3804,0.0963,2.262,1.219,1.826,71.5,Medium Potential Zone,Barren Soil & Country Rock,True
MOIL-DB-01,700.0,-700.0,21.541512,79.710996,0.0824,0.1352,0.2067,0.3013,0.3888,0.2415,0.1861,-0.3805,0.1268,2.509,1.61,1.944,79.5,High Potential Exploration Zone,Barren Soil & Country Rock,True
MOIL-DB-01,700.0,-600.0,21.54241,79.710996,0.131,0.1245,0.1915,0.2294,0.359,0.2636,0.0902,-0.2963,0.2202,1.461,1.362,2.215,67.0,Medium Potential Zone,Barren Soil & Country Rock,True
MOIL-DB-01,700.0,-500.0,21.543308,79.710996,0.1157,0.1418,0.1733,0.29,0.3972,0.2528,0.2518,-0.3432,0.1559,1.498,1.571,2.188,66.1,Medium Potential Zone,Barren Soil & Country Rock,True
MOIL-DB-01,700.0,-400.0,21.544207,79.710996,0.0845,0.1517,0.2265,0.2451,0.3445,0.2393,0.0394,-0.2354,0.1686,2.68,1.44,2.075,84.4,High Potential Exploration Zone,Barren Soil & Country Rock,True
MOIL-DB-01,700.0,-300.0,21.545105,79.710996,0.0205,0.1138,0.0571,0.5399,0.2081,0.0628,0.8088,-0.6519,-0.4435,2.789,3.314,2.379,91.1,High Potential Exploration Zone,Dense / Moderate Canopy,True
MOIL-DB-01,700.0,-200.0,21.546003,79.710996,0.1366,0.1385,0.2349,0.2838,0.4172,0.3104,0.0943,-0.3439,0.1904,1.72,1.344,2.06,71.3,Medium Potential Zone,Barren Soil & Country Rock,True
MOIL-DB-01,700.0,-100.0,21.546902,79.710996,0.1311,0.1289,0.2154,0.27,0.3791,0.3118,0.1126,-0.3539,0.168,1.642,1.216,2.002,68.5,Medium Potential Zone,Barren Soil & Country Rock,True
MOIL-DB-01,700.0,0.0,21.5478,79.710996,0.045,0.1093,0.0465,0.6901,0.192,0.1087,0.8737,-0.7265,-0.5647,1.032,1.765,2.629,47.6,Medium Potential Zone,Dense / Moderate Canopy,True
MOIL-DB-01,700.0,100.0,21.548698,79.710996,0.0235,0.0759,0.0623,0.4733,0.1741,0.1101,0.7675,-0.7235,-0.4622,2.65,1.581,1.587,67.2,Medium Potential Zone,Dense / Moderate Canopy,True
MOIL-DB-01,700.0,200.0,21.549597,79.710996,0.1364,0.1787,0.1858,0.2967,0.2978,0.3127,0.2299,-0.2482,0.0019,1.362,0.952,1.966,60.0,Medium Potential Zone,Barren Soil & Country Rock,True
MOIL-DB-01,700.0,300.0,21.550495,79.710996,0.0458,0.0649,0.0569,0.6623,0.1402,0.1073,0.8417,-0.8215,-0.6505,1.242,1.307,1.352,46.5,Medium Potential Zone,Dense / Moderate Canopy,True
MOIL-DB-01,700.0,400.0,21.551393,79.710996,0.0385,0.1049,0.0513,0.6115,0.1213,0.0867,0.8452,-0.707,-0.6689,1.333,1.399,2.244,49.9,Medium Potential Zone,Dense / Moderate Canopy,True
MOIL-DB-01,700.0,500.0,21.552292,79.710996,0.0401,0.0619,0.0397,0.6541,0.1368,0.0791,0.8857,-0.8272,-0.6541,0.989,1.729,1.769,50.9,Medium Potential Zone,Dense / Moderate Canopy,True
MOIL-DB-01,700.0,600.0,21.55319,79.710996,0.05,0.0873,0.2187,0.2252,0.2777,0.2205,0.0147,-0.4415,0.1044,4.372,1.259,1.632,98.0,High Potential Exploration Zone,Manganese Gossan / Alteration Outcrop,True
MOIL-DB-01,700.0,700.0,21.554088,79.710996,0.0767,0.1049,0.1361,0.2229,0.2817,0.2398,0.242,-0.36,0.1164,1.773,1.174,2.035,73.8,Medium Potential Zone,Manganese Gossan / Alteration Outcrop,True
MOIL-DB-01,700.0,800.0,21.554986,79.710996,0.0402,0.1099,0.1961,0.1642,0.3357,0.2123,-0.0886,-0.1979,0.3432,4.878,1.582,2.606,98.0,High Potential Exploration Zone,Manganese Gossan / Alteration Outcrop,True
MOIL-DB-01,700.0,900.0,21.555885,79.710996,0.0436,0.0813,0.1814,0.149,0.3126,0.2366,-0.0981,-0.2941,0.3545,4.162,1.321,2.546,98.0,High Potential Exploration Zone,Manganese Gossan / Alteration Outcrop,True
MOIL-DB-01,700.0,1000.0,21.556783,79.710996,0.0651,0.0722,0.1221,0.1725,0.2958,0.2499,0.1712,-0.4097,0.2633,1.874,1.184,2.307,83.2,High Potential Exploration Zone,Manganese Gossan / Alteration Outcrop,True
MOIL-DB-01,700.0,1100.0,21.557681,79.710996,0.0772,0.0702,0.1887,0.1497,0.2667,0.236,-0.1152,-0.3618,0.2808,2.445,1.13,2.153,96.6,High Potential Exploration Zone,Manganese Gossan / Alteration Outcrop,True
MOIL-DB-01,700.0,1200.0,21.55858,79.710996,0.0683,0.1029,0.1944,0.1415,0.3358,0.2707,-0.1573,-0.1579,0.4069,2.845,1.24,2.902,98.0,High Potential Exploration Zone,Manganese Gossan / Alteration Outcrop,True
MOIL-DB-01,800.0,-1200.0,21.53702,79.711967,0.049,0.0503,0.0627,0.5404,0.185,0.0985,0.7919,-0.8297,-0.4898,1.281,1.878,1.144,50.0,Medium Potential Zone,Dense / Moderate Canopy,True
MOIL-DB-01,800.0,-1100.0,21.537919,79.711967,0.1397,0.1262,0.1726,0.3092,0.2967,0.2658,0.2836,-0.4203,-0.0207,1.235,1.116,1.691,53.5,Medium Potential Zone,Barren Soil & Country Rock,True
MOIL-DB-01,800.0,-1000.0,21.538817,79.711967,0.0437,0.1168,0.0616,0.678,0.2149,0.0888,0.8335,-0.706,-0.5186,1.408,2.422,2.214,58.7,Medium Potential Zone,Dense / Moderate Canopy,True
MOIL-DB-01,800.0,-900.0,21.539715,79.711967,0.1257,0.1298,0.1655,0.2985,0.4131,0.2731,0.2868,-0.3939,0.161,1.316,1.513,2.168,60.6,Medium Potential Zone,Barren Soil & Country Rock,True
MOIL-DB-01,800.0,-800.0,21.540614,79.711967,0.1098,0.1436,0.1898,0.2828,0.3045,0.2657,0.1968,-0.3265,0.0369,1.728,1.146,1.833,62.7,Medium Potential Zone,Barren Soil & Country Rock,True
MOIL-DB-01,800.0,-700.0,21.541512,79.711967,0.0419,0.0539,0.0506,0.4746,0.2157,0.0671,0.8075,-0.7961,-0.375,1.207,3.214,1.521,69.6,Medium Potential Zone,Dense / Moderate Canopy,True
MOIL-DB-01,800.0,-600.0,21.54241,79.711967,0.045,0.0886,0.0435,0.6816,0.1353,0.0626,0.8801,-0.77,-0.6688,0.965,2.161,2.237,49.1,Medium Potential Zone,Dense / Moderate Canopy,True
MOIL-DB-01,800.0,-500.0,21.543308,79.711967,0.1159,0.1389,0.2391,0.2395,0.3928,0.2315,0.0008,-0.266,0.2424,2.064,1.697,2.221,81.4,High Potential Exploration Zone,Barren Soil & Country Rock,True
MOIL-DB-01,800.0,-400.0,21.544207,79.711967,0.0946,0.1786,0.1621,0.2922,0.3147,0.3173,0.2864,-0.2412,0.0371,1.713,0.992,2.179,58.5,Medium Potential Zone,Barren Soil & Country Rock,True
MOIL-DB-01,800.0,-300.0,21.545105,79.711967,0.0912,0.1616,0.1806,0.2686,0.2984,0.307,0.1958,-0.2487,0.0527,1.98,0.972,2.006,64.4,Medium Potential Zone,Barren Soil & Country Rock,True
MOIL-DB-01,800.0,-200.0,21.546003,79.711967,0.0242,0.1019,0.0341,0.6052,0.1807,0.1151,0.8932,-0.7118,-0.5401,1.41,1.57,3.284,46.3,Medium Potential Zone,Dense / Moderate Canopy,True
MOIL-DB-01,800.0,-100.0,21.546902,79.711967,0.1192,0.1428,0.1921,0.2702,0.3127,0.2753,0.169,-0.3083,0.073,1.611,1.136,1.901,64.3,Medium Potential Zone,Barren Soil & Country Rock,True
MOIL-DB-01,800.0,0.0,21.5478,79.711967,0.0337,0.053,0.0403,0.5449,0.1555,0.0557,0.8622,-0.8228,-0.556,1.196,2.793,1.599,64.1,Medium Potential Zone,Dense / Moderate Canopy,True
MOIL-DB-01,800.0,100.0,21.548698,79.711967,0.0408,0.0534,0.06,0.7079,0.1209,0.0636,0.8436,-0.8597,-0.7082,1.473,1.903,1.06,55.1,Medium Potential Zone,Dense / Moderate Canopy,True
MOIL-DB-01,800.0,200.0,21.549597,79.711967,0.0265,0.1035,0.0425,0.5293,0.1201,0.0689,0.8514,-0.6728,-0.6301,1.601,1.743,2.664,54.6,Medium Potential Zone,Dense / Moderate Canopy,True
MOIL-DB-01,800.0,300.0,21.550495,79.711967,0.1006,0.1289,0.2076,0.2439,0.3964,0.2541,0.0804,-0.3086,0.2383,2.063,1.56,2.246,81.0,High Potential Exploration Zone,Barren Soil & Country Rock,True
MOIL-DB-01,800.0,400.0,21.551393,79.711967,0.0834,0.1644,0.2007,0.2314,0.311,0.3398,0.0711,-0.1692,0.1468,2.406,0.915,2.163,76.4,High Potential Exploration Zone,Barren Soil & Country Rock,True
MOIL-DB-01,800.0,500.0,21.552292,79.711967,0.0305,0.088,0.0466,0.4598,0.1979,0.1002,0.8158,-0.6788,-0.3983,1.529,1.975,2.317,60.9,Medium Potential Zone,Dense / Moderate Canopy,True
MOIL-DB-01,800.0,600.0,21.55319,79.711967,0.0454,0.0874,0.0326,0.52,0.1662,0.0572,0.882,-0.7121,-0.5157,0.719,2.903,3.001,64.7,Medium Potential Zone,Dense / Moderate Canopy,True
MOIL-DB-01,800.0,700.0,21.554088,79.711967,0.0236,0.064,0.0658,0.7199,0.175,0.0934,0.8326,-0.8366,-0.6089,2.784,1.874,1.217,75.6,High Potential Exploration Zone,Dense / Moderate Canopy,True
MOIL-DB-01,800.0,800.0,21.554986,79.711967,0.0719,0.0948,0.1382,0.1812,0.3149,0.2196,0.1344,-0.3129,0.2696,1.923,1.434,2.424,81.5,High Potential Exploration Zone,Manganese Gossan / Alteration Outcrop,True
MOIL-DB-01,800.0,900.0,21.555885,79.711967,0.047,0.0968,0.1399,0.166,0.2801,0.1978,0.0855,-0.2634,0.2557,2.973,1.416,2.379,96.3,High Potential Exploration Zone,Manganese Gossan / Alteration Outcrop,True
MOIL-DB-01,800.0,1000.0,21.556783,79.711967,0.074,0.0905,0.2035,0.1894,0.3127,0.2478,-0.0359,-0.3531,0.2457,2.75,1.262,2.096,95.8,High Potential Exploration Zone,Manganese Gossan / Alteration Outcrop,True
MOIL-DB-01,800.0,1100.0,21.557681,79.711967,0.0548,0.0848,0.1747,0.2354,0.3636,0.1942,0.1479,-0.4701,0.2141,3.186,1.872,2.031,98.0,High Potential Exploration Zone,Manganese Gossan / Alteration Outcrop,True
MOIL-DB-01,800.0,1200.0,21.55858,79.711967,0.0417,0.094,0.1249,0.146,0.2623,0.2187,0.0779,-0.2167,0.2847,2.999,1.199,2.549,98.0,High Potential Exploration Zone,Manganese Gossan / Alteration Outcrop,True
MOIL-DB-01,900.0,-1200.0,21.53702,79.712938,0.0356,0.1195,0.0454,0.5155,0.1775,0.0651,0.8381,-0.6237,-0.4877,1.276,2.729,2.975,61.2,Medium Potential Zone,Dense / Moderate Canopy,True
MOIL-DB-01,900.0,-1100.0,21.537919,79.712938,0.0278,0.1193,0.0467,0.6694,0.1848,0.1153,0.8695,-0.6975,-0.5673,1.683,1.602,2.828,48.1,Medium Potential Zone,Dense / Moderate Canopy,True
MOIL-DB-01,900.0,-1000.0,21.538817,79.712938,0.0374,0.0957,0.0615,0.6927,0.1467,0.0641,0.837,-0.7572,-0.6505,1.642,2.29,1.769,59.0,Medium Potential Zone,Dense / Moderate Canopy,True
MOIL-DB-01,900.0,-900.0,21.539715,79.712938,0.1022,0.1708,0.1656,0.2739,0.3773,0.3204,0.2464,-0.2318,0.1588,1.62,1.177,2.409,59.9,Medium Potential Zone,Barren Soil & Country Rock,True
MOIL-DB-01,900.0,-800.0,21.540614,79.712938,0.0256,0.1175,0.0338,0.6576,0.1287,0.06,0.9023,-0.6968,-0.6728,1.32,2.143,3.674,51.5,Medium Potential Zone,Dense / Moderate Canopy,True
MOIL-DB-01,900.0,-700.0,21.541512,79.712938,0.0426,0.0756,0.0555,0.5735,0.1267,0.1005,0.8234,-0.7671,-0.6382,1.304,1.261,1.582,40.6,Low Potential / Barren,Dense / Moderate Canopy,True
MOIL-DB-01,900.0,-600.0,21.54241,79.712938,0.0465,0.0878,0.0569,0.5683,0.1519,0.0788,0.8179,-0.7322,-0.5782,1.225,1.927,1.81,50.1,Medium Potential Zone,Dense / Moderate Canopy,True
MOIL-DB-01,900.0,-500.0,21.543308,79.712938,0.0249,0.0674,0.0542,0.4814,0.2092,0.0533,0.7974,-0.7544,-0.3942,2.176,3.924,1.677,91.7,High Potential Exploration Zone,Dense / Moderate Canopy,True
MOIL-DB-01,900.0,-400.0,21.544207,79.712938,0.0312,0.0536,0.0637,0.6229,0.1209,0.0687,0.8144,-0.8416,-0.675,2.041,1.759,1.035,57.4,Medium Potential Zone,Dense / Moderate Canopy,True
MOIL-DB-01,900.0,-300.0,21.545105,79.712938,0.0994,0.1499,0.2021,0.2597,0.3264,0.2805,0.1246,-0.268,0.1139,2.035,1.164,1.999,69.4,Medium Potential Zone,Barren Soil & Country Rock,True
MOIL-DB-01,900.0,-200.0,21.546003,79.712938,0.1187,0.1564,0.1823,0.238,0.2902,0.2905,0.1323,-0.2069,0.099,1.536,0.999,2.077,61.3,Medium Potential Zone,Barren Soil & Country Rock,True
MOIL-DB-01,900.0,-100.0,21.546902,79.712938,0.036,0.119,0.0513,0.6449,0.1313,0.0709,0.8527,-0.6884,-0.6617,1.424,1.851,2.525,51.6,Medium Potential Zone,Dense / Moderate Canopy,True
MOIL-DB-01,900.0,0.0,21.5478,79.712938,0.1146,0.1398,0.2113,0.289,0.2847,0.2968,0.1554,-0.3478,-0.0075,1.844,0.959,1.647,64.4,Medium Potential Zone,Barren Soil & Country Rock,True
MOIL-DB-01,900.0,100.0,21.548698,79.712938,0.1079,0.1636,0.2163,0.25,0.3181,0.2728,0.0723,-0.2089,0.12,2.004,1.166,2.029,72.3,Medium Potential Zone,Barren Soil & Country Rock,True
MOIL-DB-01,900.0,200.0,21.549597,79.712938,0.1385,0.1407,0.2338,0.3108,0.3311,0.2505,0.1413,-0.3768,0.0316,1.689,1.322,1.667,69.5,Medium Potential Zone,Barren Soil & Country Rock,True
MOIL-DB-01,900.0,300.0,21.550495,79.712938,0.0269,0.0865,0.0344,0.5542,0.1278,0.0698,0.883,-0.73,-0.6252,1.281,1.83,2.743,50.8,Medium Potential Zone,Dense / Moderate Canopy,True
MOIL-DB-01,900.0,400.0,21.551393,79.712938,0.0497,0.0678,0.0489,0.571,0.1384,0.0927,0.8421,-0.7876,-0.6098,0.984,1.493,1.629,44.2,Low Potential / Barren,Dense / Moderate Canopy,True
MOIL-DB-01,900.0,500.0,21.552292,79.712938,0.0244,0.103,0.058,0.5033,0.1849,0.0776,0.7933,-0.6602,-0.4627,2.376,2.384,2.143,75.8,High Potential Exploration Zone,Dense / Moderate Canopy,True
MOIL-DB-01,900.0,600.0,21.55319,79.712938,0.0349,0.0534,0.0615,0.6,0.1925,0.0588,0.8141,-0.8366,-0.5142,1.762,3.272,1.189,82.3,High Potential Exploration Zone,Dense / Moderate Canopy,True
MOIL-DB-01,900.0,700.0,21.554088,79.712938,0.0324,0.1059,0.054,0.5458,0.1402,0.1071,0.82,-0.6749,-0.5913,1.665,1.309,2.22,52.6,Medium Potential Zone,Dense / Moderate Canopy,True
MOIL-DB-01,900.0,800.0,21.554986,79.712938,0.0496,0.0761,0.0574,0.6182,0.1838,0.1016,0.83,-0.7807,-0.5417,1.157,1.809,1.623,55.1,Medium Potential Zone,Dense / Moderate Canopy,True
MOIL-DB-01,900.0,900.0,21.555885,79.712938,0.113,0.1505,0.1874,0.2636,0.3526,0.2585,0.169,-0.273,0.1445,1.659,1.364,2.141,75.3,High Potential Exploration Zone,Barren Soil & Country Rock,True
MOIL-DB-01,900.0,1000.0,21.556783,79.712938,0.0517,0.0969,0.1267,0.1713,0.3315,0.203,0.1497,-0.2773,0.3187,2.449,1.633,2.7,90.4,High Potential Exploration Zone,Manganese Gossan / Alteration Outcrop,True
MOIL-DB-01,900.0,1100.0,21.557681,79.712938,0.0629,0.0751,0.2043,0.175,0.2721,0.2383,-0.0773,-0.3994,0.2172,3.249,1.142,1.923,98.0,High Potential Exploration Zone,Manganese Gossan / Alteration Outcrop,True
MOIL-DB-01,900.0,1200.0,21.55858,79.712938,0.0454,0.0999,0.188,0.2171,0.2958,0.2719,0.0717,-0.3697,0.1536,4.139,1.088,1.894,98.0,High Potential Exploration Zone,Manganese Gossan / Alteration Outcrop,True
MOIL-DB-01,1000.0,-1200.0,21.53702,79.713909,0.0228,0.0657,0.0584,0.692,0.1295,0.1105,0.8443,-0.8266,-0.6847,2.559,1.172,1.311,52.1,Medium Potential Zone,Dense / Moderate Canopy,True
MOIL-DB-01,1000.0,-1100.0,21.537919,79.713909,0.0307,0.0982,0.0375,0.6696,0.1857,0.0807,0.894,-0.7441,-0.5657,1.221,2.301,2.899,52.4,Medium Potential Zone,Dense / Moderate Canopy,True
MOIL-DB-01,1000.0,-1000.0,21.538817,79.713909,0.0242,0.1092,0.031,0.6534,0.1773,0.0988,0.9095,-0.7136,-0.573,1.28,1.795,3.799,45.1,Medium Potential Zone,Dense / Moderate Canopy,True
MOIL-DB-01,1000.0,-900.0,21.539715,79.713909,0.0459,0.0719,0.041,0.5315,0.1974,0.0847,0.8568,-0.7616,-0.4583,0.893,2.332,2.126,50.4,Medium Potential Zone,Dense / Moderate Canopy,True
MOIL-DB-01,1000.0,-800.0,21.540614,79.713909,0.0449,0.1083,0.0365,0.5984,0.1326,0.1108,0.8851,-0.6934,-0.6372,0.811,1.197,3.192,31.7,Low Potential / Barren,Dense / Moderate Canopy,True
MOIL-DB-01,1000.0,-700.0,21.541512,79.713909,0.0455,0.0993,0.0487,0.5593,0.1595,0.0546,0.8399,-0.6983,-0.5561,1.07,2.92,2.326,62.0,Medium Potential Zone,Dense / Moderate Canopy,True
MOIL-DB-01,1000.0,-600.0,21.54241,79.713909,0.0335,0.1151,0.0652,0.6737,0.1788,0.0571,0.8236,-0.7082,-0.5805,1.945,3.131,2.032,75.8,High Potential Exploration Zone,Dense / Moderate Canopy,True
MOIL-DB-01,1000.0,-500.0,21.543308,79.713909,0.1162,0.1208,0.1634,0.2878,0.4043,0.3226,0.2756,-0.4086,0.1684,1.406,1.253,2.144,58.1,Medium Potential Zone,Barren Soil & Country Rock,True
MOIL-DB-01,1000.0,-400.0,21.544207,79.713909,0.1347,0.1618,0.2173,0.2504,0.3802,0.3052,0.0708,-0.215,0.2059,1.614,1.246,2.263,66.7,Medium Potential Zone,Barren Soil & Country Rock,True
MOIL-DB-01,1000.0,-300.0,21.545105,79.713909,0.0307,0.1068,0.0675,0.6849,0.1443,0.0812,0.8206,-0.7303,-0.6519,2.197,1.777,1.792,59.1,Medium Potential Zone,Dense / Moderate Canopy,True
MOIL-DB-01,1000.0,-200.0,21.546003,79.713909,0.1224,0.1699,0.1773,0.3147,0.3748,0.2462,0.2794,-0.2989,0.0872,1.448,1.522,2.149,63.2,Medium Potential Zone,Barren Soil & Country Rock,True
MOIL-DB-01,1000.0,-100.0,21.546902,79.713909,0.0863,0.1558,0.1735,0.2893,0.3832,0.2775,0.2501,-0.2999,0.1396,2.011,1.381,2.223,68.7,Medium Potential Zone,Barren Soil & Country Rock,True
MOIL-DB-01,1000.0,0.0,21.5478,79.713909,0.1167,0.1423,0.236,0.2713,0.2901,0.2963,0.0697,-0.3118,0.0335,2.023,0.979,1.672,68.6,Medium Potential Zone,Barren Soil & Country Rock,True
MOIL-DB-01,1000.0,100.0,21.548698,79.713909,0.0248,0.0814,0.0597,0.4555,0.1229,0.0974,0.7682,-0.6967,-0.5751,2.407,1.262,1.633,56.6,Medium Potential Zone,Dense / Moderate Canopy,True
MOIL-DB-01,1000.0,200.0,21.549597,79.713909,0.0454,0.078,0.0456,0.5991,0.1957,0.0949,0.8586,-0.7697,-0.5075,1.005,2.063,2.037,50.4,Medium Potential Zone,Dense / Moderate Canopy,True
MOIL-DB-01,1000.0,300.0,21.550495,79.713909,0.1008,0.1658,0.2028,0.2298,0.3014,0.3221,0.0625,-0.1618,0.1348,2.012,0.936,2.129,69.3,Medium Potential Zone,Barren Soil & Country Rock,True
MOIL-DB-01,1000.0,400.0,21.551393,79.713909,0.0301,0.0771,0.0362,0.5136,0.1625,0.0699,0.8684,-0.7391,-0.5194,1.203,2.324,2.446,57.3,Medium Potential Zone,Dense / Moderate Canopy,True
MOIL-DB-01,1000.0,500.0,21.552292,79.713909,0.0361,0.1076,0.059,0.4846,0.1323,0.1127,0.783,-0.6367,-0.571,1.632,1.174,2.097,48.1,Medium Potential Zone,Dense / Moderate Canopy,True
MOIL-DB-01,1000.0,600.0,21.55319,79.713909,0.034,0.0591,0.0659,0.5123,0.1236,0.1147,0.7719,-0.7931,-0.6114,1.937,1.077,1.138,51.2,Medium Potential Zone,Dense / Moderate Canopy,True
MOIL-DB-01,1000.0,700.0,21.554088,79.713909,0.0408,0.0524,0.0511,0.6265,0.1959,0.083,0.8491,-0.8457,-0.5235,1.253,2.361,1.337,61.2,Medium Potential Zone,Dense / Moderate Canopy,True
MOIL-DB-01,1000.0,800.0,21.554986,79.713909,0.0273,0.0549,0.0433,0.6287,0.1937,0.1017,0.8711,-0.8394,-0.5289,1.584,1.905,1.575,58.3,Medium Potential Zone,Dense / Moderate Canopy,True
MOIL-DB-01,1000.0,900.0,21.555885,79.713909,0.1331,0.1369,0.1768,0.2814,0.3097,0.281,0.2284,-0.3457,0.0477,1.328,1.102,1.874,63.7,Medium Potential Zone,Barren Soil & Country Rock,True
MOIL-DB-01,1000.0,1000.0,21.556783,79.713909,0.027,0.0704,0.0471,0.5435,0.1582,0.1015,0.8405,-0.7705,-0.5492,1.747,1.559,1.787,58.1,Medium Potential Zone,Dense / Moderate Canopy,True
MOIL-DB-01,1000.0,1100.0,21.557681,79.713909,0.0467,0.0914,0.1878,0.2202,0.3586,0.1975,0.0794,-0.4135,0.2391,4.019,1.816,2.115,98.0,High Potential Exploration Zone,Manganese Gossan / Alteration Outcrop,True
MOIL-DB-01,1000.0,1200.0,21.55858,79.713909,0.0455,0.0907,0.1957,0.1672,0.3136,0.2649,-0.0784,-0.2965,0.3044,4.298,1.184,2.339,98.0,High Potential Exploration Zone,Manganese Gossan / Alteration Outcrop,True
MOIL-DB-01,1100.0,-1200.0,21.53702,79.71488,0.0396,0.0555,0.032,0.5549,0.1227,0.1133,0.8909,-0.8181,-0.6379,0.808,1.083,1.955,29.3,Low Potential / Barren,Dense / Moderate Canopy,True
MOIL-DB-01,1100.0,-1100.0,21.537919,79.71488,0.0818,0.1299,0.2102,0.2742,0.3723,0.3272,0.1321,-0.357,0.1519,2.57,1.138,1.976,73.1,Medium Potential Zone,Barren Soil & Country Rock,True
MOIL-DB-01,1100.0,-1000.0,21.538817,79.71488,0.0213,0.1034,0.0625,0.4635,0.1443,0.1039,0.7624,-0.6351,-0.5252,2.931,1.388,1.967,62.1,Medium Potential Zone,Dense / Moderate Canopy,True
MOIL-DB-01,1100.0,-900.0,21.539715,79.71488,0.1084,0.1694,0.1676,0.2877,0.3101,0.2275,0.2639,-0.2589,0.0374,1.546,1.363,2.089,61.0,Medium Potential Zone,Barren Soil & Country Rock,True
MOIL-DB-01,1100.0,-800.0,21.540614,79.71488,0.0236,0.1023,0.0381,0.4631,0.1299,0.1089,0.8479,-0.6382,-0.5618,1.612,1.193,2.965,41.7,Low Potential / Barren,Dense / Moderate Canopy,True
MOIL-DB-01,1100.0,-700.0,21.541512,79.71488,0.0981,0.1495,0.2106,0.2237,0.4057,0.335,0.0301,-0.1989,0.2892,2.146,1.211,2.523,72.8,Medium Potential Zone,Barren Soil & Country Rock,True
MOIL-DB-01,1100.0,-600.0,21.54241,79.71488,0.0324,0.1115,0.0472,0.6812,0.1228,0.0843,0.8705,-0.7187,-0.6944,1.457,1.458,2.544,43.5,Low Potential / Barren,Dense / Moderate Canopy,True
MOIL-DB-01,1100.0,-500.0,21.543308,79.71488,0.0276,0.0686,0.0552,0.7001,0.1399,0.1145,0.8538,-0.8214,-0.6669,2.001,1.221,1.443,46.8,Medium Potential Zone,Dense / Moderate Canopy,True
MOIL-DB-01,1100.0,-400.0,21.544207,79.71488,0.0498,0.1016,0.0567,0.67,0.1375,0.1162,0.8439,-0.7368,-0.6594,1.139,1.183,1.996,36.8,Low Potential / Barren,Dense / Moderate Canopy,True
MOIL-DB-01,1100.0,-300.0,21.545105,79.71488,0.0815,0.1619,0.1748,0.2959,0.3913,0.2484,0.2573,-0.2927,0.1389,2.143,1.575,2.249,72.0,Medium Potential Zone,Barren Soil & Country Rock,True
MOIL-DB-01,1100.0,-200.0,21.546003,79.71488,0.11,0.1734,0.2278,0.2317,0.4151,0.2517,0.0085,-0.1439,0.2835,2.07,1.649,2.553,79.9,High Potential Exploration Zone,Barren Soil & Country Rock,True
MOIL-DB-01,1100.0,-100.0,21.546902,79.71488,0.0889,0.1427,0.2109,0.2706,0.3959,0.297,0.1241,-0.3096,0.1879,2.371,1.333,2.139,75.4,High Potential Exploration Zone,Barren Soil & Country Rock,True
MOIL-DB-01,1100.0,0.0,21.5478,79.71488,0.1134,0.1239,0.2065,0.259,0.2938,0.2569,0.1128,-0.3529,0.063,1.82,1.144,1.734,66.9,Medium Potential Zone,Barren Soil & Country Rock,True
MOIL-DB-01,1100.0,100.0,21.548698,79.71488,0.0376,0.1132,0.0464,0.7143,0.156,0.103,0.8779,-0.7263,-0.6415,1.236,1.515,2.657,43.1,Low Potential / Barren,Dense / Moderate Canopy,True
MOIL-DB-01,1100.0,200.0,21.549597,79.71488,0.0864,0.17,0.221,0.3021,0.322,0.3044,0.155,-0.2798,0.0319,2.559,1.058,1.835,73.4,Medium Potential Zone,Barren Soil & Country Rock,True
MOIL-DB-01,1100.0,300.0,21.550495,79.71488,0.0807,0.172,0.2019,0.3184,0.3339,0.3348,0.2239,-0.2985,0.0238,2.502,0.997,1.901,70.2,Medium Potential Zone,Barren Soil & Country Rock,True
MOIL-DB-01,1100.0,400.0,21.551393,79.71488,0.0354,0.0712,0.063,0.6738,0.1617,0.1009,0.829,-0.8089,-0.6129,1.782,1.602,1.37,53.3,Medium Potential Zone,Dense / Moderate Canopy,True
MOIL-DB-01,1100.0,500.0,21.552292,79.71488,0.0422,0.1196,0.0405,0.6212,0.158,0.0884,0.8776,-0.6771,-0.5945,0.96,1.787,3.207,45.8,Medium Potential Zone,Dense / Moderate Canopy,True
MOIL-DB-01,1100.0,600.0,21.55319,79.71488,0.0304,0.0551,0.062,0.5999,0.1649,0.0628,0.8128,-0.8318,-0.5687,2.036,2.625,1.164,73.2,Medium Potential Zone,Dense / Moderate Canopy,True
MOIL-DB-01,1100.0,700.0,21.554088,79.71488,0.0967,0.1631,0.1929,0.277,0.2915,0.2348,0.1789,-0.2587,0.0254,1.995,1.241,1.898,71.6,Medium Potential Zone,Barren Soil & Country Rock,True
MOIL-DB-01,1100.0,800.0,21.554986,79.71488,0.1204,0.1359,0.2374,0.2508,0.3309,0.2763,0.0276,-0.2973,0.1376,1.971,1.197,1.892,75.9,High Potential Exploration Zone,Barren Soil & Country Rock,True
MOIL-DB-01,1100.0,900.0,21.555885,79.71488,0.129,0.1726,0.1609,0.2855,0.3761,0.3354,0.2791,-0.2465,0.1369,1.247,1.121,2.39,59.8,Medium Potential Zone,Barren Soil & Country Rock,True
MOIL-DB-01,1100.0,1000.0,21.556783,79.71488,0.0917,0.1512,0.1958,0.2992,0.4066,0.2304,0.2088,-0.3285,0.1522,2.135,1.765,2.131,82.7,High Potential Exploration Zone,Barren Soil & Country Rock,True
MOIL-DB-01,1100.0,1100.0,21.557681,79.71488,0.0473,0.1147,0.0606,0.6504,0.1215,0.1144,0.8296,-0.7002,-0.6852,1.281,1.062,2.08,44.8,Low Potential / Barren,Dense / Moderate Canopy,True
MOIL-DB-01,1100.0,1200.0,21.55858,79.71488,0.0825,0.1448,0.2186,0.2642,0.3861,0.2811,0.0944,-0.292,0.1875,2.651,1.373,2.124,88.4,High Potential Exploration Zone,Barren Soil & Country Rock,True
MOIL-DB-01,1200.0,-1200.0,21.53702,79.71585,0.0922,0.1453,0.1629,0.2623,0.2896,0.3252,0.2338,-0.2871,0.0496,1.767,0.89,1.996,57.0,Medium Potential Zone,Barren Soil & Country Rock,True
MOIL-DB-01,1200.0,-1100.0,21.537919,79.71585,0.0394,0.0702,0.039,0.6411,0.1872,0.0586,0.8852,-0.8026,-0.5481,0.991,3.194,2.091,63.2,Medium Potential Zone,Dense / Moderate Canopy,True
MOIL-DB-01,1200.0,-1000.0,21.538817,79.71585,0.1368,0.1383,0.1621,0.2264,0.3886,0.3109,0.1656,-0.2417,0.2637,1.185,1.25,2.57,57.9,Medium Potential Zone,Barren Soil & Country Rock,True
MOIL-DB-01,1200.0,-900.0,21.539715,79.71585,0.0892,0.1499,0.1866,0.2574,0.3165,0.2275,0.1596,-0.264,0.103,2.092,1.391,2.033,70.6,Medium Potential Zone,Barren Soil & Country Rock,True
MOIL-DB-01,1200.0,-800.0,21.540614,79.71585,0.0385,0.1084,0.0501,0.7159,0.2163,0.069,0.8691,-0.737,-0.536,1.3,3.133,2.465,66.5,Medium Potential Zone,Dense / Moderate Canopy,True
MOIL-DB-01,1200.0,-700.0,21.541512,79.71585,0.1252,0.1666,0.2329,0.2853,0.3465,0.2653,0.1011,-0.2626,0.097,1.86,1.306,1.93,68.6,Medium Potential Zone,Barren Soil & Country Rock,True
MOIL-DB-01,1200.0,-600.0,21.54241,79.71585,0.0455,0.1186,0.0321,0.6067,0.172,0.0763,0.8996,-0.6729,-0.5582,0.705,2.253,3.981,45.7,Medium Potential Zone,Dense / Moderate Canopy,True
MOIL-DB-01,1200.0,-500.0,21.543308,79.71585,0.0373,0.0719,0.0478,0.5463,0.163,0.055,0.8392,-0.7674,-0.5404,1.281,2.964,1.804,64.9,Medium Potential Zone,Dense / Moderate Canopy,True
MOIL-DB-01,1200.0,-400.0,21.544207,79.71585,0.1174,0.161,0.2109,0.2963,0.4121,0.3233,0.1683,-0.2958,0.1634,1.796,1.275,2.154,65.7,Medium Potential Zone,Barren Soil & Country Rock,True
MOIL-DB-01,1200.0,-300.0,21.545105,79.71585,0.0265,0.0718,0.0535,0.6812,0.1902,0.088,0.8543,-0.8092,-0.5635,2.017,2.161,1.622,61.1,Medium Potential Zone,Dense / Moderate Canopy,True
MOIL-DB-01,1200.0,-200.0,21.546003,79.71585,0.0358,0.118,0.0626,0.6609,0.1717,0.0732,0.8269,-0.697,-0.5875,1.747,2.345,2.144,61.8,Medium Potential Zone,Dense / Moderate Canopy,True
MOIL-DB-01,1200.0,-100.0,21.546902,79.71585,0.0826,0.1218,0.2384,0.2314,0.2999,0.2781,-0.0149,-0.3103,0.1288,2.886,1.078,1.807,80.8,High Potential Exploration Zone,Barren Soil & Country Rock,True
MOIL-DB-01,1200.0,0.0,21.5478,79.71585,0.0476,0.0551,0.0683,0.5084,0.217,0.0879,0.7632,-0.8043,-0.4017,1.435,2.469,1.234,62.4,Medium Potential Zone,Dense / Moderate Canopy,True
MOIL-DB-01,1200.0,100.0,21.548698,79.71585,0.0295,0.0928,0.0584,0.4528,0.1234,0.1191,0.7714,-0.6597,-0.5716,1.983,1.037,1.861,47.2,Medium Potential Zone,Dense / Moderate Canopy,True
MOIL-DB-01,1200.0,200.0,21.549597,79.71585,0.0481,0.1011,0.0449,0.4907,0.2178,0.0909,0.8323,-0.6584,-0.3852,0.934,2.396,2.694,54.0,Medium Potential Zone,Dense / Moderate Canopy,True
MOIL-DB-01,1200.0,300.0,21.550495,79.71585,0.1209,0.1255,0.2294,0.229,0.3131,0.231,-0.0009,-0.2919,0.1551,1.898,1.355,1.914,74.7,Medium Potential Zone,Barren Soil & Country Rock,True
MOIL-DB-01,1200.0,400.0,21.551393,79.71585,0.1114,0.1612,0.2231,0.2895,0.3309,0.2869,0.1296,-0.2846,0.0667,2.002,1.153,1.866,69.4,Medium Potential Zone,Barren Soil & Country Rock,True
MOIL-DB-01,1200.0,500.0,21.552292,79.71585,0.0316,0.0677,0.0508,0.5303,0.1462,0.1045,0.8252,-0.7737,-0.5678,1.605,1.399,1.608,48.0,Medium Potential Zone,Dense / Moderate Canopy,True
MOIL-DB-01,1200.0,600.0,21.55319,79.71585,0.0351,0.1046,0.0375,0.5979,0.1836,0.0843,0.882,-0.7022,-0.5301,1.069,2.177,3.097,52.3,Medium Potential Zone,Dense / Moderate Canopy,True
MOIL-DB-01,1200.0,700.0,21.554088,79.71585,0.124,0.1703,0.2108,0.2369,0.2904,0.2562,0.0583,-0.1635,0.1015,1.7,1.134,2.034,69.1,Medium Potential Zone,Barren Soil & Country Rock,True
MOIL-DB-01,1200.0,800.0,21.554986,79.71585,0.1304,0.1622,0.2051,0.309,0.2954,0.3057,0.2021,-0.3115,-0.0224,1.573,0.966,1.747,61.5,Medium Potential Zone,Barren Soil & Country Rock,True
MOIL-DB-01,1200.0,900.0,21.555885,79.71585,0.0837,0.128,0.2361,0.264,0.2869,0.29,0.0559,-0.3471,0.0414,2.822,0.989,1.629,81.1,High Potential Exploration Zone,Barren Soil & Country Rock,True
MOIL-DB-01,1200.0,1000.0,21.556783,79.71585,0.0804,0.1655,0.1724,0.3142,0.363,0.2304,0.2915,-0.31,0.072,2.144,1.575,2.115,75.9,High Potential Exploration Zone,Barren Soil & Country Rock,True
MOIL-DB-01,1200.0,1100.0,21.557681,79.71585,0.1167,0.1403,0.2026,0.3,0.391,0.3038,0.1938,-0.3627,0.1317,1.737,1.287,1.996,70.7,Medium Potential Zone,Barren Soil & Country Rock,True
MOIL-DB-01,1200.0,1200.0,21.55858,79.71585,0.026,0.0624,0.062,0.5366,0.1712,0.1021,0.7929,-0.7916,-0.5162,2.385,1.677,1.326,67.0,Medium Potential Zone,Dense / Moderate Canopy,True
MOIL-BL-03,-1200.0,-1200.0,21.80172,80.17395,0.0878,0.1608,0.2254,0.2213,0.3588,0.2763,-0.0092,-0.1584,0.237,2.567,1.298,2.335,87.1,High Potential Exploration Zone,Barren Soil & Country Rock,True
MOIL-BL-03,-1200.0,-1100.0,21.802619,80.17395,0.0897,0.1313,0.218,0.2736,0.4174,0.2492,0.1131,-0.3515,0.208,2.431,1.675,2.128,86.9,High Potential Exploration Zone,Barren Soil & Country Rock,True
MOIL-BL-03,-1200.0,-1000.0,21.803517,80.17395,0.0355,0.0602,0.0359,0.6143,0.2031,0.1023,0.8895,-0.8214,-0.503,1.013,1.985,2.007,51.2,Medium Potential Zone,Dense / Moderate Canopy,True
MOIL-BL-03,-1200.0,-900.0,21.804415,80.17395,0.0252,0.0576,0.03,0.4775,0.1966,0.1127,0.8817,-0.7848,-0.4166,1.193,1.745,2.331,49.1,Medium Potential Zone,Dense / Moderate Canopy,True
MOIL-BL-03,-1200.0,-800.0,21.805314,80.17395,0.1277,0.1319,0.1799,0.2424,0.2872,0.2433,0.1479,-0.2951,0.0846,1.409,1.181,1.918,64.4,Medium Potential Zone,Barren Soil & Country Rock,True
MOIL-BL-03,-1200.0,-700.0,21.806212,80.17395,0.1043,0.1386,0.2012,0.2578,0.4159,0.3169,0.1234,-0.3008,0.2346,1.928,1.312,2.302,72.5,Medium Potential Zone,Barren Soil & Country Rock,True
MOIL-BL-03,-1200.0,-600.0,21.80711,80.17395,0.0367,0.0975,0.0367,0.6533,0.1436,0.0602,0.8937,-0.7403,-0.6396,0.998,2.385,2.878,54.3,Medium Potential Zone,Dense / Moderate Canopy,True
MOIL-BL-03,-1200.0,-500.0,21.808008,80.17395,0.1083,0.1372,0.2389,0.245,0.4013,0.258,0.0125,-0.282,0.2419,2.206,1.556,2.212,81.6,High Potential Exploration Zone,Barren Soil & Country Rock,True
MOIL-BL-03,-1200.0,-400.0,21.808907,80.17395,0.0398,0.0893,0.0467,0.6312,0.1607,0.0884,0.8623,-0.7521,-0.5941,1.173,1.819,2.168,47.9,Medium Potential Zone,Dense / Moderate Canopy,True
MOIL-BL-03,-1200.0,-300.0,21.809805,80.17395,0.028,0.0738,0.0307,0.6801,0.1956,0.0628,0.9136,-0.8043,-0.5533,1.096,3.112,2.689,64.5,Medium Potential Zone,Dense / Moderate Canopy,True
MOIL-BL-03,-1200.0,-200.0,21.810703,80.17395,0.1053,0.1401,0.2239,0.2925,0.3874,0.3285,0.133,-0.3525,0.1395,2.127,1.179,1.95,70.4,Medium Potential Zone,Barren Soil & Country Rock,True
MOIL-BL-03,-1200.0,-100.0,21.811602,80.17395,0.0384,0.1005,0.0572,0.6848,0.197,0.0584,0.8457,-0.744,-0.5532,1.489,3.372,2.044,74.3,Medium Potential Zone,Dense / Moderate Canopy,True
MOIL-BL-03,-1200.0,0.0,21.8125,80.17395,0.0405,0.0589,0.0609,0.5468,0.2006,0.1169,0.7996,-0.8055,-0.4632,1.503,1.716,1.334,50.8,Medium Potential Zone,Dense / Moderate Canopy,True
MOIL-BL-03,-1200.0,100.0,21.813398,80.17395,0.1314,0.1664,0.2137,0.2585,0.2954,0.2781,0.0949,-0.2167,0.0666,1.626,1.062,1.921,63.3,Medium Potential Zone,Barren Soil & Country Rock,True
MOIL-BL-03,-1200.0,200.0,21.814297,80.17395,0.11,0.1692,0.2398,0.2398,0.3091,0.3173,-0.0,-0.1726,0.1263,2.18,0.974,1.995,71.0,Medium Potential Zone,Barren Soil & Country Rock,True
MOIL-BL-03,-1200.0,300.0,21.815195,80.17395,0.0475,0.1038,0.0595,0.4775,0.1236,0.0722,0.7786,-0.6428,-0.5888,1.252,1.712,2.005,47.9,Medium Potential Zone,Dense / Moderate Canopy,True
MOIL-BL-03,-1200.0,400.0,21.816093,80.17395,0.1227,0.147,0.2019,0.3014,0.347,0.2854,0.1978,-0.3442,0.0704,1.645,1.216,1.88,62.2,Medium Potential Zone,Barren Soil & Country Rock,True
MOIL-BL-03,-1200.0,500.0,21.816992,80.17395,0.0329,0.0558,0.0509,0.6064,0.1712,0.0681,0.8452,-0.8314,-0.5597,1.544,2.515,1.38,61.0,Medium Potential Zone,Dense / Moderate Canopy,True
MOIL-BL-03,-1200.0,600.0,21.81789,80.17395,0.1022,0.13,0.2133,0.2815,0.3685,0.247,0.1378,-0.3682,0.134,2.087,1.492,1.919,73.0,Medium Potential Zone,Barren Soil & Country Rock,True
MOIL-BL-03,-1200.0,700.0,21.818788,80.17395,0.1272,0.1614,0.23,0.2604,0.3566,0.3087,0.0619,-0.2346,0.156,1.808,1.155,2.072,66.9,Medium Potential Zone,Barren Soil & Country Rock,True
MOIL-BL-03,-1200.0,800.0,21.819686,80.17395,0.0497,0.1199,0.0656,0.6227,0.1207,0.099,0.8093,-0.677,-0.6753,1.321,1.22,2.022,39.8,Low Potential / Barren,Dense / Moderate Canopy,True
MOIL-BL-03,-1200.0,900.0,21.820585,80.17395,0.0834,0.1618,0.2205,0.2859,0.3311,0.2813,0.1293,-0.2772,0.0732,2.643,1.177,1.892,74.6,Medium Potential Zone,Barren Soil & Country Rock,True
MOIL-BL-03,-1200.0,1000.0,21.821483,80.17395,0.0419,0.0853,0.0537,0.7005,0.1594,0.0571,0.8575,-0.7828,-0.6293,1.283,2.79,1.815,61.3,Medium Potential Zone,Dense / Moderate Canopy,True
MOIL-BL-03,-1200.0,1100.0,21.822381,80.17395,0.1049,0.1364,0.2023,0.2505,0.2944,0.2426,0.1064,-0.295,0.0807,1.928,1.214,1.85,67.5,Medium Potential Zone,Barren Soil & Country Rock,True
MOIL-BL-03,-1200.0,1200.0,21.82328,80.17395,0.0389,0.072,0.0447,0.5832,0.1873,0.0908,0.8577,-0.7802,-0.5138,1.149,2.064,1.933,48.8,Medium Potential Zone,Dense / Moderate Canopy,True
MOIL-BL-03,-1100.0,-1200.0,21.80172,80.17492,0.0388,0.1138,0.0302,0.6905,0.1921,0.0621,0.9161,-0.7171,-0.5646,0.779,3.096,4.043,68.2,Medium Potential Zone,Dense / Moderate Canopy,True
MOIL-BL-03,-1100.0,-1100.0,21.802619,80.17492,0.1126,0.1275,0.2228,0.2991,0.3221,0.2284,0.1462,-0.4023,0.037,1.979,1.411,1.649,78.5,High Potential Exploration Zone,Barren Soil & Country Rock,True
MOIL-BL-03,-1100.0,-1000.0,21.803517,80.17492,0.0275,0.0547,0.0432,0.7116,0.1993,0.0836,0.8855,-0.8572,-0.5624,1.57,2.383,1.547,65.2,Medium Potential Zone,Dense / Moderate Canopy,True
MOIL-BL-03,-1100.0,-900.0,21.804415,80.17492,0.1054,0.121,0.2175,0.23,0.3527,0.2879,0.0279,-0.3103,0.2106,2.063,1.225,2.09,78.2,High Potential Exploration Zone,Barren Soil & Country Rock,True
MOIL-BL-03,-1100.0,-800.0,21.805314,80.17492,0.1388,0.1381,0.1662,0.3054,0.3013,0.223,0.2953,-0.3772,-0.0069,1.197,1.351,1.818,61.4,Medium Potential Zone,Barren Soil & Country Rock,True
MOIL-BL-03,-1100.0,-700.0,21.806212,80.17492,0.0239,0.1188,0.0304,0.4638,0.2033,0.0668,0.8769,-0.5923,-0.3905,1.273,3.045,4.343,69.4,Medium Potential Zone,Dense / Moderate Canopy,True
MOIL-BL-03,-1100.0,-600.0,21.80711,80.17492,0.0293,0.0549,0.0304,0.5263,0.1674,0.0501,0.8907,-0.8111,-0.5174,1.037,3.343,2.122,70.2,Medium Potential Zone,Dense / Moderate Canopy,True
MOIL-BL-03,-1100.0,-500.0,21.808008,80.17492,0.03,0.0773,0.0405,0.5928,0.143,0.0594,0.8722,-0.7693,-0.6113,1.348,2.406,2.152,59.6,Medium Potential Zone,Dense / Moderate Canopy,True
MOIL-BL-03,-1100.0,-400.0,21.808907,80.17492,0.0317,0.0554,0.0392,0.5337,0.197,0.0516,0.8631,-0.812,-0.4609,1.236,3.82,1.781,79.3,High Potential Exploration Zone,Dense / Moderate Canopy,True
MOIL-BL-03,-1100.0,-300.0,21.809805,80.17492,0.0322,0.1178,0.0372,0.6195,0.1402,0.0884,0.8867,-0.6805,-0.6309,1.154,1.586,3.392,43.7,Low Potential / Barren,Dense / Moderate Canopy,True
MOIL-BL-03,-1100.0,-200.0,21.810703,80.17492,0.0223,0.082,0.0484,0.5362,0.1477,0.0657,0.8343,-0.7348,-0.568,2.176,2.248,1.967,66.5,Medium Potential Zone,Dense / Moderate Canopy,True
MOIL-BL-03,-1100.0,-100.0,21.811602,80.17492,0.0801,0.1554,0.1833,0.2368,0.3759,0.2835,0.1273,-0.2076,0.227,2.288,1.326,2.435,74.8,Medium Potential Zone,Barren Soil & Country Rock,True
MOIL-BL-03,-1100.0,0.0,21.8125,80.17492,0.0449,0.1009,0.0351,0.6298,0.1894,0.1034,0.8945,-0.7239,-0.5376,0.78,1.831,3.178,41.9,Low Potential / Barren,Dense / Moderate Canopy,True
MOIL-BL-03,-1100.0,100.0,21.813398,80.17492,0.1184,0.1571,0.1908,0.2864,0.2921,0.2972,0.2002,-0.2915,0.01,1.611,0.983,1.843,59.2,Medium Potential Zone,Barren Soil & Country Rock,True
MOIL-BL-03,-1100.0,200.0,21.814297,80.17492,0.0263,0.1073,0.065,0.5068,0.1276,0.0923,0.7727,-0.6506,-0.5978,2.469,1.383,1.903,57.6,Medium Potential Zone,Dense / Moderate Canopy,True
MOIL-BL-03,-1100.0,300.0,21.815195,80.17492,0.0328,0.1033,0.0688,0.579,0.1206,0.0917,0.7876,-0.6973,-0.6552,2.095,1.315,1.71,51.6,Medium Potential Zone,Dense / Moderate Canopy,True
MOIL-BL-03,-1100.0,400.0,21.816093,80.17492,0.0448,0.064,0.051,0.5707,0.1864,0.0545,0.836,-0.7985,-0.5075,1.137,3.422,1.581,70.6,Medium Potential Zone,Dense / Moderate Canopy,True
MOIL-BL-03,-1100.0,500.0,21.816992,80.17492,0.0353,0.1114,0.0436,0.6265,0.2157,0.116,0.8698,-0.6981,-0.4878,1.234,1.859,2.899,47.1,Medium Potential Zone,Dense / Moderate Canopy,True
MOIL-BL-03,-1100.0,600.0,21.81789,80.17492,0.0213,0.0782,0.0324,0.5336,0.1375,0.0934,0.8854,-0.7443,-0.5903,1.523,1.472,2.669,44.0,Low Potential / Barren,Dense / Moderate Canopy,True
MOIL-BL-03,-1100.0,700.0,21.818788,80.17492,0.0354,0.1057,0.0305,0.6715,0.1378,0.0823,0.9131,-0.728,-0.6594,0.862,1.676,3.669,38.6,Low Potential / Barren,Dense / Moderate Canopy,True
MOIL-BL-03,-1100.0,800.0,21.819686,80.17492,0.0462,0.1176,0.0402,0.4682,0.1851,0.0852,0.8418,-0.5984,-0.4334,0.87,2.172,3.321,48.1,Medium Potential Zone,Dense / Moderate Canopy,True
MOIL-BL-03,-1100.0,900.0,21.820585,80.17492,0.0214,0.1043,0.0393,0.5404,0.1428,0.1162,0.8644,-0.6765,-0.5819,1.837,1.229,2.918,44.2,Low Potential / Barren,Dense / Moderate Canopy,True
MOIL-BL-03,-1100.0,1000.0,21.821483,80.17492,0.1239,0.1347,0.194,0.3196,0.2941,0.3258,0.2446,-0.4069,-0.0416,1.565,0.903,1.615,54.8,Medium Potential Zone,Barren Soil & Country Rock,True
MOIL-BL-03,-1100.0,1100.0,21.822381,80.17492,0.0409,0.0507,0.0628,0.6882,0.2181,0.1088,0.8327,-0.8628,-0.5187,1.534,2.005,1.124,53.2,Medium Potential Zone,Dense / Moderate Canopy,True
MOIL-BL-03,-1100.0,1200.0,21.82328,80.17492,0.0407,0.084,0.0441,0.6191,0.197,0.0945,0.867,-0.7612,-0.5173,1.085,2.084,2.221,48.2,Medium Potential Zone,Dense / Moderate Canopy,True
MOIL-BL-03,-1000.0,-1200.0,21.80172,80.175891,0.0731,0.0688,0.1574,0.1713,0.2672,0.2287,0.0423,-0.4267,0.2188,2.154,1.168,1.997,83.7,High Potential Exploration Zone,Manganese Gossan / Alteration Outcrop,True
MOIL-BL-03,-1000.0,-1100.0,21.802619,80.175891,0.0779,0.0869,0.1486,0.1754,0.3258,0.2188,0.0826,-0.3374,0.3001,1.908,1.489,2.442,83.0,High Potential Exploration Zone,Manganese Gossan / Alteration Outcrop,True
MOIL-BL-03,-1000.0,-1000.0,21.803517,80.175891,0.0282,0.0742,0.0582,0.6078,0.1293,0.1181,0.8252,-0.7824,-0.6491,2.063,1.095,1.487,55.3,Medium Potential Zone,Dense / Moderate Canopy,True
MOIL-BL-03,-1000.0,-900.0,21.804415,80.175891,0.085,0.1621,0.2166,0.2219,0.37,0.224,0.012,-0.1558,0.2502,2.549,1.652,2.416,92.4,High Potential Exploration Zone,Barren Soil & Country Rock,True
MOIL-BL-03,-1000.0,-800.0,21.805314,80.175891,0.0409,0.0631,0.0363,0.6038,0.1834,0.1082,0.8865,-0.8109,-0.5341,0.888,1.695,2.04,46.8,Medium Potential Zone,Dense / Moderate Canopy,True
MOIL-BL-03,-1000.0,-700.0,21.806212,80.175891,0.0318,0.1091,0.0517,0.5771,0.1899,0.0572,0.8356,-0.682,-0.5048,1.627,3.319,2.439,80.2,High Potential Exploration Zone,Dense / Moderate Canopy,True
MOIL-BL-03,-1000.0,-600.0,21.80711,80.175891,0.129,0.1502,0.2326,0.2289,0.3239,0.2627,-0.0082,-0.2074,0.1719,1.803,1.233,2.061,75.2,High Potential Exploration Zone,Barren Soil & Country Rock,True
MOIL-BL-03,-1000.0,-500.0,21.808008,80.175891,0.0496,0.0717,0.0507,0.5947,0.1971,0.0863,0.8428,-0.7847,-0.5022,1.023,2.285,1.745,56.0,Medium Potential Zone,Dense / Moderate Canopy,True
MOIL-BL-03,-1000.0,-400.0,21.808907,80.175891,0.0426,0.0571,0.0685,0.6785,0.1589,0.101,0.8165,-0.8448,-0.6205,1.609,1.573,1.067,52.2,Medium Potential Zone,Dense / Moderate Canopy,True
MOIL-BL-03,-1000.0,-300.0,21.809805,80.175891,0.0455,0.0632,0.0581,0.459,0.1316,0.1043,0.7751,-0.758,-0.5545,1.278,1.261,1.373,44.4,Low Potential / Barren,Dense / Moderate Canopy,True
MOIL-BL-03,-1000.0,-200.0,21.810703,80.175891,0.0378,0.0907,0.06,0.6946,0.1621,0.058,0.841,-0.769,-0.6216,1.588,2.793,1.746,68.5,Medium Potential Zone,Dense / Moderate Canopy,True
MOIL-BL-03,-1000.0,-100.0,21.811602,80.175891,0.0302,0.0594,0.0546,0.6061,0.1674,0.1102,0.8348,-0.8216,-0.5671,1.804,1.519,1.364,51.6,Medium Potential Zone,Dense / Moderate Canopy,True
MOIL-BL-03,-1000.0,0.0,21.8125,80.175891,0.0808,0.1394,0.1608,0.2744,0.333,0.3177,0.261,-0.3262,0.0965,1.99,1.048,2.081,63.5,Medium Potential Zone,Barren Soil & Country Rock,True
MOIL-BL-03,-1000.0,100.0,21.813398,80.175891,0.033,0.0652,0.0469,0.6232,0.139,0.1041,0.86,-0.8107,-0.6352,1.419,1.335,1.612,43.0,Low Potential / Barren,Dense / Moderate Canopy,True
MOIL-BL-03,-1000.0,200.0,21.814297,80.175891,0.1359,0.1507,0.2278,0.2816,0.3576,0.3019,0.1057,-0.3027,0.119,1.676,1.185,1.932,66.0,Medium Potential Zone,Barren Soil & Country Rock,True
MOIL-BL-03,-1000.0,300.0,21.815195,80.175891,0.0393,0.1058,0.0376,0.5249,0.143,0.1059,0.8663,-0.6645,-0.5719,0.956,1.35,3.085,37.2,Low Potential / Barren,Dense / Moderate Canopy,True
MOIL-BL-03,-1000.0,400.0,21.816093,80.175891,0.1278,0.1433,0.1664,0.2624,0.3221,0.291,0.2241,-0.2935,0.102,1.302,1.107,2.089,56.5,Medium Potential Zone,Barren Soil & Country Rock,True
MOIL-BL-03,-1000.0,500.0,21.816992,80.175891,0.0289,0.1104,0.0463,0.5771,0.2047,0.0562,0.8515,-0.6789,-0.4764,1.601,3.639,2.74,78.9,High Potential Exploration Zone,Dense / Moderate Canopy,True
MOIL-BL-03,-1000.0,600.0,21.81789,80.175891,0.1042,0.1497,0.1685,0.2303,0.3383,0.224,0.1549,-0.2119,0.19,1.617,1.511,2.358,67.8,Medium Potential Zone,Barren Soil & Country Rock,True
MOIL-BL-03,-1000.0,700.0,21.818788,80.175891,0.0921,0.1494,0.1609,0.2876,0.3998,0.3048,0.2825,-0.3163,0.1632,1.747,1.312,2.319,62.4,Medium Potential Zone,Barren Soil & Country Rock,True
MOIL-BL-03,-1000.0,800.0,21.819686,80.175891,0.0393,0.0855,0.0388,0.5255,0.1518,0.0527,0.8626,-0.7201,-0.5518,0.986,2.882,2.495,59.7,Medium Potential Zone,Dense / Moderate Canopy,True
MOIL-BL-03,-1000.0,900.0,21.820585,80.175891,0.047,0.0575,0.0523,0.5763,0.1883,0.0922,0.8337,-0.8184,-0.5073,1.112,2.042,1.428,49.3,Medium Potential Zone,Dense / Moderate Canopy,True
MOIL-BL-03,-1000.0,1000.0,21.821483,80.175891,0.1196,0.1565,0.2025,0.2602,0.4137,0.3219,0.1248,-0.2488,0.2277,1.693,1.285,2.363,65.7,Medium Potential Zone,Barren Soil & Country Rock,True
MOIL-BL-03,-1000.0,1100.0,21.822381,80.175891,0.0202,0.0802,0.058,0.4817,0.1607,0.0634,0.785,-0.7144,-0.4998,2.873,2.533,1.717,78.0,High Potential Exploration Zone,Dense / Moderate Canopy,True
MOIL-BL-03,-1000.0,1200.0,21.82328,80.175891,0.0816,0.1276,0.1964,0.3098,0.3487,0.2744,0.2241,-0.4166,0.059,2.407,1.271,1.775,70.5,Medium Potential Zone,Barren Soil & Country Rock,True
MOIL-BL-03,-900.0,-1200.0,21.80172,80.176862,0.0715,0.0734,0.1295,0.161,0.3508,0.2545,0.1083,-0.3737,0.3709,1.811,1.378,2.746,84.1,High Potential Exploration Zone,Manganese Gossan / Alteration Outcrop,True
MOIL-BL-03,-900.0,-1100.0,21.802619,80.176862,0.0437,0.0934,0.2132,0.1445,0.3263,0.2217,-0.192,-0.215,0.3862,4.882,1.472,2.696,98.0,High Potential Exploration Zone,Manganese Gossan / Alteration Outcrop,True
MOIL-BL-03,-900.0,-1000.0,21.803517,80.176862,0.06,0.0864,0.1971,0.1957,0.323,0.2166,-0.0036,-0.3874,0.2455,3.283,1.491,2.089,98.0,High Potential Exploration Zone,Manganese Gossan / Alteration Outcrop,True
MOIL-BL-03,-900.0,-900.0,21.804415,80.176862,0.121,0.12,0.1863,0.2418,0.3344,0.2574,0.1297,-0.3366,0.1607,1.54,1.299,2.027,74.2,Medium Potential Zone,Barren Soil & Country Rock,True
MOIL-BL-03,-900.0,-800.0,21.805314,80.176862,0.0278,0.0893,0.0482,0.6663,0.1628,0.1105,0.865,-0.7637,-0.6073,1.735,1.474,2.095,55.7,Medium Potential Zone,Dense / Moderate Canopy,True
MOIL-BL-03,-900.0,-700.0,21.806212,80.176862,0.1163,0.1206,0.2171,0.2435,0.3332,0.2657,0.0573,-0.3376,0.1556,1.867,1.254,1.924,77.0,High Potential Exploration Zone,Barren Soil & Country Rock,True
MOIL-BL-03,-900.0,-600.0,21.80711,80.176862,0.0231,0.0967,0.0693,0.456,0.2166,0.0513,0.7363,-0.6502,-0.356,3.003,4.223,1.871,98.0,High Potential Exploration Zone,Dense / Moderate Canopy,True
MOIL-BL-03,-900.0,-500.0,21.808008,80.176862,0.0488,0.1195,0.0484,0.6841,0.1322,0.0798,0.8679,-0.7026,-0.676,0.99,1.658,2.664,46.8,Medium Potential Zone,Dense / Moderate Canopy,True
MOIL-BL-03,-900.0,-400.0,21.808907,80.176862,0.1037,0.1621,0.167,0.3198,0.3689,0.3248,0.3139,-0.3272,0.0713,1.61,1.136,2.124,61.9,Medium Potential Zone,Barren Soil & Country Rock,True
MOIL-BL-03,-900.0,-300.0,21.809805,80.176862,0.043,0.0527,0.0507,0.5386,0.1313,0.074,0.8281,-0.8216,-0.608,1.179,1.774,1.285,50.4,Medium Potential Zone,Dense / Moderate Canopy,True
MOIL-BL-03,-900.0,-200.0,21.810703,80.176862,0.0269,0.0811,0.0462,0.4642,0.1828,0.0933,0.819,-0.7025,-0.4349,1.716,1.959,2.15,59.0,Medium Potential Zone,Dense / Moderate Canopy,True
MOIL-BL-03,-900.0,-100.0,21.811602,80.176862,0.0289,0.0793,0.0461,0.6983,0.1609,0.081,0.876,-0.796,-0.6255,1.595,1.986,1.949,55.8,Medium Potential Zone,Dense / Moderate Canopy,True
MOIL-BL-03,-900.0,0.0,21.8125,80.176862,0.0801,0.1266,0.2163,0.2882,0.3252,0.2768,0.1426,-0.3896,0.0602,2.702,1.175,1.713,77.8,High Potential Exploration Zone,Barren Soil & Country Rock,True
MOIL-BL-03,-900.0,100.0,21.813398,80.176862,0.1239,0.1705,0.2319,0.2374,0.3773,0.3356,0.0116,-0.1638,0.2276,1.873,1.124,2.325,71.1,Medium Potential Zone,Barren Soil & Country Rock,True
MOIL-BL-03,-900.0,200.0,21.814297,80.176862,0.0305,0.0945,0.0575,0.5572,0.1304,0.0925,0.8128,-0.7099,-0.6207,1.885,1.41,1.877,51.1,Medium Potential Zone,Dense / Moderate Canopy,True
MOIL-BL-03,-900.0,300.0,21.815195,80.176862,0.0499,0.0656,0.058,0.4576,0.217,0.0509,0.775,-0.7492,-0.3567,1.162,4.265,1.605,86.4,High Potential Exploration Zone,Dense / Moderate Canopy,True
MOIL-BL-03,-900.0,400.0,21.816093,80.176862,0.0846,0.1573,0.1872,0.2933,0.3481,0.2703,0.2209,-0.3019,0.0854,2.213,1.288,2.027,70.1,Medium Potential Zone,Barren Soil & Country Rock,True
MOIL-BL-03,-900.0,500.0,21.816992,80.176862,0.0852,0.1323,0.2111,0.2697,0.2898,0.2853,0.1218,-0.3418,0.036,2.479,1.016,1.701,71.8,Medium Potential Zone,Barren Soil & Country Rock,True
MOIL-BL-03,-900.0,600.0,21.81789,80.176862,0.1107,0.1779,0.1846,0.2924,0.3844,0.2686,0.2259,-0.2434,0.136,1.667,1.431,2.279,65.4,Medium Potential Zone,Barren Soil & Country Rock,True
MOIL-BL-03,-900.0,700.0,21.818788,80.176862,0.0342,0.0698,0.0602,0.6398,0.2101,0.0933,0.828,-0.8032,-0.5056,1.762,2.252,1.489,60.6,Medium Potential Zone,Dense / Moderate Canopy,True
MOIL-BL-03,-900.0,800.0,21.819686,80.176862,0.1228,0.1571,0.2093,0.305,0.4075,0.2416,0.186,-0.3199,0.1438,1.704,1.686,2.087,70.5,Medium Potential Zone,Barren Soil & Country Rock,True
MOIL-BL-03,-900.0,900.0,21.820585,80.176862,0.119,0.1534,0.2122,0.2633,0.3377,0.2341,0.1075,-0.2636,0.1239,1.783,1.443,2.006,69.9,Medium Potential Zone,Barren Soil & Country Rock,True
MOIL-BL-03,-900.0,1000.0,21.821483,80.176862,0.0253,0.097,0.0687,0.5192,0.1342,0.0517,0.7664,-0.6853,-0.5892,2.718,2.596,1.67,78.0,High Potential Exploration Zone,Dense / Moderate Canopy,True
MOIL-BL-03,-900.0,1100.0,21.822381,80.176862,0.0929,0.1495,0.2019,0.2549,0.385,0.3286,0.116,-0.2607,0.2032,2.174,1.172,2.251,69.8,Medium Potential Zone,Barren Soil & Country Rock,True
MOIL-BL-03,-900.0,1200.0,21.82328,80.176862,0.1302,0.1279,0.1783,0.2761,0.3229,0.225,0.2153,-0.367,0.0781,1.37,1.435,1.887,61.5,Medium Potential Zone,Barren Soil & Country Rock,True
MOIL-BL-03,-800.0,-1200.0,21.80172,80.177833,0.0518,0.1052,0.1374,0.2164,0.3411,0.1917,0.2232,-0.3455,0.2238,2.653,1.78,2.342,98.0,High Potential Exploration Zone,Manganese Gossan / Alteration Outcrop,True
MOIL-BL-03,-800.0,-1100.0,21.802619,80.177833,0.0532,0.0695,0.1223,0.1573,0.2682,0.1983,0.1251,-0.3873,0.2607,2.3,1.353,2.273,90.3,High Potential Exploration Zone,Manganese Gossan / Alteration Outcrop,True
MOIL-BL-03,-800.0,-1000.0,21.803517,80.177833,0.0436,0.0863,0.1523,0.2308,0.2662,0.2463,0.2051,-0.4557,0.0712,3.489,1.081,1.72,95.4,High Potential Exploration Zone,Manganese Gossan / Alteration Outcrop,True
MOIL-BL-03,-800.0,-900.0,21.804415,80.177833,0.076,0.0624,0.1716,0.1851,0.37,0.253,0.0377,-0.4959,0.3332,2.258,1.462,2.363,90.2,High Potential Exploration Zone,Manganese Gossan / Alteration Outcrop,True
MOIL-BL-03,-800.0,-800.0,21.805314,80.177833,0.054,0.0956,0.1783,0.1747,0.3499,0.2535,-0.0101,-0.2928,0.334,3.303,1.38,2.539,98.0,High Potential Exploration Zone,Manganese Gossan / Alteration Outcrop,True
MOIL-BL-03,-800.0,-700.0,21.806212,80.177833,0.1319,0.1438,0.2116,0.2597,0.4034,0.2981,0.1019,-0.2871,0.2167,1.604,1.353,2.233,76.2,High Potential Exploration Zone,Barren Soil & Country Rock,True
MOIL-BL-03,-800.0,-600.0,21.80711,80.177833,0.0494,0.0696,0.0326,0.5893,0.1624,0.0818,0.8951,-0.7886,-0.5679,0.66,1.985,2.411,49.8,Medium Potential Zone,Dense / Moderate Canopy,True
MOIL-BL-03,-800.0,-500.0,21.808008,80.177833,0.0385,0.0775,0.0645,0.6259,0.209,0.1139,0.8131,-0.7797,-0.4994,1.678,1.835,1.535,60.6,Medium Potential Zone,Dense / Moderate Canopy,True
MOIL-BL-03,-800.0,-400.0,21.808907,80.177833,0.1208,0.1391,0.2269,0.2933,0.3078,0.3326,0.1276,-0.3567,0.0242,1.878,0.925,1.662,68.8,Medium Potential Zone,Barren Soil & Country Rock,True
MOIL-BL-03,-800.0,-300.0,21.809805,80.177833,0.0485,0.0641,0.0648,0.6304,0.1752,0.1074,0.8136,-0.8153,-0.565,1.337,1.631,1.268,51.8,Medium Potential Zone,Dense / Moderate Canopy,True
MOIL-BL-03,-800.0,-200.0,21.810703,80.177833,0.0401,0.0678,0.0627,0.6256,0.2044,0.0746,0.8179,-0.8045,-0.5074,1.564,2.74,1.408,70.1,Medium Potential Zone,Dense / Moderate Canopy,True
MOIL-BL-03,-800.0,-100.0,21.811602,80.177833,0.0814,0.1661,0.1864,0.2527,0.3764,0.2503,0.151,-0.2068,0.1966,2.289,1.504,2.381,79.2,High Potential Exploration Zone,Barren Soil & Country Rock,True
MOIL-BL-03,-800.0,0.0,21.8125,80.177833,0.0361,0.1179,0.0331,0.5409,0.1581,0.1011,0.8848,-0.6422,-0.5476,0.915,1.564,3.857,41.8,Low Potential / Barren,Dense / Moderate Canopy,True
MOIL-BL-03,-800.0,100.0,21.813398,80.177833,0.1025,0.1746,0.1692,0.2945,0.3783,0.2357,0.2704,-0.2555,0.1246,1.65,1.605,2.317,68.7,Medium Potential Zone,Barren Soil & Country Rock,True
MOIL-BL-03,-800.0,200.0,21.814297,80.177833,0.0371,0.0701,0.0424,0.6749,0.1431,0.0859,0.8817,-0.8117,-0.6501,1.144,1.666,1.864,45.1,Medium Potential Zone,Dense / Moderate Canopy,True
MOIL-BL-03,-800.0,300.0,21.815195,80.177833,0.0239,0.1153,0.0404,0.5361,0.1866,0.0555,0.8598,-0.6461,-0.4836,1.692,3.364,3.199,77.0,High Potential Exploration Zone,Dense / Moderate Canopy,True
MOIL-BL-03,-800.0,400.0,21.816093,80.177833,0.0475,0.0674,0.0445,0.5127,0.2019,0.0617,0.8404,-0.7675,-0.435,0.937,3.27,1.91,67.2,Medium Potential Zone,Dense / Moderate Canopy,True
MOIL-BL-03,-800.0,500.0,21.816992,80.177833,0.1161,0.1443,0.1652,0.3148,0.3273,0.2735,0.3115,-0.3714,0.0195,1.424,1.197,1.913,57.2,Medium Potential Zone,Barren Soil & Country Rock,True
MOIL-BL-03,-800.0,600.0,21.81789,80.177833,0.1319,0.1375,0.1616,0.2516,0.4178,0.2376,0.2179,-0.2934,0.2482,1.225,1.758,2.511,65.9,Medium Potential Zone,Barren Soil & Country Rock,True
MOIL-BL-03,-800.0,700.0,21.818788,80.177833,0.1147,0.1423,0.2236,0.2932,0.306,0.2878,0.1347,-0.3465,0.0213,1.95,1.063,1.68,66.0,Medium Potential Zone,Barren Soil & Country Rock,True
MOIL-BL-03,-800.0,800.0,21.819686,80.177833,0.1064,0.1628,0.1932,0.2318,0.2886,0.3224,0.0908,-0.1747,0.1092,1.816,0.895,2.088,63.1,Medium Potential Zone,Barren Soil & Country Rock,True
MOIL-BL-03,-800.0,900.0,21.820585,80.177833,0.0303,0.0615,0.0691,0.5974,0.1677,0.1019,0.7925,-0.8133,-0.5617,2.283,1.645,1.17,58.4,Medium Potential Zone,Dense / Moderate Canopy,True
MOIL-BL-03,-800.0,1000.0,21.821483,80.177833,0.1148,0.1734,0.1618,0.2873,0.3572,0.3341,0.2793,-0.2472,0.1085,1.41,1.069,2.315,55.0,Medium Potential Zone,Barren Soil & Country Rock,True
MOIL-BL-03,-800.0,1100.0,21.822381,80.177833,0.1315,0.1385,0.1944,0.2413,0.4009,0.2434,0.1077,-0.2706,0.2485,1.478,1.647,2.374,69.5,Medium Potential Zone,Barren Soil & Country Rock,True
MOIL-BL-03,-800.0,1200.0,21.82328,80.177833,0.0337,0.1085,0.0406,0.4858,0.1755,0.0857,0.8458,-0.635,-0.4693,1.205,2.049,3.034,50.1,Medium Potential Zone,Dense / Moderate Canopy,True
MOIL-BL-03,-700.0,-1200.0,21.80172,80.178804,0.0543,0.0931,0.1295,0.2022,0.2696,0.1942,0.2191,-0.3693,0.1429,2.387,1.389,2.053,96.1,High Potential Exploration Zone,Manganese Gossan / Alteration Outcrop,True
MOIL-BL-03,-700.0,-1100.0,21.802619,80.178804,0.0764,0.083,0.1963,0.1489,0.248,0.2344,-0.1374,-0.2843,0.2497,2.57,1.058,2.088,97.0,High Potential Exploration Zone,Manganese Gossan / Alteration Outcrop,True
MOIL-BL-03,-700.0,-1000.0,21.803517,80.178804,0.0526,0.0602,0.1383,0.1619,0.2804,0.2765,0.0784,-0.4575,0.268,2.629,1.014,2.168,92.1,High Potential Exploration Zone,Manganese Gossan / Alteration Outcrop,True
MOIL-BL-03,-700.0,-900.0,21.804415,80.178804,0.0568,0.094,0.1218,0.2214,0.2736,0.214,0.29,-0.404,0.1056,2.144,1.279,2.007,81.9,High Potential Exploration Zone,Manganese Gossan / Alteration Outcrop,True
MOIL-BL-03,-700.0,-800.0,21.805314,80.178804,0.0418,0.0805,0.2053,0.1779,0.3672,0.2754,-0.0715,-0.377,0.3473,4.909,1.333,2.457,98.0,High Potential Exploration Zone,Manganese Gossan / Alteration Outcrop,True
MOIL-BL-03,-700.0,-700.0,21.806212,80.178804,0.0425,0.0753,0.211,0.143,0.3472,0.2797,-0.1922,-0.3103,0.4166,4.968,1.241,2.785,98.0,High Potential Exploration Zone,Manganese Gossan / Alteration Outcrop,True
MOIL-BL-03,-700.0,-600.0,21.80711,80.178804,0.0708,0.0972,0.2043,0.2066,0.2992,0.1869,0.0055,-0.3601,0.1832,2.885,1.601,1.924,98.0,High Potential Exploration Zone,Manganese Gossan / Alteration Outcrop,True
MOIL-BL-03,-700.0,-500.0,21.808008,80.178804,0.0472,0.0858,0.0513,0.5589,0.2057,0.051,0.8319,-0.7338,-0.462,1.088,4.03,2.041,88.2,High Potential Exploration Zone,Dense / Moderate Canopy,True
MOIL-BL-03,-700.0,-400.0,21.808907,80.178804,0.0472,0.0572,0.0684,0.7113,0.213,0.0824,0.8246,-0.8511,-0.5391,1.448,2.585,1.136,69.6,Medium Potential Zone,Dense / Moderate Canopy,True
MOIL-BL-03,-700.0,-300.0,21.809805,80.178804,0.1224,0.1391,0.1655,0.3101,0.3689,0.2449,0.3042,-0.3807,0.0865,1.352,1.507,2.03,66.9,Medium Potential Zone,Barren Soil & Country Rock,True
MOIL-BL-03,-700.0,-200.0,21.810703,80.178804,0.1234,0.1712,0.1925,0.2281,0.3708,0.2556,0.0847,-0.1426,0.2383,1.559,1.451,2.515,74.1,Medium Potential Zone,Barren Soil & Country Rock,True
MOIL-BL-03,-700.0,-100.0,21.811602,80.178804,0.1106,0.1489,0.2013,0.3024,0.3478,0.3281,0.2006,-0.3401,0.0699,1.82,1.06,1.89,66.9,Medium Potential Zone,Barren Soil & Country Rock,True
MOIL-BL-03,-700.0,0.0,21.8125,80.178804,0.0395,0.054,0.0646,0.6945,0.1575,0.0868,0.8298,-0.8558,-0.6303,1.634,1.814,1.062,56.5,Medium Potential Zone,Dense / Moderate Canopy,True
MOIL-BL-03,-700.0,100.0,21.813398,80.178804,0.0809,0.1488,0.1703,0.2383,0.3473,0.324,0.1663,-0.2314,0.1861,2.106,1.072,2.331,70.0,Medium Potential Zone,Barren Soil & Country Rock,True
MOIL-BL-03,-700.0,200.0,21.814297,80.178804,0.049,0.0838,0.0521,0.672,0.19,0.0628,0.8561,-0.7783,-0.5592,1.064,3.025,1.892,66.1,Medium Potential Zone,Dense / Moderate Canopy,True
MOIL-BL-03,-700.0,300.0,21.815195,80.178804,0.1357,0.1288,0.1767,0.2601,0.4116,0.2337,0.1907,-0.3377,0.2256,1.302,1.761,2.311,69.4,Medium Potential Zone,Barren Soil & Country Rock,True
MOIL-BL-03,-700.0,400.0,21.816093,80.178804,0.024,0.0867,0.0515,0.4615,0.2154,0.1065,0.7994,-0.6837,-0.3636,2.148,2.023,2.152,64.2,Medium Potential Zone,Dense / Moderate Canopy,True
MOIL-BL-03,-700.0,500.0,21.816992,80.178804,0.0878,0.1407,0.2315,0.2333,0.3289,0.2793,0.0037,-0.2474,0.1701,2.636,1.178,2.018,80.6,High Potential Exploration Zone,Barren Soil & Country Rock,True
MOIL-BL-03,-700.0,600.0,21.81789,80.178804,0.0961,0.1557,0.1859,0.3071,0.4111,0.273,0.2457,-0.327,0.1449,1.935,1.506,2.177,69.9,Medium Potential Zone,Barren Soil & Country Rock,True
MOIL-BL-03,-700.0,700.0,21.818788,80.178804,0.0389,0.0965,0.0325,0.4645,0.2066,0.0654,0.8691,-0.6559,-0.3844,0.836,3.159,3.412,63.2,Medium Potential Zone,Dense / Moderate Canopy,True
MOIL-BL-03,-700.0,800.0,21.819686,80.178804,0.0387,0.0615,0.0605,0.6838,0.1485,0.1114,0.8375,-0.8349,-0.6431,1.561,1.333,1.235,44.7,Low Potential / Barren,Dense / Moderate Canopy,True
MOIL-BL-03,-700.0,900.0,21.820585,80.178804,0.128,0.1584,0.2066,0.243,0.3307,0.3292,0.0809,-0.2108,0.1528,1.614,1.004,2.127,62.9,Medium Potential Zone,Barren Soil & Country Rock,True
MOIL-BL-03,-700.0,1000.0,21.821483,80.178804,0.0378,0.1155,0.0487,0.5548,0.2093,0.1138,0.8387,-0.6554,-0.4522,1.286,1.84,2.751,48.7,Medium Potential Zone,Dense / Moderate Canopy,True
MOIL-BL-03,-700.0,1100.0,21.822381,80.178804,0.1155,0.1778,0.1644,0.224,0.3523,0.2549,0.1533,-0.1149,0.2227,1.423,1.382,2.654,63.8,Medium Potential Zone,Barren Soil & Country Rock,True
MOIL-BL-03,-700.0,1200.0,21.82328,80.178804,0.0417,0.0548,0.0653,0.5248,0.1581,0.0736,0.7787,-0.8108,-0.5369,1.565,2.149,1.141,58.0,Medium Potential Zone,Dense / Moderate Canopy,True
MOIL-BL-03,-600.0,-1200.0,21.80172,80.179775,0.0736,0.0685,0.1229,0.2372,0.3773,0.2083,0.3175,-0.5517,0.228,1.67,1.811,2.149,87.2,High Potential Exploration Zone,Manganese Gossan / Alteration Outcrop,True
MOIL-BL-03,-600.0,-1100.0,21.802619,80.179775,0.0404,0.0923,0.1848,0.234,0.2818,0.2008,0.1174,-0.4343,0.0926,4.578,1.403,1.703,98.0,High Potential Exploration Zone,Manganese Gossan / Alteration Outcrop,True
MOIL-BL-03,-600.0,-1000.0,21.803517,80.179775,0.0647,0.0882,0.1918,0.2285,0.3184,0.1965,0.0874,-0.4431,0.1643,2.966,1.62,1.853,98.0,High Potential Exploration Zone,Manganese Gossan / Alteration Outcrop,True
MOIL-BL-03,-600.0,-900.0,21.804415,80.179775,0.0639,0.0787,0.1653,0.2359,0.3177,0.1965,0.1761,-0.4997,0.1476,2.585,1.617,1.823,98.0,High Potential Exploration Zone,Manganese Gossan / Alteration Outcrop,True
MOIL-BL-03,-600.0,-800.0,21.805314,80.179775,0.0577,0.0714,0.1335,0.2112,0.328,0.2348,0.2253,-0.4946,0.2166,2.313,1.397,2.088,89.2,High Potential Exploration Zone,Manganese Gossan / Alteration Outcrop,True
MOIL-BL-03,-600.0,-700.0,21.806212,80.179775,0.0569,0.0761,0.1288,0.1699,0.3574,0.2662,0.1377,-0.3813,0.3555,2.262,1.342,2.694,88.2,High Potential Exploration Zone,Manganese Gossan / Alteration Outcrop,True
MOIL-BL-03,-600.0,-600.0,21.80711,80.179775,0.0789,0.0928,0.1754,0.1696,0.2508,0.248,-0.0167,-0.2927,0.1931,2.223,1.011,2.008,85.0,High Potential Exploration Zone,Manganese Gossan / Alteration Outcrop,True
MOIL-BL-03,-600.0,-500.0,21.808008,80.179775,0.0595,0.098,0.1612,0.2386,0.2957,0.2166,0.1935,-0.4178,0.1069,2.708,1.365,1.847,88.4,High Potential Exploration Zone,Manganese Gossan / Alteration Outcrop,True
MOIL-BL-03,-600.0,-400.0,21.808907,80.179775,0.0319,0.111,0.0311,0.637,0.1272,0.0604,0.9069,-0.7033,-0.6671,0.976,2.107,3.768,56.8,Medium Potential Zone,Dense / Moderate Canopy,True
MOIL-BL-03,-600.0,-300.0,21.809805,80.179775,0.0287,0.0647,0.0621,0.7055,0.1432,0.0722,0.8383,-0.8319,-0.6625,2.163,1.984,1.246,69.3,Medium Potential Zone,Dense / Moderate Canopy,True
MOIL-BL-03,-600.0,-200.0,21.810703,80.179775,0.0445,0.1199,0.0409,0.6003,0.1334,0.0732,0.8723,-0.6669,-0.6364,0.921,1.823,3.152,50.5,Medium Potential Zone,Dense / Moderate Canopy,True
MOIL-BL-03,-600.0,-100.0,21.811602,80.179775,0.0927,0.1504,0.1731,0.3089,0.3794,0.2233,0.2818,-0.3452,0.1024,1.868,1.699,2.097,76.1,High Potential Exploration Zone,Barren Soil & Country Rock,True
MOIL-BL-03,-600.0,0.0,21.8125,80.179775,0.0493,0.0851,0.0426,0.5211,0.1287,0.0844,0.8489,-0.7192,-0.6038,0.863,1.525,2.246,44.1,Low Potential / Barren,Dense / Moderate Canopy,True
MOIL-BL-03,-600.0,100.0,21.813398,80.179775,0.1102,0.1352,0.1981,0.2618,0.3227,0.2738,0.1385,-0.3191,0.1041,1.797,1.178,1.915,70.1,Medium Potential Zone,Barren Soil & Country Rock,True
MOIL-BL-03,-600.0,200.0,21.814297,80.179775,0.045,0.0966,0.0473,0.6944,0.1956,0.0553,0.8724,-0.7557,-0.5605,1.051,3.537,2.323,74.2,Medium Potential Zone,Dense / Moderate Canopy,True
MOIL-BL-03,-600.0,300.0,21.815195,80.179775,0.0849,0.1391,0.1949,0.2704,0.3992,0.2222,0.1624,-0.3206,0.1923,2.295,1.797,2.19,83.0,High Potential Exploration Zone,Barren Soil & Country Rock,True
MOIL-BL-03,-600.0,400.0,21.816093,80.179775,0.0323,0.1163,0.0396,0.483,0.1342,0.0864,0.8483,-0.6118,-0.5651,1.226,1.553,3.212,46.0,Medium Potential Zone,Dense / Moderate Canopy,True
MOIL-BL-03,-600.0,500.0,21.816992,80.179775,0.1252,0.1394,0.1702,0.2587,0.4036,0.2687,0.2062,-0.2997,0.2188,1.359,1.502,2.379,65.5,Medium Potential Zone,Barren Soil & Country Rock,True
MOIL-BL-03,-600.0,600.0,21.81789,80.179775,0.0311,0.0697,0.061,0.5065,0.1432,0.0535,0.785,-0.7581,-0.5592,1.958,2.677,1.425,72.2,Medium Potential Zone,Dense / Moderate Canopy,True
MOIL-BL-03,-600.0,700.0,21.818788,80.179775,0.1027,0.144,0.1937,0.268,0.3601,0.2427,0.161,-0.301,0.1466,1.885,1.483,2.087,71.8,Medium Potential Zone,Barren Soil & Country Rock,True
MOIL-BL-03,-600.0,800.0,21.819686,80.179775,0.0301,0.1014,0.0523,0.5997,0.1885,0.0733,0.8396,-0.7108,-0.5216,1.737,2.572,2.253,65.8,Medium Potential Zone,Dense / Moderate Canopy,True
MOIL-BL-03,-600.0,900.0,21.820585,80.179775,0.0375,0.0795,0.0478,0.5236,0.1487,0.0989,0.8328,-0.7363,-0.5575,1.274,1.504,1.948,44.3,Low Potential / Barren,Dense / Moderate Canopy,True
MOIL-BL-03,-600.0,1000.0,21.821483,80.179775,0.0857,0.1769,0.175,0.2618,0.399,0.22,0.1988,-0.1935,0.2076,2.041,1.813,2.535,76.5,High Potential Exploration Zone,Barren Soil & Country Rock,True
MOIL-BL-03,-600.0,1100.0,21.822381,80.179775,0.0216,0.062,0.0312,0.5903,0.2143,0.1087,0.8997,-0.81,-0.4673,1.442,1.971,2.351,50.8,Medium Potential Zone,Dense / Moderate Canopy,True
MOIL-BL-03,-600.0,1200.0,21.82328,80.179775,0.0256,0.1109,0.0602,0.522,0.2005,0.1114,0.7932,-0.6497,-0.445,2.354,1.8,2.226,61.6,Medium Potential Zone,Dense / Moderate Canopy,True
MOIL-BL-03,-500.0,-1200.0,21.80172,80.180746,0.0679,0.065,0.2184,0.1476,0.3316,0.1922,-0.1935,-0.3884,0.384,3.215,1.726,2.544,98.0,High Potential Exploration Zone,Manganese Gossan / Alteration Outcrop,True
MOIL-BL-03,-500.0,-1100.0,21.802619,80.180746,0.0762,0.0775,0.1712,0.1579,0.3165,0.2833,-0.0403,-0.3415,0.3344,2.246,1.117,2.458,91.1,High Potential Exploration Zone,Manganese Gossan / Alteration Outcrop,True
MOIL-BL-03,-500.0,-1000.0,21.803517,80.180746,0.0761,0.0632,0.1578,0.1667,0.3074,0.2717,0.0275,-0.4503,0.2966,2.075,1.131,2.244,91.0,High Potential Exploration Zone,Manganese Gossan / Alteration Outcrop,True
MOIL-BL-03,-500.0,-900.0,21.804415,80.180746,0.0696,0.0772,0.1583,0.2054,0.2672,0.1913,0.1297,-0.4537,0.1307,2.275,1.397,1.788,97.0,High Potential Exploration Zone,Manganese Gossan / Alteration Outcrop,True
MOIL-BL-03,-500.0,-800.0,21.805314,80.180746,0.0497,0.0662,0.1552,0.2338,0.2568,0.27,0.202,-0.5586,0.0471,3.122,0.951,1.525,96.9,High Potential Exploration Zone,Manganese Gossan / Alteration Outcrop,True
MOIL-BL-03,-500.0,-700.0,21.806212,80.180746,0.0614,0.0916,0.137,0.1551,0.2628,0.2534,0.0621,-0.2573,0.2576,2.232,1.037,2.363,89.5,High Potential Exploration Zone,Manganese Gossan / Alteration Outcrop,True
MOIL-BL-03,-500.0,-600.0,21.80711,80.180746,0.0699,0.106,0.1598,0.1862,0.3057,0.2097,0.0762,-0.2744,0.243,2.286,1.458,2.305,93.6,High Potential Exploration Zone,Manganese Gossan / Alteration Outcrop,True
MOIL-BL-03,-500.0,-500.0,21.808008,80.180746,0.0531,0.1023,0.1544,0.2269,0.2827,0.2174,0.1902,-0.3783,0.1095,2.906,1.301,1.909,92.8,High Potential Exploration Zone,Manganese Gossan / Alteration Outcrop,True
MOIL-BL-03,-500.0,-400.0,21.808907,80.180746,0.0624,0.0652,0.2122,0.222,0.3339,0.2887,0.0226,-0.5463,0.2012,3.4,1.156,1.811,98.0,High Potential Exploration Zone,Manganese Gossan / Alteration Outcrop,True
MOIL-BL-03,-500.0,-300.0,21.809805,80.180746,0.0406,0.0806,0.2058,0.1833,0.2407,0.1974,-0.0579,-0.3894,0.1354,5.065,1.22,1.705,98.0,High Potential Exploration Zone,Manganese Gossan / Alteration Outcrop,True
MOIL-BL-03,-500.0,-200.0,21.810703,80.180746,0.04,0.0614,0.0479,0.4535,0.1678,0.1127,0.8088,-0.7615,-0.4599,1.197,1.488,1.651,52.6,Medium Potential Zone,Dense / Moderate Canopy,True
MOIL-BL-03,-500.0,-100.0,21.811602,80.180746,0.0332,0.0614,0.0381,0.4707,0.1942,0.0554,0.8502,-0.7693,-0.4157,1.147,3.506,2.023,79.8,High Potential Exploration Zone,Dense / Moderate Canopy,True
MOIL-BL-03,-500.0,0.0,21.8125,80.180746,0.125,0.1628,0.2062,0.2771,0.2926,0.241,0.1467,-0.26,0.0272,1.65,1.214,1.845,71.1,Medium Potential Zone,Barren Soil & Country Rock,True
MOIL-BL-03,-500.0,100.0,21.813398,80.180746,0.0304,0.0513,0.0619,0.6265,0.1526,0.0569,0.8201,-0.8486,-0.6083,2.034,2.683,1.072,76.4,High Potential Exploration Zone,Dense / Moderate Canopy,True
MOIL-BL-03,-500.0,200.0,21.814297,80.180746,0.0305,0.0679,0.0589,0.5386,0.1336,0.0837,0.803,-0.7762,-0.6025,1.933,1.596,1.401,58.5,Medium Potential Zone,Dense / Moderate Canopy,True
MOIL-BL-03,-500.0,300.0,21.815195,80.180746,0.0455,0.1095,0.0468,0.6636,0.205,0.0822,0.8681,-0.7168,-0.5279,1.03,2.495,2.646,59.0,Medium Potential Zone,Dense / Moderate Canopy,True
MOIL-BL-03,-500.0,400.0,21.816093,80.180746,0.1221,0.1743,0.2378,0.249,0.4139,0.2799,0.0231,-0.1766,0.2487,1.947,1.479,2.395,78.9,High Potential Exploration Zone,Barren Soil & Country Rock,True
MOIL-BL-03,-500.0,500.0,21.816992,80.180746,0.1393,0.1727,0.2154,0.3095,0.3754,0.2728,0.1793,-0.2838,0.0962,1.546,1.376,2.015,67.5,Medium Potential Zone,Barren Soil & Country Rock,True
MOIL-BL-03,-500.0,600.0,21.81789,80.180746,0.0489,0.072,0.0442,0.5533,0.2022,0.1054,0.8521,-0.7697,-0.4647,0.903,1.919,1.995,47.5,Medium Potential Zone,Dense / Moderate Canopy,True
MOIL-BL-03,-500.0,700.0,21.818788,80.180746,0.034,0.1016,0.0643,0.5097,0.1821,0.0883,0.7761,-0.6677,-0.4737,1.893,2.061,1.938,62.8,Medium Potential Zone,Dense / Moderate Canopy,True
MOIL-BL-03,-500.0,800.0,21.819686,80.180746,0.0409,0.1069,0.0424,0.5084,0.2005,0.0752,0.8459,-0.6525,-0.4343,1.039,2.665,2.913,59.6,Medium Potential Zone,Dense / Moderate Canopy,True
MOIL-BL-03,-500.0,900.0,21.820585,80.180746,0.1002,0.124,0.2219,0.2915,0.3574,0.3059,0.1357,-0.4032,0.1015,2.214,1.168,1.785,71.5,Medium Potential Zone,Barren Soil & Country Rock,True
MOIL-BL-03,-500.0,1000.0,21.821483,80.180746,0.0977,0.1717,0.1938,0.2396,0.3849,0.2603,0.1057,-0.165,0.2326,1.983,1.479,2.493,74.1,Medium Potential Zone,Barren Soil & Country Rock,True
MOIL-BL-03,-500.0,1100.0,21.822381,80.180746,0.0816,0.1782,0.1974,0.2362,0.3861,0.3265,0.0895,-0.1398,0.2409,2.418,1.182,2.538,74.8,Medium Potential Zone,Barren Soil & Country Rock,True
MOIL-BL-03,-500.0,1200.0,21.82328,80.180746,0.0209,0.0756,0.0397,0.6218,0.1719,0.0749,0.8799,-0.7833,-0.5669,1.905,2.295,2.179,61.7,Medium Potential Zone,Dense / Moderate Canopy,True
MOIL-BL-03,-400.0,-1200.0,21.80172,80.181717,0.0659,0.0892,0.2106,0.1997,0.3111,0.2706,-0.0267,-0.3823,0.2181,3.195,1.15,1.981,97.0,High Potential Exploration Zone,Manganese Gossan / Alteration Outcrop,True
MOIL-BL-03,-400.0,-1100.0,21.802619,80.181717,0.0481,0.0722,0.1984,0.1842,0.2973,0.2776,-0.0369,-0.437,0.2348,4.124,1.071,1.978,98.0,High Potential Exploration Zone,Manganese Gossan / Alteration Outcrop,True
MOIL-BL-03,-400.0,-1000.0,21.803517,80.181717,0.0644,0.1001,0.201,0.152,0.3315,0.2848,-0.1388,-0.2057,0.3713,3.121,1.164,2.679,98.0,High Potential Exploration Zone,Manganese Gossan / Alteration Outcrop,True
MOIL-BL-03,-400.0,-900.0,21.804415,80.181717,0.0592,0.0966,0.1767,0.1605,0.2673,0.2277,-0.048,-0.2485,0.2497,2.984,1.174,2.213,98.0,High Potential Exploration Zone,Manganese Gossan / Alteration Outcrop,True
MOIL-BL-03,-400.0,-800.0,21.805314,80.181717,0.0593,0.0852,0.2155,0.15,0.2933,0.2366,-0.1791,-0.2758,0.3231,3.633,1.24,2.35,98.0,High Potential Exploration Zone,Manganese Gossan / Alteration Outcrop,True
MOIL-BL-03,-400.0,-700.0,21.806212,80.181717,0.0785,0.0852,0.1975,0.2149,0.3193,0.1944,0.0422,-0.4322,0.1954,2.515,1.643,1.917,98.0,High Potential Exploration Zone,Manganese Gossan / Alteration Outcrop,True
MOIL-BL-03,-400.0,-600.0,21.80711,80.181717,0.0488,0.072,0.1239,0.1779,0.3255,0.1959,0.1791,-0.4238,0.2931,2.541,1.662,2.411,98.0,High Potential Exploration Zone,Manganese Gossan / Alteration Outcrop,True
MOIL-BL-03,-400.0,-500.0,21.808008,80.181717,0.047,0.0953,0.1369,0.1535,0.3769,0.1816,0.0572,-0.2338,0.4211,2.913,2.075,3.151,98.0,High Potential Exploration Zone,Manganese Gossan / Alteration Outcrop,True
MOIL-BL-03,-400.0,-400.0,21.808907,80.181717,0.053,0.0617,0.2038,0.1984,0.2467,0.2477,-0.0136,-0.5252,0.1087,3.844,0.996,1.547,98.0,High Potential Exploration Zone,Manganese Gossan / Alteration Outcrop,True
MOIL-BL-03,-400.0,-300.0,21.809805,80.181717,0.0449,0.0848,0.1869,0.1549,0.3096,0.2303,-0.0939,-0.2924,0.3332,4.161,1.344,2.453,98.0,High Potential Exploration Zone,Manganese Gossan / Alteration Outcrop,True
MOIL-BL-03,-400.0,-200.0,21.810703,80.181717,0.0766,0.1098,0.1854,0.2255,0.3306,0.2764,0.0974,-0.3451,0.189,2.42,1.196,2.058,86.2,High Potential Exploration Zone,Manganese Gossan / Alteration Outcrop,True
MOIL-BL-03,-400.0,-100.0,21.811602,80.181717,0.0573,0.0904,0.2045,0.2318,0.2435,0.1914,0.0625,-0.4389,0.0245,3.567,1.272,1.492,98.0,High Potential Exploration Zone,Manganese Gossan / Alteration Outcrop,True
MOIL-BL-03,-400.0,0.0,21.8125,80.181717,0.0371,0.1193,0.0617,0.6709,0.1586,0.068,0.8315,-0.698,-0.6176,1.665,2.332,2.17,69.6,Medium Potential Zone,Dense / Moderate Canopy,True
MOIL-BL-03,-400.0,100.0,21.813398,80.181717,0.0464,0.1008,0.0489,0.6534,0.189,0.1139,0.8608,-0.7327,-0.5512,1.054,1.66,2.351,50.4,Medium Potential Zone,Dense / Moderate Canopy,True
MOIL-BL-03,-400.0,200.0,21.814297,80.181717,0.0872,0.1482,0.1889,0.3175,0.2811,0.332,0.254,-0.3635,-0.0609,2.167,0.847,1.67,68.0,Medium Potential Zone,Barren Soil & Country Rock,True
MOIL-BL-03,-400.0,300.0,21.815195,80.181717,0.0215,0.1123,0.0488,0.6569,0.1279,0.1169,0.8616,-0.7081,-0.674,2.268,1.095,2.494,53.7,Medium Potential Zone,Dense / Moderate Canopy,True
MOIL-BL-03,-400.0,400.0,21.816093,80.181717,0.047,0.0971,0.0515,0.4966,0.1378,0.0831,0.8122,-0.6729,-0.5656,1.096,1.659,2.164,49.4,Medium Potential Zone,Dense / Moderate Canopy,True
MOIL-BL-03,-400.0,500.0,21.816992,80.181717,0.0235,0.1199,0.065,0.556,0.1453,0.1145,0.7906,-0.6452,-0.5856,2.773,1.269,2.105,62.6,Medium Potential Zone,Dense / Moderate Canopy,True
MOIL-BL-03,-400.0,600.0,21.81789,80.181717,0.1008,0.125,0.2363,0.2818,0.3271,0.2531,0.0878,-0.3853,0.0744,2.343,1.292,1.69,78.5,High Potential Exploration Zone,Barren Soil & Country Rock,True
MOIL-BL-03,-400.0,700.0,21.818788,80.181717,0.0227,0.1123,0.0504,0.6458,0.1434,0.0853,0.8551,-0.7038,-0.6366,2.218,1.682,2.448,59.3,Medium Potential Zone,Dense / Moderate Canopy,True
MOIL-BL-03,-400.0,800.0,21.819686,80.181717,0.129,0.1665,0.1719,0.2275,0.3954,0.2332,0.1392,-0.1547,0.2696,1.333,1.696,2.707,70.4,Medium Potential Zone,Barren Soil & Country Rock,True
MOIL-BL-03,-400.0,900.0,21.820585,80.181717,0.036,0.0642,0.0537,0.5857,0.1709,0.0752,0.8322,-0.8024,-0.5482,1.489,2.273,1.488,59.6,Medium Potential Zone,Dense / Moderate Canopy,True
MOIL-BL-03,-400.0,1000.0,21.821483,80.181717,0.0225,0.0807,0.0404,0.6791,0.1425,0.1037,0.8877,-0.7876,-0.6531,1.793,1.374,2.208,47.5,Medium Potential Zone,Dense / Moderate Canopy,True
MOIL-BL-03,-400.0,1100.0,21.822381,80.181717,0.0462,0.0916,0.0523,0.6663,0.1762,0.1091,0.8545,-0.7584,-0.5816,1.13,1.615,2.017,44.2,Low Potential / Barren,Dense / Moderate Canopy,True
MOIL-BL-03,-400.0,1200.0,21.82328,80.181717,0.1097,0.1688,0.2279,0.3034,0.3646,0.3393,0.1422,-0.2852,0.0916,2.077,1.075,1.942,67.9,Medium Potential Zone,Barren Soil & Country Rock,True
MOIL-BL-03,-300.0,-1200.0,21.80172,80.182687,0.0905,0.122,0.2391,0.2548,0.3867,0.2272,0.0317,-0.3526,0.2056,2.643,1.702,2.028,95.5,High Potential Exploration Zone,Barren Soil & Country Rock,True
MOIL-BL-03,-300.0,-1100.0,21.802619,80.182687,0.0519,0.0912,0.1725,0.1608,0.3046,0.192,-0.0351,-0.2762,0.3091,3.32,1.587,2.423,98.0,High Potential Exploration Zone,Manganese Gossan / Alteration Outcrop,True
MOIL-BL-03,-300.0,-1000.0,21.803517,80.182687,0.0617,0.0648,0.1836,0.1555,0.3166,0.1942,-0.0827,-0.4115,0.3411,2.975,1.63,2.389,98.0,High Potential Exploration Zone,Manganese Gossan / Alteration Outcrop,True
MOIL-BL-03,-300.0,-900.0,21.804415,80.182687,0.056,0.0776,0.1956,0.2041,0.3712,0.2814,0.0212,-0.4491,0.2904,3.492,1.319,2.215,98.0,High Potential Exploration Zone,Manganese Gossan / Alteration Outcrop,True
MOIL-BL-03,-300.0,-800.0,21.805314,80.182687,0.069,0.0985,0.1825,0.2092,0.3264,0.2143,0.0681,-0.3596,0.2189,2.645,1.523,2.1,98.0,High Potential Exploration Zone,Manganese Gossan / Alteration Outcrop,True
MOIL-BL-03,-300.0,-700.0,21.806212,80.182687,0.054,0.0887,0.192,0.1806,0.26,0.2305,-0.0306,-0.3411,0.1801,3.554,1.128,1.902,98.0,High Potential Exploration Zone,Manganese Gossan / Alteration Outcrop,True
MOIL-BL-03,-300.0,-600.0,21.80711,80.182687,0.0785,0.0707,0.1849,0.2383,0.2927,0.2777,0.1261,-0.5423,0.1025,2.355,1.054,1.611,91.5,High Potential Exploration Zone,Manganese Gossan / Alteration Outcrop,True
MOIL-BL-03,-300.0,-500.0,21.808008,80.182687,0.0746,0.077,0.1299,0.1579,0.2912,0.2855,0.0973,-0.3445,0.297,1.742,1.02,2.437,86.7,High Potential Exploration Zone,Manganese Gossan / Alteration Outcrop,True
MOIL-BL-03,-300.0,-400.0,21.808907,80.182687,0.051,0.1063,0.1381,0.237,0.2811,0.2496,0.2635,-0.3805,0.0852,2.71,1.126,1.956,91.5,High Potential Exploration Zone,Manganese Gossan / Alteration Outcrop,True
MOIL-BL-03,-300.0,-300.0,21.809805,80.182687,0.0428,0.075,0.1411,0.1403,0.2619,0.2452,-0.0026,-0.3035,0.3023,3.297,1.068,2.398,98.0,High Potential Exploration Zone,Manganese Gossan / Alteration Outcrop,True
MOIL-BL-03,-300.0,-200.0,21.810703,80.182687,0.0556,0.0961,0.1871,0.2199,0.3614,0.2702,0.0806,-0.3917,0.2433,3.365,1.338,2.157,98.0,High Potential Exploration Zone,Manganese Gossan / Alteration Outcrop,True
MOIL-BL-03,-300.0,-100.0,21.811602,80.182687,0.0579,0.0754,0.1702,0.1935,0.2838,0.2394,0.064,-0.439,0.1892,2.939,1.186,1.91,94.2,High Potential Exploration Zone,Manganese Gossan / Alteration Outcrop,True
MOIL-BL-03,-300.0,0.0,21.8125,80.182687,0.0442,0.0716,0.1946,0.1583,0.2595,0.2116,-0.1029,-0.3774,0.2422,4.4,1.226,2.007,98.0,High Potential Exploration Zone,Manganese Gossan / Alteration Outcrop,True
MOIL-BL-03,-300.0,100.0,21.813398,80.182687,0.0548,0.0764,0.1575,0.154,0.2632,0.2059,-0.0111,-0.3366,0.2617,2.871,1.278,2.194,93.5,High Potential Exploration Zone,Manganese Gossan / Alteration Outcrop,True
MOIL-BL-03,-300.0,200.0,21.814297,80.182687,0.0301,0.1054,0.051,0.6054,0.1761,0.0779,0.8446,-0.7035,-0.5494,1.696,2.26,2.356,68.1,Medium Potential Zone,Dense / Moderate Canopy,True
MOIL-BL-03,-300.0,300.0,21.815195,80.182687,0.0211,0.0651,0.0414,0.688,0.2119,0.1092,0.8865,-0.8271,-0.5291,1.96,1.94,1.881,63.9,Medium Potential Zone,Dense / Moderate Canopy,True
MOIL-BL-03,-300.0,400.0,21.816093,80.182687,0.0474,0.0569,0.0561,0.7031,0.1955,0.0695,0.8522,-0.8503,-0.5649,1.183,2.815,1.292,68.1,Medium Potential Zone,Dense / Moderate Canopy,True
MOIL-BL-03,-300.0,500.0,21.816992,80.182687,0.0288,0.0578,0.0587,0.4984,0.1311,0.0886,0.7893,-0.7921,-0.5835,2.035,1.479,1.248,58.8,Medium Potential Zone,Dense / Moderate Canopy,True
MOIL-BL-03,-300.0,600.0,21.81789,80.182687,0.0215,0.0503,0.0653,0.4811,0.1784,0.1167,0.761,-0.8107,-0.459,3.032,1.528,1.141,70.9,Medium Potential Zone,Dense / Moderate Canopy,True
MOIL-BL-03,-300.0,700.0,21.818788,80.182687,0.0242,0.0775,0.055,0.656,0.1807,0.0524,0.8454,-0.7886,-0.5681,2.272,3.448,1.686,87.8,High Potential Exploration Zone,Dense / Moderate Canopy,True
MOIL-BL-03,-300.0,800.0,21.819686,80.182687,0.1023,0.1623,0.2067,0.2245,0.3916,0.2926,0.0411,-0.1606,0.2712,2.021,1.338,2.53,76.7,High Potential Exploration Zone,Barren Soil & Country Rock,True
MOIL-BL-03,-300.0,900.0,21.820585,80.182687,0.0325,0.0843,0.0462,0.6451,0.1952,0.1006,0.8663,-0.7688,-0.5354,1.421,1.94,2.127,53.6,Medium Potential Zone,Dense / Moderate Canopy,True
MOIL-BL-03,-300.0,1000.0,21.821483,80.182687,0.1182,0.1403,0.2267,0.2255,0.2853,0.2322,-0.0027,-0.2329,0.117,1.919,1.229,1.884,74.1,Medium Potential Zone,Barren Soil & Country Rock,True
MOIL-BL-03,-300.0,1100.0,21.822381,80.182687,0.0823,0.1243,0.1845,0.23,0.3923,0.2265,0.1098,-0.2983,0.2608,2.243,1.732,2.38,81.6,High Potential Exploration Zone,Barren Soil & Country Rock,True
MOIL-BL-03,-300.0,1200.0,21.82328,80.182687,0.0461,0.0646,0.0329,0.4785,0.1759,0.0921,0.8715,-0.7621,-0.4624,0.712,1.911,2.333,43.6,Low Potential / Barren,Dense / Moderate Canopy,True
MOIL-BL-03,-200.0,-1200.0,21.80172,80.183658,0.0978,0.1519,0.1845,0.3134,0.3336,0.2464,0.2591,-0.3472,0.0311,1.886,1.354,1.888,72.7,Medium Potential Zone,Barren Soil & Country Rock,True
MOIL-BL-03,-200.0,-1100.0,21.802619,80.183658,0.1179,0.1396,0.1751,0.2476,0.3231,0.2951,0.1715,-0.2789,0.1323,1.485,1.095,2.102,68.0,Medium Potential Zone,Barren Soil & Country Rock,True
MOIL-BL-03,-200.0,-1000.0,21.803517,80.183658,0.124,0.1383,0.1991,0.2855,0.3561,0.2995,0.1783,-0.3473,0.1101,1.606,1.189,1.942,71.9,Medium Potential Zone,Barren Soil & Country Rock,True
MOIL-BL-03,-200.0,-900.0,21.804415,80.183658,0.0529,0.1082,0.1659,0.1722,0.2815,0.1847,0.0186,-0.2283,0.2409,3.136,1.524,2.287,98.0,High Potential Exploration Zone,Manganese Gossan / Alteration Outcrop,True
MOIL-BL-03,-200.0,-800.0,21.805314,80.183658,0.0674,0.0731,0.2159,0.161,0.3141,0.2609,-0.1455,-0.3754,0.3222,3.204,1.204,2.289,98.0,High Potential Exploration Zone,Manganese Gossan / Alteration Outcrop,True
MOIL-BL-03,-200.0,-700.0,21.806212,80.183658,0.0748,0.0678,0.2185,0.2307,0.3748,0.2738,0.027,-0.5456,0.238,2.921,1.369,1.935,98.0,High Potential Exploration Zone,Manganese Gossan / Alteration Outcrop,True
MOIL-BL-03,-200.0,-600.0,21.80711,80.183658,0.0751,0.0899,0.2045,0.1934,0.3154,0.2419,-0.028,-0.3651,0.2397,2.723,1.304,2.07,98.0,High Potential Exploration Zone,Manganese Gossan / Alteration Outcrop,True
MOIL-BL-03,-200.0,-500.0,21.808008,80.183658,0.0799,0.0652,0.2006,0.1673,0.2906,0.1889,-0.0903,-0.4391,0.2691,2.512,1.539,2.062,98.0,High Potential Exploration Zone,Manganese Gossan / Alteration Outcrop,True
MOIL-BL-03,-200.0,-400.0,21.808907,80.183658,0.0541,0.1095,0.1597,0.207,0.2569,0.2815,0.1289,-0.3078,0.1076,2.954,0.913,1.927,97.0,High Potential Exploration Zone,Manganese Gossan / Alteration Outcrop,True
MOIL-BL-03,-200.0,-300.0,21.809805,80.183658,0.0731,0.0793,0.1548,0.1832,0.2962,0.2084,0.0839,-0.3958,0.2356,2.118,1.421,2.129,96.6,High Potential Exploration Zone,Manganese Gossan / Alteration Outcrop,True
MOIL-BL-03,-200.0,-200.0,21.810703,80.183658,0.0796,0.1005,0.1468,0.2382,0.2422,0.2282,0.2374,-0.4064,0.0083,1.843,1.061,1.702,80.7,High Potential Exploration Zone,Manganese Gossan / Alteration Outcrop,True
MOIL-BL-03,-200.0,-100.0,21.811602,80.183658,0.0628,0.0619,0.1361,0.1658,0.3408,0.2834,0.0984,-0.4565,0.3454,2.168,1.203,2.51,88.2,High Potential Exploration Zone,Manganese Gossan / Alteration Outcrop,True
MOIL-BL-03,-200.0,0.0,21.8125,80.183658,0.065,0.0881,0.1737,0.1751,0.3559,0.2395,0.004,-0.3303,0.3405,2.673,1.486,2.54,98.0,High Potential Exploration Zone,Manganese Gossan / Alteration Outcrop,True
MOIL-BL-03,-200.0,100.0,21.813398,80.183658,0.0492,0.0668,0.2186,0.1417,0.3707,0.204,-0.2132,-0.3591,0.4468,4.442,1.817,2.921,98.0,High Potential Exploration Zone,Manganese Gossan / Alteration Outcrop,True
MOIL-BL-03,-200.0,200.0,21.814297,80.183658,0.0663,0.0751,0.206,0.1943,0.2597,0.2097,-0.0291,-0.4427,0.144,3.107,1.239,1.701,96.7,High Potential Exploration Zone,Manganese Gossan / Alteration Outcrop,True
MOIL-BL-03,-200.0,300.0,21.815195,80.183658,0.1332,0.166,0.2264,0.2252,0.361,0.3399,-0.0025,-0.1514,0.2316,1.7,1.062,2.336,76.5,High Potential Exploration Zone,Barren Soil & Country Rock,True
MOIL-BL-03,-200.0,400.0,21.816093,80.183658,0.0236,0.0975,0.0598,0.5888,0.1279,0.0524,0.8156,-0.7158,-0.6432,2.532,2.439,1.848,80.9,High Potential Exploration Zone,Dense / Moderate Canopy,True
MOIL-BL-03,-200.0,500.0,21.816992,80.183658,0.0277,0.0765,0.0618,0.6361,0.2169,0.0565,0.8229,-0.7852,-0.4915,2.229,3.838,1.579,97.0,High Potential Exploration Zone,Dense / Moderate Canopy,True
MOIL-BL-03,-200.0,600.0,21.81789,80.183658,0.0225,0.05,0.0348,0.6165,0.1876,0.0807,0.8931,-0.8499,-0.5334,1.549,2.325,1.741,63.5,Medium Potential Zone,Dense / Moderate Canopy,True
MOIL-BL-03,-200.0,700.0,21.818788,80.183658,0.118,0.1251,0.1713,0.2713,0.3277,0.2758,0.2258,-0.3686,0.0942,1.451,1.188,1.938,64.4,Medium Potential Zone,Barren Soil & Country Rock,True
MOIL-BL-03,-200.0,800.0,21.819686,80.183658,0.0248,0.1125,0.0524,0.456,0.1828,0.0824,0.7939,-0.6042,-0.4275,2.112,2.218,2.549,69.6,Medium Potential Zone,Dense / Moderate Canopy,True
MOIL-BL-03,-200.0,900.0,21.820585,80.183658,0.0435,0.1157,0.0699,0.5984,0.1762,0.0516,0.7907,-0.6759,-0.5452,1.607,3.416,1.949,81.1,High Potential Exploration Zone,Dense / Moderate Canopy,True
MOIL-BL-03,-200.0,1000.0,21.821483,80.183658,0.0209,0.0943,0.0339,0.5272,0.134,0.0596,0.879,-0.6966,-0.5946,1.627,2.248,3.032,60.6,Medium Potential Zone,Dense / Moderate Canopy,True
MOIL-BL-03,-200.0,1100.0,21.822381,80.183658,0.0991,0.1454,0.1972,0.264,0.3533,0.3232,0.1449,-0.2896,0.1447,1.99,1.093,2.076,68.9,Medium Potential Zone,Barren Soil & Country Rock,True
MOIL-BL-03,-200.0,1200.0,21.82328,80.183658,0.0205,0.0621,0.044,0.7062,0.1278,0.0997,0.8828,-0.8383,-0.6935,2.142,1.282,1.594,50.8,Medium Potential Zone,Dense / Moderate Canopy,True
MOIL-BL-03,-100.0,-1200.0,21.80172,80.184629,0.1018,0.1662,0.1875,0.263,0.4067,0.2279,0.1676,-0.2256,0.2146,1.843,1.784,2.433,79.7,High Potential Exploration Zone,Barren Soil & Country Rock,True
MOIL-BL-03,-100.0,-1100.0,21.802619,80.184629,0.031,0.1175,0.0617,0.483,0.2127,0.0648,0.7733,-0.6087,-0.3884,1.993,3.284,2.343,86.7,High Potential Exploration Zone,Dense / Moderate Canopy,True
MOIL-BL-03,-100.0,-1000.0,21.803517,80.184629,0.1125,0.1642,0.2173,0.2734,0.349,0.3363,0.1144,-0.2496,0.1214,1.931,1.038,2.032,73.1,Medium Potential Zone,Barren Soil & Country Rock,True
MOIL-BL-03,-100.0,-900.0,21.804415,80.184629,0.041,0.0637,0.0628,0.6524,0.2192,0.0593,0.8244,-0.8222,-0.497,1.533,3.696,1.35,88.3,High Potential Exploration Zone,Dense / Moderate Canopy,True
MOIL-BL-03,-100.0,-800.0,21.805314,80.184629,0.0686,0.109,0.1663,0.2133,0.3766,0.2402,0.124,-0.3239,0.2767,2.423,1.568,2.42,88.9,High Potential Exploration Zone,Manganese Gossan / Alteration Outcrop,True
MOIL-BL-03,-100.0,-700.0,21.806212,80.184629,0.068,0.061,0.172,0.1656,0.2584,0.2579,-0.0189,-0.4615,0.2189,2.53,1.002,1.915,86.9,High Potential Exploration Zone,Manganese Gossan / Alteration Outcrop,True
MOIL-BL-03,-100.0,-600.0,21.80711,80.184629,0.0416,0.1052,0.1718,0.2048,0.2755,0.2,0.0877,-0.3212,0.1471,4.133,1.377,1.958,98.0,High Potential Exploration Zone,Manganese Gossan / Alteration Outcrop,True
MOIL-BL-03,-100.0,-500.0,21.808008,80.184629,0.0498,0.0716,0.2065,0.2187,0.3594,0.2608,0.0289,-0.5067,0.2433,4.15,1.378,1.99,98.0,High Potential Exploration Zone,Manganese Gossan / Alteration Outcrop,True
MOIL-BL-03,-100.0,-400.0,21.808907,80.184629,0.0657,0.0864,0.1465,0.2105,0.2591,0.2362,0.1792,-0.4181,0.1034,2.229,1.097,1.82,85.4,High Potential Exploration Zone,Manganese Gossan / Alteration Outcrop,True
MOIL-BL-03,-100.0,-300.0,21.809805,80.184629,0.0478,0.0852,0.1494,0.1453,0.3105,0.2,-0.0137,-0.2607,0.3623,3.125,1.553,2.707,98.0,High Potential Exploration Zone,Manganese Gossan / Alteration Outcrop,True
MOIL-BL-03,-100.0,-200.0,21.810703,80.184629,0.0464,0.0792,0.1562,0.2267,0.319,0.274,0.1842,-0.4821,0.1692,3.363,1.164,1.915,98.0,High Potential Exploration Zone,Manganese Gossan / Alteration Outcrop,True
MOIL-BL-03,-100.0,-100.0,21.811602,80.184629,0.0459,0.0779,0.1755,0.1553,0.2579,0.2528,-0.0611,-0.3321,0.2483,3.826,1.02,2.104,98.0,High Potential Exploration Zone,Manganese Gossan / Alteration Outcrop,True
MOIL-BL-03,-100.0,0.0,21.8125,80.184629,0.0662,0.0717,0.1427,0.2145,0.2564,0.2816,0.2011,-0.499,0.0888,2.157,0.911,1.697,82.4,High Potential Exploration Zone,Manganese Gossan / Alteration Outcrop,True
MOIL-BL-03,-100.0,100.0,21.813398,80.184629,0.0777,0.1035,0.1411,0.1417,0.3711,0.2178,0.0022,-0.1555,0.4474,1.814,1.704,3.354,94.0,High Potential Exploration Zone,Manganese Gossan / Alteration Outcrop,True
MOIL-BL-03,-100.0,200.0,21.814297,80.184629,0.0524,0.0731,0.1445,0.2135,0.3671,0.2665,0.1928,-0.4899,0.2647,2.756,1.378,2.226,92.1,High Potential Exploration Zone,Manganese Gossan / Alteration Outcrop,True
MOIL-BL-03,-100.0,300.0,21.815195,80.184629,0.067,0.0744,0.1747,0.1637,0.2556,0.1932,-0.0325,-0.3751,0.2192,2.609,1.323,1.987,93.5,High Potential Exploration Zone,Manganese Gossan / Alteration Outcrop,True
MOIL-BL-03,-100.0,400.0,21.816093,80.184629,0.0642,0.0619,0.2173,0.2395,0.2609,0.227,0.0486,-0.5892,0.0427,3.388,1.149,1.374,96.7,High Potential Exploration Zone,Manganese Gossan / Alteration Outcrop,True
MOIL-BL-03,-100.0,500.0,21.816992,80.184629,0.0487,0.1124,0.0402,0.473,0.1489,0.0806,0.8434,-0.616,-0.5212,0.826,1.847,3.111,52.6,Medium Potential Zone,Dense / Moderate Canopy,True
MOIL-BL-03,-100.0,600.0,21.81789,80.184629,0.1264,0.1355,0.2287,0.2426,0.3306,0.2737,0.0294,-0.2833,0.1536,1.809,1.208,1.955,77.4,High Potential Exploration Zone,Barren Soil & Country Rock,True
MOIL-BL-03,-100.0,700.0,21.818788,80.184629,0.126,0.1446,0.231,0.3164,0.4004,0.2827,0.156,-0.3727,0.1172,1.833,1.416,1.892,75.9,High Potential Exploration Zone,Barren Soil & Country Rock,True
MOIL-BL-03,-100.0,800.0,21.819686,80.184629,0.0265,0.0915,0.0681,0.4718,0.1952,0.1109,0.7477,-0.6752,-0.4146,2.572,1.761,1.757,70.8,Medium Potential Zone,Dense / Moderate Canopy,True
MOIL-BL-03,-100.0,900.0,21.820585,80.184629,0.03,0.0749,0.0392,0.663,0.134,0.0687,0.8884,-0.797,-0.6638,1.305,1.949,2.113,54.0,Medium Potential Zone,Dense / Moderate Canopy,True
MOIL-BL-03,-100.0,1000.0,21.821483,80.184629,0.1025,0.1453,0.2047,0.3148,0.3146,0.3135,0.2119,-0.3684,-0.0003,1.997,1.004,1.709,67.3,Medium Potential Zone,Barren Soil & Country Rock,True
MOIL-BL-03,-100.0,1100.0,21.822381,80.184629,0.0235,0.1067,0.0336,0.6495,0.1916,0.0983,0.9016,-0.7177,-0.5445,1.432,1.95,3.469,53.7,Medium Potential Zone,Dense / Moderate Canopy,True
MOIL-BL-03,-100.0,1200.0,21.82328,80.184629,0.1144,0.1657,0.211,0.3004,0.3763,0.2529,0.1748,-0.2891,0.1121,1.844,1.488,2.038,72.6,Medium Potential Zone,Barren Soil & Country Rock,True
MOIL-BL-03,0.0,-1200.0,21.80172,80.1856,0.1179,0.1656,0.1714,0.2375,0.2817,0.2838,0.1617,-0.1784,0.0852,1.453,0.993,2.152,62.2,Medium Potential Zone,Barren Soil & Country Rock,True
MOIL-BL-03,0.0,-1100.0,21.802619,80.1856,0.035,0.0721,0.0471,0.6569,0.1382,0.0641,0.8662,-0.8021,-0.6524,1.346,2.155,1.741,58.1,Medium Potential Zone,Dense / Moderate Canopy,True
MOIL-BL-03,0.0,-1000.0,21.803517,80.1856,0.046,0.0738,0.0673,0.4656,0.1319,0.0822,0.7474,-0.7263,-0.5586,1.463,1.604,1.38,55.5,Medium Potential Zone,Dense / Moderate Canopy,True
MOIL-BL-03,0.0,-900.0,21.804415,80.1856,0.0311,0.0888,0.0311,0.5747,0.1443,0.0861,0.8972,-0.7322,-0.5987,1.001,1.675,3.103,47.8,Medium Potential Zone,Dense / Moderate Canopy,True
MOIL-BL-03,0.0,-800.0,21.805314,80.1856,0.0426,0.0878,0.0546,0.593,0.219,0.1054,0.8315,-0.7421,-0.4605,1.281,2.078,1.978,60.1,Medium Potential Zone,Dense / Moderate Canopy,True
MOIL-BL-03,0.0,-700.0,21.806212,80.1856,0.0388,0.087,0.0438,0.6617,0.139,0.0526,0.8759,-0.7676,-0.6529,1.128,2.644,2.196,66.7,Medium Potential Zone,Dense / Moderate Canopy,True
MOIL-BL-03,0.0,-600.0,21.80711,80.1856,0.0679,0.0672,0.2104,0.2171,0.3243,0.2145,0.0156,-0.527,0.1981,3.097,1.512,1.814,98.0,High Potential Exploration Zone,Manganese Gossan / Alteration Outcrop,True
MOIL-BL-03,0.0,-500.0,21.808008,80.1856,0.0655,0.0838,0.1491,0.2345,0.2627,0.2629,0.2226,-0.4733,0.0566,2.276,0.999,1.682,77.7,High Potential Exploration Zone,Manganese Gossan / Alteration Outcrop,True
MOIL-BL-03,0.0,-400.0,21.808907,80.1856,0.072,0.1076,0.1749,0.1935,0.3688,0.2681,0.0503,-0.2853,0.3118,2.43,1.376,2.521,92.1,High Potential Exploration Zone,Manganese Gossan / Alteration Outcrop,True
MOIL-BL-03,0.0,-300.0,21.809805,80.1856,0.0705,0.0995,0.1693,0.1441,0.2678,0.2507,-0.0803,-0.1834,0.3001,2.4,1.068,2.445,90.6,High Potential Exploration Zone,Manganese Gossan / Alteration Outcrop,True
MOIL-BL-03,0.0,-200.0,21.810703,80.1856,0.0558,0.0903,0.1752,0.1839,0.2729,0.2591,0.0242,-0.3411,0.1949,3.137,1.053,2.0,98.0,High Potential Exploration Zone,Manganese Gossan / Alteration Outcrop,True
MOIL-BL-03,0.0,-100.0,21.811602,80.1856,0.0764,0.0985,0.132,0.1938,0.357,0.245,0.1897,-0.326,0.2962,1.729,1.457,2.588,88.0,High Potential Exploration Zone,Manganese Gossan / Alteration Outcrop,True
MOIL-BL-03,0.0,0.0,21.8125,80.1856,0.0576,0.0742,0.153,0.1642,0.2674,0.2448,0.0352,-0.3774,0.2391,2.658,1.092,2.113,98.0,High Potential Exploration Zone,Manganese Gossan / Alteration Outcrop,True
MOIL-BL-03,0.0,100.0,21.813398,80.1856,0.0604,0.0967,0.1508,0.1861,0.3353,0.286,0.1048,-0.3159,0.2861,2.498,1.172,2.443,95.0,High Potential Exploration Zone,Manganese Gossan / Alteration Outcrop,True
MOIL-BL-03,0.0,200.0,21.814297,80.1856,0.054,0.0749,0.1649,0.2124,0.3746,0.239,0.1258,-0.4785,0.2764,3.057,1.567,2.218,98.0,High Potential Exploration Zone,Manganese Gossan / Alteration Outcrop,True
MOIL-BL-03,0.0,300.0,21.815195,80.1856,0.0725,0.0832,0.124,0.2294,0.2806,0.1953,0.2983,-0.4676,0.1003,1.71,1.437,1.894,79.3,High Potential Exploration Zone,Manganese Gossan / Alteration Outcrop,True
MOIL-BL-03,0.0,400.0,21.816093,80.1856,0.0798,0.0774,0.1337,0.1712,0.3119,0.1897,0.123,-0.3774,0.2914,1.674,1.645,2.401,85.3,High Potential Exploration Zone,Manganese Gossan / Alteration Outcrop,True
MOIL-BL-03,0.0,500.0,21.816992,80.1856,0.0541,0.0934,0.2116,0.1797,0.319,0.25,-0.0814,-0.3159,0.2793,3.911,1.276,2.217,98.0,High Potential Exploration Zone,Manganese Gossan / Alteration Outcrop,True
MOIL-BL-03,0.0,600.0,21.81789,80.1856,0.0428,0.0771,0.1884,0.2136,0.2898,0.1807,0.0625,-0.4694,0.1515,4.399,1.604,1.766,98.0,High Potential Exploration Zone,Manganese Gossan / Alteration Outcrop,True
MOIL-BL-03,0.0,700.0,21.818788,80.1856,0.1123,0.1531,0.2045,0.2922,0.409,0.3388,0.1766,-0.3124,0.1666,1.821,1.207,2.149,74.0,Medium Potential Zone,Barren Soil & Country Rock,True
MOIL-BL-03,0.0,800.0,21.819686,80.1856,0.0354,0.0599,0.0454,0.6046,0.22,0.0589,0.8604,-0.8198,-0.4664,1.281,3.736,1.684,84.1,High Potential Exploration Zone,Dense / Moderate Canopy,True
MOIL-BL-03,0.0,900.0,21.820585,80.1856,0.05,0.1064,0.0607,0.5198,0.1203,0.0658,0.7909,-0.6603,-0.6241,1.214,1.828,1.984,55.7,Medium Potential Zone,Dense / Moderate Canopy,True
MOIL-BL-03,0.0,1000.0,21.821483,80.1856,0.0232,0.0707,0.0525,0.6065,0.1743,0.1187,0.8407,-0.7911,-0.5536,2.261,1.469,1.635,59.8,Medium Potential Zone,Dense / Moderate Canopy,True
MOIL-BL-03,0.0,1100.0,21.822381,80.1856,0.1093,0.1503,0.1835,0.2725,0.3743,0.3007,0.1953,-0.2891,0.1573,1.679,1.244,2.192,68.3,Medium Potential Zone,Barren Soil & Country Rock,True
MOIL-BL-03,0.0,1200.0,21.82328,80.1856,0.1281,0.1758,0.1699,0.2617,0.3516,0.2362,0.2127,-0.1962,0.1467,1.326,1.489,2.379,66.7,Medium Potential Zone,Barren Soil & Country Rock,True
MOIL-BL-03,100.0,-1200.0,21.80172,80.186571,0.0262,0.1155,0.0479,0.7186,0.1247,0.0589,0.8749,-0.7231,-0.7044,1.829,2.115,2.582,60.9,Medium Potential Zone,Dense / Moderate Canopy,True
MOIL-BL-03,100.0,-1100.0,21.802619,80.186571,0.0462,0.0889,0.0593,0.5644,0.1241,0.0953,0.8099,-0.7279,-0.6396,1.283,1.301,1.719,45.0,Medium Potential Zone,Dense / Moderate Canopy,True
MOIL-BL-03,100.0,-1000.0,21.803517,80.186571,0.0221,0.062,0.049,0.5706,0.1952,0.0771,0.8417,-0.8041,-0.4901,2.215,2.532,1.606,73.8,Medium Potential Zone,Dense / Moderate Canopy,True
MOIL-BL-03,100.0,-900.0,21.804415,80.186571,0.0411,0.0952,0.0538,0.6675,0.1857,0.1084,0.8507,-0.7505,-0.5647,1.309,1.713,2.045,51.7,Medium Potential Zone,Dense / Moderate Canopy,True
MOIL-BL-03,100.0,-800.0,21.805314,80.186571,0.0248,0.0717,0.0432,0.4754,0.1892,0.0917,0.8333,-0.738,-0.4305,1.745,2.065,2.056,63.3,Medium Potential Zone,Dense / Moderate Canopy,True
MOIL-BL-03,100.0,-700.0,21.806212,80.186571,0.0344,0.088,0.0303,0.476,0.1883,0.0683,0.8802,-0.6879,-0.433,0.883,2.757,3.298,63.4,Medium Potential Zone,Dense / Moderate Canopy,True
MOIL-BL-03,100.0,-600.0,21.80711,80.186571,0.0997,0.1353,0.1623,0.2611,0.2838,0.22,0.2331,-0.3174,0.0417,1.628,1.29,1.92,70.5,Medium Potential Zone,Barren Soil & Country Rock,True
MOIL-BL-03,100.0,-500.0,21.808008,80.186571,0.0294,0.0897,0.0419,0.7011,0.1929,0.0758,0.8872,-0.7731,-0.5684,1.423,2.544,2.416,68.6,Medium Potential Zone,Dense / Moderate Canopy,True
MOIL-BL-03,100.0,-400.0,21.808907,80.186571,0.0484,0.0669,0.1962,0.1853,0.2725,0.2812,-0.0287,-0.4695,0.1904,4.052,0.969,1.811,98.0,High Potential Exploration Zone,Manganese Gossan / Alteration Outcrop,True
MOIL-BL-03,100.0,-300.0,21.809805,80.186571,0.0556,0.0872,0.2058,0.2233,0.3293,0.2777,0.0409,-0.4385,0.1918,3.701,1.186,1.898,98.0,High Potential Exploration Zone,Manganese Gossan / Alteration Outcrop,True
MOIL-BL-03,100.0,-200.0,21.810703,80.186571,0.0781,0.1068,0.1549,0.1797,0.2737,0.2721,0.0742,-0.2547,0.2072,1.984,1.006,2.212,81.2,High Potential Exploration Zone,Manganese Gossan / Alteration Outcrop,True
MOIL-BL-03,100.0,-100.0,21.811602,80.186571,0.0449,0.0778,0.121,0.1995,0.3322,0.2074,0.245,-0.439,0.2496,2.696,1.602,2.308,95.3,High Potential Exploration Zone,Manganese Gossan / Alteration Outcrop,True
MOIL-BL-03,100.0,0.0,21.8125,80.186571,0.0695,0.0791,0.1512,0.2356,0.3224,0.2078,0.2183,-0.4974,0.1555,2.176,1.552,1.891,91.7,High Potential Exploration Zone,Manganese Gossan / Alteration Outcrop,True
MOIL-BL-03,100.0,100.0,21.813398,80.186571,0.0793,0.0794,0.1848,0.2124,0.2991,0.239,0.0695,-0.4559,0.1696,2.329,1.252,1.838,96.1,High Potential Exploration Zone,Manganese Gossan / Alteration Outcrop,True
MOIL-BL-03,100.0,200.0,21.814297,80.186571,0.0496,0.0833,0.1511,0.1947,0.3338,0.2475,0.1263,-0.4009,0.2631,3.047,1.348,2.265,98.0,High Potential Exploration Zone,Manganese Gossan / Alteration Outcrop,True
MOIL-BL-03,100.0,300.0,21.815195,80.186571,0.0711,0.0621,0.1279,0.1605,0.378,0.268,0.1133,-0.4423,0.4038,1.799,1.41,2.84,89.7,High Potential Exploration Zone,Manganese Gossan / Alteration Outcrop,True
MOIL-BL-03,100.0,400.0,21.816093,80.186571,0.077,0.0736,0.1774,0.1955,0.3197,0.2589,0.0485,-0.4529,0.2411,2.305,1.235,2.05,92.2,High Potential Exploration Zone,Manganese Gossan / Alteration Outcrop,True
MOIL-BL-03,100.0,500.0,21.816992,80.186571,0.0558,0.0939,0.1988,0.1689,0.3724,0.237,-0.0814,-0.2856,0.3759,3.566,1.571,2.677,98.0,High Potential Exploration Zone,Manganese Gossan / Alteration Outcrop,True
MOIL-BL-03,100.0,600.0,21.81789,80.186571,0.0693,0.0964,0.1765,0.1723,0.3334,0.1896,-0.0122,-0.2822,0.3186,2.547,1.758,2.482,98.0,High Potential Exploration Zone,Manganese Gossan / Alteration Outcrop,True
MOIL-BL-03,100.0,700.0,21.818788,80.186571,0.0793,0.0692,0.1475,0.2354,0.2661,0.1987,0.2295,-0.5457,0.0612,1.862,1.339,1.599,77.4,High Potential Exploration Zone,Manganese Gossan / Alteration Outcrop,True
MOIL-BL-03,100.0,800.0,21.819686,80.186571,0.0722,0.0726,0.1295,0.1627,0.3644,0.2108,0.1136,-0.383,0.3827,1.794,1.728,2.8,84.4,High Potential Exploration Zone,Manganese Gossan / Alteration Outcrop,True
MOIL-BL-03,100.0,900.0,21.820585,80.186571,0.0319,0.0683,0.0358,0.7125,0.1721,0.058,0.9044,-0.8249,-0.6109,1.123,2.966,2.153,70.3,Medium Potential Zone,Dense / Moderate Canopy,True
MOIL-BL-03,100.0,1000.0,21.821483,80.186571,0.1044,0.1527,0.1745,0.2478,0.3897,0.2701,0.1734,-0.2376,0.2227,1.671,1.443,2.447,74.4,Medium Potential Zone,Barren Soil & Country Rock,True
MOIL-BL-03,100.0,1100.0,21.822381,80.186571,0.0832,0.1464,0.1648,0.2374,0.3819,0.2776,0.1805,-0.2372,0.2334,1.98,1.376,2.497,75.7,High Potential Exploration Zone,Barren Soil & Country Rock,True
MOIL-BL-03,100.0,1200.0,21.82328,80.186571,0.0379,0.1052,0.0363,0.4967,0.1321,0.1156,0.8636,-0.6505,-0.5797,0.958,1.143,3.161,39.1,Low Potential / Barren,Dense / Moderate Canopy,True
MOIL-BL-03,200.0,-1200.0,21.80172,80.187542,0.0228,0.0654,0.059,0.4578,0.1926,0.1138,0.7716,-0.7499,-0.4078,2.591,1.692,1.529,65.5,Medium Potential Zone,Dense / Moderate Canopy,True
MOIL-BL-03,200.0,-1100.0,21.802619,80.187542,0.0912,0.1201,0.1687,0.2817,0.2863,0.2711,0.2508,-0.402,0.0081,1.85,1.056,1.728,63.6,Medium Potential Zone,Barren Soil & Country Rock,True
MOIL-BL-03,200.0,-1000.0,21.803517,80.187542,0.0472,0.0832,0.0357,0.5281,0.1872,0.0578,0.8734,-0.7278,-0.4765,0.756,3.236,2.685,65.6,Medium Potential Zone,Dense / Moderate Canopy,True
MOIL-BL-03,200.0,-900.0,21.804415,80.187542,0.1397,0.1203,0.1722,0.3044,0.2942,0.224,0.2774,-0.4333,-0.017,1.232,1.313,1.665,60.7,Medium Potential Zone,Barren Soil & Country Rock,True
MOIL-BL-03,200.0,-800.0,21.805314,80.187542,0.1216,0.1796,0.2073,0.2324,0.3057,0.2845,0.0573,-0.1283,0.1362,1.704,1.075,2.182,69.8,Medium Potential Zone,Barren Soil & Country Rock,True
MOIL-BL-03,200.0,-700.0,21.806212,80.187542,0.0399,0.0902,0.0695,0.5035,0.1373,0.1101,0.7576,-0.696,-0.5715,1.741,1.247,1.572,52.6,Medium Potential Zone,Dense / Moderate Canopy,True
MOIL-BL-03,200.0,-600.0,21.80711,80.187542,0.1,0.1529,0.1905,0.2488,0.4084,0.2355,0.1326,-0.2386,0.2429,1.906,1.734,2.444,81.5,High Potential Exploration Zone,Barren Soil & Country Rock,True
MOIL-BL-03,200.0,-500.0,21.808008,80.187542,0.0201,0.1065,0.0367,0.6587,0.1349,0.0792,0.8944,-0.7216,-0.6601,1.829,1.703,3.104,58.3,Medium Potential Zone,Dense / Moderate Canopy,True
MOIL-BL-03,200.0,-400.0,21.808907,80.187542,0.0281,0.072,0.0567,0.5007,0.2152,0.0632,0.7966,-0.7486,-0.3988,2.016,3.404,1.699,90.0,High Potential Exploration Zone,Dense / Moderate Canopy,True
MOIL-BL-03,200.0,-300.0,21.809805,80.187542,0.0441,0.0762,0.0362,0.4948,0.2185,0.1008,0.8635,-0.7331,-0.3873,0.822,2.169,2.544,57.2,Medium Potential Zone,Dense / Moderate Canopy,True
MOIL-BL-03,200.0,-200.0,21.810703,80.187542,0.058,0.0729,0.1219,0.207,0.374,0.1918,0.2589,-0.4794,0.2873,2.102,1.95,2.404,88.1,High Potential Exploration Zone,Manganese Gossan / Alteration Outcrop,True
MOIL-BL-03,200.0,-100.0,21.811602,80.187542,0.0702,0.0677,0.1992,0.1771,0.3397,0.2819,-0.0589,-0.447,0.3147,2.839,1.205,2.258,94.8,High Potential Exploration Zone,Manganese Gossan / Alteration Outcrop,True
MOIL-BL-03,200.0,0.0,21.8125,80.187542,0.0648,0.106,0.1435,0.2378,0.3622,0.1918,0.2473,-0.3832,0.2073,2.214,1.888,2.262,92.4,High Potential Exploration Zone,Manganese Gossan / Alteration Outcrop,True
MOIL-BL-03,200.0,100.0,21.813398,80.187542,0.0565,0.1064,0.1278,0.1854,0.3413,0.1837,0.1838,-0.2709,0.2961,2.26,1.858,2.673,96.6,High Potential Exploration Zone,Manganese Gossan / Alteration Outcrop,True
MOIL-BL-03,200.0,200.0,21.814297,80.187542,0.0701,0.0781,0.1449,0.1976,0.3162,0.2761,0.1537,-0.4336,0.2308,2.067,1.145,2.139,87.0,High Potential Exploration Zone,Manganese Gossan / Alteration Outcrop,True
MOIL-BL-03,200.0,300.0,21.815195,80.187542,0.067,0.0811,0.185,0.215,0.3712,0.2575,0.075,-0.4523,0.2665,2.76,1.442,2.165,98.0,High Potential Exploration Zone,Manganese Gossan / Alteration Outcrop,True
MOIL-BL-03,200.0,400.0,21.816093,80.187542,0.0618,0.0786,0.2091,0.2193,0.2508,0.2569,0.0236,-0.472,0.0671,3.387,0.976,1.52,98.0,High Potential Exploration Zone,Manganese Gossan / Alteration Outcrop,True
MOIL-BL-03,200.0,500.0,21.816992,80.187542,0.0615,0.0652,0.1765,0.1593,0.3391,0.2106,-0.0514,-0.4191,0.3609,2.868,1.61,2.499,98.0,High Potential Exploration Zone,Manganese Gossan / Alteration Outcrop,True
MOIL-BL-03,200.0,600.0,21.81789,80.187542,0.046,0.0641,0.1691,0.16,0.3597,0.1803,-0.0277,-0.4278,0.3844,3.675,1.995,2.628,98.0,High Potential Exploration Zone,Manganese Gossan / Alteration Outcrop,True
MOIL-BL-03,200.0,700.0,21.818788,80.187542,0.0737,0.0861,0.2122,0.1605,0.2543,0.2487,-0.1389,-0.3018,0.2263,2.878,1.022,1.99,94.3,High Potential Exploration Zone,Manganese Gossan / Alteration Outcrop,True
MOIL-BL-03,200.0,800.0,21.819686,80.187542,0.0683,0.0786,0.1214,0.1807,0.2727,0.2182,0.1964,-0.3936,0.203,1.778,1.25,2.157,77.4,High Potential Exploration Zone,Manganese Gossan / Alteration Outcrop,True
MOIL-BL-03,200.0,900.0,21.820585,80.187542,0.0603,0.0951,0.2163,0.1544,0.3352,0.2057,-0.167,-0.2376,0.3693,3.589,1.63,2.611,98.0,High Potential Exploration Zone,Manganese Gossan / Alteration Outcrop,True
MOIL-BL-03,200.0,1000.0,21.821483,80.187542,0.118,0.1666,0.2382,0.2969,0.302,0.247,0.1096,-0.2812,0.0086,2.019,1.223,1.716,79.2,High Potential Exploration Zone,Barren Soil & Country Rock,True
MOIL-BL-03,200.0,1100.0,21.822381,80.187542,0.0358,0.0707,0.0489,0.697,0.1956,0.0815,0.869,-0.8159,-0.5618,1.365,2.398,1.727,65.2,Medium Potential Zone,Dense / Moderate Canopy,True
MOIL-BL-03,200.0,1200.0,21.82328,80.187542,0.0438,0.0504,0.0345,0.5996,0.155,0.1069,0.8912,-0.8449,-0.5892,0.787,1.45,1.72,42.6,Low Potential / Barren,Dense / Moderate Canopy,True
MOIL-BL-03,300.0,-1200.0,21.80172,80.188513,0.0272,0.1034,0.0514,0.5558,0.1987,0.0895,0.8307,-0.6862,-0.4734,1.889,2.219,2.369,62.9,Medium Potential Zone,Dense / Moderate Canopy,True
MOIL-BL-03,300.0,-1100.0,21.802619,80.188513,0.0219,0.091,0.042,0.5832,0.1422,0.093,0.8656,-0.73,-0.6079,1.922,1.529,2.409,52.2,Medium Potential Zone,Dense / Moderate Canopy,True
MOIL-BL-03,300.0,-1000.0,21.803517,80.188513,0.0874,0.1313,0.2254,0.2234,0.3821,0.2268,-0.0046,-0.2595,0.2622,2.58,1.685,2.293,88.5,High Potential Exploration Zone,Barren Soil & Country Rock,True
MOIL-BL-03,300.0,-900.0,21.804415,80.188513,0.0432,0.0662,0.0378,0.5281,0.19,0.0678,0.8663,-0.7773,-0.4709,0.876,2.8,2.109,60.3,Medium Potential Zone,Dense / Moderate Canopy,True
MOIL-BL-03,300.0,-800.0,21.805314,80.188513,0.024,0.0823,0.055,0.4694,0.2015,0.1156,0.7903,-0.7017,-0.3992,2.288,1.743,1.926,63.4,Medium Potential Zone,Dense / Moderate Canopy,True
MOIL-BL-03,300.0,-700.0,21.806212,80.188513,0.1256,0.1388,0.2141,0.2507,0.4007,0.2617,0.0786,-0.2872,0.2304,1.705,1.532,2.247,75.5,High Potential Exploration Zone,Barren Soil & Country Rock,True
MOIL-BL-03,300.0,-600.0,21.80711,80.188513,0.043,0.0637,0.0363,0.6605,0.159,0.1165,0.8959,-0.824,-0.6119,0.844,1.366,1.998,39.4,Low Potential / Barren,Dense / Moderate Canopy,True
MOIL-BL-03,300.0,-500.0,21.808008,80.188513,0.0408,0.085,0.0378,0.6882,0.1282,0.0759,0.8959,-0.7801,-0.686,0.926,1.689,2.436,46.0,Medium Potential Zone,Dense / Moderate Canopy,True
MOIL-BL-03,300.0,-400.0,21.808907,80.188513,0.1375,0.1271,0.2312,0.2656,0.2866,0.3075,0.0693,-0.3528,0.038,1.681,0.932,1.629,69.0,Medium Potential Zone,Barren Soil & Country Rock,True
MOIL-BL-03,300.0,-300.0,21.809805,80.188513,0.0942,0.168,0.1724,0.2525,0.3305,0.2907,0.1887,-0.2011,0.1338,1.83,1.137,2.283,71.3,Medium Potential Zone,Barren Soil & Country Rock,True
MOIL-BL-03,300.0,-200.0,21.810703,80.188513,0.0269,0.0644,0.0389,0.553,0.1735,0.0509,0.8686,-0.7914,-0.5224,1.444,3.406,1.97,81.7,High Potential Exploration Zone,Dense / Moderate Canopy,True
MOIL-BL-03,300.0,-100.0,21.811602,80.188513,0.0712,0.1063,0.2044,0.1437,0.3134,0.2695,-0.1742,-0.1495,0.3712,2.87,1.163,2.701,91.8,High Potential Exploration Zone,Manganese Gossan / Alteration Outcrop,True
MOIL-BL-03,300.0,0.0,21.8125,80.188513,0.0538,0.1049,0.2087,0.1542,0.3091,0.1828,-0.1502,-0.1904,0.3344,3.882,1.691,2.507,98.0,High Potential Exploration Zone,Manganese Gossan / Alteration Outcrop,True
MOIL-BL-03,300.0,100.0,21.813398,80.188513,0.0513,0.1006,0.2175,0.2313,0.246,0.2819,0.0308,-0.3939,0.0306,4.242,0.872,1.526,98.0,High Potential Exploration Zone,Manganese Gossan / Alteration Outcrop,True
MOIL-BL-03,300.0,200.0,21.814297,80.188513,0.0729,0.1034,0.2115,0.1888,0.2696,0.1823,-0.0566,-0.2924,0.1762,2.901,1.479,1.917,98.0,High Potential Exploration Zone,Manganese Gossan / Alteration Outcrop,True
MOIL-BL-03,300.0,300.0,21.815195,80.188513,0.0409,0.0921,0.1537,0.1896,0.2584,0.2873,0.1045,-0.346,0.1536,3.755,0.899,1.962,98.0,High Potential Exploration Zone,Manganese Gossan / Alteration Outcrop,True
MOIL-BL-03,300.0,400.0,21.816093,80.188513,0.0452,0.0822,0.1643,0.1409,0.3335,0.2392,-0.0769,-0.2628,0.4061,3.636,1.394,2.868,98.0,High Potential Exploration Zone,Manganese Gossan / Alteration Outcrop,True
MOIL-BL-03,300.0,500.0,21.816992,80.188513,0.0599,0.1009,0.1441,0.2261,0.3611,0.271,0.2215,-0.3829,0.2298,2.406,1.333,2.297,95.2,High Potential Exploration Zone,Manganese Gossan / Alteration Outcrop,True
MOIL-BL-03,300.0,600.0,21.81789,80.188513,0.0537,0.0681,0.1675,0.166,0.2473,0.2107,-0.0046,-0.418,0.1968,3.122,1.174,1.897,98.0,High Potential Exploration Zone,Manganese Gossan / Alteration Outcrop,True
MOIL-BL-03,300.0,700.0,21.818788,80.188513,0.0588,0.0656,0.2144,0.2056,0.2591,0.2693,-0.021,-0.516,0.1151,3.649,0.962,1.566,98.0,High Potential Exploration Zone,Manganese Gossan / Alteration Outcrop,True
MOIL-BL-03,300.0,800.0,21.819686,80.188513,0.0771,0.0731,0.1343,0.1722,0.3565,0.1993,0.1237,-0.4039,0.3485,1.742,1.789,2.614,90.6,High Potential Exploration Zone,Manganese Gossan / Alteration Outcrop,True
MOIL-BL-03,300.0,900.0,21.820585,80.188513,0.0712,0.0958,0.1851,0.1833,0.2913,0.1894,-0.0049,-0.3135,0.2276,2.601,1.538,2.107,98.0,High Potential Exploration Zone,Manganese Gossan / Alteration Outcrop,True
MOIL-BL-03,300.0,1000.0,21.821483,80.188513,0.0543,0.0901,0.2098,0.2233,0.2445,0.1953,0.0311,-0.4251,0.0453,3.865,1.252,1.524,98.0,High Potential Exploration Zone,Manganese Gossan / Alteration Outcrop,True
MOIL-BL-03,300.0,1100.0,21.822381,80.188513,0.0739,0.107,0.1256,0.2101,0.2912,0.2201,0.2518,-0.3253,0.1617,1.698,1.323,2.238,73.8,Medium Potential Zone,Manganese Gossan / Alteration Outcrop,True
MOIL-BL-03,300.0,1200.0,21.82328,80.188513,0.0443,0.0692,0.0582,0.6217,0.1717,0.0922,0.8288,-0.7996,-0.5671,1.314,1.863,1.466,58.8,Medium Potential Zone,Dense / Moderate Canopy,True
MOIL-BL-03,400.0,-1200.0,21.80172,80.189483,0.0802,0.153,0.2019,0.2271,0.3489,0.3109,0.0587,-0.1949,0.2114,2.516,1.122,2.294,76.2,High Potential Exploration Zone,Barren Soil & Country Rock,True
MOIL-BL-03,400.0,-1100.0,21.802619,80.189483,0.0355,0.1003,0.0369,0.5735,0.1348,0.0867,0.8792,-0.7024,-0.6194,1.038,1.555,2.954,41.5,Low Potential / Barren,Dense / Moderate Canopy,True
MOIL-BL-03,400.0,-1000.0,21.803517,80.189483,0.0237,0.0553,0.0367,0.6083,0.139,0.0693,0.8863,-0.8334,-0.6281,1.55,2.006,1.736,54.2,Medium Potential Zone,Dense / Moderate Canopy,True
MOIL-BL-03,400.0,-900.0,21.804415,80.189483,0.0275,0.0778,0.0672,0.6727,0.1455,0.0918,0.8185,-0.7926,-0.6443,2.446,1.585,1.375,60.6,Medium Potential Zone,Dense / Moderate Canopy,True
MOIL-BL-03,400.0,-800.0,21.805314,80.189483,0.047,0.0883,0.0525,0.6899,0.1254,0.094,0.8587,-0.773,-0.6923,1.116,1.335,1.866,40.9,Low Potential / Barren,Dense / Moderate Canopy,True
MOIL-BL-03,400.0,-700.0,21.806212,80.189483,0.0473,0.1172,0.0368,0.526,0.1473,0.057,0.8692,-0.6355,-0.5623,0.778,2.583,3.465,55.9,Medium Potential Zone,Dense / Moderate Canopy,True
MOIL-BL-03,400.0,-600.0,21.80711,80.189483,0.0354,0.0901,0.0565,0.467,0.1822,0.114,0.7841,-0.6765,-0.4386,1.597,1.599,1.985,53.7,Medium Potential Zone,Dense / Moderate Canopy,True
MOIL-BL-03,400.0,-500.0,21.808008,80.189483,0.0232,0.056,0.0413,0.6532,0.1461,0.107,0.8811,-0.842,-0.6344,1.779,1.365,1.581,50.0,Medium Potential Zone,Dense / Moderate Canopy,True
MOIL-BL-03,400.0,-400.0,21.808907,80.189483,0.0337,0.0711,0.0539,0.6688,0.1265,0.1167,0.8508,-0.8079,-0.682,1.599,1.083,1.507,45.4,Medium Potential Zone,Dense / Moderate Canopy,True
MOIL-BL-03,400.0,-300.0,21.809805,80.189483,0.0319,0.0854,0.0454,0.5614,0.1796,0.0542,0.8503,-0.7359,-0.5153,1.422,3.312,2.2,77.6,High Potential Exploration Zone,Dense / Moderate Canopy,True
MOIL-BL-03,400.0,-200.0,21.810703,80.189483,0.0936,0.1445,0.1897,0.2922,0.3163,0.2268,0.2128,-0.3384,0.0395,2.026,1.394,1.844,75.9,High Potential Exploration Zone,Barren Soil & Country Rock,True
MOIL-BL-03,400.0,-100.0,21.811602,80.189483,0.0807,0.1223,0.2287,0.2897,0.4194,0.2224,0.1177,-0.4064,0.1829,2.835,1.886,1.982,96.4,High Potential Exploration Zone,Barren Soil & Country Rock,True
MOIL-BL-03,400.0,0.0,21.8125,80.189483,0.0409,0.0948,0.0443,0.5517,0.2046,0.0999,0.8515,-0.7067,-0.459,1.083,2.047,2.513,58.0,Medium Potential Zone,Dense / Moderate Canopy,True
MOIL-BL-03,400.0,100.0,21.813398,80.189483,0.0668,0.0615,0.1384,0.2363,0.3036,0.266,0.2611,-0.5867,0.1248,2.072,1.142,1.73,74.9,Medium Potential Zone,Manganese Gossan / Alteration Outcrop,True
MOIL-BL-03,400.0,200.0,21.814297,80.189483,0.0556,0.0982,0.1319,0.1442,0.3053,0.2451,0.0445,-0.1897,0.3583,2.374,1.246,2.861,88.0,High Potential Exploration Zone,Manganese Gossan / Alteration Outcrop,True
MOIL-BL-03,400.0,300.0,21.815195,80.189483,0.0529,0.0958,0.1696,0.2328,0.2519,0.1873,0.1572,-0.417,0.0393,3.203,1.345,1.647,97.4,High Potential Exploration Zone,Manganese Gossan / Alteration Outcrop,True
MOIL-BL-03,400.0,400.0,21.816093,80.189483,0.0762,0.0935,0.1871,0.1428,0.3713,0.2649,-0.1345,-0.2087,0.4446,2.455,1.402,3.1,96.4,High Potential Exploration Zone,Manganese Gossan / Alteration Outcrop,True
MOIL-BL-03,400.0,500.0,21.816992,80.189483,0.0706,0.1056,0.1778,0.1795,0.3073,0.2655,0.0046,-0.2591,0.2626,2.52,1.157,2.306,95.7,High Potential Exploration Zone,Manganese Gossan / Alteration Outcrop,True
MOIL-BL-03,400.0,600.0,21.81789,80.189483,0.0707,0.0905,0.1418,0.2219,0.3306,0.2043,0.2202,-0.4207,0.1968,2.004,1.618,2.128,92.8,High Potential Exploration Zone,Manganese Gossan / Alteration Outcrop,True
MOIL-BL-03,400.0,700.0,21.818788,80.189483,0.0592,0.1099,0.1528,0.1517,0.243,0.2003,-0.0039,-0.1598,0.2315,2.581,1.213,2.321,98.0,High Potential Exploration Zone,Manganese Gossan / Alteration Outcrop,True
MOIL-BL-03,400.0,800.0,21.819686,80.189483,0.0475,0.1029,0.1356,0.2263,0.2521,0.2797,0.2505,-0.3748,0.0541,2.856,0.901,1.873,90.5,High Potential Exploration Zone,Manganese Gossan / Alteration Outcrop,True
MOIL-BL-03,400.0,900.0,21.820585,80.189483,0.0503,0.0906,0.136,0.179,0.252,0.2437,0.1366,-0.328,0.1694,2.706,1.034,2.074,91.6,High Potential Exploration Zone,Manganese Gossan / Alteration Outcrop,True
MOIL-BL-03,400.0,1000.0,21.821483,80.189483,0.0538,0.1026,0.1382,0.168,0.2648,0.242,0.0974,-0.2416,0.2237,2.567,1.094,2.319,89.9,High Potential Exploration Zone,Manganese Gossan / Alteration Outcrop,True
MOIL-BL-03,400.0,1100.0,21.822381,80.189483,0.0445,0.0695,0.1878,0.1474,0.344,0.1915,-0.1205,-0.3595,0.4,4.224,1.797,2.703,98.0,High Potential Exploration Zone,Manganese Gossan / Alteration Outcrop,True
MOIL-BL-03,400.0,1200.0,21.82328,80.189483,0.0634,0.1099,0.1374,0.1661,0.3658,0.2489,0.0946,-0.2037,0.3754,2.166,1.47,3.002,87.2,High Potential Exploration Zone,Manganese Gossan / Alteration Outcrop,True
MOIL-BL-03,500.0,-1200.0,21.80172,80.190454,0.0369,0.0707,0.0642,0.6512,0.1842,0.1152,0.8205,-0.8042,-0.5589,1.741,1.599,1.384,51.2,Medium Potential Zone,Dense / Moderate Canopy,True
MOIL-BL-03,500.0,-1100.0,21.802619,80.190454,0.0354,0.1183,0.0382,0.4883,0.1362,0.1193,0.8548,-0.61,-0.5638,1.082,1.142,3.373,36.0,Low Potential / Barren,Dense / Moderate Canopy,True
MOIL-BL-03,500.0,-1000.0,21.803517,80.190454,0.0292,0.0674,0.0323,0.4856,0.2108,0.1023,0.8754,-0.7562,-0.3946,1.106,2.06,2.524,49.7,Medium Potential Zone,Dense / Moderate Canopy,True
MOIL-BL-03,500.0,-900.0,21.804415,80.190454,0.0327,0.0921,0.0493,0.688,0.2191,0.1153,0.8661,-0.7639,-0.5168,1.509,1.901,2.185,52.5,Medium Potential Zone,Dense / Moderate Canopy,True
MOIL-BL-03,500.0,-800.0,21.805314,80.190454,0.0219,0.0932,0.0339,0.4875,0.1391,0.0754,0.87,-0.6789,-0.5559,1.55,1.844,3.037,52.4,Medium Potential Zone,Dense / Moderate Canopy,True
MOIL-BL-03,500.0,-700.0,21.806212,80.190454,0.03,0.0817,0.0319,0.6173,0.1857,0.057,0.9018,-0.7664,-0.5375,1.063,3.26,2.861,67.5,Medium Potential Zone,Dense / Moderate Canopy,True
MOIL-BL-03,500.0,-600.0,21.80711,80.190454,0.0394,0.0843,0.0521,0.5858,0.1254,0.1015,0.8366,-0.7485,-0.6474,1.322,1.236,1.831,42.5,Low Potential / Barren,Dense / Moderate Canopy,True
MOIL-BL-03,500.0,-500.0,21.808008,80.190454,0.0252,0.0977,0.0578,0.5076,0.1996,0.082,0.7956,-0.6773,-0.4355,2.295,2.436,2.083,73.4,Medium Potential Zone,Dense / Moderate Canopy,True
MOIL-BL-03,500.0,-400.0,21.808907,80.190454,0.1195,0.1558,0.1736,0.3072,0.3996,0.3203,0.2778,-0.327,0.1307,1.454,1.247,2.198,62.1,Medium Potential Zone,Barren Soil & Country Rock,True
MOIL-BL-03,500.0,-300.0,21.809805,80.190454,0.1295,0.1707,0.2397,0.3158,0.3336,0.2438,0.1369,-0.2982,0.0275,1.851,1.368,1.769,73.4,Medium Potential Zone,Barren Soil & Country Rock,True
MOIL-BL-03,500.0,-200.0,21.810703,80.190454,0.1097,0.1683,0.2178,0.2988,0.3332,0.2496,0.1567,-0.2793,0.0545,1.986,1.335,1.888,74.6,Medium Potential Zone,Barren Soil & Country Rock,True
MOIL-BL-03,500.0,-100.0,21.811602,80.190454,0.1176,0.1677,0.2311,0.2676,0.4099,0.2443,0.0732,-0.2295,0.21,1.966,1.678,2.257,82.9,High Potential Exploration Zone,Barren Soil & Country Rock,True
MOIL-BL-03,500.0,0.0,21.8125,80.190454,0.0264,0.0632,0.0681,0.6708,0.1212,0.0688,0.8156,-0.8279,-0.694,2.58,1.761,1.108,69.9,Medium Potential Zone,Dense / Moderate Canopy,True
MOIL-BL-03,500.0,100.0,21.813398,80.190454,0.0888,0.1618,0.2053,0.2654,0.3065,0.2533,0.1276,-0.2424,0.0719,2.312,1.21,1.943,80.3,High Potential Exploration Zone,Barren Soil & Country Rock,True
MOIL-BL-03,500.0,200.0,21.814297,80.190454,0.1271,0.1794,0.1747,0.2542,0.3192,0.2253,0.1852,-0.1725,0.1135,1.374,1.417,2.283,72.3,Medium Potential Zone,Barren Soil & Country Rock,True
MOIL-BL-03,500.0,300.0,21.815195,80.190454,0.0488,0.1051,0.2043,0.1568,0.2913,0.2142,-0.1316,-0.1974,0.3002,4.189,1.36,2.372,98.0,High Potential Exploration Zone,Manganese Gossan / Alteration Outcrop,True
MOIL-BL-03,500.0,400.0,21.816093,80.190454,0.0459,0.0911,0.1757,0.1827,0.3598,0.2482,0.0194,-0.3345,0.3264,3.828,1.45,2.488,98.0,High Potential Exploration Zone,Manganese Gossan / Alteration Outcrop,True
MOIL-BL-03,500.0,500.0,21.816992,80.190454,0.0504,0.0787,0.135,0.1991,0.3221,0.2757,0.1919,-0.4336,0.2359,2.68,1.168,2.2,88.2,High Potential Exploration Zone,Manganese Gossan / Alteration Outcrop,True
MOIL-BL-03,500.0,600.0,21.81789,80.190454,0.0742,0.1018,0.1749,0.2052,0.3486,0.1901,0.0797,-0.3366,0.2589,2.356,1.834,2.281,98.0,High Potential Exploration Zone,Manganese Gossan / Alteration Outcrop,True
MOIL-BL-03,500.0,700.0,21.818788,80.190454,0.052,0.0685,0.1711,0.2238,0.2723,0.2604,0.1332,-0.5315,0.0978,3.29,1.046,1.617,98.0,High Potential Exploration Zone,Manganese Gossan / Alteration Outcrop,True
MOIL-BL-03,500.0,800.0,21.819686,80.190454,0.0562,0.1052,0.1827,0.2377,0.2744,0.2816,0.1308,-0.3865,0.0717,3.249,0.974,1.73,98.0,High Potential Exploration Zone,Manganese Gossan / Alteration Outcrop,True
MOIL-BL-03,500.0,900.0,21.820585,80.190454,0.0543,0.0911,0.1375,0.216,0.377,0.2666,0.2222,-0.4067,0.2715,2.532,1.414,2.408,97.4,High Potential Exploration Zone,Manganese Gossan / Alteration Outcrop,True
MOIL-BL-03,500.0,1000.0,21.821483,80.190454,0.0646,0.0824,0.1545,0.1819,0.286,0.2716,0.0814,-0.3764,0.2224,2.391,1.053,2.105,91.8,High Potential Exploration Zone,Manganese Gossan / Alteration Outcrop,True
MOIL-BL-03,500.0,1100.0,21.822381,80.190454,0.0757,0.1075,0.1618,0.1946,0.3208,0.2516,0.092,-0.2884,0.2448,2.137,1.275,2.312,89.4,High Potential Exploration Zone,Manganese Gossan / Alteration Outcrop,True
MOIL-BL-03,500.0,1200.0,21.82328,80.190454,0.0401,0.1021,0.1468,0.1872,0.3578,0.2897,0.121,-0.294,0.313,3.661,1.235,2.607,98.0,High Potential Exploration Zone,Manganese Gossan / Alteration Outcrop,True
MOIL-BL-03,600.0,-1200.0,21.80172,80.191425,0.0207,0.0758,0.0399,0.7103,0.1464,0.116,0.8937,-0.8071,-0.6582,1.923,1.262,2.107,45.6,Medium Potential Zone,Dense / Moderate Canopy,True
MOIL-BL-03,600.0,-1100.0,21.802619,80.191425,0.0452,0.0569,0.0301,0.6643,0.2043,0.1174,0.9134,-0.8423,-0.5296,0.666,1.741,2.198,38.0,Low Potential / Barren,Dense / Moderate Canopy,True
MOIL-BL-03,600.0,-1000.0,21.803517,80.191425,0.124,0.1511,0.1863,0.2806,0.3567,0.2551,0.2021,-0.2999,0.1194,1.502,1.399,2.083,64.0,Medium Potential Zone,Barren Soil & Country Rock,True
MOIL-BL-03,600.0,-900.0,21.804415,80.191425,0.1092,0.1484,0.1842,0.2464,0.4136,0.3235,0.1445,-0.248,0.2534,1.687,1.279,2.485,66.3,Medium Potential Zone,Barren Soil & Country Rock,True
MOIL-BL-03,600.0,-800.0,21.805314,80.191425,0.0264,0.0633,0.0624,0.4999,0.1704,0.0655,0.7781,-0.7754,-0.4916,2.36,2.601,1.355,75.1,High Potential Exploration Zone,Dense / Moderate Canopy,True
MOIL-BL-03,600.0,-700.0,21.806212,80.191425,0.1312,0.1735,0.2397,0.3144,0.374,0.2718,0.1347,-0.2888,0.0866,1.827,1.376,1.913,70.3,Medium Potential Zone,Barren Soil & Country Rock,True
MOIL-BL-03,600.0,-600.0,21.80711,80.191425,0.1165,0.1326,0.228,0.2749,0.3827,0.3008,0.0932,-0.3491,0.1639,1.957,1.272,1.974,71.9,Medium Potential Zone,Barren Soil & Country Rock,True
MOIL-BL-03,600.0,-500.0,21.808008,80.191425,0.1255,0.1706,0.2195,0.2977,0.3304,0.3332,0.1511,-0.2714,0.0521,1.749,0.991,1.887,64.0,Medium Potential Zone,Barren Soil & Country Rock,True
MOIL-BL-03,600.0,-400.0,21.808907,80.191425,0.0469,0.11,0.035,0.7109,0.2196,0.0924,0.9062,-0.7319,-0.5279,0.746,2.376,3.456,51.1,Medium Potential Zone,Dense / Moderate Canopy,True
MOIL-BL-03,600.0,-300.0,21.809805,80.191425,0.048,0.0514,0.0672,0.6194,0.2028,0.0879,0.8043,-0.8467,-0.5066,1.4,2.309,1.092,61.2,Medium Potential Zone,Dense / Moderate Canopy,True
MOIL-BL-03,600.0,-200.0,21.810703,80.191425,0.0469,0.0855,0.0489,0.6142,0.1719,0.0812,0.8526,-0.7556,-0.5627,1.041,2.115,2.03,53.4,Medium Potential Zone,Dense / Moderate Canopy,True
MOIL-BL-03,600.0,-100.0,21.811602,80.191425,0.1038,0.1369,0.192,0.2793,0.3652,0.2486,0.1852,-0.3421,0.1333,1.849,1.469,2.021,73.6,Medium Potential Zone,Barren Soil & Country Rock,True
MOIL-BL-03,600.0,0.0,21.8125,80.191425,0.1247,0.1517,0.1954,0.233,0.3381,0.3182,0.0878,-0.2112,0.184,1.567,1.062,2.228,68.0,Medium Potential Zone,Barren Soil & Country Rock,True
MOIL-BL-03,600.0,100.0,21.813398,80.191425,0.0227,0.0733,0.0692,0.597,0.1486,0.1139,0.7923,-0.7814,-0.6013,3.044,1.305,1.308,68.3,Medium Potential Zone,Dense / Moderate Canopy,True
MOIL-BL-03,600.0,200.0,21.814297,80.191425,0.1238,0.1288,0.1725,0.2761,0.3136,0.2259,0.2309,-0.3637,0.0635,1.394,1.388,1.882,68.6,Medium Potential Zone,Barren Soil & Country Rock,True
MOIL-BL-03,600.0,300.0,21.815195,80.191425,0.0217,0.1002,0.0433,0.702,0.2186,0.0735,0.8838,-0.7502,-0.5251,1.998,2.975,2.625,80.9,High Potential Exploration Zone,Dense / Moderate Canopy,True
MOIL-BL-03,600.0,400.0,21.816093,80.191425,0.0432,0.0586,0.0584,0.6947,0.1379,0.1087,0.845,-0.8443,-0.6688,1.352,1.268,1.203,50.4,Medium Potential Zone,Dense / Moderate Canopy,True
MOIL-BL-03,600.0,500.0,21.816992,80.191425,0.0446,0.0884,0.1539,0.1872,0.2821,0.2087,0.0974,-0.3584,0.2023,3.45,1.352,2.081,98.0,High Potential Exploration Zone,Manganese Gossan / Alteration Outcrop,True
MOIL-BL-03,600.0,600.0,21.81789,80.191425,0.0697,0.0712,0.1608,0.1675,0.2734,0.249,0.0201,-0.4036,0.2403,2.307,1.098,2.075,86.7,High Potential Exploration Zone,Manganese Gossan / Alteration Outcrop,True
MOIL-BL-03,600.0,700.0,21.818788,80.191425,0.0418,0.0994,0.1746,0.2228,0.2698,0.258,0.1213,-0.3829,0.0954,4.176,1.046,1.78,98.0,High Potential Exploration Zone,Manganese Gossan / Alteration Outcrop,True
MOIL-BL-03,600.0,800.0,21.819686,80.191425,0.0568,0.0638,0.1952,0.2162,0.2779,0.2808,0.051,-0.5441,0.1249,3.436,0.99,1.612,98.0,High Potential Exploration Zone,Manganese Gossan / Alteration Outcrop,True
MOIL-BL-03,600.0,900.0,21.820585,80.191425,0.0706,0.0753,0.1439,0.184,0.281,0.2039,0.1223,-0.419,0.2086,2.04,1.378,2.051,91.3,High Potential Exploration Zone,Manganese Gossan / Alteration Outcrop,True
MOIL-BL-03,600.0,1000.0,21.821483,80.191425,0.056,0.0613,0.1601,0.1622,0.277,0.1891,0.0063,-0.4515,0.2615,2.862,1.465,2.091,98.0,High Potential Exploration Zone,Manganese Gossan / Alteration Outcrop,True
MOIL-BL-03,600.0,1100.0,21.822381,80.191425,0.0636,0.0836,0.1951,0.2387,0.2567,0.21,0.1006,-0.4812,0.0364,3.069,1.223,1.504,98.0,High Potential Exploration Zone,Manganese Gossan / Alteration Outcrop,True
MOIL-BL-03,600.0,1200.0,21.82328,80.191425,0.0673,0.0719,0.123,0.151,0.3007,0.2274,0.1021,-0.355,0.3315,1.828,1.322,2.576,88.1,High Potential Exploration Zone,Manganese Gossan / Alteration Outcrop,True
MOIL-BL-03,700.0,-1200.0,21.80172,80.192396,0.034,0.0975,0.0497,0.5229,0.1305,0.1101,0.8264,-0.6858,-0.6004,1.462,1.185,2.211,40.9,Low Potential / Barren,Dense / Moderate Canopy,True
MOIL-BL-03,700.0,-1100.0,21.802619,80.192396,0.0858,0.1328,0.1602,0.2272,0.3689,0.2492,0.1729,-0.2621,0.2378,1.867,1.48,2.453,69.7,Medium Potential Zone,Barren Soil & Country Rock,True
MOIL-BL-03,700.0,-1000.0,21.803517,80.192396,0.1301,0.1664,0.1994,0.2813,0.292,0.3114,0.1704,-0.2567,0.0187,1.532,0.938,1.873,58.0,Medium Potential Zone,Barren Soil & Country Rock,True
MOIL-BL-03,700.0,-900.0,21.804415,80.192396,0.0371,0.0966,0.05,0.5909,0.17,0.0848,0.8439,-0.719,-0.5532,1.347,2.005,2.219,51.9,Medium Potential Zone,Dense / Moderate Canopy,True
MOIL-BL-03,700.0,-800.0,21.805314,80.192396,0.0328,0.0502,0.0545,0.7072,0.1457,0.1071,0.8569,-0.8674,-0.6584,1.66,1.36,1.127,45.7,Medium Potential Zone,Dense / Moderate Canopy,True
MOIL-BL-03,700.0,-700.0,21.806212,80.192396,0.0393,0.1124,0.0608,0.6888,0.121,0.0631,0.8377,-0.7195,-0.7013,1.549,1.916,2.022,53.6,Medium Potential Zone,Dense / Moderate Canopy,True
MOIL-BL-03,700.0,-600.0,21.80711,80.192396,0.0454,0.1087,0.0374,0.4884,0.2035,0.0879,0.8577,-0.6359,-0.4118,0.823,2.315,3.322,51.0,Medium Potential Zone,Dense / Moderate Canopy,True
MOIL-BL-03,700.0,-500.0,21.808008,80.192396,0.0443,0.0648,0.0355,0.6819,0.1312,0.0562,0.9011,-0.8264,-0.6773,0.801,2.335,2.02,50.1,Medium Potential Zone,Dense / Moderate Canopy,True
MOIL-BL-03,700.0,-400.0,21.808907,80.192396,0.099,0.1345,0.2193,0.3173,0.3079,0.3138,0.1826,-0.4047,-0.015,2.215,0.981,1.583,67.9,Medium Potential Zone,Barren Soil & Country Rock,True
MOIL-BL-03,700.0,-300.0,21.809805,80.192396,0.0871,0.1509,0.24,0.3149,0.2957,0.2488,0.1351,-0.3521,-0.0315,2.754,1.189,1.568,79.0,High Potential Exploration Zone,Barren Soil & Country Rock,True
MOIL-BL-03,700.0,-200.0,21.810703,80.192396,0.0245,0.102,0.03,0.6206,0.1695,0.083,0.9076,-0.7177,-0.571,1.225,2.042,3.668,51.7,Medium Potential Zone,Dense / Moderate Canopy,True
MOIL-BL-03,700.0,-100.0,21.811602,80.192396,0.0224,0.0764,0.0478,0.4835,0.1286,0.0626,0.8199,-0.727,-0.5799,2.134,2.055,1.863,65.5,Medium Potential Zone,Dense / Moderate Canopy,True
MOIL-BL-03,700.0,0.0,21.8125,80.192396,0.138,0.1485,0.2008,0.2907,0.3758,0.2803,0.1829,-0.3237,0.1277,1.456,1.341,2.032,66.8,Medium Potential Zone,Barren Soil & Country Rock,True
MOIL-BL-03,700.0,100.0,21.813398,80.192396,0.0999,0.1235,0.232,0.2969,0.3673,0.2675,0.1228,-0.4126,0.1059,2.323,1.373,1.769,79.7,High Potential Exploration Zone,Barren Soil & Country Rock,True
MOIL-BL-03,700.0,200.0,21.814297,80.192396,0.0346,0.0692,0.0419,0.6861,0.1835,0.0501,0.8848,-0.8168,-0.578,1.214,3.663,1.917,79.3,High Potential Exploration Zone,Dense / Moderate Canopy,True
MOIL-BL-03,700.0,300.0,21.815195,80.192396,0.1004,0.1624,0.216,0.2664,0.4131,0.3247,0.1044,-0.2426,0.2159,2.152,1.272,2.302,78.5,High Potential Exploration Zone,Barren Soil & Country Rock,True
MOIL-BL-03,700.0,400.0,21.816093,80.192396,0.0304,0.0802,0.0468,0.5689,0.2089,0.0674,0.8481,-0.753,-0.4628,1.536,3.098,2.082,77.6,High Potential Exploration Zone,Dense / Moderate Canopy,True
MOIL-BL-03,700.0,500.0,21.816992,80.192396,0.0354,0.0674,0.0511,0.5028,0.1308,0.1087,0.8155,-0.7635,-0.5871,1.442,1.204,1.58,50.3,Medium Potential Zone,Dense / Moderate Canopy,True
MOIL-BL-03,700.0,600.0,21.81789,80.192396,0.068,0.0702,0.2142,0.1424,0.2867,0.1824,-0.2013,-0.3394,0.3361,3.152,1.572,2.34,98.0,High Potential Exploration Zone,Manganese Gossan / Alteration Outcrop,True
MOIL-BL-03,700.0,700.0,21.818788,80.192396,0.0457,0.069,0.201,0.2393,0.3614,0.2499,0.0869,-0.5524,0.2033,4.4,1.446,1.854,98.0,High Potential Exploration Zone,Manganese Gossan / Alteration Outcrop,True
MOIL-BL-03,700.0,800.0,21.819686,80.192396,0.0689,0.0861,0.1623,0.2092,0.3762,0.1832,0.1264,-0.4167,0.2853,2.354,2.054,2.329,98.0,High Potential Exploration Zone,Manganese Gossan / Alteration Outcrop,True
MOIL-BL-03,700.0,900.0,21.820585,80.192396,0.0526,0.0765,0.1614,0.2027,0.3119,0.1821,0.1133,-0.452,0.2123,3.071,1.713,2.013,98.0,High Potential Exploration Zone,Manganese Gossan / Alteration Outcrop,True
MOIL-BL-03,700.0,1000.0,21.821483,80.192396,0.0565,0.091,0.1705,0.2272,0.2958,0.1814,0.1426,-0.4282,0.1312,3.019,1.631,1.836,98.0,High Potential Exploration Zone,Manganese Gossan / Alteration Outcrop,True
MOIL-BL-03,700.0,1100.0,21.822381,80.192396,0.0514,0.0668,0.145,0.1762,0.3347,0.2157,0.0971,-0.4503,0.3103,2.822,1.552,2.36,98.0,High Potential Exploration Zone,Manganese Gossan / Alteration Outcrop,True
MOIL-BL-03,700.0,1200.0,21.82328,80.192396,0.0754,0.075,0.1337,0.1569,0.3708,0.23,0.0798,-0.3533,0.4054,1.774,1.612,2.925,96.7,High Potential Exploration Zone,Manganese Gossan / Alteration Outcrop,True
MOIL-BL-03,800.0,-1200.0,21.80172,80.193367,0.0221,0.1013,0.0578,0.5514,0.1892,0.0757,0.8103,-0.6895,-0.4891,2.619,2.498,2.097,74.1,Medium Potential Zone,Dense / Moderate Canopy,True
MOIL-BL-03,800.0,-1100.0,21.802619,80.193367,0.1243,0.1779,0.2119,0.2476,0.3178,0.3315,0.0779,-0.1639,0.1241,1.705,0.959,2.123,62.6,Medium Potential Zone,Barren Soil & Country Rock,True
MOIL-BL-03,800.0,-1000.0,21.803517,80.193367,0.1261,0.1586,0.2074,0.2381,0.2848,0.2786,0.0689,-0.2005,0.0893,1.645,1.022,1.961,63.3,Medium Potential Zone,Barren Soil & Country Rock,True
MOIL-BL-03,800.0,-900.0,21.804415,80.193367,0.0259,0.0876,0.0568,0.5806,0.1707,0.0963,0.8217,-0.7378,-0.5456,2.197,1.773,1.835,58.5,Medium Potential Zone,Dense / Moderate Canopy,True
MOIL-BL-03,800.0,-800.0,21.805314,80.193367,0.03,0.1129,0.0494,0.6287,0.1307,0.0845,0.8543,-0.6954,-0.6559,1.647,1.547,2.494,48.0,Medium Potential Zone,Dense / Moderate Canopy,True
MOIL-BL-03,800.0,-700.0,21.806212,80.193367,0.1035,0.1233,0.2318,0.2873,0.3909,0.2761,0.107,-0.3995,0.1527,2.24,1.416,1.892,75.5,High Potential Exploration Zone,Barren Soil & Country Rock,True
MOIL-BL-03,800.0,-600.0,21.80711,80.193367,0.0462,0.075,0.0451,0.5872,0.1242,0.1197,0.8574,-0.7736,-0.6508,0.976,1.038,1.875,33.1,Low Potential / Barren,Dense / Moderate Canopy,True
MOIL-BL-03,800.0,-500.0,21.808008,80.193367,0.1083,0.1653,0.1838,0.2402,0.2978,0.2834,0.1329,-0.1847,0.1072,1.698,1.051,2.139,63.6,Medium Potential Zone,Barren Soil & Country Rock,True
MOIL-BL-03,800.0,-400.0,21.808907,80.193367,0.1226,0.1477,0.2025,0.2463,0.305,0.304,0.0975,-0.2503,0.1064,1.652,1.003,1.967,63.7,Medium Potential Zone,Barren Soil & Country Rock,True
MOIL-BL-03,800.0,-300.0,21.809805,80.193367,0.1268,0.1322,0.209,0.2844,0.3508,0.3396,0.1528,-0.3653,0.1045,1.648,1.033,1.866,62.8,Medium Potential Zone,Barren Soil & Country Rock,True
MOIL-BL-03,800.0,-200.0,21.810703,80.193367,0.133,0.1302,0.187,0.2345,0.3645,0.2966,0.1128,-0.2862,0.217,1.406,1.229,2.25,64.6,Medium Potential Zone,Barren Soil & Country Rock,True
MOIL-BL-03,800.0,-100.0,21.811602,80.193367,0.0416,0.1107,0.0611,0.5152,0.152,0.0766,0.7881,-0.6462,-0.5443,1.468,1.984,2.109,56.8,Medium Potential Zone,Dense / Moderate Canopy,True
MOIL-BL-03,800.0,0.0,21.8125,80.193367,0.1017,0.1343,0.2397,0.2983,0.4004,0.3307,0.109,-0.3792,0.1461,2.357,1.211,1.902,76.3,High Potential Exploration Zone,Barren Soil & Country Rock,True
MOIL-BL-03,800.0,100.0,21.813398,80.193367,0.0253,0.1031,0.0306,0.4806,0.123,0.0595,0.8802,-0.6467,-0.5925,1.211,2.067,3.622,53.5,Medium Potential Zone,Dense / Moderate Canopy,True
MOIL-BL-03,800.0,200.0,21.814297,80.193367,0.0466,0.0695,0.0348,0.5237,0.1847,0.0745,0.8755,-0.7656,-0.4785,0.747,2.479,2.352,55.1,Medium Potential Zone,Dense / Moderate Canopy,True
MOIL-BL-03,800.0,300.0,21.815195,80.193367,0.0239,0.1193,0.0305,0.572,0.1452,0.0896,0.8988,-0.6548,-0.5951,1.275,1.62,4.166,48.3,Medium Potential Zone,Dense / Moderate Canopy,True
MOIL-BL-03,800.0,400.0,21.816093,80.193367,0.1325,0.1282,0.207,0.2233,0.3235,0.238,0.038,-0.2707,0.1832,1.562,1.36,2.068,74.4,Medium Potential Zone,Barren Soil & Country Rock,True
MOIL-BL-03,800.0,500.0,21.816992,80.193367,0.0204,0.0747,0.0421,0.6275,0.1256,0.1067,0.8742,-0.7873,-0.6664,2.068,1.177,1.973,53.3,Medium Potential Zone,Dense / Moderate Canopy,True
MOIL-BL-03,800.0,600.0,21.81789,80.193367,0.0336,0.0659,0.0496,0.5483,0.1445,0.0618,0.8341,-0.7855,-0.5828,1.477,2.338,1.592,66.3,Medium Potential Zone,Dense / Moderate Canopy,True
MOIL-BL-03,800.0,700.0,21.818788,80.193367,0.0243,0.0618,0.0531,0.511,0.1659,0.0887,0.8118,-0.7844,-0.5098,2.188,1.871,1.488,69.3,Medium Potential Zone,Dense / Moderate Canopy,True
MOIL-BL-03,800.0,800.0,21.819686,80.193367,0.051,0.0772,0.141,0.186,0.3789,0.2199,0.1377,-0.4136,0.3414,2.766,1.723,2.584,95.4,High Potential Exploration Zone,Manganese Gossan / Alteration Outcrop,True
MOIL-BL-03,800.0,900.0,21.820585,80.193367,0.0661,0.0918,0.1986,0.2112,0.2416,0.214,0.0306,-0.3941,0.0673,3.004,1.129,1.606,94.0,High Potential Exploration Zone,Manganese Gossan / Alteration Outcrop,True
MOIL-BL-03,800.0,1000.0,21.821483,80.193367,0.0748,0.087,0.1304,0.1676,0.2797,0.276,0.1248,-0.3167,0.2505,1.743,1.013,2.335,76.8,High Potential Exploration Zone,Manganese Gossan / Alteration Outcrop,True
MOIL-BL-03,800.0,1100.0,21.822381,80.193367,0.0621,0.0904,0.1567,0.146,0.2505,0.2262,-0.0353,-0.2352,0.2635,2.522,1.107,2.293,92.9,High Potential Exploration Zone,Manganese Gossan / Alteration Outcrop,True
MOIL-BL-03,800.0,1200.0,21.82328,80.193367,0.0471,0.0652,0.1462,0.2142,0.2502,0.2293,0.1886,-0.5332,0.0776,3.105,1.091,1.614,96.0,High Potential Exploration Zone,Manganese Gossan / Alteration Outcrop,True
MOIL-BL-03,900.0,-1200.0,21.80172,80.194338,0.028,0.0711,0.0654,0.6255,0.1998,0.0702,0.8108,-0.7958,-0.5159,2.331,2.844,1.408,75.8,High Potential Exploration Zone,Dense / Moderate Canopy,True
MOIL-BL-03,900.0,-1100.0,21.802619,80.194338,0.0242,0.1173,0.0661,0.599,0.1785,0.1043,0.8013,-0.6724,-0.5408,2.728,1.712,2.074,63.7,Medium Potential Zone,Dense / Moderate Canopy,True
MOIL-BL-03,900.0,-1000.0,21.803517,80.194338,0.1116,0.1741,0.1655,0.3106,0.382,0.3124,0.3048,-0.2814,0.1032,1.482,1.223,2.283,57.2,Medium Potential Zone,Barren Soil & Country Rock,True
MOIL-BL-03,900.0,-900.0,21.804415,80.194338,0.0913,0.1755,0.1699,0.2831,0.3896,0.2478,0.2499,-0.2346,0.1583,1.862,1.572,2.409,68.5,Medium Potential Zone,Barren Soil & Country Rock,True
MOIL-BL-03,900.0,-800.0,21.805314,80.194338,0.022,0.0849,0.0434,0.6244,0.2089,0.0588,0.8701,-0.7606,-0.4986,1.975,3.554,2.292,81.1,High Potential Exploration Zone,Dense / Moderate Canopy,True
MOIL-BL-03,900.0,-700.0,21.806212,80.194338,0.0327,0.0727,0.0492,0.6878,0.2174,0.0502,0.8665,-0.8089,-0.5197,1.505,4.33,1.793,87.6,High Potential Exploration Zone,Dense / Moderate Canopy,True
MOIL-BL-03,900.0,-600.0,21.80711,80.194338,0.0385,0.1196,0.0336,0.6691,0.2134,0.1138,0.9044,-0.6967,-0.5164,0.874,1.874,3.879,42.7,Low Potential / Barren,Dense / Moderate Canopy,True
MOIL-BL-03,900.0,-500.0,21.808008,80.194338,0.0298,0.0948,0.0422,0.5613,0.1646,0.0711,0.86,-0.711,-0.5466,1.416,2.313,2.537,57.0,Medium Potential Zone,Dense / Moderate Canopy,True
MOIL-BL-03,900.0,-400.0,21.808907,80.194338,0.0804,0.1378,0.1978,0.2373,0.3928,0.2845,0.0908,-0.2652,0.2468,2.459,1.381,2.352,78.2,High Potential Exploration Zone,Barren Soil & Country Rock,True
MOIL-BL-03,900.0,-300.0,21.809805,80.194338,0.0238,0.1074,0.0683,0.5452,0.1484,0.0953,0.7772,-0.6707,-0.5721,2.866,1.557,1.844,65.2,Medium Potential Zone,Dense / Moderate Canopy,True
MOIL-BL-03,900.0,-200.0,21.810703,80.194338,0.0234,0.1149,0.0492,0.6564,0.1559,0.0683,0.8606,-0.7021,-0.6161,2.103,2.283,2.574,65.2,Medium Potential Zone,Dense / Moderate Canopy,True
MOIL-BL-03,900.0,-100.0,21.811602,80.194338,0.0965,0.1796,0.2126,0.3003,0.4142,0.2295,0.1709,-0.2515,0.1594,2.204,1.805,2.224,80.3,High Potential Exploration Zone,Barren Soil & Country Rock,True
MOIL-BL-03,900.0,0.0,21.8125,80.194338,0.1357,0.1539,0.2108,0.2628,0.394,0.2821,0.1098,-0.2614,0.1998,1.554,1.397,2.23,69.0,Medium Potential Zone,Barren Soil & Country Rock,True
MOIL-BL-03,900.0,100.0,21.813398,80.194338,0.0498,0.0953,0.0512,0.5486,0.1395,0.096,0.8294,-0.7041,-0.5946,1.028,1.453,2.117,42.7,Low Potential / Barren,Dense / Moderate Canopy,True
MOIL-BL-03,900.0,200.0,21.814297,80.194338,0.1374,0.1589,0.2367,0.2472,0.4125,0.2935,0.0217,-0.2176,0.2505,1.723,1.406,2.34,74.7,Medium Potential Zone,Barren Soil & Country Rock,True
MOIL-BL-03,900.0,300.0,21.815195,80.194338,0.0254,0.085,0.0528,0.5561,0.1453,0.1133,0.8267,-0.7348,-0.5856,2.08,1.282,1.873,53.4,Medium Potential Zone,Dense / Moderate Canopy,True
MOIL-BL-03,900.0,400.0,21.816093,80.194338,0.0892,0.1392,0.2336,0.2764,0.3322,0.2683,0.084,-0.3301,0.0917,2.617,1.238,1.798,81.8,High Potential Exploration Zone,Barren Soil & Country Rock,True
MOIL-BL-03,900.0,500.0,21.816992,80.194338,0.0208,0.0508,0.0318,0.5767,0.1781,0.0937,0.8953,-0.8381,-0.528,1.531,1.901,1.904,55.8,Medium Potential Zone,Dense / Moderate Canopy,True
MOIL-BL-03,900.0,600.0,21.81789,80.194338,0.0257,0.0684,0.0397,0.4903,0.1444,0.093,0.85,-0.7553,-0.5449,1.547,1.554,2.015,53.0,Medium Potential Zone,Dense / Moderate Canopy,True
MOIL-BL-03,900.0,700.0,21.818788,80.194338,0.1261,0.1522,0.177,0.2667,0.3631,0.3239,0.2023,-0.2734,0.153,1.404,1.121,2.221,65.3,Medium Potential Zone,Barren Soil & Country Rock,True
MOIL-BL-03,900.0,800.0,21.819686,80.194338,0.0328,0.0953,0.0419,0.6209,0.2113,0.0937,0.8735,-0.7338,-0.4922,1.278,2.254,2.615,61.9,Medium Potential Zone,Dense / Moderate Canopy,True
MOIL-BL-03,900.0,900.0,21.820585,80.194338,0.1186,0.1742,0.171,0.2682,0.3249,0.249,0.2215,-0.2127,0.0956,1.441,1.305,2.23,70.4,Medium Potential Zone,Barren Soil & Country Rock,True
MOIL-BL-03,900.0,1000.0,21.821483,80.194338,0.0558,0.0797,0.141,0.1804,0.3287,0.1828,0.1223,-0.3871,0.2914,2.525,1.798,2.388,94.6,High Potential Exploration Zone,Manganese Gossan / Alteration Outcrop,True
MOIL-BL-03,900.0,1100.0,21.822381,80.194338,0.0796,0.0748,0.1824,0.1684,0.2951,0.2404,-0.0399,-0.3848,0.2735,2.292,1.227,2.163,88.7,High Potential Exploration Zone,Manganese Gossan / Alteration Outcrop,True
MOIL-BL-03,900.0,1200.0,21.82328,80.194338,0.0645,0.0985,0.1992,0.1919,0.2506,0.2414,-0.0187,-0.3215,0.1327,3.089,1.038,1.801,96.8,High Potential Exploration Zone,Manganese Gossan / Alteration Outcrop,True
MOIL-BL-03,1000.0,-1200.0,21.80172,80.195309,0.0265,0.0507,0.0426,0.5201,0.1683,0.1033,0.8484,-0.8223,-0.511,1.611,1.629,1.513,48.0,Medium Potential Zone,Dense / Moderate Canopy,True
MOIL-BL-03,1000.0,-1100.0,21.802619,80.195309,0.0485,0.0655,0.0388,0.6132,0.2096,0.097,0.8809,-0.807,-0.4905,0.8,2.16,2.028,45.8,Medium Potential Zone,Dense / Moderate Canopy,True
MOIL-BL-03,1000.0,-1000.0,21.803517,80.195309,0.0442,0.0968,0.0604,0.6839,0.1208,0.112,0.8378,-0.752,-0.6998,1.366,1.079,1.78,37.5,Low Potential / Barren,Dense / Moderate Canopy,True
MOIL-BL-03,1000.0,-900.0,21.804415,80.195309,0.1347,0.136,0.1964,0.3134,0.2954,0.3094,0.2294,-0.3948,-0.0296,1.458,0.955,1.635,55.0,Medium Potential Zone,Barren Soil & Country Rock,True
MOIL-BL-03,1000.0,-800.0,21.805314,80.195309,0.0814,0.1763,0.1694,0.2974,0.3338,0.3173,0.2742,-0.2555,0.0576,2.08,1.052,2.163,62.4,Medium Potential Zone,Barren Soil & Country Rock,True
MOIL-BL-03,1000.0,-700.0,21.806212,80.195309,0.039,0.1157,0.034,0.6656,0.1871,0.072,0.9029,-0.7037,-0.5612,0.871,2.597,3.69,53.0,Medium Potential Zone,Dense / Moderate Canopy,True
MOIL-BL-03,1000.0,-600.0,21.80711,80.195309,0.0393,0.1015,0.0375,0.4776,0.1302,0.0706,0.8545,-0.6493,-0.5715,0.953,1.845,2.982,44.3,Low Potential / Barren,Dense / Moderate Canopy,True
MOIL-BL-03,1000.0,-500.0,21.808008,80.195309,0.1121,0.1462,0.2314,0.2917,0.3088,0.2255,0.1152,-0.3323,0.0284,2.064,1.37,1.69,72.2,Medium Potential Zone,Barren Soil & Country Rock,True
MOIL-BL-03,1000.0,-400.0,21.808907,80.195309,0.0454,0.0991,0.0558,0.5173,0.1695,0.1007,0.8054,-0.6785,-0.5065,1.229,1.682,2.105,46.8,Medium Potential Zone,Dense / Moderate Canopy,True
MOIL-BL-03,1000.0,-300.0,21.809805,80.195309,0.1086,0.127,0.2025,0.2774,0.355,0.2763,0.1561,-0.3718,0.1227,1.864,1.285,1.907,67.9,Medium Potential Zone,Barren Soil & Country Rock,True
MOIL-BL-03,1000.0,-200.0,21.810703,80.195309,0.0499,0.0936,0.0601,0.5019,0.173,0.0505,0.7861,-0.6857,-0.4873,1.204,3.424,1.902,73.8,Medium Potential Zone,Dense / Moderate Canopy,True
MOIL-BL-03,1000.0,-100.0,21.811602,80.195309,0.0993,0.148,0.2061,0.3088,0.388,0.256,0.1996,-0.352,0.1137,2.074,1.516,1.975,73.0,Medium Potential Zone,Barren Soil & Country Rock,True
MOIL-BL-03,1000.0,0.0,21.8125,80.195309,0.0365,0.1045,0.0464,0.4748,0.1818,0.089,0.8218,-0.6391,-0.4461,1.273,2.043,2.634,53.4,Medium Potential Zone,Dense / Moderate Canopy,True
MOIL-BL-03,1000.0,100.0,21.813398,80.195309,0.0249,0.0959,0.049,0.5523,0.1995,0.1067,0.8371,-0.704,-0.4694,1.969,1.869,2.32,58.7,Medium Potential Zone,Dense / Moderate Canopy,True
MOIL-BL-03,1000.0,200.0,21.814297,80.195309,0.0225,0.0742,0.0319,0.5428,0.1848,0.0863,0.8891,-0.7596,-0.492,1.416,2.141,2.667,55.3,Medium Potential Zone,Dense / Moderate Canopy,True
MOIL-BL-03,1000.0,300.0,21.815195,80.195309,0.0365,0.0889,0.0504,0.5484,0.1647,0.0579,0.8315,-0.721,-0.5381,1.38,2.845,2.063,67.7,Medium Potential Zone,Dense / Moderate Canopy,True
MOIL-BL-03,1000.0,400.0,21.816093,80.195309,0.0467,0.1036,0.0533,0.6037,0.167,0.0662,0.8376,-0.707,-0.5665,1.143,2.523,2.22,60.5,Medium Potential Zone,Dense / Moderate Canopy,True
MOIL-BL-03,1000.0,500.0,21.816992,80.195309,0.1394,0.1287,0.2034,0.3067,0.3434,0.2927,0.2024,-0.4086,0.0566,1.459,1.173,1.753,63.6,Medium Potential Zone,Barren Soil & Country Rock,True
MOIL-BL-03,1000.0,600.0,21.81789,80.195309,0.0364,0.1012,0.0439,0.6479,0.1241,0.0607,0.8731,-0.7298,-0.6785,1.205,2.044,2.497,54.3,Medium Potential Zone,Dense / Moderate Canopy,True
MOIL-BL-03,1000.0,700.0,21.818788,80.195309,0.0335,0.108,0.0437,0.6571,0.1339,0.1151,0.8753,-0.7177,-0.6614,1.305,1.163,2.676,43.0,Low Potential / Barren,Dense / Moderate Canopy,True
MOIL-BL-03,1000.0,800.0,21.819686,80.195309,0.0269,0.1052,0.0679,0.6979,0.1438,0.097,0.8226,-0.7379,-0.6583,2.522,1.482,1.756,64.2,Medium Potential Zone,Dense / Moderate Canopy,True
MOIL-BL-03,1000.0,900.0,21.820585,80.195309,0.0418,0.0841,0.0488,0.6883,0.2071,0.1051,0.8676,-0.7823,-0.5374,1.169,1.97,2.024,55.7,Medium Potential Zone,Dense / Moderate Canopy,True
MOIL-BL-03,1000.0,1000.0,21.821483,80.195309,0.0404,0.0539,0.06,0.6223,0.1502,0.1074,0.8242,-0.8405,-0.611,1.486,1.399,1.141,53.3,Medium Potential Zone,Dense / Moderate Canopy,True
MOIL-BL-03,1000.0,1100.0,21.822381,80.195309,0.0733,0.1066,0.1618,0.1951,0.3668,0.2148,0.0933,-0.2934,0.3056,2.208,1.707,2.539,89.4,High Potential Exploration Zone,Manganese Gossan / Alteration Outcrop,True
MOIL-BL-03,1000.0,1200.0,21.82328,80.195309,0.0719,0.1096,0.1852,0.2384,0.3122,0.1968,0.1255,-0.3701,0.1341,2.577,1.586,1.902,92.3,High Potential Exploration Zone,Manganese Gossan / Alteration Outcrop,True
MOIL-BL-03,1100.0,-1200.0,21.80172,80.19628,0.1239,0.1201,0.213,0.2351,0.4178,0.2396,0.0495,-0.324,0.2798,1.719,1.744,2.341,74.8,Medium Potential Zone,Barren Soil & Country Rock,True
MOIL-BL-03,1100.0,-1100.0,21.802619,80.19628,0.0401,0.1074,0.0484,0.7021,0.168,0.0676,0.8711,-0.7347,-0.6138,1.207,2.484,2.459,55.5,Medium Potential Zone,Dense / Moderate Canopy,True
MOIL-BL-03,1100.0,-1000.0,21.803517,80.19628,0.0397,0.0855,0.0593,0.5636,0.1204,0.0685,0.8095,-0.7365,-0.6479,1.493,1.758,1.655,49.8,Medium Potential Zone,Dense / Moderate Canopy,True
MOIL-BL-03,1100.0,-900.0,21.804415,80.19628,0.0429,0.0633,0.0327,0.5447,0.2036,0.0574,0.8868,-0.7919,-0.4558,0.762,3.546,2.311,66.0,Medium Potential Zone,Dense / Moderate Canopy,True
MOIL-BL-03,1100.0,-800.0,21.805314,80.19628,0.0283,0.1008,0.03,0.5248,0.1879,0.0883,0.8918,-0.6777,-0.4727,1.063,2.129,3.717,48.2,Medium Potential Zone,Dense / Moderate Canopy,True
MOIL-BL-03,1100.0,-700.0,21.806212,80.19628,0.0247,0.0872,0.0378,0.6226,0.1331,0.0604,0.8854,-0.7544,-0.6477,1.53,2.204,2.518,54.9,Medium Potential Zone,Dense / Moderate Canopy,True
MOIL-BL-03,1100.0,-600.0,21.80711,80.19628,0.1041,0.1499,0.2065,0.2669,0.2864,0.2612,0.1277,-0.2806,0.0353,1.983,1.096,1.799,66.4,Medium Potential Zone,Barren Soil & Country Rock,True
MOIL-BL-03,1100.0,-500.0,21.808008,80.19628,0.0871,0.1256,0.1726,0.3013,0.3679,0.2808,0.2714,-0.4117,0.0995,1.983,1.31,1.948,65.4,Medium Potential Zone,Barren Soil & Country Rock,True
MOIL-BL-03,1100.0,-400.0,21.808907,80.19628,0.0488,0.0792,0.0447,0.714,0.1971,0.1044,0.8822,-0.8002,-0.5673,0.915,1.888,2.049,43.7,Low Potential / Barren,Dense / Moderate Canopy,True
MOIL-BL-03,1100.0,-300.0,21.809805,80.19628,0.0352,0.0885,0.0561,0.5517,0.1982,0.1136,0.8155,-0.7234,-0.4714,1.593,1.744,1.938,51.5,Medium Potential Zone,Dense / Moderate Canopy,True
MOIL-BL-03,1100.0,-200.0,21.810703,80.19628,0.0314,0.0987,0.0373,0.7115,0.1858,0.0547,0.9004,-0.7564,-0.5859,1.186,3.395,2.908,69.3,Medium Potential Zone,Dense / Moderate Canopy,True
MOIL-BL-03,1100.0,-100.0,21.811602,80.19628,0.0425,0.0694,0.032,0.5821,0.2034,0.0676,0.8957,-0.7868,-0.4822,0.754,3.008,2.517,58.9,Medium Potential Zone,Dense / Moderate Canopy,True
MOIL-BL-03,1100.0,0.0,21.8125,80.19628,0.0322,0.0542,0.0422,0.5348,0.2105,0.1187,0.8538,-0.816,-0.4352,1.308,1.773,1.679,48.2,Medium Potential Zone,Dense / Moderate Canopy,True
MOIL-BL-03,1100.0,100.0,21.813398,80.19628,0.1058,0.1786,0.1926,0.2549,0.2954,0.3104,0.1393,-0.176,0.0735,1.82,0.952,2.086,63.5,Medium Potential Zone,Barren Soil & Country Rock,True
MOIL-BL-03,1100.0,200.0,21.814297,80.19628,0.0392,0.0857,0.037,0.4976,0.214,0.1123,0.8616,-0.7062,-0.3986,0.944,1.906,2.747,46.5,Medium Potential Zone,Dense / Moderate Canopy,True
MOIL-BL-03,1100.0,300.0,21.815195,80.19628,0.02,0.0803,0.0512,0.5713,0.2125,0.0529,0.8355,-0.7535,-0.4577,2.556,4.021,1.94,97.8,High Potential Exploration Zone,Dense / Moderate Canopy,True
MOIL-BL-03,1100.0,400.0,21.816093,80.19628,0.0294,0.0892,0.0562,0.569,0.1348,0.0863,0.8201,-0.7291,-0.6169,1.912,1.562,1.822,54.5,Medium Potential Zone,Dense / Moderate Canopy,True
MOIL-BL-03,1100.0,500.0,21.816992,80.19628,0.0361,0.0586,0.063,0.5099,0.157,0.08,0.7802,-0.7938,-0.5291,1.745,1.962,1.239,60.3,Medium Potential Zone,Dense / Moderate Canopy,True
MOIL-BL-03,1100.0,600.0,21.81789,80.19628,0.1043,0.1677,0.1779,0.267,0.2828,0.2809,0.2004,-0.2284,0.0287,1.706,1.007,2.002,63.5,Medium Potential Zone,Barren Soil & Country Rock,True
MOIL-BL-03,1100.0,700.0,21.818788,80.19628,0.0969,0.1395,0.1666,0.2561,0.3497,0.2717,0.2117,-0.2947,0.1546,1.719,1.287,2.203,68.1,Medium Potential Zone,Barren Soil & Country Rock,True
MOIL-BL-03,1100.0,800.0,21.819686,80.19628,0.0977,0.158,0.2175,0.2777,0.4167,0.3334,0.1215,-0.2746,0.2002,2.226,1.25,2.227,76.8,High Potential Exploration Zone,Barren Soil & Country Rock,True
MOIL-BL-03,1100.0,900.0,21.820585,80.19628,0.0957,0.1721,0.1624,0.2792,0.4136,0.3014,0.2646,-0.2373,0.194,1.697,1.372,2.541,69.2,Medium Potential Zone,Barren Soil & Country Rock,True
MOIL-BL-03,1100.0,1000.0,21.821483,80.19628,0.1249,0.1426,0.2337,0.2486,0.3463,0.3096,0.0309,-0.2711,0.1641,1.872,1.118,2.003,75.3,High Potential Exploration Zone,Barren Soil & Country Rock,True
MOIL-BL-03,1100.0,1100.0,21.822381,80.19628,0.0909,0.1202,0.199,0.3129,0.3194,0.2252,0.2224,-0.445,0.0104,2.189,1.418,1.625,78.8,High Potential Exploration Zone,Barren Soil & Country Rock,True
MOIL-BL-03,1100.0,1200.0,21.82328,80.19628,0.0217,0.0855,0.0453,0.5784,0.1363,0.0563,0.8548,-0.7425,-0.6186,2.087,2.42,2.124,74.9,Medium Potential Zone,Dense / Moderate Canopy,True
MOIL-BL-03,1200.0,-1200.0,21.80172,80.19725,0.0274,0.106,0.0603,0.5036,0.2108,0.0613,0.786,-0.6521,-0.4098,2.205,3.44,2.176,83.6,High Potential Exploration Zone,Dense / Moderate Canopy,True
MOIL-BL-03,1200.0,-1100.0,21.802619,80.19725,0.0326,0.0628,0.0675,0.7101,0.1711,0.0828,0.8263,-0.8375,-0.6116,2.07,2.066,1.171,60.3,Medium Potential Zone,Dense / Moderate Canopy,True
MOIL-BL-03,1200.0,-1000.0,21.803517,80.19725,0.0379,0.0686,0.047,0.6757,0.206,0.1157,0.8699,-0.8156,-0.5328,1.241,1.779,1.765,45.3,Medium Potential Zone,Dense / Moderate Canopy,True
MOIL-BL-03,1200.0,-900.0,21.804415,80.19725,0.1208,0.1241,0.2181,0.2763,0.315,0.2986,0.1178,-0.3801,0.0654,1.805,1.055,1.709,63.5,Medium Potential Zone,Barren Soil & Country Rock,True
MOIL-BL-03,1200.0,-800.0,21.805314,80.19725,0.1,0.1441,0.2222,0.2509,0.2869,0.2417,0.0607,-0.2705,0.0669,2.221,1.187,1.792,72.1,Medium Potential Zone,Barren Soil & Country Rock,True
MOIL-BL-03,1200.0,-700.0,21.806212,80.19725,0.0205,0.1055,0.066,0.5838,0.1908,0.0824,0.7967,-0.694,-0.5074,3.228,2.315,1.924,78.5,High Potential Exploration Zone,Dense / Moderate Canopy,True
MOIL-BL-03,1200.0,-600.0,21.80711,80.19725,0.0899,0.1511,0.2344,0.309,0.4087,0.336,0.1373,-0.3432,0.139,2.607,1.217,1.967,74.8,Medium Potential Zone,Barren Soil & Country Rock,True
MOIL-BL-03,1200.0,-500.0,21.808008,80.19725,0.0888,0.1457,0.2151,0.264,0.4049,0.3061,0.1019,-0.2888,0.2107,2.423,1.323,2.211,75.5,High Potential Exploration Zone,Barren Soil & Country Rock,True
MOIL-BL-03,1200.0,-400.0,21.808907,80.19725,0.0221,0.0623,0.0471,0.7136,0.1534,0.0941,0.8761,-0.8395,-0.6461,2.129,1.631,1.536,53.6,Medium Potential Zone,Dense / Moderate Canopy,True
MOIL-BL-03,1200.0,-300.0,21.809805,80.19725,0.0279,0.0617,0.0519,0.599,0.2122,0.0519,0.8407,-0.8133,-0.4769,1.857,4.092,1.543,88.7,High Potential Exploration Zone,Dense / Moderate Canopy,True
MOIL-BL-03,1200.0,-200.0,21.810703,80.19725,0.0294,0.09,0.0304,0.642,0.1685,0.099,0.9097,-0.7542,-0.5842,1.034,1.701,3.225,41.5,Low Potential / Barren,Dense / Moderate Canopy,True
MOIL-BL-03,1200.0,-100.0,21.811602,80.19725,0.0342,0.1127,0.0384,0.5087,0.1759,0.0962,0.8595,-0.6373,-0.486,1.123,1.829,3.278,46.1,Medium Potential Zone,Dense / Moderate Canopy,True
MOIL-BL-03,1200.0,0.0,21.8125,80.19725,0.1112,0.1337,0.1709,0.2438,0.4083,0.3162,0.1759,-0.2918,0.2522,1.537,1.291,2.457,63.5,Medium Potential Zone,Barren Soil & Country Rock,True
MOIL-BL-03,1200.0,100.0,21.813398,80.19725,0.0828,0.1256,0.1835,0.3011,0.325,0.2423,0.2428,-0.4114,0.0381,2.216,1.341,1.764,70.3,Medium Potential Zone,Barren Soil & Country Rock,True
MOIL-BL-03,1200.0,200.0,21.814297,80.19725,0.0874,0.1482,0.214,0.2569,0.3043,0.2744,0.091,-0.2683,0.0845,2.448,1.109,1.877,74.3,Medium Potential Zone,Barren Soil & Country Rock,True
MOIL-BL-03,1200.0,300.0,21.815195,80.19725,0.0223,0.055,0.0427,0.5621,0.1416,0.0519,0.8587,-0.8218,-0.5974,1.916,2.73,1.539,69.8,Medium Potential Zone,Dense / Moderate Canopy,True
MOIL-BL-03,1200.0,400.0,21.816093,80.19725,0.1061,0.1248,0.2173,0.2752,0.3408,0.2822,0.1176,-0.3761,0.1065,2.047,1.208,1.813,71.0,Medium Potential Zone,Barren Soil & Country Rock,True
MOIL-BL-03,1200.0,500.0,21.816992,80.19725,0.0498,0.1043,0.0516,0.658,0.1675,0.0718,0.8545,-0.7265,-0.5942,1.036,2.334,2.275,54.7,Medium Potential Zone,Dense / Moderate Canopy,True
MOIL-BL-03,1200.0,600.0,21.81789,80.19725,0.104,0.1201,0.1742,0.2327,0.4144,0.2278,0.1438,-0.3189,0.2809,1.675,1.819,2.471,76.1,High Potential Exploration Zone,Barren Soil & Country Rock,True
MOIL-BL-03,1200.0,700.0,21.818788,80.19725,0.0476,0.0925,0.0498,0.6506,0.1553,0.0636,0.8578,-0.751,-0.6145,1.047,2.444,2.096,57.4,Medium Potential Zone,Dense / Moderate Canopy,True
MOIL-BL-03,1200.0,800.0,21.819686,80.19725,0.0217,0.1065,0.0341,0.6189,0.1677,0.1199,0.8955,-0.7063,-0.5736,1.573,1.399,3.392,47.2,Medium Potential Zone,Dense / Moderate Canopy,True
MOIL-BL-03,1200.0,900.0,21.820585,80.19725,0.1374,0.1442,0.2145,0.2844,0.2921,0.3092,0.14,-0.327,0.0134,1.561,0.945,1.699,63.5,Medium Potential Zone,Barren Soil & Country Rock,True
MOIL-BL-03,1200.0,1000.0,21.821483,80.19725,0.1033,0.1669,0.2355,0.276,0.3527,0.2806,0.079,-0.2462,0.1221,2.28,1.257,1.987,79.0,High Potential Exploration Zone,Barren Soil & Country Rock,True
MOIL-BL-03,1200.0,1100.0,21.822381,80.19725,0.0498,0.0944,0.0451,0.509,0.1399,0.1099,0.8371,-0.6873,-0.5689,0.907,1.272,2.365,41.7,Low Potential / Barren,Dense / Moderate Canopy,True
MOIL-BL-03,1200.0,1200.0,21.82328,80.19725,0.0409,0.1169,0.044,0.6195,0.1712,0.0837,0.8674,-0.6825,-0.567,1.075,2.044,2.933,55.3,Medium Potential Zone,Dense / Moderate Canopy,True
MOIL-GM-02,-1200.0,-1200.0,21.38042,78.96985,0.0293,0.0948,0.0569,0.6758,0.193,0.0724,0.8446,-0.7538,-0.5556,1.942,2.667,1.952,75.2,High Potential Exploration Zone,Dense / Moderate Canopy,True
MOIL-GM-02,-1200.0,-1100.0,21.381319,78.96985,0.0236,0.068,0.0508,0.4772,0.1771,0.0773,0.8074,-0.7505,-0.4588,2.153,2.29,1.709,72.1,Medium Potential Zone,Dense / Moderate Canopy,True
MOIL-GM-02,-1200.0,-1000.0,21.382217,78.96985,0.1061,0.1369,0.1654,0.2493,0.3212,0.2626,0.2025,-0.2912,0.1259,1.559,1.223,2.116,66.6,Medium Potential Zone,Barren Soil & Country Rock,True
MOIL-GM-02,-1200.0,-900.0,21.383115,78.96985,0.1058,0.1255,0.1604,0.2936,0.3272,0.2936,0.2933,-0.401,0.0542,1.516,1.114,1.897,61.0,Medium Potential Zone,Barren Soil & Country Rock,True
MOIL-GM-02,-1200.0,-800.0,21.384014,78.96985,0.1391,0.1389,0.2084,0.242,0.3525,0.2895,0.0746,-0.2706,0.1859,1.499,1.218,2.123,68.2,Medium Potential Zone,Barren Soil & Country Rock,True
MOIL-GM-02,-1200.0,-700.0,21.384912,78.96985,0.0874,0.1784,0.2315,0.286,0.4005,0.2315,0.1054,-0.2317,0.1668,2.648,1.73,2.171,87.5,High Potential Exploration Zone,Barren Soil & Country Rock,True
MOIL-GM-02,-1200.0,-600.0,21.38581,78.96985,0.0286,0.0878,0.0606,0.459,0.1895,0.0804,0.7668,-0.679,-0.4156,2.121,2.356,1.861,70.5,Medium Potential Zone,Dense / Moderate Canopy,True
MOIL-GM-02,-1200.0,-500.0,21.386708,78.96985,0.0472,0.1102,0.0323,0.6169,0.1636,0.0582,0.9005,-0.6969,-0.5808,0.684,2.808,3.676,56.4,Medium Potential Zone,Dense / Moderate Canopy,True
MOIL-GM-02,-1200.0,-400.0,21.387607,78.96985,0.0221,0.0522,0.0379,0.5319,0.1261,0.0949,0.867,-0.8211,-0.6168,1.711,1.329,1.616,46.5,Medium Potential Zone,Dense / Moderate Canopy,True
MOIL-GM-02,-1200.0,-300.0,21.388505,78.96985,0.0324,0.0602,0.0475,0.5553,0.1584,0.0653,0.8424,-0.8045,-0.5562,1.468,2.425,1.552,60.6,Medium Potential Zone,Dense / Moderate Canopy,True
MOIL-GM-02,-1200.0,-200.0,21.389403,78.96985,0.0956,0.16,0.1658,0.2582,0.352,0.3356,0.2179,-0.2348,0.1537,1.734,1.049,2.328,61.4,Medium Potential Zone,Barren Soil & Country Rock,True
MOIL-GM-02,-1200.0,-100.0,21.390302,78.96985,0.0475,0.1074,0.0536,0.6824,0.1765,0.075,0.8544,-0.728,-0.589,1.128,2.352,2.264,54.6,Medium Potential Zone,Dense / Moderate Canopy,True
MOIL-GM-02,-1200.0,0.0,21.3912,78.96985,0.1139,0.1686,0.1707,0.2239,0.3905,0.2977,0.1349,-0.141,0.2712,1.498,1.312,2.732,64.6,Medium Potential Zone,Barren Soil & Country Rock,True
MOIL-GM-02,-1200.0,100.0,21.392098,78.96985,0.0493,0.0676,0.0378,0.5421,0.2078,0.051,0.8697,-0.7782,-0.4458,0.766,4.076,2.173,75.4,High Potential Exploration Zone,Dense / Moderate Canopy,True
MOIL-GM-02,-1200.0,200.0,21.392997,78.96985,0.093,0.1426,0.1842,0.3025,0.3766,0.3205,0.2431,-0.3594,0.1091,1.98,1.175,2.019,64.4,Medium Potential Zone,Barren Soil & Country Rock,True
MOIL-GM-02,-1200.0,300.0,21.393895,78.96985,0.1157,0.1509,0.198,0.2488,0.3793,0.2829,0.1138,-0.2449,0.2077,1.71,1.341,2.287,67.5,Medium Potential Zone,Barren Soil & Country Rock,True
MOIL-GM-02,-1200.0,400.0,21.394793,78.96985,0.08,0.1212,0.1661,0.2571,0.3228,0.2388,0.2151,-0.3592,0.1133,2.075,1.352,1.985,68.7,Medium Potential Zone,Barren Soil & Country Rock,True
MOIL-GM-02,-1200.0,500.0,21.395692,78.96985,0.0491,0.0612,0.04,0.5748,0.1841,0.092,0.8698,-0.8074,-0.5148,0.815,2.001,1.851,44.2,Low Potential / Barren,Dense / Moderate Canopy,True
MOIL-GM-02,-1200.0,600.0,21.39659,78.96985,0.0421,0.1092,0.07,0.5757,0.2195,0.1011,0.7833,-0.6811,-0.4479,1.661,2.17,1.942,58.9,Medium Potential Zone,Dense / Moderate Canopy,True
MOIL-GM-02,-1200.0,700.0,21.397488,78.96985,0.0392,0.1138,0.0679,0.4982,0.1693,0.1159,0.7601,-0.6282,-0.4926,1.733,1.461,2.015,49.7,Medium Potential Zone,Dense / Moderate Canopy,True
MOIL-GM-02,-1200.0,800.0,21.398386,78.96985,0.094,0.1262,0.2078,0.29,0.3074,0.3008,0.1652,-0.3937,0.029,2.211,1.022,1.667,66.3,Medium Potential Zone,Barren Soil & Country Rock,True
MOIL-GM-02,-1200.0,900.0,21.399285,78.96985,0.0273,0.0585,0.0634,0.6974,0.1415,0.1005,0.8333,-0.8451,-0.6627,2.322,1.408,1.126,53.3,Medium Potential Zone,Dense / Moderate Canopy,True
MOIL-GM-02,-1200.0,1000.0,21.400183,78.96985,0.0272,0.1077,0.0488,0.6391,0.1501,0.1071,0.8581,-0.7117,-0.6195,1.796,1.402,2.44,46.3,Medium Potential Zone,Dense / Moderate Canopy,True
MOIL-GM-02,-1200.0,1100.0,21.401081,78.96985,0.1019,0.1435,0.1765,0.3074,0.2959,0.2876,0.2705,-0.3636,-0.0191,1.732,1.029,1.775,57.6,Medium Potential Zone,Barren Soil & Country Rock,True
MOIL-GM-02,-1200.0,1200.0,21.40198,78.96985,0.0374,0.0729,0.0613,0.5848,0.1363,0.0722,0.8104,-0.7784,-0.622,1.637,1.888,1.423,53.1,Medium Potential Zone,Dense / Moderate Canopy,True
MOIL-GM-02,-1100.0,-1200.0,21.38042,78.97082,0.0398,0.0884,0.0409,0.6103,0.1532,0.0657,0.8744,-0.747,-0.5986,1.028,2.331,2.413,60.8,Medium Potential Zone,Dense / Moderate Canopy,True
MOIL-GM-02,-1100.0,-1100.0,21.381319,78.97082,0.0294,0.0735,0.0659,0.4885,0.1785,0.1049,0.7624,-0.7385,-0.4649,2.237,1.702,1.481,67.4,Medium Potential Zone,Dense / Moderate Canopy,True
MOIL-GM-02,-1100.0,-1000.0,21.382217,78.97082,0.1306,0.1662,0.1989,0.2319,0.4158,0.2949,0.0766,-0.165,0.284,1.522,1.41,2.629,74.3,Medium Potential Zone,Barren Soil & Country Rock,True
MOIL-GM-02,-1100.0,-900.0,21.383115,78.97082,0.0466,0.0795,0.0525,0.6818,0.1593,0.1041,0.8569,-0.7912,-0.6212,1.128,1.531,1.747,47.3,Medium Potential Zone,Dense / Moderate Canopy,True
MOIL-GM-02,-1100.0,-800.0,21.384014,78.97082,0.1221,0.1506,0.1732,0.2336,0.3441,0.3053,0.1485,-0.216,0.1912,1.418,1.127,2.343,64.9,Medium Potential Zone,Barren Soil & Country Rock,True
MOIL-GM-02,-1100.0,-700.0,21.384912,78.97082,0.0456,0.0773,0.0637,0.46,0.1566,0.0551,0.7566,-0.7123,-0.4921,1.397,2.841,1.553,71.4,Medium Potential Zone,Dense / Moderate Canopy,True
MOIL-GM-02,-1100.0,-600.0,21.38581,78.97082,0.0343,0.0721,0.0497,0.5939,0.2046,0.088,0.8456,-0.7834,-0.4875,1.451,2.326,1.796,61.0,Medium Potential Zone,Dense / Moderate Canopy,True
MOIL-GM-02,-1100.0,-500.0,21.386708,78.97082,0.0488,0.1178,0.0315,0.6408,0.1572,0.0973,0.9062,-0.6894,-0.6061,0.646,1.616,3.981,38.7,Low Potential / Barren,Dense / Moderate Canopy,True
MOIL-GM-02,-1100.0,-400.0,21.387607,78.97082,0.0299,0.1191,0.0443,0.6206,0.2013,0.0602,0.8668,-0.6781,-0.5101,1.481,3.345,3.013,74.9,Medium Potential Zone,Dense / Moderate Canopy,True
MOIL-GM-02,-1100.0,-300.0,21.388505,78.97082,0.0919,0.1669,0.2241,0.2456,0.2806,0.2708,0.0458,-0.1907,0.0665,2.437,1.036,1.887,75.4,High Potential Exploration Zone,Barren Soil & Country Rock,True
MOIL-GM-02,-1100.0,-200.0,21.389403,78.97082,0.0387,0.0812,0.0421,0.5781,0.1215,0.0552,0.8643,-0.7537,-0.6526,1.088,2.202,2.14,52.5,Medium Potential Zone,Dense / Moderate Canopy,True
MOIL-GM-02,-1100.0,-100.0,21.390302,78.97082,0.1175,0.1331,0.1939,0.2821,0.3963,0.286,0.1854,-0.3588,0.1682,1.65,1.386,2.091,66.7,Medium Potential Zone,Barren Soil & Country Rock,True
MOIL-GM-02,-1100.0,0.0,21.3912,78.97082,0.1371,0.1254,0.1894,0.3121,0.3643,0.2995,0.2448,-0.4268,0.0772,1.381,1.216,1.829,59.0,Medium Potential Zone,Barren Soil & Country Rock,True
MOIL-GM-02,-1100.0,100.0,21.392098,78.97082,0.0847,0.1419,0.1922,0.247,0.3102,0.2627,0.1249,-0.2702,0.1133,2.269,1.181,1.994,71.9,Medium Potential Zone,Barren Soil & Country Rock,True
MOIL-GM-02,-1100.0,200.0,21.392997,78.97082,0.0485,0.0993,0.0612,0.5326,0.1305,0.0704,0.7939,-0.6858,-0.6065,1.262,1.853,1.867,50.2,Medium Potential Zone,Dense / Moderate Canopy,True
MOIL-GM-02,-1100.0,300.0,21.393895,78.97082,0.0407,0.1158,0.0624,0.5219,0.202,0.0788,0.7865,-0.637,-0.4419,1.533,2.563,2.243,64.0,Medium Potential Zone,Dense / Moderate Canopy,True
MOIL-GM-02,-1100.0,400.0,21.394793,78.97082,0.1077,0.1538,0.2211,0.255,0.3005,0.2313,0.0712,-0.2476,0.082,2.053,1.299,1.874,72.2,Medium Potential Zone,Barren Soil & Country Rock,True
MOIL-GM-02,-1100.0,500.0,21.395692,78.97082,0.137,0.1771,0.2375,0.2502,0.3068,0.3377,0.0261,-0.1712,0.1016,1.734,0.909,1.972,63.9,Medium Potential Zone,Barren Soil & Country Rock,True
MOIL-GM-02,-1100.0,600.0,21.39659,78.97082,0.0224,0.1027,0.0415,0.6955,0.1289,0.1122,0.8873,-0.7427,-0.6872,1.859,1.149,2.657,43.0,Low Potential / Barren,Dense / Moderate Canopy,True
MOIL-GM-02,-1100.0,700.0,21.397488,78.97082,0.1113,0.1401,0.1942,0.2634,0.3715,0.2228,0.1512,-0.3054,0.1703,1.744,1.668,2.132,71.4,Medium Potential Zone,Barren Soil & Country Rock,True
MOIL-GM-02,-1100.0,800.0,21.398386,78.97082,0.0207,0.063,0.0543,0.4733,0.2191,0.1049,0.7943,-0.7652,-0.3672,2.626,2.088,1.623,68.4,Medium Potential Zone,Dense / Moderate Canopy,True
MOIL-GM-02,-1100.0,900.0,21.399285,78.97082,0.028,0.0534,0.0692,0.4899,0.2031,0.0638,0.7526,-0.8034,-0.414,2.467,3.181,1.187,84.1,High Potential Exploration Zone,Dense / Moderate Canopy,True
MOIL-GM-02,-1100.0,1000.0,21.400183,78.97082,0.1216,0.1767,0.1616,0.2461,0.3871,0.2408,0.2073,-0.164,0.2227,1.329,1.607,2.667,63.7,Medium Potential Zone,Barren Soil & Country Rock,True
MOIL-GM-02,-1100.0,1100.0,21.401081,78.97082,0.0828,0.1501,0.2214,0.3162,0.3174,0.2346,0.1763,-0.356,0.002,2.675,1.353,1.682,76.2,High Potential Exploration Zone,Barren Soil & Country Rock,True
MOIL-GM-02,-1100.0,1200.0,21.40198,78.97082,0.0217,0.0732,0.0557,0.4954,0.1832,0.118,0.7978,-0.7425,-0.4601,2.572,1.552,1.683,59.3,Medium Potential Zone,Dense / Moderate Canopy,True
MOIL-GM-02,-1000.0,-1200.0,21.38042,78.971791,0.0746,0.0778,0.1621,0.1819,0.3604,0.2893,0.0575,-0.4007,0.3291,2.175,1.246,2.461,84.7,High Potential Exploration Zone,Manganese Gossan / Alteration Outcrop,True
MOIL-GM-02,-1000.0,-1100.0,21.381319,78.971791,0.073,0.0879,0.1297,0.2354,0.3604,0.2726,0.2895,-0.4563,0.2097,1.776,1.322,2.208,72.8,Medium Potential Zone,Manganese Gossan / Alteration Outcrop,True
MOIL-GM-02,-1000.0,-1000.0,21.382217,78.971791,0.1068,0.1272,0.235,0.3143,0.3156,0.3035,0.1443,-0.4239,0.0021,2.2,1.04,1.545,76.4,High Potential Exploration Zone,Barren Soil & Country Rock,True
MOIL-GM-02,-1000.0,-900.0,21.383115,78.971791,0.1036,0.1381,0.1912,0.2509,0.3283,0.3149,0.1351,-0.2898,0.1337,1.846,1.043,2.031,71.5,Medium Potential Zone,Barren Soil & Country Rock,True
MOIL-GM-02,-1000.0,-800.0,21.384014,78.971791,0.1289,0.1541,0.2224,0.3119,0.2994,0.2613,0.1674,-0.3387,-0.0205,1.726,1.146,1.653,69.7,Medium Potential Zone,Barren Soil & Country Rock,True
MOIL-GM-02,-1000.0,-700.0,21.384912,78.971791,0.1044,0.1342,0.2057,0.2983,0.3481,0.26,0.1837,-0.3793,0.077,1.97,1.339,1.819,74.0,Medium Potential Zone,Barren Soil & Country Rock,True
MOIL-GM-02,-1000.0,-600.0,21.38581,78.971791,0.0816,0.1607,0.1624,0.3121,0.3632,0.2624,0.3153,-0.3203,0.0757,1.99,1.384,2.153,70.1,Medium Potential Zone,Barren Soil & Country Rock,True
MOIL-GM-02,-1000.0,-500.0,21.386708,78.971791,0.1048,0.172,0.2376,0.2285,0.3888,0.251,-0.0195,-0.141,0.2597,2.267,1.549,2.426,84.5,High Potential Exploration Zone,Barren Soil & Country Rock,True
MOIL-GM-02,-1000.0,-400.0,21.387607,78.971791,0.1129,0.1797,0.1767,0.233,0.3633,0.3224,0.1375,-0.1293,0.2184,1.566,1.127,2.576,65.4,Medium Potential Zone,Barren Soil & Country Rock,True
MOIL-GM-02,-1000.0,-300.0,21.388505,78.971791,0.0304,0.1184,0.0698,0.6581,0.2002,0.1033,0.8082,-0.6951,-0.5334,2.294,1.939,2.0,65.2,Medium Potential Zone,Dense / Moderate Canopy,True
MOIL-GM-02,-1000.0,-200.0,21.389403,78.971791,0.089,0.1533,0.2363,0.3078,0.295,0.2268,0.1314,-0.3352,-0.0213,2.655,1.3,1.607,79.6,High Potential Exploration Zone,Barren Soil & Country Rock,True
MOIL-GM-02,-1000.0,-100.0,21.390302,78.971791,0.0384,0.0713,0.0525,0.5099,0.2147,0.1079,0.8134,-0.7546,-0.4074,1.367,1.99,1.78,54.3,Medium Potential Zone,Dense / Moderate Canopy,True
MOIL-GM-02,-1000.0,0.0,21.3912,78.971791,0.0256,0.1091,0.0524,0.5377,0.168,0.1161,0.8224,-0.6628,-0.524,2.046,1.447,2.393,53.3,Medium Potential Zone,Dense / Moderate Canopy,True
MOIL-GM-02,-1000.0,100.0,21.392098,78.971791,0.0308,0.12,0.0438,0.6697,0.1984,0.1006,0.8771,-0.6961,-0.5428,1.423,1.972,3.034,52.1,Medium Potential Zone,Dense / Moderate Canopy,True
MOIL-GM-02,-1000.0,200.0,21.392997,78.971791,0.0233,0.1196,0.0364,0.611,0.1449,0.0618,0.8874,-0.6725,-0.6166,1.567,2.344,3.52,58.7,Medium Potential Zone,Dense / Moderate Canopy,True
MOIL-GM-02,-1000.0,300.0,21.393895,78.971791,0.0451,0.0764,0.0331,0.6184,0.1966,0.0707,0.8984,-0.7801,-0.5175,0.734,2.78,2.627,55.1,Medium Potential Zone,Dense / Moderate Canopy,True
MOIL-GM-02,-1000.0,400.0,21.394793,78.971791,0.0223,0.0753,0.049,0.6611,0.1538,0.0818,0.8621,-0.7955,-0.6225,2.198,1.881,1.77,59.2,Medium Potential Zone,Dense / Moderate Canopy,True
MOIL-GM-02,-1000.0,500.0,21.395692,78.971791,0.0387,0.0862,0.0431,0.6309,0.2037,0.0608,0.872,-0.7595,-0.5118,1.114,3.352,2.322,68.4,Medium Potential Zone,Dense / Moderate Canopy,True
MOIL-GM-02,-1000.0,600.0,21.39659,78.971791,0.1201,0.1653,0.2225,0.2853,0.347,0.2975,0.1237,-0.2662,0.0975,1.852,1.166,1.959,66.3,Medium Potential Zone,Barren Soil & Country Rock,True
MOIL-GM-02,-1000.0,700.0,21.397488,78.971791,0.0925,0.1757,0.2338,0.2924,0.3258,0.2979,0.1114,-0.2494,0.054,2.528,1.094,1.866,73.2,Medium Potential Zone,Barren Soil & Country Rock,True
MOIL-GM-02,-1000.0,800.0,21.398386,78.971791,0.0355,0.1024,0.0312,0.5192,0.1994,0.1157,0.8867,-0.6705,-0.4449,0.88,1.724,3.667,40.4,Low Potential / Barren,Dense / Moderate Canopy,True
MOIL-GM-02,-1000.0,900.0,21.399285,78.971791,0.0415,0.0616,0.0447,0.4636,0.184,0.0815,0.8239,-0.7655,-0.4317,1.078,2.258,1.773,52.4,Medium Potential Zone,Dense / Moderate Canopy,True
MOIL-GM-02,-1000.0,1000.0,21.400183,78.971791,0.0494,0.0782,0.0423,0.4907,0.1344,0.0863,0.8414,-0.7252,-0.5701,0.856,1.557,2.123,38.7,Low Potential / Barren,Dense / Moderate Canopy,True
MOIL-GM-02,-1000.0,1100.0,21.401081,78.971791,0.0369,0.1111,0.0426,0.6107,0.1861,0.0696,0.8695,-0.6921,-0.5328,1.154,2.672,2.911,57.9,Medium Potential Zone,Dense / Moderate Canopy,True
MOIL-GM-02,-1000.0,1200.0,21.40198,78.971791,0.1155,0.1213,0.2309,0.2311,0.2867,0.2458,0.0004,-0.3118,0.1073,2.0,1.166,1.765,71.0,Medium Potential Zone,Barren Soil & Country Rock,True
MOIL-GM-02,-900.0,-1200.0,21.38042,78.972762,0.0601,0.0764,0.164,0.1484,0.2726,0.1907,-0.0499,-0.3202,0.295,2.729,1.429,2.303,98.0,High Potential Exploration Zone,Manganese Gossan / Alteration Outcrop,True
MOIL-GM-02,-900.0,-1100.0,21.381319,78.972762,0.0492,0.0952,0.1775,0.1734,0.2766,0.2897,-0.0118,-0.2913,0.2293,3.609,0.955,2.131,98.0,High Potential Exploration Zone,Manganese Gossan / Alteration Outcrop,True
MOIL-GM-02,-900.0,-1000.0,21.382217,78.972762,0.0707,0.1011,0.1226,0.146,0.3398,0.2011,0.0868,-0.1816,0.399,1.734,1.69,3.152,85.0,High Potential Exploration Zone,Manganese Gossan / Alteration Outcrop,True
MOIL-GM-02,-900.0,-900.0,21.383115,78.972762,0.0255,0.0624,0.0344,0.6105,0.1939,0.054,0.8934,-0.8145,-0.5178,1.346,3.593,2.133,83.4,High Potential Exploration Zone,Dense / Moderate Canopy,True
MOIL-GM-02,-900.0,-800.0,21.384014,78.972762,0.1195,0.1435,0.2164,0.2959,0.2845,0.2657,0.1553,-0.3468,-0.0196,1.811,1.071,1.625,71.8,Medium Potential Zone,Barren Soil & Country Rock,True
MOIL-GM-02,-900.0,-700.0,21.384912,78.972762,0.0314,0.0504,0.0435,0.6856,0.2152,0.0892,0.8808,-0.863,-0.5222,1.386,2.412,1.474,64.1,Medium Potential Zone,Dense / Moderate Canopy,True
MOIL-GM-02,-900.0,-600.0,21.38581,78.972762,0.108,0.1342,0.1735,0.2694,0.3831,0.2467,0.2166,-0.335,0.1744,1.607,1.553,2.196,72.7,Medium Potential Zone,Barren Soil & Country Rock,True
MOIL-GM-02,-900.0,-500.0,21.386708,78.972762,0.025,0.0891,0.0611,0.5076,0.1496,0.0536,0.7853,-0.7014,-0.5446,2.438,2.792,1.754,82.8,High Potential Exploration Zone,Dense / Moderate Canopy,True
MOIL-GM-02,-900.0,-400.0,21.387607,78.972762,0.0346,0.0545,0.0632,0.6037,0.1255,0.0816,0.8105,-0.8344,-0.6557,1.826,1.539,1.07,55.5,Medium Potential Zone,Dense / Moderate Canopy,True
MOIL-GM-02,-900.0,-300.0,21.388505,78.972762,0.0244,0.0794,0.0413,0.639,0.1205,0.0574,0.8785,-0.7789,-0.6826,1.694,2.098,2.111,59.7,Medium Potential Zone,Dense / Moderate Canopy,True
MOIL-GM-02,-900.0,-200.0,21.389403,78.972762,0.033,0.0623,0.0617,0.6799,0.1411,0.1,0.8335,-0.832,-0.6562,1.871,1.412,1.217,52.1,Medium Potential Zone,Dense / Moderate Canopy,True
MOIL-GM-02,-900.0,-100.0,21.390302,78.972762,0.0424,0.1052,0.0564,0.7082,0.2064,0.066,0.8524,-0.7414,-0.5486,1.333,3.126,2.155,70.6,Medium Potential Zone,Dense / Moderate Canopy,True
MOIL-GM-02,-900.0,0.0,21.3912,78.972762,0.0308,0.1009,0.0639,0.5678,0.1252,0.1165,0.7976,-0.6983,-0.6388,2.076,1.074,1.798,49.5,Medium Potential Zone,Dense / Moderate Canopy,True
MOIL-GM-02,-900.0,100.0,21.392098,78.972762,0.1009,0.1558,0.1694,0.3038,0.3085,0.3383,0.284,-0.3221,0.0076,1.679,0.912,1.935,57.5,Medium Potential Zone,Barren Soil & Country Rock,True
MOIL-GM-02,-900.0,200.0,21.392997,78.972762,0.0381,0.0962,0.0513,0.5556,0.1552,0.1124,0.8308,-0.7048,-0.5634,1.346,1.38,2.153,43.9,Low Potential / Barren,Dense / Moderate Canopy,True
MOIL-GM-02,-900.0,300.0,21.393895,78.972762,0.0447,0.086,0.0423,0.4748,0.1524,0.1116,0.8365,-0.6933,-0.5141,0.946,1.365,2.355,38.6,Low Potential / Barren,Dense / Moderate Canopy,True
MOIL-GM-02,-900.0,400.0,21.394793,78.972762,0.0436,0.1041,0.0348,0.4929,0.1517,0.0711,0.8681,-0.6511,-0.5293,0.799,2.135,3.3,47.3,Medium Potential Zone,Dense / Moderate Canopy,True
MOIL-GM-02,-900.0,500.0,21.395692,78.972762,0.0892,0.1714,0.2071,0.2542,0.3537,0.2514,0.1021,-0.1947,0.1636,2.322,1.407,2.219,76.5,High Potential Exploration Zone,Barren Soil & Country Rock,True
MOIL-GM-02,-900.0,600.0,21.39659,78.972762,0.0222,0.1132,0.0396,0.6712,0.186,0.0866,0.8885,-0.7114,-0.566,1.781,2.148,3.134,57.6,Medium Potential Zone,Dense / Moderate Canopy,True
MOIL-GM-02,-900.0,700.0,21.397488,78.972762,0.0247,0.0583,0.0429,0.6742,0.1235,0.0668,0.8804,-0.8407,-0.6903,1.735,1.85,1.544,52.7,Medium Potential Zone,Dense / Moderate Canopy,True
MOIL-GM-02,-900.0,800.0,21.398386,78.972762,0.0414,0.071,0.0479,0.5409,0.1292,0.1017,0.8372,-0.7681,-0.6144,1.158,1.27,1.719,38.5,Low Potential / Barren,Dense / Moderate Canopy,True
MOIL-GM-02,-900.0,900.0,21.399285,78.972762,0.0444,0.0986,0.0323,0.585,0.2191,0.0716,0.8953,-0.7115,-0.4551,0.728,3.062,3.427,58.5,Medium Potential Zone,Dense / Moderate Canopy,True
MOIL-GM-02,-900.0,1000.0,21.400183,78.972762,0.0396,0.0642,0.0581,0.6281,0.1575,0.0699,0.8307,-0.8147,-0.5991,1.469,2.253,1.355,56.7,Medium Potential Zone,Dense / Moderate Canopy,True
MOIL-GM-02,-900.0,1100.0,21.401081,78.972762,0.0238,0.0802,0.0607,0.49,0.2133,0.0868,0.7796,-0.7186,-0.3934,2.548,2.456,1.758,73.5,Medium Potential Zone,Dense / Moderate Canopy,True
MOIL-GM-02,-900.0,1200.0,21.40198,78.972762,0.0327,0.1107,0.0679,0.5526,0.1742,0.0721,0.781,-0.6662,-0.5206,2.076,2.417,1.945,67.3,Medium Potential Zone,Dense / Moderate Canopy,True
MOIL-GM-02,-800.0,-1200.0,21.38042,78.973733,0.0547,0.0614,0.1986,0.2369,0.3477,0.237,0.088,-0.5883,0.1895,3.629,1.467,1.777,98.0,High Potential Exploration Zone,Manganese Gossan / Alteration Outcrop,True
MOIL-GM-02,-800.0,-1100.0,21.381319,78.973733,0.0731,0.1029,0.1745,0.2337,0.2442,0.1811,0.1452,-0.3886,0.022,2.386,1.348,1.635,90.6,High Potential Exploration Zone,Manganese Gossan / Alteration Outcrop,True
MOIL-GM-02,-800.0,-1000.0,21.382217,78.973733,0.0433,0.0629,0.1625,0.234,0.3345,0.2525,0.1805,-0.5764,0.1768,3.756,1.325,1.817,98.0,High Potential Exploration Zone,Manganese Gossan / Alteration Outcrop,True
MOIL-GM-02,-800.0,-900.0,21.383115,78.973733,0.0554,0.0867,0.1504,0.1918,0.3445,0.2415,0.1209,-0.3774,0.2848,2.715,1.427,2.373,92.4,High Potential Exploration Zone,Manganese Gossan / Alteration Outcrop,True
MOIL-GM-02,-800.0,-800.0,21.384014,78.973733,0.0568,0.1022,0.1487,0.1881,0.3769,0.2864,0.117,-0.2958,0.3341,2.621,1.316,2.691,88.2,High Potential Exploration Zone,Manganese Gossan / Alteration Outcrop,True
MOIL-GM-02,-800.0,-700.0,21.384912,78.973733,0.1119,0.1402,0.1833,0.2796,0.3425,0.3079,0.2081,-0.3321,0.101,1.638,1.112,1.99,69.8,Medium Potential Zone,Barren Soil & Country Rock,True
MOIL-GM-02,-800.0,-600.0,21.38581,78.973733,0.1356,0.1541,0.2147,0.2805,0.4185,0.3384,0.1327,-0.2909,0.1975,1.583,1.237,2.21,72.0,Medium Potential Zone,Barren Soil & Country Rock,True
MOIL-GM-02,-800.0,-500.0,21.386708,78.973733,0.0405,0.0933,0.0424,0.502,0.1603,0.0978,0.8441,-0.6865,-0.516,1.047,1.639,2.518,49.5,Medium Potential Zone,Dense / Moderate Canopy,True
MOIL-GM-02,-800.0,-400.0,21.387607,78.973733,0.1109,0.1445,0.2022,0.306,0.2867,0.3116,0.2043,-0.3585,-0.0327,1.824,0.92,1.651,65.8,Medium Potential Zone,Barren Soil & Country Rock,True
MOIL-GM-02,-800.0,-300.0,21.388505,78.973733,0.0261,0.1014,0.0499,0.5799,0.1683,0.1164,0.8417,-0.7023,-0.5501,1.909,1.445,2.324,54.7,Medium Potential Zone,Dense / Moderate Canopy,True
MOIL-GM-02,-800.0,-200.0,21.389403,78.973733,0.0474,0.1121,0.0315,0.5582,0.2095,0.1029,0.8931,-0.6656,-0.4542,0.665,2.037,3.933,47.0,Medium Potential Zone,Dense / Moderate Canopy,True
MOIL-GM-02,-800.0,-100.0,21.390302,78.973733,0.0432,0.0646,0.054,0.5939,0.1774,0.1005,0.8333,-0.8039,-0.5401,1.25,1.764,1.495,50.8,Medium Potential Zone,Dense / Moderate Canopy,True
MOIL-GM-02,-800.0,0.0,21.3912,78.973733,0.0279,0.1031,0.0558,0.6377,0.1629,0.1161,0.8391,-0.7217,-0.5931,1.999,1.403,2.102,53.1,Medium Potential Zone,Dense / Moderate Canopy,True
MOIL-GM-02,-800.0,100.0,21.392098,78.973733,0.0236,0.0976,0.0352,0.5371,0.1428,0.0877,0.8771,-0.6923,-0.58,1.487,1.628,3.044,49.0,Medium Potential Zone,Dense / Moderate Canopy,True
MOIL-GM-02,-800.0,200.0,21.392997,78.973733,0.0896,0.1674,0.1975,0.2654,0.4041,0.2847,0.1468,-0.2264,0.2071,2.204,1.42,2.37,75.5,High Potential Exploration Zone,Barren Soil & Country Rock,True
MOIL-GM-02,-800.0,300.0,21.393895,78.973733,0.0298,0.0893,0.0591,0.53,0.1889,0.0898,0.7995,-0.7117,-0.4746,1.979,2.103,1.868,63.2,Medium Potential Zone,Dense / Moderate Canopy,True
MOIL-GM-02,-800.0,400.0,21.394793,78.973733,0.0414,0.0722,0.0586,0.5988,0.1446,0.0968,0.8218,-0.7848,-0.6111,1.415,1.494,1.474,46.6,Medium Potential Zone,Dense / Moderate Canopy,True
MOIL-GM-02,-800.0,500.0,21.395692,78.973733,0.0293,0.1069,0.0434,0.6717,0.1251,0.0505,0.8785,-0.7255,-0.686,1.483,2.477,2.646,60.1,Medium Potential Zone,Dense / Moderate Canopy,True
MOIL-GM-02,-800.0,600.0,21.39659,78.973733,0.1324,0.152,0.2075,0.3042,0.2871,0.2665,0.1889,-0.3336,-0.029,1.567,1.077,1.676,60.5,Medium Potential Zone,Barren Soil & Country Rock,True
MOIL-GM-02,-800.0,700.0,21.397488,78.973733,0.0321,0.0522,0.056,0.5557,0.1219,0.0619,0.8168,-0.8281,-0.6401,1.744,1.968,1.152,56.8,Medium Potential Zone,Dense / Moderate Canopy,True
MOIL-GM-02,-800.0,800.0,21.398386,78.973733,0.1106,0.1312,0.1889,0.2951,0.3931,0.3154,0.2194,-0.3845,0.1424,1.707,1.246,2.027,63.3,Medium Potential Zone,Barren Soil & Country Rock,True
MOIL-GM-02,-800.0,900.0,21.399285,78.973733,0.0363,0.0885,0.0681,0.687,0.185,0.0828,0.8195,-0.7717,-0.5757,1.879,2.234,1.569,61.8,Medium Potential Zone,Dense / Moderate Canopy,True
MOIL-GM-02,-800.0,1000.0,21.400183,78.973733,0.0219,0.1161,0.0519,0.5858,0.1491,0.0502,0.8372,-0.6691,-0.5942,2.372,2.968,2.492,77.8,High Potential Exploration Zone,Dense / Moderate Canopy,True
MOIL-GM-02,-800.0,1100.0,21.401081,78.973733,0.0958,0.1525,0.1667,0.3172,0.3375,0.258,0.3111,-0.3507,0.031,1.74,1.308,1.979,61.3,Medium Potential Zone,Barren Soil & Country Rock,True
MOIL-GM-02,-800.0,1200.0,21.40198,78.973733,0.0219,0.1095,0.0484,0.4982,0.1362,0.0753,0.8229,-0.6395,-0.5707,2.206,1.809,2.536,58.6,Medium Potential Zone,Dense / Moderate Canopy,True
MOIL-GM-02,-700.0,-1200.0,21.38042,78.974704,0.0629,0.0808,0.1797,0.2105,0.3448,0.2241,0.0791,-0.4451,0.2417,2.855,1.539,2.088,98.0,High Potential Exploration Zone,Manganese Gossan / Alteration Outcrop,True
MOIL-GM-02,-700.0,-1100.0,21.381319,78.974704,0.0687,0.0671,0.1713,0.1473,0.2742,0.2442,-0.0755,-0.3741,0.3012,2.494,1.123,2.253,97.1,High Potential Exploration Zone,Manganese Gossan / Alteration Outcrop,True
MOIL-GM-02,-700.0,-1000.0,21.382217,78.974704,0.0696,0.0648,0.1407,0.2392,0.2873,0.2112,0.2592,-0.5738,0.0913,2.021,1.36,1.661,84.9,High Potential Exploration Zone,Manganese Gossan / Alteration Outcrop,True
MOIL-GM-02,-700.0,-900.0,21.383115,78.974704,0.0434,0.0947,0.1708,0.1558,0.3286,0.2378,-0.0461,-0.2436,0.3569,3.935,1.382,2.664,98.0,High Potential Exploration Zone,Manganese Gossan / Alteration Outcrop,True
MOIL-GM-02,-700.0,-800.0,21.384014,78.974704,0.0626,0.1097,0.1229,0.2315,0.3579,0.2257,0.3066,-0.3568,0.2144,1.963,1.586,2.439,81.9,High Potential Exploration Zone,Manganese Gossan / Alteration Outcrop,True
MOIL-GM-02,-700.0,-700.0,21.384912,78.974704,0.0752,0.0924,0.2089,0.1995,0.2703,0.2434,-0.0232,-0.3667,0.1507,2.777,1.11,1.797,91.6,High Potential Exploration Zone,Manganese Gossan / Alteration Outcrop,True
MOIL-GM-02,-700.0,-600.0,21.38581,78.974704,0.0472,0.067,0.1854,0.2347,0.3224,0.2675,0.1174,-0.5557,0.1573,3.931,1.205,1.735,98.0,High Potential Exploration Zone,Manganese Gossan / Alteration Outcrop,True
MOIL-GM-02,-700.0,-500.0,21.386708,78.974704,0.1193,0.164,0.1633,0.2297,0.3894,0.2728,0.1689,-0.167,0.2579,1.37,1.428,2.699,72.3,Medium Potential Zone,Barren Soil & Country Rock,True
MOIL-GM-02,-700.0,-400.0,21.387607,78.974704,0.0476,0.1194,0.0606,0.664,0.1408,0.0635,0.8328,-0.6951,-0.65,1.272,2.219,2.184,61.9,Medium Potential Zone,Dense / Moderate Canopy,True
MOIL-GM-02,-700.0,-300.0,21.388505,78.974704,0.0409,0.0981,0.0414,0.6893,0.1244,0.0692,0.8866,-0.7509,-0.6942,1.015,1.798,2.547,50.0,Medium Potential Zone,Dense / Moderate Canopy,True
MOIL-GM-02,-700.0,-200.0,21.389403,78.974704,0.1227,0.1629,0.2028,0.2205,0.4023,0.3347,0.0419,-0.1502,0.2919,1.653,1.202,2.628,72.7,Medium Potential Zone,Barren Soil & Country Rock,True
MOIL-GM-02,-700.0,-100.0,21.390302,78.974704,0.1305,0.1784,0.1862,0.2385,0.4169,0.2272,0.1233,-0.1442,0.2721,1.426,1.835,2.706,76.3,High Potential Exploration Zone,Barren Soil & Country Rock,True
MOIL-GM-02,-700.0,0.0,21.3912,78.974704,0.1245,0.157,0.2148,0.2908,0.3761,0.2611,0.1504,-0.2987,0.1278,1.725,1.44,2.024,72.3,Medium Potential Zone,Barren Soil & Country Rock,True
MOIL-GM-02,-700.0,100.0,21.392098,78.974704,0.1057,0.1685,0.2351,0.2655,0.292,0.3326,0.0609,-0.2237,0.0475,2.224,0.878,1.816,71.6,Medium Potential Zone,Barren Soil & Country Rock,True
MOIL-GM-02,-700.0,200.0,21.392997,78.974704,0.0895,0.1721,0.2041,0.2553,0.4103,0.3353,0.1113,-0.1947,0.233,2.279,1.224,2.45,75.3,High Potential Exploration Zone,Barren Soil & Country Rock,True
MOIL-GM-02,-700.0,300.0,21.393895,78.974704,0.1321,0.1607,0.182,0.3141,0.2888,0.2582,0.2664,-0.3231,-0.042,1.377,1.119,1.803,58.3,Medium Potential Zone,Barren Soil & Country Rock,True
MOIL-GM-02,-700.0,400.0,21.394793,78.974704,0.1214,0.1223,0.2312,0.2859,0.3185,0.299,0.1058,-0.4008,0.0539,1.904,1.065,1.643,67.9,Medium Potential Zone,Barren Soil & Country Rock,True
MOIL-GM-02,-700.0,500.0,21.395692,78.974704,0.0301,0.052,0.052,0.4722,0.201,0.0562,0.8014,-0.8016,-0.4028,1.73,3.577,1.425,82.3,High Potential Exploration Zone,Dense / Moderate Canopy,True
MOIL-GM-02,-700.0,600.0,21.39659,78.974704,0.033,0.0889,0.0316,0.505,0.14,0.0919,0.8823,-0.7005,-0.566,0.956,1.522,3.093,39.9,Low Potential / Barren,Dense / Moderate Canopy,True
MOIL-GM-02,-700.0,700.0,21.397488,78.974704,0.0887,0.1211,0.2272,0.3172,0.3785,0.2695,0.1652,-0.4473,0.0881,2.563,1.404,1.726,77.7,High Potential Exploration Zone,Barren Soil & Country Rock,True
MOIL-GM-02,-700.0,800.0,21.398386,78.974704,0.1085,0.1474,0.1936,0.2578,0.3495,0.2288,0.1423,-0.2724,0.151,1.784,1.528,2.117,71.1,Medium Potential Zone,Barren Soil & Country Rock,True
MOIL-GM-02,-700.0,900.0,21.399285,78.974704,0.0838,0.132,0.1822,0.2369,0.3153,0.2423,0.1305,-0.2844,0.1418,2.174,1.301,2.055,72.2,Medium Potential Zone,Barren Soil & Country Rock,True
MOIL-GM-02,-700.0,1000.0,21.400183,78.974704,0.0976,0.1439,0.2195,0.3156,0.4087,0.2771,0.1794,-0.3738,0.1286,2.25,1.475,1.95,74.0,Medium Potential Zone,Barren Soil & Country Rock,True
MOIL-GM-02,-700.0,1100.0,21.401081,78.974704,0.0238,0.118,0.0604,0.6788,0.1434,0.0781,0.8366,-0.7038,-0.6512,2.541,1.837,2.165,62.9,Medium Potential Zone,Dense / Moderate Canopy,True
MOIL-GM-02,-700.0,1200.0,21.40198,78.974704,0.1364,0.1371,0.2077,0.2352,0.3924,0.2424,0.0622,-0.2634,0.2504,1.522,1.619,2.329,71.0,Medium Potential Zone,Barren Soil & Country Rock,True
MOIL-GM-02,-600.0,-1200.0,21.38042,78.975675,0.0724,0.0801,0.1778,0.167,0.3636,0.2636,-0.0313,-0.3517,0.3706,2.456,1.379,2.628,98.0,High Potential Exploration Zone,Manganese Gossan / Alteration Outcrop,True
MOIL-GM-02,-600.0,-1100.0,21.381319,78.975675,0.0542,0.0893,0.1329,0.156,0.3147,0.2505,0.0801,-0.2722,0.337,2.453,1.257,2.688,97.7,High Potential Exploration Zone,Manganese Gossan / Alteration Outcrop,True
MOIL-GM-02,-600.0,-1000.0,21.382217,78.975675,0.0623,0.088,0.1942,0.2302,0.2943,0.2391,0.0848,-0.4471,0.1221,3.118,1.231,1.731,98.0,High Potential Exploration Zone,Manganese Gossan / Alteration Outcrop,True
MOIL-GM-02,-600.0,-900.0,21.383115,78.975675,0.0757,0.0832,0.1645,0.2167,0.3628,0.2611,0.1368,-0.445,0.2522,2.173,1.389,2.18,92.6,High Potential Exploration Zone,Manganese Gossan / Alteration Outcrop,True
MOIL-GM-02,-600.0,-800.0,21.384014,78.975675,0.044,0.0832,0.1412,0.1717,0.3056,0.2044,0.0976,-0.3471,0.2805,3.209,1.495,2.369,98.0,High Potential Exploration Zone,Manganese Gossan / Alteration Outcrop,True
MOIL-GM-02,-600.0,-700.0,21.384912,78.975675,0.0606,0.0922,0.2075,0.1611,0.2835,0.2246,-0.1257,-0.2723,0.2751,3.422,1.262,2.203,98.0,High Potential Exploration Zone,Manganese Gossan / Alteration Outcrop,True
MOIL-GM-02,-600.0,-600.0,21.38581,78.975675,0.049,0.0766,0.2083,0.1539,0.3021,0.2142,-0.1504,-0.3352,0.3251,4.253,1.41,2.331,98.0,High Potential Exploration Zone,Manganese Gossan / Alteration Outcrop,True
MOIL-GM-02,-600.0,-500.0,21.386708,78.975675,0.0431,0.0648,0.1985,0.2252,0.3438,0.2393,0.0631,-0.5531,0.2084,4.607,1.437,1.853,98.0,High Potential Exploration Zone,Manganese Gossan / Alteration Outcrop,True
MOIL-GM-02,-600.0,-400.0,21.387607,78.975675,0.0246,0.1046,0.0469,0.6526,0.1428,0.1083,0.8658,-0.7237,-0.641,1.911,1.319,2.448,56.9,Medium Potential Zone,Dense / Moderate Canopy,True
MOIL-GM-02,-600.0,-300.0,21.388505,78.975675,0.0202,0.0863,0.0424,0.4655,0.1647,0.0718,0.833,-0.6871,-0.4773,2.097,2.294,2.39,73.3,Medium Potential Zone,Dense / Moderate Canopy,True
MOIL-GM-02,-600.0,-200.0,21.389403,78.975675,0.1009,0.1308,0.184,0.2315,0.2918,0.3292,0.1144,-0.2781,0.1152,1.823,0.886,1.971,69.4,Medium Potential Zone,Barren Soil & Country Rock,True
MOIL-GM-02,-600.0,-100.0,21.390302,78.975675,0.0448,0.0661,0.059,0.6092,0.1251,0.113,0.8233,-0.8042,-0.6592,1.317,1.108,1.325,44.7,Low Potential / Barren,Dense / Moderate Canopy,True
MOIL-GM-02,-600.0,0.0,21.3912,78.975675,0.0413,0.0662,0.0522,0.4795,0.1499,0.1002,0.8037,-0.7574,-0.5238,1.265,1.496,1.581,49.6,Medium Potential Zone,Dense / Moderate Canopy,True
MOIL-GM-02,-600.0,100.0,21.392098,78.975675,0.0888,0.1204,0.2058,0.3169,0.3478,0.2455,0.2125,-0.4491,0.0465,2.317,1.417,1.683,77.4,High Potential Exploration Zone,Barren Soil & Country Rock,True
MOIL-GM-02,-600.0,200.0,21.392997,78.975675,0.0381,0.1061,0.0481,0.4967,0.1388,0.113,0.8234,-0.648,-0.5632,1.264,1.229,2.485,43.5,Low Potential / Barren,Dense / Moderate Canopy,True
MOIL-GM-02,-600.0,300.0,21.393895,78.975675,0.1237,0.1361,0.2176,0.2278,0.309,0.269,0.0229,-0.2519,0.1512,1.76,1.149,1.982,71.3,Medium Potential Zone,Barren Soil & Country Rock,True
MOIL-GM-02,-600.0,400.0,21.394793,78.975675,0.0306,0.0901,0.043,0.6332,0.1711,0.0994,0.8728,-0.7507,-0.5745,1.406,1.722,2.366,49.9,Medium Potential Zone,Dense / Moderate Canopy,True
MOIL-GM-02,-600.0,500.0,21.395692,78.975675,0.0463,0.0767,0.0423,0.6004,0.1709,0.0863,0.8683,-0.7733,-0.5568,0.914,1.981,2.098,47.8,Medium Potential Zone,Dense / Moderate Canopy,True
MOIL-GM-02,-600.0,600.0,21.39659,78.975675,0.0377,0.112,0.0548,0.4559,0.207,0.1088,0.7855,-0.6056,-0.3754,1.454,1.903,2.499,54.8,Medium Potential Zone,Dense / Moderate Canopy,True
MOIL-GM-02,-600.0,700.0,21.397488,78.975675,0.0875,0.1534,0.1634,0.2611,0.4166,0.2407,0.2301,-0.2599,0.2294,1.867,1.73,2.534,73.2,Medium Potential Zone,Barren Soil & Country Rock,True
MOIL-GM-02,-600.0,800.0,21.398386,78.975675,0.1206,0.1226,0.2257,0.2399,0.3544,0.2499,0.0306,-0.3235,0.1927,1.871,1.419,2.021,74.3,Medium Potential Zone,Barren Soil & Country Rock,True
MOIL-GM-02,-600.0,900.0,21.399285,78.975675,0.0376,0.1163,0.0478,0.6862,0.1776,0.114,0.8697,-0.7103,-0.5888,1.271,1.558,2.69,44.0,Low Potential / Barren,Dense / Moderate Canopy,True
MOIL-GM-02,-600.0,1000.0,21.400183,78.975675,0.113,0.1434,0.1653,0.2774,0.3912,0.2867,0.2533,-0.3185,0.1701,1.463,1.364,2.278,61.5,Medium Potential Zone,Barren Soil & Country Rock,True
MOIL-GM-02,-600.0,1100.0,21.401081,78.975675,0.0958,0.1343,0.2384,0.2599,0.3244,0.2702,0.0433,-0.3188,0.1103,2.487,1.2,1.811,76.9,High Potential Exploration Zone,Barren Soil & Country Rock,True
MOIL-GM-02,-600.0,1200.0,21.40198,78.975675,0.0918,0.1505,0.2239,0.3076,0.4012,0.3334,0.1575,-0.3429,0.132,2.44,1.204,1.977,72.7,Medium Potential Zone,Barren Soil & Country Rock,True
MOIL-GM-02,-500.0,-1200.0,21.38042,78.976646,0.045,0.062,0.1306,0.2001,0.3179,0.2538,0.2102,-0.5266,0.2274,2.9,1.252,2.064,92.1,High Potential Exploration Zone,Manganese Gossan / Alteration Outcrop,True
MOIL-GM-02,-500.0,-1100.0,21.381319,78.976646,0.0548,0.0796,0.1746,0.1479,0.352,0.2815,-0.0827,-0.3004,0.4082,3.183,1.25,2.836,98.0,High Potential Exploration Zone,Manganese Gossan / Alteration Outcrop,True
MOIL-GM-02,-500.0,-1000.0,21.382217,78.976646,0.0555,0.097,0.1749,0.1636,0.2495,0.207,-0.0333,-0.2557,0.2079,3.151,1.205,2.08,98.0,High Potential Exploration Zone,Manganese Gossan / Alteration Outcrop,True
MOIL-GM-02,-500.0,-900.0,21.383115,78.976646,0.0642,0.062,0.2036,0.237,0.2517,0.2071,0.0758,-0.5853,0.03,3.172,1.215,1.366,98.0,High Potential Exploration Zone,Manganese Gossan / Alteration Outcrop,True
MOIL-GM-02,-500.0,-800.0,21.384014,78.976646,0.067,0.1003,0.1546,0.1915,0.3648,0.2223,0.1067,-0.3126,0.3115,2.307,1.641,2.554,98.0,High Potential Exploration Zone,Manganese Gossan / Alteration Outcrop,True
MOIL-GM-02,-500.0,-700.0,21.384912,78.976646,0.0433,0.1097,0.138,0.1449,0.2975,0.1934,0.0242,-0.138,0.345,3.191,1.539,2.848,98.0,High Potential Exploration Zone,Manganese Gossan / Alteration Outcrop,True
MOIL-GM-02,-500.0,-600.0,21.38581,78.976646,0.0791,0.079,0.2026,0.1577,0.2594,0.2514,-0.1247,-0.3322,0.244,2.559,1.032,2.036,92.7,High Potential Exploration Zone,Manganese Gossan / Alteration Outcrop,True
MOIL-GM-02,-500.0,-500.0,21.386708,78.976646,0.0764,0.0657,0.1789,0.1485,0.3537,0.28,-0.0929,-0.3864,0.4086,2.343,1.263,2.749,91.5,High Potential Exploration Zone,Manganese Gossan / Alteration Outcrop,True
MOIL-GM-02,-500.0,-400.0,21.387607,78.976646,0.0652,0.0944,0.1255,0.1473,0.2652,0.2101,0.0797,-0.2188,0.2857,1.927,1.262,2.552,82.5,High Potential Exploration Zone,Manganese Gossan / Alteration Outcrop,True
MOIL-GM-02,-500.0,-300.0,21.388505,78.976646,0.0704,0.0818,0.1278,0.2253,0.3791,0.2301,0.276,-0.4673,0.2546,1.816,1.648,2.323,79.5,High Potential Exploration Zone,Manganese Gossan / Alteration Outcrop,True
MOIL-GM-02,-500.0,-200.0,21.389403,78.976646,0.0224,0.0768,0.0449,0.7108,0.186,0.1048,0.8812,-0.8049,-0.5851,2.007,1.776,1.974,64.0,Medium Potential Zone,Dense / Moderate Canopy,True
MOIL-GM-02,-500.0,-100.0,21.390302,78.976646,0.105,0.1315,0.2288,0.2352,0.3414,0.2264,0.0138,-0.2829,0.1842,2.179,1.508,2.026,86.7,High Potential Exploration Zone,Barren Soil & Country Rock,True
MOIL-GM-02,-500.0,0.0,21.3912,78.976646,0.0345,0.0849,0.0341,0.5888,0.1764,0.1174,0.8906,-0.7481,-0.539,0.989,1.502,2.791,45.6,Medium Potential Zone,Dense / Moderate Canopy,True
MOIL-GM-02,-500.0,100.0,21.392098,78.976646,0.1354,0.1488,0.1768,0.2866,0.3524,0.2472,0.2368,-0.3165,0.103,1.306,1.425,2.071,66.7,Medium Potential Zone,Barren Soil & Country Rock,True
MOIL-GM-02,-500.0,200.0,21.392997,78.976646,0.0342,0.0982,0.0576,0.5777,0.1591,0.0544,0.8188,-0.7093,-0.5682,1.683,2.923,1.982,75.1,High Potential Exploration Zone,Dense / Moderate Canopy,True
MOIL-GM-02,-500.0,300.0,21.393895,78.976646,0.0273,0.0537,0.0432,0.4736,0.178,0.0853,0.8328,-0.7962,-0.4537,1.583,2.088,1.619,60.2,Medium Potential Zone,Dense / Moderate Canopy,True
MOIL-GM-02,-500.0,400.0,21.394793,78.976646,0.028,0.076,0.0576,0.7181,0.2104,0.0865,0.8516,-0.8086,-0.5468,2.054,2.434,1.614,69.6,Medium Potential Zone,Dense / Moderate Canopy,True
MOIL-GM-02,-500.0,500.0,21.395692,78.976646,0.036,0.0804,0.0541,0.5544,0.148,0.0994,0.8222,-0.7466,-0.5785,1.504,1.489,1.754,49.4,Medium Potential Zone,Dense / Moderate Canopy,True
MOIL-GM-02,-500.0,600.0,21.39659,78.976646,0.0286,0.0995,0.0474,0.5316,0.1821,0.1158,0.8364,-0.6847,-0.4897,1.654,1.573,2.443,51.4,Medium Potential Zone,Dense / Moderate Canopy,True
MOIL-GM-02,-500.0,700.0,21.397488,78.976646,0.1256,0.1389,0.2243,0.296,0.3872,0.3397,0.1378,-0.3613,0.1335,1.786,1.14,1.927,66.9,Medium Potential Zone,Barren Soil & Country Rock,True
MOIL-GM-02,-500.0,800.0,21.398386,78.976646,0.1033,0.1578,0.2072,0.2981,0.2866,0.3046,0.1797,-0.3075,-0.0197,2.006,0.941,1.723,64.8,Medium Potential Zone,Barren Soil & Country Rock,True
MOIL-GM-02,-500.0,900.0,21.399285,78.976646,0.0218,0.0877,0.0398,0.6664,0.125,0.0602,0.8873,-0.7674,-0.6842,1.823,2.075,2.391,58.1,Medium Potential Zone,Dense / Moderate Canopy,True
MOIL-GM-02,-500.0,1000.0,21.400183,78.976646,0.0839,0.156,0.2295,0.2711,0.3095,0.2613,0.0831,-0.2695,0.0661,2.735,1.185,1.821,79.0,High Potential Exploration Zone,Barren Soil & Country Rock,True
MOIL-GM-02,-500.0,1100.0,21.401081,78.976646,0.1071,0.1452,0.2137,0.254,0.3728,0.2856,0.0862,-0.2724,0.1896,1.995,1.305,2.147,71.9,Medium Potential Zone,Barren Soil & Country Rock,True
MOIL-GM-02,-500.0,1200.0,21.40198,78.976646,0.1352,0.1307,0.1961,0.3148,0.3146,0.2227,0.2322,-0.4133,-0.0002,1.451,1.413,1.666,62.7,Medium Potential Zone,Barren Soil & Country Rock,True
MOIL-GM-02,-400.0,-1200.0,21.38042,78.977617,0.0596,0.0712,0.1782,0.2217,0.3116,0.251,0.1088,-0.5139,0.1685,2.99,1.242,1.805,92.8,High Potential Exploration Zone,Manganese Gossan / Alteration Outcrop,True
MOIL-GM-02,-400.0,-1100.0,21.381319,78.977617,0.0666,0.101,0.1888,0.2376,0.3039,0.1855,0.1145,-0.4033,0.1224,2.833,1.638,1.814,98.0,High Potential Exploration Zone,Manganese Gossan / Alteration Outcrop,True
MOIL-GM-02,-400.0,-1000.0,21.382217,78.977617,0.0558,0.102,0.1333,0.2136,0.315,0.2791,0.2314,-0.3536,0.1918,2.391,1.129,2.24,84.3,High Potential Exploration Zone,Manganese Gossan / Alteration Outcrop,True
MOIL-GM-02,-400.0,-900.0,21.383115,78.977617,0.0692,0.093,0.2087,0.2308,0.2939,0.2821,0.0504,-0.4255,0.1202,3.014,1.042,1.719,97.9,High Potential Exploration Zone,Manganese Gossan / Alteration Outcrop,True
MOIL-GM-02,-400.0,-800.0,21.384014,78.977617,0.0422,0.0981,0.1537,0.1887,0.357,0.2501,0.1025,-0.3159,0.3083,3.642,1.428,2.53,98.0,High Potential Exploration Zone,Manganese Gossan / Alteration Outcrop,True
MOIL-GM-02,-400.0,-700.0,21.384912,78.977617,0.0583,0.0682,0.2139,0.1732,0.2542,0.2421,-0.1051,-0.4351,0.1893,3.669,1.05,1.786,98.0,High Potential Exploration Zone,Manganese Gossan / Alteration Outcrop,True
MOIL-GM-02,-400.0,-600.0,21.38581,78.977617,0.0563,0.0895,0.1434,0.1779,0.3762,0.283,0.1075,-0.3304,0.3579,2.548,1.329,2.739,98.0,High Potential Exploration Zone,Manganese Gossan / Alteration Outcrop,True
MOIL-GM-02,-400.0,-500.0,21.386708,78.977617,0.0746,0.099,0.1357,0.1867,0.3419,0.2088,0.1583,-0.3071,0.2936,1.819,1.638,2.561,90.2,High Potential Exploration Zone,Manganese Gossan / Alteration Outcrop,True
MOIL-GM-02,-400.0,-400.0,21.387607,78.977617,0.0413,0.0809,0.1625,0.1465,0.2849,0.2809,-0.0518,-0.2885,0.3208,3.933,1.014,2.442,98.0,High Potential Exploration Zone,Manganese Gossan / Alteration Outcrop,True
MOIL-GM-02,-400.0,-300.0,21.388505,78.977617,0.05,0.0885,0.1688,0.2262,0.3315,0.1974,0.1454,-0.4378,0.1888,3.375,1.679,1.989,98.0,High Potential Exploration Zone,Manganese Gossan / Alteration Outcrop,True
MOIL-GM-02,-400.0,-200.0,21.389403,78.977617,0.0457,0.0879,0.1246,0.1794,0.2959,0.2016,0.18,-0.3423,0.2452,2.727,1.468,2.355,91.3,High Potential Exploration Zone,Manganese Gossan / Alteration Outcrop,True
MOIL-GM-02,-400.0,-100.0,21.390302,78.977617,0.052,0.0765,0.1212,0.2206,0.374,0.2118,0.2909,-0.485,0.2581,2.328,1.766,2.327,86.3,High Potential Exploration Zone,Manganese Gossan / Alteration Outcrop,True
MOIL-GM-02,-400.0,0.0,21.3912,78.977617,0.1372,0.1644,0.2313,0.2561,0.3478,0.3316,0.0509,-0.218,0.1518,1.686,1.049,2.069,74.0,Medium Potential Zone,Barren Soil & Country Rock,True
MOIL-GM-02,-400.0,100.0,21.392098,78.977617,0.0402,0.0993,0.0635,0.7133,0.1535,0.0673,0.8365,-0.7555,-0.6458,1.581,2.28,1.78,66.4,Medium Potential Zone,Dense / Moderate Canopy,True
MOIL-GM-02,-400.0,200.0,21.392997,78.977617,0.1314,0.1376,0.164,0.3065,0.3514,0.3206,0.303,-0.3805,0.0682,1.248,1.096,1.985,59.8,Medium Potential Zone,Barren Soil & Country Rock,True
MOIL-GM-02,-400.0,300.0,21.393895,78.977617,0.0294,0.0591,0.0475,0.4572,0.1802,0.0799,0.8118,-0.7711,-0.4344,1.615,2.255,1.639,65.1,Medium Potential Zone,Dense / Moderate Canopy,True
MOIL-GM-02,-400.0,400.0,21.394793,78.977617,0.1118,0.1681,0.238,0.2727,0.2981,0.3173,0.068,-0.2375,0.0445,2.128,0.94,1.799,72.8,Medium Potential Zone,Barren Soil & Country Rock,True
MOIL-GM-02,-400.0,500.0,21.395692,78.977617,0.0486,0.0875,0.0443,0.71,0.1738,0.0511,0.8826,-0.7806,-0.6066,0.911,3.401,2.22,70.6,Medium Potential Zone,Dense / Moderate Canopy,True
MOIL-GM-02,-400.0,600.0,21.39659,78.977617,0.0201,0.1016,0.0526,0.4796,0.2013,0.0876,0.8022,-0.6503,-0.4088,2.623,2.299,2.351,75.4,High Potential Exploration Zone,Dense / Moderate Canopy,True
MOIL-GM-02,-400.0,700.0,21.397488,78.977617,0.0896,0.1693,0.1884,0.3021,0.2897,0.2493,0.2317,-0.2817,-0.0209,2.103,1.162,1.858,68.9,Medium Potential Zone,Barren Soil & Country Rock,True
MOIL-GM-02,-400.0,800.0,21.398386,78.977617,0.0393,0.0715,0.0674,0.507,0.205,0.0987,0.7652,-0.7529,-0.4242,1.718,2.077,1.464,61.7,Medium Potential Zone,Dense / Moderate Canopy,True
MOIL-GM-02,-400.0,900.0,21.399285,78.977617,0.1133,0.1758,0.2095,0.2729,0.3313,0.3147,0.1314,-0.2164,0.0967,1.849,1.053,2.053,66.4,Medium Potential Zone,Barren Soil & Country Rock,True
MOIL-GM-02,-400.0,1000.0,21.400183,78.977617,0.0426,0.1008,0.0377,0.6752,0.1241,0.103,0.8942,-0.7403,-0.6895,0.885,1.204,2.857,34.4,Low Potential / Barren,Dense / Moderate Canopy,True
MOIL-GM-02,-400.0,1100.0,21.401081,78.977617,0.1092,0.1617,0.2207,0.3088,0.3196,0.2469,0.1663,-0.3126,0.0171,2.021,1.294,1.767,70.2,Medium Potential Zone,Barren Soil & Country Rock,True
MOIL-GM-02,-400.0,1200.0,21.40198,78.977617,0.0262,0.0966,0.0681,0.6921,0.1643,0.0946,0.8208,-0.7551,-0.6162,2.597,1.737,1.656,63.4,Medium Potential Zone,Dense / Moderate Canopy,True
MOIL-GM-02,-300.0,-1200.0,21.38042,78.978587,0.0304,0.0601,0.0621,0.4744,0.181,0.0916,0.7684,-0.7751,-0.4478,2.044,1.975,1.349,70.6,Medium Potential Zone,Dense / Moderate Canopy,True
MOIL-GM-02,-300.0,-1100.0,21.381319,78.978587,0.0534,0.0668,0.2,0.1862,0.3415,0.1818,-0.0357,-0.4721,0.2944,3.745,1.879,2.168,98.0,High Potential Exploration Zone,Manganese Gossan / Alteration Outcrop,True
MOIL-GM-02,-300.0,-1000.0,21.382217,78.978587,0.043,0.0688,0.1314,0.1592,0.3361,0.1852,0.0956,-0.3965,0.3572,3.057,1.815,2.635,98.0,High Potential Exploration Zone,Manganese Gossan / Alteration Outcrop,True
MOIL-GM-02,-300.0,-900.0,21.383115,78.978587,0.0415,0.0616,0.1898,0.1936,0.2918,0.2543,0.01,-0.5174,0.2023,4.571,1.148,1.832,98.0,High Potential Exploration Zone,Manganese Gossan / Alteration Outcrop,True
MOIL-GM-02,-300.0,-800.0,21.384014,78.978587,0.0621,0.0604,0.2039,0.175,0.2959,0.2661,-0.0761,-0.4871,0.2568,3.28,1.112,1.987,98.0,High Potential Exploration Zone,Manganese Gossan / Alteration Outcrop,True
MOIL-GM-02,-300.0,-700.0,21.384912,78.978587,0.0475,0.0605,0.2109,0.1905,0.2889,0.2701,-0.0507,-0.518,0.2052,4.441,1.07,1.803,98.0,High Potential Exploration Zone,Manganese Gossan / Alteration Outcrop,True
MOIL-GM-02,-300.0,-600.0,21.38581,78.978587,0.0411,0.0701,0.1355,0.2138,0.2837,0.265,0.224,-0.5061,0.1405,3.301,1.07,1.844,98.0,High Potential Exploration Zone,Manganese Gossan / Alteration Outcrop,True
MOIL-GM-02,-300.0,-500.0,21.386708,78.978587,0.0417,0.0904,0.1518,0.1587,0.3543,0.2253,0.0221,-0.2741,0.3814,3.644,1.572,2.828,98.0,High Potential Exploration Zone,Manganese Gossan / Alteration Outcrop,True
MOIL-GM-02,-300.0,-400.0,21.387607,78.978587,0.0629,0.0617,0.1992,0.1687,0.3371,0.2637,-0.0828,-0.4647,0.3329,3.168,1.278,2.308,98.0,High Potential Exploration Zone,Manganese Gossan / Alteration Outcrop,True
MOIL-GM-02,-300.0,-300.0,21.388505,78.978587,0.0447,0.0748,0.1923,0.1632,0.3587,0.2143,-0.0819,-0.3715,0.3746,4.304,1.674,2.587,98.0,High Potential Exploration Zone,Manganese Gossan / Alteration Outcrop,True
MOIL-GM-02,-300.0,-200.0,21.389403,78.978587,0.0561,0.065,0.1348,0.1675,0.2468,0.2012,0.1084,-0.441,0.1914,2.403,1.227,1.956,89.4,High Potential Exploration Zone,Manganese Gossan / Alteration Outcrop,True
MOIL-GM-02,-300.0,-100.0,21.390302,78.978587,0.0564,0.079,0.1399,0.148,0.2845,0.262,0.0284,-0.3041,0.3155,2.482,1.086,2.487,88.6,High Potential Exploration Zone,Manganese Gossan / Alteration Outcrop,True
MOIL-GM-02,-300.0,0.0,21.3912,78.978587,0.0604,0.1073,0.134,0.1607,0.2792,0.1814,0.0907,-0.1992,0.2694,2.218,1.539,2.538,88.8,High Potential Exploration Zone,Manganese Gossan / Alteration Outcrop,True
MOIL-GM-02,-300.0,100.0,21.392098,78.978587,0.0777,0.0823,0.1682,0.1558,0.3622,0.2562,-0.0382,-0.3088,0.3985,2.163,1.414,2.814,87.5,High Potential Exploration Zone,Manganese Gossan / Alteration Outcrop,True
MOIL-GM-02,-300.0,200.0,21.392997,78.978587,0.0463,0.1134,0.032,0.4822,0.1228,0.0907,0.8756,-0.6193,-0.5942,0.69,1.353,3.8,42.1,Low Potential / Barren,Dense / Moderate Canopy,True
MOIL-GM-02,-300.0,300.0,21.393895,78.978587,0.1307,0.148,0.227,0.2756,0.3915,0.2646,0.0966,-0.3013,0.1738,1.737,1.479,2.072,78.1,High Potential Exploration Zone,Barren Soil & Country Rock,True
MOIL-GM-02,-300.0,400.0,21.394793,78.978587,0.04,0.0917,0.0441,0.703,0.1538,0.1085,0.882,-0.7693,-0.6411,1.102,1.417,2.298,45.3,Medium Potential Zone,Dense / Moderate Canopy,True
MOIL-GM-02,-300.0,500.0,21.395692,78.978587,0.043,0.1138,0.0486,0.5921,0.153,0.0538,0.8482,-0.6775,-0.5892,1.13,2.843,2.6,67.1,Medium Potential Zone,Dense / Moderate Canopy,True
MOIL-GM-02,-300.0,600.0,21.39659,78.978587,0.0236,0.0748,0.044,0.4908,0.1867,0.0622,0.8355,-0.7355,-0.4489,1.864,3.0,2.081,77.4,High Potential Exploration Zone,Dense / Moderate Canopy,True
MOIL-GM-02,-300.0,700.0,21.397488,78.978587,0.0275,0.0701,0.0437,0.4912,0.1634,0.0556,0.8364,-0.7502,-0.5007,1.592,2.938,1.935,72.6,Medium Potential Zone,Dense / Moderate Canopy,True
MOIL-GM-02,-300.0,800.0,21.398386,78.978587,0.0302,0.0737,0.0564,0.6576,0.1556,0.0683,0.842,-0.7985,-0.6173,1.869,2.277,1.542,65.1,Medium Potential Zone,Dense / Moderate Canopy,True
MOIL-GM-02,-300.0,900.0,21.399285,78.978587,0.0436,0.0951,0.0315,0.5796,0.2191,0.0747,0.8968,-0.718,-0.4514,0.722,2.932,3.396,59.6,Medium Potential Zone,Dense / Moderate Canopy,True
MOIL-GM-02,-300.0,1000.0,21.400183,78.978587,0.0286,0.0848,0.0364,0.5167,0.1912,0.0597,0.8683,-0.7179,-0.4599,1.273,3.203,2.698,70.3,Medium Potential Zone,Dense / Moderate Canopy,True
MOIL-GM-02,-300.0,1100.0,21.401081,78.978587,0.0292,0.0903,0.0429,0.5791,0.2104,0.0548,0.8621,-0.7303,-0.467,1.466,3.839,2.468,81.8,High Potential Exploration Zone,Dense / Moderate Canopy,True
MOIL-GM-02,-300.0,1200.0,21.40198,78.978587,0.0367,0.0966,0.0322,0.6556,0.1328,0.1175,0.9063,-0.7433,-0.6632,0.878,1.13,3.198,32.7,Low Potential / Barren,Dense / Moderate Canopy,True
MOIL-GM-02,-200.0,-1200.0,21.38042,78.979558,0.0348,0.1147,0.0368,0.7177,0.1917,0.0569,0.9026,-0.7244,-0.5785,1.057,3.37,3.387,74.1,Medium Potential Zone,Dense / Moderate Canopy,True
MOIL-GM-02,-200.0,-1100.0,21.381319,78.979558,0.0413,0.0929,0.047,0.517,0.1438,0.1149,0.8335,-0.6953,-0.5647,1.136,1.252,2.257,46.5,Medium Potential Zone,Dense / Moderate Canopy,True
MOIL-GM-02,-200.0,-1000.0,21.382217,78.979558,0.1377,0.1326,0.1907,0.2212,0.4064,0.2325,0.074,-0.2504,0.2951,1.385,1.748,2.532,80.9,High Potential Exploration Zone,Barren Soil & Country Rock,True
MOIL-GM-02,-200.0,-900.0,21.383115,78.979558,0.0543,0.1021,0.1992,0.2242,0.368,0.2802,0.059,-0.374,0.2429,3.669,1.313,2.154,98.0,High Potential Exploration Zone,Manganese Gossan / Alteration Outcrop,True
MOIL-GM-02,-200.0,-800.0,21.384014,78.979558,0.0708,0.0891,0.1762,0.1413,0.3412,0.2049,-0.1098,-0.2264,0.4143,2.487,1.665,2.92,97.6,High Potential Exploration Zone,Manganese Gossan / Alteration Outcrop,True
MOIL-GM-02,-200.0,-700.0,21.384912,78.979558,0.0731,0.0877,0.2187,0.161,0.3413,0.2402,-0.1519,-0.2949,0.3589,2.99,1.421,2.52,98.0,High Potential Exploration Zone,Manganese Gossan / Alteration Outcrop,True
MOIL-GM-02,-200.0,-600.0,21.38581,78.979558,0.0773,0.0733,0.1259,0.1944,0.313,0.2143,0.2137,-0.4523,0.2338,1.63,1.461,2.192,82.3,High Potential Exploration Zone,Manganese Gossan / Alteration Outcrop,True
MOIL-GM-02,-200.0,-500.0,21.386708,78.979558,0.0795,0.0635,0.177,0.166,0.2403,0.2887,-0.0319,-0.4468,0.1827,2.227,0.832,1.806,88.6,High Potential Exploration Zone,Manganese Gossan / Alteration Outcrop,True
MOIL-GM-02,-200.0,-400.0,21.387607,78.979558,0.0593,0.1029,0.204,0.2212,0.3043,0.2786,0.0405,-0.3652,0.158,3.442,1.092,1.88,98.0,High Potential Exploration Zone,Manganese Gossan / Alteration Outcrop,True
MOIL-GM-02,-200.0,-300.0,21.388505,78.979558,0.0547,0.0804,0.1456,0.1848,0.3781,0.2431,0.1188,-0.3936,0.3434,2.662,1.556,2.598,98.0,High Potential Exploration Zone,Manganese Gossan / Alteration Outcrop,True
MOIL-GM-02,-200.0,-200.0,21.389403,78.979558,0.0732,0.0732,0.2156,0.1413,0.3702,0.2788,-0.2081,-0.3177,0.4475,2.943,1.328,2.959,98.0,High Potential Exploration Zone,Manganese Gossan / Alteration Outcrop,True
MOIL-GM-02,-200.0,-100.0,21.390302,78.979558,0.0427,0.0902,0.1985,0.1804,0.2529,0.2712,-0.0479,-0.3331,0.1673,4.65,0.932,1.856,98.0,High Potential Exploration Zone,Manganese Gossan / Alteration Outcrop,True
MOIL-GM-02,-200.0,0.0,21.3912,78.979558,0.0587,0.0732,0.1271,0.204,0.2459,0.267,0.2323,-0.4721,0.0931,2.166,0.921,1.781,77.8,High Potential Exploration Zone,Manganese Gossan / Alteration Outcrop,True
MOIL-GM-02,-200.0,100.0,21.392098,78.979558,0.0708,0.0761,0.1672,0.2069,0.3743,0.2372,0.1061,-0.462,0.2879,2.361,1.578,2.264,91.8,High Potential Exploration Zone,Manganese Gossan / Alteration Outcrop,True
MOIL-GM-02,-200.0,200.0,21.392997,78.979558,0.0799,0.0763,0.1726,0.1516,0.3179,0.239,-0.065,-0.3306,0.3543,2.162,1.33,2.539,87.3,High Potential Exploration Zone,Manganese Gossan / Alteration Outcrop,True
MOIL-GM-02,-200.0,300.0,21.393895,78.979558,0.0499,0.119,0.0395,0.5414,0.1475,0.064,0.8642,-0.6395,-0.5718,0.791,2.305,3.29,58.8,Medium Potential Zone,Dense / Moderate Canopy,True
MOIL-GM-02,-200.0,400.0,21.394793,78.979558,0.1107,0.1723,0.2072,0.3073,0.4143,0.266,0.1945,-0.2813,0.1484,1.872,1.558,2.18,78.8,High Potential Exploration Zone,Barren Soil & Country Rock,True
MOIL-GM-02,-200.0,500.0,21.395692,78.979558,0.0216,0.0837,0.0447,0.5053,0.1638,0.0811,0.8374,-0.7159,-0.5103,2.074,2.021,2.195,67.6,Medium Potential Zone,Dense / Moderate Canopy,True
MOIL-GM-02,-200.0,600.0,21.39659,78.979558,0.0461,0.096,0.0553,0.4797,0.1775,0.0692,0.7932,-0.6666,-0.4598,1.201,2.565,2.105,66.1,Medium Potential Zone,Dense / Moderate Canopy,True
MOIL-GM-02,-200.0,700.0,21.397488,78.979558,0.0857,0.1582,0.2067,0.242,0.3168,0.3128,0.0787,-0.2096,0.1338,2.412,1.013,2.074,77.2,High Potential Exploration Zone,Barren Soil & Country Rock,True
MOIL-GM-02,-200.0,800.0,21.398386,78.979558,0.0348,0.0604,0.0322,0.5233,0.1931,0.0921,0.884,-0.793,-0.4609,0.926,2.098,2.244,51.5,Medium Potential Zone,Dense / Moderate Canopy,True
MOIL-GM-02,-200.0,900.0,21.399285,78.979558,0.0342,0.1028,0.0492,0.4727,0.128,0.1082,0.8113,-0.6427,-0.5739,1.442,1.183,2.359,45.1,Medium Potential Zone,Dense / Moderate Canopy,True
MOIL-GM-02,-200.0,1000.0,21.400183,78.979558,0.0284,0.103,0.0354,0.6242,0.2189,0.0605,0.8926,-0.7167,-0.4807,1.249,3.619,3.258,76.4,High Potential Exploration Zone,Dense / Moderate Canopy,True
MOIL-GM-02,-200.0,1100.0,21.401081,78.979558,0.1081,0.1586,0.1621,0.27,0.2916,0.249,0.2496,-0.26,0.0386,1.5,1.171,2.058,61.3,Medium Potential Zone,Barren Soil & Country Rock,True
MOIL-GM-02,-200.0,1200.0,21.40198,78.979558,0.0422,0.1011,0.0326,0.6624,0.1632,0.0833,0.9062,-0.7352,-0.6046,0.773,1.96,3.346,44.7,Low Potential / Barren,Dense / Moderate Canopy,True
MOIL-GM-02,-100.0,-1200.0,21.38042,78.980529,0.0457,0.0976,0.05,0.6753,0.2005,0.0504,0.8621,-0.7474,-0.542,1.094,3.983,2.249,83.3,High Potential Exploration Zone,Dense / Moderate Canopy,True
MOIL-GM-02,-100.0,-1100.0,21.381319,78.980529,0.0213,0.0715,0.0622,0.7049,0.1442,0.0515,0.8379,-0.8158,-0.6603,2.922,2.8,1.355,88.1,High Potential Exploration Zone,Dense / Moderate Canopy,True
MOIL-GM-02,-100.0,-1000.0,21.382217,78.980529,0.0301,0.0974,0.0498,0.5577,0.143,0.108,0.836,-0.7027,-0.5919,1.657,1.324,2.212,52.6,Medium Potential Zone,Dense / Moderate Canopy,True
MOIL-GM-02,-100.0,-900.0,21.383115,78.980529,0.0833,0.1539,0.1854,0.2912,0.2913,0.336,0.2221,-0.3086,0.0001,2.226,0.867,1.83,71.9,Medium Potential Zone,Barren Soil & Country Rock,True
MOIL-GM-02,-100.0,-800.0,21.384014,78.980529,0.0475,0.0779,0.1681,0.229,0.3412,0.1959,0.1534,-0.4926,0.1967,3.541,1.741,1.953,98.0,High Potential Exploration Zone,Manganese Gossan / Alteration Outcrop,True
MOIL-GM-02,-100.0,-700.0,21.384912,78.980529,0.0575,0.0871,0.1902,0.1972,0.304,0.2642,0.018,-0.387,0.2132,3.305,1.151,2.0,97.4,High Potential Exploration Zone,Manganese Gossan / Alteration Outcrop,True
MOIL-GM-02,-100.0,-600.0,21.38581,78.980529,0.0551,0.1094,0.2148,0.2107,0.3636,0.2232,-0.0095,-0.3167,0.2661,3.896,1.629,2.234,98.0,High Potential Exploration Zone,Manganese Gossan / Alteration Outcrop,True
MOIL-GM-02,-100.0,-500.0,21.386708,78.980529,0.0633,0.0736,0.2086,0.1871,0.3151,0.2751,-0.0542,-0.4352,0.2548,3.297,1.145,2.037,98.0,High Potential Exploration Zone,Manganese Gossan / Alteration Outcrop,True
MOIL-GM-02,-100.0,-400.0,21.387607,78.980529,0.0719,0.0761,0.1287,0.1562,0.2875,0.2136,0.0964,-0.3449,0.2959,1.791,1.346,2.431,86.6,High Potential Exploration Zone,Manganese Gossan / Alteration Outcrop,True
MOIL-GM-02,-100.0,-300.0,21.388505,78.980529,0.0415,0.0816,0.1306,0.1621,0.3502,0.2344,0.1076,-0.3303,0.3673,3.144,1.494,2.786,98.0,High Potential Exploration Zone,Manganese Gossan / Alteration Outcrop,True
MOIL-GM-02,-100.0,-200.0,21.389403,78.980529,0.0549,0.0693,0.2066,0.2304,0.3126,0.2813,0.0543,-0.5376,0.1515,3.762,1.111,1.692,98.0,High Potential Exploration Zone,Manganese Gossan / Alteration Outcrop,True
MOIL-GM-02,-100.0,-100.0,21.390302,78.980529,0.0586,0.0654,0.1217,0.1528,0.3272,0.2153,0.1134,-0.4009,0.3632,2.077,1.52,2.678,95.9,High Potential Exploration Zone,Manganese Gossan / Alteration Outcrop,True
MOIL-GM-02,-100.0,0.0,21.3912,78.980529,0.0659,0.0854,0.1533,0.1619,0.2513,0.2661,0.0272,-0.3093,0.2165,2.325,0.945,2.11,90.1,High Potential Exploration Zone,Manganese Gossan / Alteration Outcrop,True
MOIL-GM-02,-100.0,100.0,21.392098,78.980529,0.0728,0.0871,0.1357,0.1664,0.3737,0.2049,0.1014,-0.3128,0.384,1.865,1.824,2.888,93.4,High Potential Exploration Zone,Manganese Gossan / Alteration Outcrop,True
MOIL-GM-02,-100.0,200.0,21.392997,78.980529,0.0423,0.0875,0.1462,0.2357,0.3205,0.2862,0.2345,-0.4586,0.1523,3.458,1.12,1.958,95.0,High Potential Exploration Zone,Manganese Gossan / Alteration Outcrop,True
MOIL-GM-02,-100.0,300.0,21.393895,78.980529,0.0714,0.0962,0.203,0.2005,0.2416,0.2232,-0.0063,-0.3517,0.0929,2.843,1.082,1.678,92.6,High Potential Exploration Zone,Manganese Gossan / Alteration Outcrop,True
MOIL-GM-02,-100.0,400.0,21.394793,78.980529,0.0488,0.0817,0.1671,0.1528,0.2433,0.1952,-0.0446,-0.3031,0.2285,3.426,1.246,2.081,98.0,High Potential Exploration Zone,Manganese Gossan / Alteration Outcrop,True
MOIL-GM-02,-100.0,500.0,21.395692,78.980529,0.0427,0.1059,0.0411,0.5137,0.1237,0.0831,0.852,-0.6581,-0.6118,0.962,1.49,2.821,48.6,Medium Potential Zone,Dense / Moderate Canopy,True
MOIL-GM-02,-100.0,600.0,21.39659,78.980529,0.1302,0.1609,0.1715,0.3187,0.3879,0.3064,0.3002,-0.329,0.0979,1.318,1.266,2.155,64.6,Medium Potential Zone,Barren Soil & Country Rock,True
MOIL-GM-02,-100.0,700.0,21.397488,78.980529,0.1343,0.1484,0.1838,0.2855,0.3096,0.3289,0.2166,-0.3158,0.0406,1.369,0.941,1.892,61.7,Medium Potential Zone,Barren Soil & Country Rock,True
MOIL-GM-02,-100.0,800.0,21.398386,78.980529,0.0339,0.0633,0.0499,0.4903,0.147,0.0838,0.8154,-0.7712,-0.5387,1.469,1.754,1.57,56.0,Medium Potential Zone,Dense / Moderate Canopy,True
MOIL-GM-02,-100.0,900.0,21.399285,78.980529,0.1259,0.1318,0.2293,0.2222,0.3545,0.3132,-0.0157,-0.2554,0.2294,1.821,1.132,2.17,74.3,Medium Potential Zone,Barren Soil & Country Rock,True
MOIL-GM-02,-100.0,1000.0,21.400183,78.980529,0.1225,0.1633,0.211,0.2564,0.3899,0.2954,0.0971,-0.222,0.2065,1.723,1.32,2.294,72.3,Medium Potential Zone,Barren Soil & Country Rock,True
MOIL-GM-02,-100.0,1100.0,21.401081,78.980529,0.0446,0.0671,0.0393,0.5543,0.1273,0.0736,0.8676,-0.784,-0.6265,0.882,1.729,1.938,45.1,Medium Potential Zone,Dense / Moderate Canopy,True
MOIL-GM-02,-100.0,1200.0,21.40198,78.980529,0.0349,0.0678,0.0663,0.527,0.2052,0.0811,0.7766,-0.7721,-0.4396,1.902,2.528,1.412,70.9,Medium Potential Zone,Dense / Moderate Canopy,True
MOIL-GM-02,0.0,-1200.0,21.38042,78.9815,0.0233,0.0881,0.0684,0.6299,0.202,0.0683,0.804,-0.7545,-0.5143,2.934,2.959,1.608,89.4,High Potential Exploration Zone,Dense / Moderate Canopy,True
MOIL-GM-02,0.0,-1100.0,21.381319,78.9815,0.0305,0.084,0.0375,0.5811,0.1716,0.0936,0.8787,-0.7475,-0.5441,1.229,1.834,2.533,51.5,Medium Potential Zone,Dense / Moderate Canopy,True
MOIL-GM-02,0.0,-1000.0,21.382217,78.9815,0.0291,0.1189,0.0639,0.5588,0.1427,0.055,0.7947,-0.6491,-0.5932,2.193,2.594,2.116,77.3,High Potential Exploration Zone,Dense / Moderate Canopy,True
MOIL-GM-02,0.0,-900.0,21.383115,78.9815,0.1331,0.1375,0.171,0.2223,0.3217,0.2459,0.1303,-0.2355,0.1828,1.285,1.308,2.251,68.5,Medium Potential Zone,Barren Soil & Country Rock,True
MOIL-GM-02,0.0,-800.0,21.384014,78.9815,0.1371,0.1361,0.1605,0.3144,0.361,0.2299,0.3241,-0.396,0.0689,1.171,1.57,1.996,66.4,Medium Potential Zone,Barren Soil & Country Rock,True
MOIL-GM-02,0.0,-700.0,21.384912,78.9815,0.0865,0.1555,0.1649,0.2768,0.3714,0.2377,0.2532,-0.2806,0.1459,1.908,1.562,2.284,78.1,High Potential Exploration Zone,Barren Soil & Country Rock,True
MOIL-GM-02,0.0,-600.0,21.38581,78.9815,0.0595,0.1082,0.2036,0.2123,0.3125,0.2234,0.0209,-0.3249,0.1908,3.421,1.399,2.003,98.0,High Potential Exploration Zone,Manganese Gossan / Alteration Outcrop,True
MOIL-GM-02,0.0,-500.0,21.386708,78.9815,0.0581,0.0982,0.1754,0.2165,0.3758,0.2505,0.1047,-0.3757,0.269,3.022,1.5,2.296,97.3,High Potential Exploration Zone,Manganese Gossan / Alteration Outcrop,True
MOIL-GM-02,0.0,-400.0,21.387607,78.9815,0.0641,0.0803,0.1397,0.1774,0.3128,0.1838,0.119,-0.3768,0.2762,2.178,1.702,2.338,92.0,High Potential Exploration Zone,Manganese Gossan / Alteration Outcrop,True
MOIL-GM-02,0.0,-300.0,21.388505,78.9815,0.059,0.1031,0.2177,0.2256,0.2641,0.1971,0.0178,-0.3726,0.0787,3.687,1.34,1.644,98.0,High Potential Exploration Zone,Manganese Gossan / Alteration Outcrop,True
MOIL-GM-02,0.0,-200.0,21.389403,78.9815,0.0557,0.0713,0.1876,0.1485,0.3021,0.2108,-0.1165,-0.3513,0.341,3.366,1.433,2.415,98.0,High Potential Exploration Zone,Manganese Gossan / Alteration Outcrop,True
MOIL-GM-02,0.0,-100.0,21.390302,78.9815,0.0638,0.0999,0.2124,0.2364,0.2892,0.2741,0.0535,-0.4061,0.1004,3.328,1.055,1.694,98.0,High Potential Exploration Zone,Manganese Gossan / Alteration Outcrop,True
MOIL-GM-02,0.0,0.0,21.3912,78.9815,0.0637,0.0946,0.2051,0.153,0.3726,0.2402,-0.1455,-0.2358,0.4178,3.221,1.551,2.897,98.0,High Potential Exploration Zone,Manganese Gossan / Alteration Outcrop,True
MOIL-GM-02,0.0,100.0,21.392098,78.9815,0.0534,0.0769,0.1951,0.2079,0.3421,0.2078,0.0317,-0.4597,0.2441,3.651,1.646,2.04,98.0,High Potential Exploration Zone,Manganese Gossan / Alteration Outcrop,True
MOIL-GM-02,0.0,200.0,21.392997,78.9815,0.0468,0.0961,0.1498,0.1622,0.27,0.1963,0.0397,-0.2561,0.2494,3.201,1.376,2.306,98.0,High Potential Exploration Zone,Manganese Gossan / Alteration Outcrop,True
MOIL-GM-02,0.0,300.0,21.393895,78.9815,0.0571,0.073,0.2094,0.2089,0.3441,0.2244,-0.0011,-0.4819,0.2445,3.669,1.534,1.996,98.0,High Potential Exploration Zone,Manganese Gossan / Alteration Outcrop,True
MOIL-GM-02,0.0,400.0,21.394793,78.9815,0.064,0.085,0.1367,0.1448,0.3357,0.1933,0.0286,-0.26,0.3973,2.136,1.736,2.94,94.8,High Potential Exploration Zone,Manganese Gossan / Alteration Outcrop,True
MOIL-GM-02,0.0,500.0,21.395692,78.9815,0.0423,0.0821,0.1938,0.2169,0.3623,0.2019,0.0562,-0.4508,0.251,4.582,1.794,2.094,98.0,High Potential Exploration Zone,Manganese Gossan / Alteration Outcrop,True
MOIL-GM-02,0.0,600.0,21.39659,78.9815,0.0794,0.0982,0.1357,0.2241,0.3099,0.1873,0.2456,-0.3907,0.1607,1.709,1.654,2.106,78.8,High Potential Exploration Zone,Manganese Gossan / Alteration Outcrop,True
MOIL-GM-02,0.0,700.0,21.397488,78.9815,0.106,0.1518,0.2358,0.2416,0.3464,0.2471,0.0121,-0.2281,0.1783,2.224,1.402,2.078,86.5,High Potential Exploration Zone,Barren Soil & Country Rock,True
MOIL-GM-02,0.0,800.0,21.398386,78.9815,0.0473,0.0897,0.0504,0.6525,0.1348,0.1134,0.8566,-0.7582,-0.6577,1.066,1.188,1.987,43.5,Low Potential / Barren,Dense / Moderate Canopy,True
MOIL-GM-02,0.0,900.0,21.399285,78.9815,0.0406,0.1073,0.0554,0.6231,0.193,0.0537,0.8367,-0.7061,-0.5271,1.365,3.596,2.247,82.6,High Potential Exploration Zone,Dense / Moderate Canopy,True
MOIL-GM-02,0.0,1000.0,21.400183,78.9815,0.1378,0.1355,0.2034,0.2375,0.3253,0.306,0.0775,-0.2736,0.1559,1.476,1.063,2.035,67.7,Medium Potential Zone,Barren Soil & Country Rock,True
MOIL-GM-02,0.0,1100.0,21.401081,78.9815,0.0324,0.1157,0.061,0.5223,0.1665,0.1115,0.7909,-0.6374,-0.5165,1.881,1.494,2.215,56.5,Medium Potential Zone,Dense / Moderate Canopy,True
MOIL-GM-02,0.0,1200.0,21.40198,78.9815,0.1149,0.1339,0.1651,0.3113,0.3943,0.2422,0.3068,-0.3984,0.1176,1.437,1.628,2.078,67.2,Medium Potential Zone,Barren Soil & Country Rock,True
MOIL-GM-02,100.0,-1200.0,21.38042,78.982471,0.0244,0.0833,0.059,0.5941,0.2051,0.0932,0.8192,-0.754,-0.4868,2.42,2.201,1.757,70.6,Medium Potential Zone,Dense / Moderate Canopy,True
MOIL-GM-02,100.0,-1100.0,21.381319,78.982471,0.0478,0.0525,0.0495,0.6284,0.2036,0.0879,0.8539,-0.8457,-0.5106,1.037,2.317,1.385,56.1,Medium Potential Zone,Dense / Moderate Canopy,True
MOIL-GM-02,100.0,-1000.0,21.382217,78.982471,0.0328,0.0722,0.069,0.6301,0.1626,0.1115,0.8027,-0.7944,-0.5898,2.103,1.458,1.305,57.6,Medium Potential Zone,Dense / Moderate Canopy,True
MOIL-GM-02,100.0,-900.0,21.383115,78.982471,0.0391,0.101,0.0595,0.5831,0.1619,0.1136,0.8147,-0.7047,-0.5653,1.521,1.425,1.974,50.9,Medium Potential Zone,Dense / Moderate Canopy,True
MOIL-GM-02,100.0,-800.0,21.384014,78.982471,0.0265,0.0865,0.0314,0.6453,0.1327,0.0578,0.9073,-0.7636,-0.6589,1.185,2.295,2.963,58.2,Medium Potential Zone,Dense / Moderate Canopy,True
MOIL-GM-02,100.0,-700.0,21.384912,78.982471,0.0432,0.079,0.0396,0.6777,0.2169,0.0856,0.8896,-0.7912,-0.5152,0.917,2.534,2.316,60.2,Medium Potential Zone,Dense / Moderate Canopy,True
MOIL-GM-02,100.0,-600.0,21.38581,78.982471,0.0273,0.0912,0.046,0.6783,0.1577,0.0954,0.8729,-0.7629,-0.6227,1.686,1.653,2.215,57.4,Medium Potential Zone,Dense / Moderate Canopy,True
MOIL-GM-02,100.0,-500.0,21.386708,78.982471,0.0854,0.1224,0.1933,0.2364,0.4191,0.3158,0.1003,-0.3176,0.2788,2.262,1.327,2.407,83.5,High Potential Exploration Zone,Barren Soil & Country Rock,True
MOIL-GM-02,100.0,-400.0,21.387607,78.982471,0.0677,0.1002,0.1463,0.2279,0.3794,0.2119,0.2182,-0.3894,0.2494,2.16,1.791,2.349,87.2,High Potential Exploration Zone,Manganese Gossan / Alteration Outcrop,True
MOIL-GM-02,100.0,-300.0,21.388505,78.982471,0.0794,0.076,0.1212,0.1767,0.3797,0.2499,0.1865,-0.3984,0.3647,1.526,1.519,2.776,78.5,High Potential Exploration Zone,Manganese Gossan / Alteration Outcrop,True
MOIL-GM-02,100.0,-200.0,21.389403,78.982471,0.0678,0.0719,0.1346,0.2286,0.2979,0.1805,0.2587,-0.5213,0.1317,1.985,1.651,1.838,85.4,High Potential Exploration Zone,Manganese Gossan / Alteration Outcrop,True
MOIL-GM-02,100.0,-100.0,21.390302,78.982471,0.0518,0.0698,0.1804,0.2156,0.3096,0.2004,0.089,-0.511,0.179,3.484,1.545,1.823,98.0,High Potential Exploration Zone,Manganese Gossan / Alteration Outcrop,True
MOIL-GM-02,100.0,0.0,21.3912,78.982471,0.0423,0.0757,0.2006,0.182,0.2753,0.1823,-0.0487,-0.4125,0.2042,4.74,1.51,1.89,98.0,High Potential Exploration Zone,Manganese Gossan / Alteration Outcrop,True
MOIL-GM-02,100.0,100.0,21.392098,78.982471,0.0598,0.0942,0.139,0.1937,0.2989,0.2574,0.1643,-0.3455,0.2135,2.323,1.161,2.221,91.9,High Potential Exploration Zone,Manganese Gossan / Alteration Outcrop,True
MOIL-GM-02,100.0,200.0,21.392997,78.982471,0.0744,0.0754,0.2105,0.2107,0.2452,0.267,0.0005,-0.4731,0.0757,2.828,0.918,1.522,98.0,High Potential Exploration Zone,Manganese Gossan / Alteration Outcrop,True
MOIL-GM-02,100.0,300.0,21.393895,78.982471,0.0598,0.1073,0.1524,0.1991,0.3739,0.2098,0.133,-0.2998,0.305,2.549,1.782,2.582,98.0,High Potential Exploration Zone,Manganese Gossan / Alteration Outcrop,True
MOIL-GM-02,100.0,400.0,21.394793,78.982471,0.0589,0.0976,0.1891,0.2239,0.3128,0.2151,0.0842,-0.3927,0.1657,3.212,1.454,1.913,98.0,High Potential Exploration Zone,Manganese Gossan / Alteration Outcrop,True
MOIL-GM-02,100.0,500.0,21.395692,78.982471,0.0614,0.0775,0.1376,0.1955,0.2468,0.184,0.1737,-0.4322,0.1159,2.242,1.341,1.825,87.1,High Potential Exploration Zone,Manganese Gossan / Alteration Outcrop,True
MOIL-GM-02,100.0,600.0,21.39659,78.982471,0.0426,0.0936,0.1607,0.1894,0.2881,0.2079,0.082,-0.3384,0.2066,3.774,1.386,2.104,98.0,High Potential Exploration Zone,Manganese Gossan / Alteration Outcrop,True
MOIL-GM-02,100.0,700.0,21.397488,78.982471,0.0543,0.0697,0.1879,0.1502,0.3124,0.2325,-0.1115,-0.3662,0.3507,3.458,1.344,2.451,98.0,High Potential Exploration Zone,Manganese Gossan / Alteration Outcrop,True
MOIL-GM-02,100.0,800.0,21.398386,78.982471,0.0521,0.0651,0.1903,0.197,0.3533,0.2059,0.0171,-0.5031,0.2842,3.655,1.716,2.136,98.0,High Potential Exploration Zone,Manganese Gossan / Alteration Outcrop,True
MOIL-GM-02,100.0,900.0,21.399285,78.982471,0.0288,0.0579,0.0354,0.5097,0.1882,0.0671,0.8701,-0.796,-0.4606,1.231,2.806,2.005,70.1,Medium Potential Zone,Dense / Moderate Canopy,True
MOIL-GM-02,100.0,1000.0,21.400183,78.982471,0.0277,0.0756,0.0656,0.5851,0.18,0.0632,0.7984,-0.7712,-0.5294,2.368,2.846,1.46,84.7,High Potential Exploration Zone,Dense / Moderate Canopy,True
MOIL-GM-02,100.0,1100.0,21.401081,78.982471,0.1048,0.1713,0.1793,0.2822,0.4021,0.3321,0.223,-0.2444,0.1753,1.711,1.211,2.381,68.9,Medium Potential Zone,Barren Soil & Country Rock,True
MOIL-GM-02,100.0,1200.0,21.40198,78.982471,0.0429,0.0553,0.0649,0.6891,0.1757,0.0547,0.828,-0.8516,-0.5936,1.512,3.211,1.107,77.5,High Potential Exploration Zone,Dense / Moderate Canopy,True
MOIL-GM-02,200.0,-1200.0,21.38042,78.983442,0.0263,0.0809,0.059,0.6302,0.198,0.0834,0.8289,-0.7724,-0.5219,2.24,2.375,1.687,70.0,Medium Potential Zone,Dense / Moderate Canopy,True
MOIL-GM-02,200.0,-1100.0,21.381319,78.983442,0.0481,0.0942,0.0599,0.6294,0.184,0.1139,0.8262,-0.7397,-0.5475,1.246,1.615,1.865,47.8,Medium Potential Zone,Dense / Moderate Canopy,True
MOIL-GM-02,200.0,-1000.0,21.382217,78.983442,0.1057,0.1428,0.2212,0.3068,0.3301,0.2371,0.1622,-0.3649,0.0364,2.094,1.392,1.721,74.6,Medium Potential Zone,Barren Soil & Country Rock,True
MOIL-GM-02,200.0,-900.0,21.383115,78.983442,0.0495,0.0643,0.0481,0.5233,0.2123,0.0886,0.8317,-0.7813,-0.4228,0.971,2.397,1.742,57.4,Medium Potential Zone,Dense / Moderate Canopy,True
MOIL-GM-02,200.0,-800.0,21.384014,78.983442,0.0202,0.0957,0.0423,0.5886,0.1731,0.0915,0.866,-0.7203,-0.5455,2.087,1.893,2.559,62.2,Medium Potential Zone,Dense / Moderate Canopy,True
MOIL-GM-02,200.0,-700.0,21.384912,78.983442,0.029,0.0679,0.0618,0.6441,0.1426,0.0501,0.8248,-0.8092,-0.6375,2.135,2.848,1.32,79.1,High Potential Exploration Zone,Dense / Moderate Canopy,True
MOIL-GM-02,200.0,-600.0,21.38581,78.983442,0.0247,0.117,0.0542,0.6794,0.2006,0.089,0.8523,-0.7062,-0.5442,2.192,2.252,2.455,70.9,Medium Potential Zone,Dense / Moderate Canopy,True
MOIL-GM-02,200.0,-500.0,21.386708,78.983442,0.0349,0.1062,0.0556,0.5055,0.1809,0.0783,0.8018,-0.6528,-0.4729,1.593,2.31,2.268,67.5,Medium Potential Zone,Dense / Moderate Canopy,True
MOIL-GM-02,200.0,-400.0,21.387607,78.983442,0.1029,0.1337,0.2271,0.2305,0.3305,0.3035,0.0075,-0.2659,0.1782,2.207,1.089,2.022,81.2,High Potential Exploration Zone,Barren Soil & Country Rock,True
MOIL-GM-02,200.0,-300.0,21.388505,78.983442,0.0301,0.0925,0.0449,0.5048,0.1526,0.0945,0.8365,-0.6904,-0.5358,1.495,1.614,2.359,57.4,Medium Potential Zone,Dense / Moderate Canopy,True
MOIL-GM-02,200.0,-200.0,21.389403,78.983442,0.0687,0.0785,0.1353,0.154,0.3538,0.2519,0.0647,-0.3244,0.3935,1.97,1.405,2.878,84.3,High Potential Exploration Zone,Manganese Gossan / Alteration Outcrop,True
MOIL-GM-02,200.0,-100.0,21.390302,78.983442,0.0691,0.0844,0.1657,0.1611,0.2636,0.1969,-0.0141,-0.3124,0.2412,2.398,1.338,2.145,91.8,High Potential Exploration Zone,Manganese Gossan / Alteration Outcrop,True
MOIL-GM-02,200.0,0.0,21.3912,78.983442,0.0797,0.101,0.1826,0.1614,0.2873,0.2186,-0.0615,-0.2301,0.2804,2.292,1.314,2.333,92.1,High Potential Exploration Zone,Manganese Gossan / Alteration Outcrop,True
MOIL-GM-02,200.0,100.0,21.392098,78.983442,0.0591,0.0811,0.2134,0.2121,0.2514,0.2196,-0.0031,-0.4468,0.0848,3.611,1.145,1.565,98.0,High Potential Exploration Zone,Manganese Gossan / Alteration Outcrop,True
MOIL-GM-02,200.0,200.0,21.392997,78.983442,0.0453,0.074,0.2159,0.2105,0.2411,0.2162,-0.0126,-0.48,0.0677,4.764,1.115,1.488,98.0,High Potential Exploration Zone,Manganese Gossan / Alteration Outcrop,True
MOIL-GM-02,200.0,300.0,21.393895,78.983442,0.0575,0.0901,0.17,0.147,0.3122,0.1943,-0.0726,-0.2398,0.3598,2.954,1.606,2.654,98.0,High Potential Exploration Zone,Manganese Gossan / Alteration Outcrop,True
MOIL-GM-02,200.0,400.0,21.394793,78.983442,0.0608,0.0723,0.1344,0.1688,0.2539,0.2112,0.1134,-0.4002,0.2014,2.212,1.202,2.042,93.3,High Potential Exploration Zone,Manganese Gossan / Alteration Outcrop,True
MOIL-GM-02,200.0,500.0,21.395692,78.983442,0.0747,0.0754,0.167,0.192,0.265,0.2286,0.0695,-0.4362,0.1597,2.237,1.159,1.831,91.5,High Potential Exploration Zone,Manganese Gossan / Alteration Outcrop,True
MOIL-GM-02,200.0,600.0,21.39659,78.983442,0.0741,0.064,0.2123,0.2271,0.3598,0.2018,0.0337,-0.5602,0.2261,2.864,1.783,1.886,98.0,High Potential Exploration Zone,Manganese Gossan / Alteration Outcrop,True
MOIL-GM-02,200.0,700.0,21.397488,78.983442,0.0594,0.0908,0.13,0.1957,0.3576,0.283,0.2017,-0.3661,0.2927,2.189,1.264,2.526,84.0,High Potential Exploration Zone,Manganese Gossan / Alteration Outcrop,True
MOIL-GM-02,200.0,800.0,21.398386,78.983442,0.0511,0.0744,0.1471,0.1553,0.3003,0.2663,0.0274,-0.3521,0.3181,2.876,1.128,2.439,93.1,High Potential Exploration Zone,Manganese Gossan / Alteration Outcrop,True
MOIL-GM-02,200.0,900.0,21.399285,78.983442,0.0685,0.105,0.1556,0.1972,0.3473,0.2788,0.1181,-0.3051,0.2756,2.272,1.246,2.436,83.6,High Potential Exploration Zone,Manganese Gossan / Alteration Outcrop,True
MOIL-GM-02,200.0,1000.0,21.400183,78.983442,0.034,0.1135,0.0478,0.6938,0.1977,0.0655,0.8712,-0.7188,-0.5565,1.406,3.018,2.661,76.2,High Potential Exploration Zone,Dense / Moderate Canopy,True
MOIL-GM-02,200.0,1100.0,21.401081,78.983442,0.0273,0.1136,0.0546,0.6302,0.1309,0.0546,0.8405,-0.6946,-0.6559,2.002,2.398,2.288,73.4,Medium Potential Zone,Dense / Moderate Canopy,True
MOIL-GM-02,200.0,1200.0,21.40198,78.983442,0.0301,0.1091,0.0582,0.6131,0.1885,0.0563,0.8267,-0.6979,-0.5297,1.932,3.351,2.183,86.2,High Potential Exploration Zone,Dense / Moderate Canopy,True
MOIL-GM-02,300.0,-1200.0,21.38042,78.984413,0.0382,0.1107,0.0586,0.5183,0.2185,0.095,0.7969,-0.6479,-0.4069,1.533,2.3,2.312,61.0,Medium Potential Zone,Dense / Moderate Canopy,True
MOIL-GM-02,300.0,-1100.0,21.381319,78.984413,0.0434,0.0922,0.0584,0.6166,0.1379,0.088,0.827,-0.7399,-0.6345,1.344,1.566,1.802,47.3,Medium Potential Zone,Dense / Moderate Canopy,True
MOIL-GM-02,300.0,-1000.0,21.382217,78.984413,0.1142,0.1275,0.1786,0.3009,0.3367,0.3009,0.2551,-0.4046,0.0563,1.563,1.119,1.833,60.7,Medium Potential Zone,Barren Soil & Country Rock,True
MOIL-GM-02,300.0,-900.0,21.383115,78.984413,0.0302,0.0847,0.0625,0.526,0.1621,0.0642,0.7875,-0.7227,-0.5288,2.07,2.526,1.662,72.2,Medium Potential Zone,Dense / Moderate Canopy,True
MOIL-GM-02,300.0,-800.0,21.384014,78.984413,0.1331,0.1671,0.1899,0.2332,0.3388,0.3126,0.1025,-0.1651,0.1845,1.427,1.084,2.333,64.3,Medium Potential Zone,Barren Soil & Country Rock,True
MOIL-GM-02,300.0,-700.0,21.384912,78.984413,0.1247,0.1608,0.1652,0.2836,0.3218,0.2413,0.2638,-0.2763,0.0632,1.324,1.334,2.108,62.7,Medium Potential Zone,Barren Soil & Country Rock,True
MOIL-GM-02,300.0,-600.0,21.38581,78.984413,0.0923,0.1695,0.2194,0.3181,0.3548,0.2307,0.1837,-0.3048,0.0545,2.376,1.538,1.888,80.9,High Potential Exploration Zone,Barren Soil & Country Rock,True
MOIL-GM-02,300.0,-500.0,21.386708,78.984413,0.1303,0.1438,0.1965,0.2612,0.313,0.2288,0.1415,-0.2898,0.0901,1.507,1.368,1.93,70.5,Medium Potential Zone,Barren Soil & Country Rock,True
MOIL-GM-02,300.0,-400.0,21.387607,78.984413,0.1018,0.1347,0.2058,0.2814,0.3598,0.2302,0.1551,-0.3525,0.1223,2.021,1.563,1.933,79.8,High Potential Exploration Zone,Barren Soil & Country Rock,True
MOIL-GM-02,300.0,-300.0,21.388505,78.984413,0.0315,0.1115,0.051,0.4728,0.1209,0.0992,0.8052,-0.6184,-0.5927,1.618,1.219,2.44,51.6,Medium Potential Zone,Dense / Moderate Canopy,True
MOIL-GM-02,300.0,-200.0,21.389403,78.984413,0.0286,0.0813,0.0329,0.5558,0.1515,0.106,0.8882,-0.7448,-0.5717,1.149,1.429,2.744,48.1,Medium Potential Zone,Dense / Moderate Canopy,True
MOIL-GM-02,300.0,-100.0,21.390302,78.984413,0.047,0.0978,0.17,0.1482,0.3758,0.2608,-0.0687,-0.2048,0.4343,3.618,1.441,3.111,98.0,High Potential Exploration Zone,Manganese Gossan / Alteration Outcrop,True
MOIL-GM-02,300.0,0.0,21.3912,78.984413,0.0504,0.0891,0.21,0.2331,0.3424,0.26,0.0521,-0.4469,0.1899,4.166,1.317,1.893,98.0,High Potential Exploration Zone,Manganese Gossan / Alteration Outcrop,True
MOIL-GM-02,300.0,100.0,21.392098,78.984413,0.0511,0.1095,0.1443,0.1489,0.3768,0.1968,0.0157,-0.1527,0.4334,2.825,1.915,3.289,98.0,High Potential Exploration Zone,Manganese Gossan / Alteration Outcrop,True
MOIL-GM-02,300.0,200.0,21.392997,78.984413,0.0609,0.0834,0.2048,0.1797,0.3103,0.1848,-0.0654,-0.3659,0.2666,3.365,1.679,2.134,98.0,High Potential Exploration Zone,Manganese Gossan / Alteration Outcrop,True
MOIL-GM-02,300.0,300.0,21.393895,78.984413,0.0483,0.1016,0.1678,0.1631,0.2916,0.2114,-0.0143,-0.2321,0.2827,3.474,1.38,2.394,98.0,High Potential Exploration Zone,Manganese Gossan / Alteration Outcrop,True
MOIL-GM-02,300.0,400.0,21.394793,78.984413,0.0622,0.0626,0.1425,0.1755,0.3699,0.2486,0.1038,-0.4743,0.3565,2.289,1.488,2.547,96.9,High Potential Exploration Zone,Manganese Gossan / Alteration Outcrop,True
MOIL-GM-02,300.0,500.0,21.395692,78.984413,0.0602,0.0695,0.1758,0.2329,0.3193,0.1981,0.1398,-0.5401,0.1564,2.921,1.612,1.767,98.0,High Potential Exploration Zone,Manganese Gossan / Alteration Outcrop,True
MOIL-GM-02,300.0,600.0,21.39659,78.984413,0.0799,0.0849,0.152,0.1903,0.2769,0.1833,0.1121,-0.3829,0.1853,1.902,1.51,2.014,93.6,High Potential Exploration Zone,Manganese Gossan / Alteration Outcrop,True
MOIL-GM-02,300.0,700.0,21.397488,78.984413,0.0756,0.0814,0.1953,0.2371,0.3286,0.2561,0.0968,-0.4887,0.1616,2.584,1.283,1.803,95.8,High Potential Exploration Zone,Manganese Gossan / Alteration Outcrop,True
MOIL-GM-02,300.0,800.0,21.398386,78.984413,0.0777,0.0858,0.152,0.2321,0.2497,0.2036,0.2087,-0.4601,0.0364,1.955,1.226,1.64,82.1,High Potential Exploration Zone,Manganese Gossan / Alteration Outcrop,True
MOIL-GM-02,300.0,900.0,21.399285,78.984413,0.0537,0.0991,0.2104,0.1852,0.2801,0.2189,-0.0637,-0.3028,0.2039,3.921,1.28,1.983,98.0,High Potential Exploration Zone,Manganese Gossan / Alteration Outcrop,True
MOIL-GM-02,300.0,1000.0,21.400183,78.984413,0.0663,0.0679,0.1747,0.1988,0.3391,0.2464,0.0645,-0.4909,0.2607,2.637,1.376,2.094,92.6,High Potential Exploration Zone,Manganese Gossan / Alteration Outcrop,True
MOIL-GM-02,300.0,1100.0,21.401081,78.984413,0.0439,0.0944,0.1222,0.179,0.2984,0.1928,0.1888,-0.3093,0.25,2.784,1.547,2.44,91.5,High Potential Exploration Zone,Manganese Gossan / Alteration Outcrop,True
MOIL-GM-02,300.0,1200.0,21.40198,78.984413,0.0843,0.1468,0.1792,0.2269,0.3159,0.2835,0.1174,-0.2144,0.164,2.127,1.114,2.211,78.2,High Potential Exploration Zone,Barren Soil & Country Rock,True
MOIL-GM-02,400.0,-1200.0,21.38042,78.985383,0.0324,0.0929,0.0539,0.692,0.1379,0.0834,0.8556,-0.7632,-0.6676,1.665,1.655,1.924,50.5,Medium Potential Zone,Dense / Moderate Canopy,True
MOIL-GM-02,400.0,-1100.0,21.381319,78.985383,0.0356,0.0815,0.0689,0.7043,0.1811,0.0808,0.8217,-0.7925,-0.5909,1.937,2.243,1.44,63.8,Medium Potential Zone,Dense / Moderate Canopy,True
MOIL-GM-02,400.0,-1000.0,21.382217,78.985383,0.0354,0.1197,0.0574,0.4684,0.1602,0.1011,0.7815,-0.593,-0.4903,1.623,1.584,2.426,51.9,Medium Potential Zone,Dense / Moderate Canopy,True
MOIL-GM-02,400.0,-900.0,21.383115,78.985383,0.0444,0.1184,0.0496,0.4878,0.1852,0.055,0.8155,-0.6094,-0.4496,1.116,3.371,2.769,72.3,Medium Potential Zone,Dense / Moderate Canopy,True
MOIL-GM-02,400.0,-800.0,21.384014,78.985383,0.0428,0.1188,0.0451,0.4543,0.1721,0.0585,0.8194,-0.5855,-0.4504,1.055,2.943,3.013,65.5,Medium Potential Zone,Dense / Moderate Canopy,True
MOIL-GM-02,400.0,-700.0,21.384912,78.985383,0.0349,0.1027,0.0416,0.6739,0.1851,0.1191,0.8836,-0.7354,-0.5691,1.192,1.553,2.742,44.8,Low Potential / Barren,Dense / Moderate Canopy,True
MOIL-GM-02,400.0,-600.0,21.38581,78.985383,0.0831,0.1711,0.1871,0.2631,0.4096,0.2729,0.1689,-0.212,0.2177,2.252,1.501,2.471,78.2,High Potential Exploration Zone,Barren Soil & Country Rock,True
MOIL-GM-02,400.0,-500.0,21.386708,78.985383,0.0836,0.1466,0.2124,0.2469,0.3805,0.2774,0.0752,-0.255,0.2129,2.542,1.372,2.231,83.0,High Potential Exploration Zone,Barren Soil & Country Rock,True
MOIL-GM-02,400.0,-400.0,21.387607,78.985383,0.0249,0.103,0.0673,0.6502,0.1606,0.0661,0.8124,-0.7265,-0.6038,2.708,2.428,1.777,79.4,High Potential Exploration Zone,Dense / Moderate Canopy,True
MOIL-GM-02,400.0,-300.0,21.388505,78.985383,0.1185,0.1286,0.2271,0.3161,0.299,0.2651,0.1639,-0.4217,-0.0277,1.915,1.128,1.512,71.1,Medium Potential Zone,Barren Soil & Country Rock,True
MOIL-GM-02,400.0,-200.0,21.389403,78.985383,0.0341,0.0875,0.0599,0.5068,0.2179,0.1047,0.7886,-0.7056,-0.3987,1.756,2.082,1.89,65.8,Medium Potential Zone,Dense / Moderate Canopy,True
MOIL-GM-02,400.0,-100.0,21.390302,78.985383,0.0867,0.1761,0.2148,0.2239,0.2999,0.2257,0.0206,-0.1194,0.1452,2.479,1.328,2.159,86.9,High Potential Exploration Zone,Barren Soil & Country Rock,True
MOIL-GM-02,400.0,0.0,21.3912,78.985383,0.0349,0.0824,0.0682,0.5863,0.1718,0.1189,0.7915,-0.7537,-0.5468,1.953,1.445,1.5,60.8,Medium Potential Zone,Dense / Moderate Canopy,True
MOIL-GM-02,400.0,100.0,21.392098,78.985383,0.0445,0.1093,0.1366,0.1873,0.2873,0.2851,0.1566,-0.263,0.2107,3.072,1.008,2.334,87.4,High Potential Exploration Zone,Manganese Gossan / Alteration Outcrop,True
MOIL-GM-02,400.0,200.0,21.392997,78.985383,0.0594,0.0612,0.1422,0.1831,0.3347,0.2418,0.1258,-0.4992,0.2928,2.393,1.384,2.258,87.8,High Potential Exploration Zone,Manganese Gossan / Alteration Outcrop,True
MOIL-GM-02,400.0,300.0,21.393895,78.985383,0.074,0.1014,0.1791,0.1971,0.2789,0.2854,0.0481,-0.3206,0.1718,2.42,0.977,1.981,86.2,High Potential Exploration Zone,Manganese Gossan / Alteration Outcrop,True
MOIL-GM-02,400.0,400.0,21.394793,78.985383,0.0431,0.0799,0.1861,0.2346,0.3102,0.2786,0.1153,-0.4921,0.1389,4.32,1.114,1.752,98.0,High Potential Exploration Zone,Manganese Gossan / Alteration Outcrop,True
MOIL-GM-02,400.0,500.0,21.395692,78.985383,0.0442,0.0866,0.1516,0.2196,0.3023,0.2323,0.1831,-0.4344,0.1585,3.431,1.301,1.948,98.0,High Potential Exploration Zone,Manganese Gossan / Alteration Outcrop,True
MOIL-GM-02,400.0,600.0,21.39659,78.985383,0.0426,0.0819,0.1281,0.17,0.2578,0.2168,0.1405,-0.3496,0.2053,3.007,1.189,2.156,98.0,High Potential Exploration Zone,Manganese Gossan / Alteration Outcrop,True
MOIL-GM-02,400.0,700.0,21.397488,78.985383,0.0491,0.0743,0.1348,0.184,0.3097,0.272,0.1541,-0.4248,0.2546,2.746,1.138,2.234,98.0,High Potential Exploration Zone,Manganese Gossan / Alteration Outcrop,True
MOIL-GM-02,400.0,800.0,21.398386,78.985383,0.0616,0.0714,0.1936,0.1697,0.3459,0.2226,-0.0657,-0.4076,0.3417,3.145,1.554,2.407,98.0,High Potential Exploration Zone,Manganese Gossan / Alteration Outcrop,True
MOIL-GM-02,400.0,900.0,21.399285,78.985383,0.0605,0.0852,0.2156,0.1554,0.3714,0.2418,-0.1623,-0.2917,0.4101,3.56,1.536,2.786,98.0,High Potential Exploration Zone,Manganese Gossan / Alteration Outcrop,True
MOIL-GM-02,400.0,1000.0,21.400183,78.985383,0.0797,0.0887,0.1856,0.215,0.3551,0.2325,0.0732,-0.416,0.2458,2.328,1.527,2.129,94.3,High Potential Exploration Zone,Manganese Gossan / Alteration Outcrop,True
MOIL-GM-02,400.0,1100.0,21.401081,78.985383,0.0671,0.0907,0.1607,0.2221,0.2669,0.1984,0.1603,-0.4198,0.0917,2.394,1.346,1.767,87.8,High Potential Exploration Zone,Manganese Gossan / Alteration Outcrop,True
MOIL-GM-02,400.0,1200.0,21.40198,78.985383,0.0695,0.0919,0.1518,0.2035,0.3479,0.2039,0.1457,-0.3779,0.2618,2.185,1.706,2.315,89.5,High Potential Exploration Zone,Manganese Gossan / Alteration Outcrop,True
MOIL-GM-02,500.0,-1200.0,21.38042,78.986354,0.0447,0.0788,0.0529,0.4712,0.203,0.1057,0.7982,-0.7135,-0.3977,1.182,1.92,1.921,50.3,Medium Potential Zone,Dense / Moderate Canopy,True
MOIL-GM-02,500.0,-1100.0,21.381319,78.986354,0.0236,0.0962,0.0529,0.6983,0.148,0.0523,0.8591,-0.7578,-0.6503,2.244,2.831,2.03,74.5,Medium Potential Zone,Dense / Moderate Canopy,True
MOIL-GM-02,500.0,-1000.0,21.382217,78.986354,0.1057,0.1293,0.2384,0.2422,0.3749,0.2745,0.008,-0.3039,0.215,2.256,1.366,2.09,78.5,High Potential Exploration Zone,Barren Soil & Country Rock,True
MOIL-GM-02,500.0,-900.0,21.383115,78.986354,0.048,0.0872,0.0422,0.5096,0.2092,0.1191,0.847,-0.7078,-0.4179,0.88,1.757,2.477,43.7,Low Potential / Barren,Dense / Moderate Canopy,True
MOIL-GM-02,500.0,-800.0,21.384014,78.986354,0.1233,0.1503,0.2159,0.3164,0.3187,0.3088,0.1889,-0.3558,0.0035,1.751,1.032,1.703,62.9,Medium Potential Zone,Barren Soil & Country Rock,True
MOIL-GM-02,500.0,-700.0,21.384912,78.986354,0.0396,0.0785,0.0583,0.5411,0.1688,0.0996,0.8054,-0.7467,-0.5244,1.474,1.695,1.657,51.6,Medium Potential Zone,Dense / Moderate Canopy,True
MOIL-GM-02,500.0,-600.0,21.38581,78.986354,0.0997,0.1528,0.1659,0.2903,0.3939,0.2396,0.2726,-0.3104,0.1513,1.665,1.644,2.277,69.5,Medium Potential Zone,Barren Soil & Country Rock,True
MOIL-GM-02,500.0,-500.0,21.386708,78.986354,0.0394,0.0788,0.0366,0.7078,0.1664,0.0629,0.9017,-0.7997,-0.6193,0.929,2.647,2.387,57.8,Medium Potential Zone,Dense / Moderate Canopy,True
MOIL-GM-02,500.0,-400.0,21.387607,78.986354,0.0382,0.1071,0.0698,0.4621,0.1939,0.1192,0.7374,-0.6236,-0.4088,1.827,1.626,1.954,58.3,Medium Potential Zone,Dense / Moderate Canopy,True
MOIL-GM-02,500.0,-300.0,21.388505,78.986354,0.0415,0.0809,0.0443,0.638,0.2188,0.0564,0.8702,-0.775,-0.4893,1.068,3.878,2.17,80.1,High Potential Exploration Zone,Dense / Moderate Canopy,True
MOIL-GM-02,500.0,-200.0,21.389403,78.986354,0.0482,0.0579,0.056,0.5661,0.1577,0.0647,0.8199,-0.8144,-0.5643,1.162,2.439,1.312,61.9,Medium Potential Zone,Dense / Moderate Canopy,True
MOIL-GM-02,500.0,-100.0,21.390302,78.986354,0.111,0.1426,0.1993,0.2396,0.329,0.3396,0.0917,-0.2536,0.1573,1.796,0.969,2.089,69.8,Medium Potential Zone,Barren Soil & Country Rock,True
MOIL-GM-02,500.0,0.0,21.3912,78.986354,0.1048,0.1212,0.1905,0.2963,0.3522,0.2988,0.2175,-0.4195,0.0861,1.818,1.178,1.825,70.4,Medium Potential Zone,Barren Soil & Country Rock,True
MOIL-GM-02,500.0,100.0,21.392098,78.986354,0.0232,0.0733,0.0578,0.5979,0.1875,0.0752,0.8238,-0.7817,-0.5226,2.494,2.493,1.582,80.8,High Potential Exploration Zone,Dense / Moderate Canopy,True
MOIL-GM-02,500.0,200.0,21.392997,78.986354,0.1298,0.1426,0.2124,0.2581,0.4098,0.339,0.0972,-0.2884,0.2271,1.637,1.209,2.259,74.8,Medium Potential Zone,Barren Soil & Country Rock,True
MOIL-GM-02,500.0,300.0,21.393895,78.986354,0.066,0.0901,0.2041,0.1916,0.3617,0.2254,-0.0315,-0.3603,0.3074,3.094,1.605,2.329,98.0,High Potential Exploration Zone,Manganese Gossan / Alteration Outcrop,True
MOIL-GM-02,500.0,400.0,21.394793,78.986354,0.0413,0.1063,0.1922,0.1911,0.3723,0.2775,-0.0028,-0.285,0.3217,4.655,1.341,2.502,98.0,High Potential Exploration Zone,Manganese Gossan / Alteration Outcrop,True
MOIL-GM-02,500.0,500.0,21.395692,78.986354,0.0443,0.0912,0.1738,0.2176,0.2821,0.1809,0.112,-0.4093,0.129,3.92,1.56,1.821,98.0,High Potential Exploration Zone,Manganese Gossan / Alteration Outcrop,True
MOIL-GM-02,500.0,600.0,21.39659,78.986354,0.0474,0.0705,0.1491,0.177,0.3389,0.1882,0.0855,-0.4301,0.3137,3.145,1.801,2.387,98.0,High Potential Exploration Zone,Manganese Gossan / Alteration Outcrop,True
MOIL-GM-02,500.0,700.0,21.397488,78.986354,0.0595,0.0849,0.1816,0.1711,0.2764,0.2332,-0.0299,-0.3364,0.2354,3.054,1.185,2.083,98.0,High Potential Exploration Zone,Manganese Gossan / Alteration Outcrop,True
MOIL-GM-02,500.0,800.0,21.398386,78.986354,0.0664,0.0622,0.1494,0.2187,0.3078,0.2847,0.1885,-0.557,0.1691,2.25,1.081,1.824,89.3,High Potential Exploration Zone,Manganese Gossan / Alteration Outcrop,True
MOIL-GM-02,500.0,900.0,21.399285,78.986354,0.0747,0.0772,0.1926,0.1674,0.2645,0.2769,-0.07,-0.3689,0.2248,2.579,0.955,1.981,97.8,High Potential Exploration Zone,Manganese Gossan / Alteration Outcrop,True
MOIL-GM-02,500.0,1000.0,21.400183,78.986354,0.054,0.0702,0.2165,0.1431,0.2914,0.1842,-0.2041,-0.342,0.3413,4.008,1.582,2.36,98.0,High Potential Exploration Zone,Manganese Gossan / Alteration Outcrop,True
MOIL-GM-02,500.0,1100.0,21.401081,78.986354,0.0602,0.0801,0.1921,0.2354,0.3128,0.2114,0.1014,-0.4924,0.1411,3.192,1.479,1.745,98.0,High Potential Exploration Zone,Manganese Gossan / Alteration Outcrop,True
MOIL-GM-02,500.0,1200.0,21.40198,78.986354,0.0749,0.0902,0.1753,0.1589,0.2457,0.2308,-0.0493,-0.2755,0.2146,2.342,1.065,2.061,89.2,High Potential Exploration Zone,Manganese Gossan / Alteration Outcrop,True
MOIL-GM-02,600.0,-1200.0,21.38042,78.987325,0.0238,0.0542,0.0386,0.467,0.1256,0.0811,0.8472,-0.7922,-0.5761,1.623,1.549,1.67,47.9,Medium Potential Zone,Dense / Moderate Canopy,True
MOIL-GM-02,600.0,-1100.0,21.381319,78.987325,0.0399,0.0976,0.0405,0.453,0.1651,0.0764,0.8359,-0.6456,-0.4659,1.014,2.161,2.773,50.7,Medium Potential Zone,Dense / Moderate Canopy,True
MOIL-GM-02,600.0,-1000.0,21.382217,78.987325,0.0222,0.1043,0.0454,0.674,0.1695,0.1074,0.8737,-0.7319,-0.5981,2.049,1.578,2.549,52.8,Medium Potential Zone,Dense / Moderate Canopy,True
MOIL-GM-02,600.0,-900.0,21.383115,78.987325,0.0321,0.1175,0.0448,0.6674,0.1267,0.0544,0.8743,-0.7007,-0.6809,1.396,2.33,2.814,56.9,Medium Potential Zone,Dense / Moderate Canopy,True
MOIL-GM-02,600.0,-800.0,21.384014,78.987325,0.0376,0.0926,0.0315,0.6381,0.133,0.1169,0.906,-0.7466,-0.6551,0.837,1.138,3.152,32.0,Low Potential / Barren,Dense / Moderate Canopy,True
MOIL-GM-02,600.0,-700.0,21.384912,78.987325,0.0957,0.1375,0.235,0.2683,0.3409,0.2879,0.0662,-0.3224,0.1191,2.456,1.184,1.856,76.7,High Potential Exploration Zone,Barren Soil & Country Rock,True
MOIL-GM-02,600.0,-600.0,21.38581,78.987325,0.0293,0.0627,0.0538,0.5828,0.1262,0.0865,0.8309,-0.8058,-0.644,1.84,1.458,1.381,51.2,Medium Potential Zone,Dense / Moderate Canopy,True
MOIL-GM-02,600.0,-500.0,21.386708,78.987325,0.0408,0.1197,0.0469,0.5878,0.1275,0.1082,0.8523,-0.6616,-0.6435,1.148,1.178,2.771,38.9,Low Potential / Barren,Dense / Moderate Canopy,True
MOIL-GM-02,600.0,-400.0,21.387607,78.987325,0.136,0.1409,0.187,0.2529,0.4131,0.3376,0.1497,-0.2843,0.2406,1.375,1.223,2.387,63.7,Medium Potential Zone,Barren Soil & Country Rock,True
MOIL-GM-02,600.0,-300.0,21.388505,78.987325,0.0411,0.0578,0.0455,0.5281,0.1908,0.0845,0.8415,-0.8028,-0.4691,1.105,2.259,1.632,56.0,Medium Potential Zone,Dense / Moderate Canopy,True
MOIL-GM-02,600.0,-200.0,21.389403,78.987325,0.0203,0.1048,0.0681,0.6307,0.2052,0.0835,0.8051,-0.715,-0.5091,3.36,2.458,1.865,86.4,High Potential Exploration Zone,Dense / Moderate Canopy,True
MOIL-GM-02,600.0,-100.0,21.390302,78.987325,0.1394,0.1235,0.1754,0.2252,0.3675,0.29,0.1243,-0.2916,0.24,1.258,1.267,2.336,65.7,Medium Potential Zone,Barren Soil & Country Rock,True
MOIL-GM-02,600.0,0.0,21.3912,78.987325,0.1374,0.1748,0.1824,0.2859,0.3997,0.2632,0.221,-0.2411,0.166,1.327,1.519,2.357,68.1,Medium Potential Zone,Barren Soil & Country Rock,True
MOIL-GM-02,600.0,100.0,21.392098,78.987325,0.0954,0.1692,0.197,0.2915,0.371,0.2567,0.1934,-0.2654,0.12,2.066,1.445,2.132,77.2,High Potential Exploration Zone,Barren Soil & Country Rock,True
MOIL-GM-02,600.0,200.0,21.392997,78.987325,0.0875,0.1214,0.1665,0.2456,0.3799,0.2386,0.192,-0.3383,0.2147,1.902,1.592,2.276,78.6,High Potential Exploration Zone,Barren Soil & Country Rock,True
MOIL-GM-02,600.0,300.0,21.393895,78.987325,0.0274,0.0858,0.06,0.5218,0.1548,0.1006,0.7937,-0.7175,-0.5425,2.193,1.539,1.727,64.3,Medium Potential Zone,Dense / Moderate Canopy,True
MOIL-GM-02,600.0,400.0,21.394793,78.987325,0.0228,0.1031,0.0411,0.554,0.1445,0.088,0.8619,-0.6863,-0.5862,1.8,1.642,2.769,60.6,Medium Potential Zone,Dense / Moderate Canopy,True
MOIL-GM-02,600.0,500.0,21.395692,78.987325,0.0683,0.1002,0.2122,0.1759,0.3706,0.2479,-0.0935,-0.2744,0.3562,3.107,1.495,2.578,98.0,High Potential Exploration Zone,Manganese Gossan / Alteration Outcrop,True
MOIL-GM-02,600.0,600.0,21.39659,78.987325,0.0556,0.1044,0.178,0.1854,0.2416,0.2589,0.0205,-0.2797,0.1316,3.202,0.933,1.889,94.4,High Potential Exploration Zone,Manganese Gossan / Alteration Outcrop,True
MOIL-GM-02,600.0,700.0,21.397488,78.987325,0.0431,0.0745,0.2162,0.1555,0.2836,0.2826,-0.1632,-0.3524,0.2918,5.016,1.004,2.168,98.0,High Potential Exploration Zone,Manganese Gossan / Alteration Outcrop,True
MOIL-GM-02,600.0,800.0,21.398386,78.987325,0.0535,0.0764,0.1848,0.1531,0.3762,0.2103,-0.0937,-0.3341,0.4214,3.454,1.789,2.87,98.0,High Potential Exploration Zone,Manganese Gossan / Alteration Outcrop,True
MOIL-GM-02,600.0,900.0,21.399285,78.987325,0.0714,0.0744,0.1475,0.1458,0.2567,0.2374,-0.0061,-0.3242,0.2757,2.066,1.081,2.265,90.8,High Potential Exploration Zone,Manganese Gossan / Alteration Outcrop,True
MOIL-GM-02,600.0,1000.0,21.400183,78.987325,0.0631,0.1008,0.126,0.1756,0.268,0.2194,0.1644,-0.2707,0.2083,1.998,1.222,2.326,90.0,High Potential Exploration Zone,Manganese Gossan / Alteration Outcrop,True
MOIL-GM-02,600.0,1100.0,21.401081,78.987325,0.0542,0.0777,0.151,0.2164,0.3366,0.2176,0.1781,-0.4715,0.2173,2.787,1.547,2.07,98.0,High Potential Exploration Zone,Manganese Gossan / Alteration Outcrop,True
MOIL-GM-02,600.0,1200.0,21.40198,78.987325,0.0459,0.0859,0.2119,0.1524,0.3454,0.2459,-0.1634,-0.2789,0.3879,4.62,1.405,2.673,98.0,High Potential Exploration Zone,Manganese Gossan / Alteration Outcrop,True
MOIL-GM-02,700.0,-1200.0,21.38042,78.988296,0.048,0.1169,0.0398,0.6683,0.1821,0.0786,0.8877,-0.7022,-0.5718,0.828,2.316,3.213,48.8,Medium Potential Zone,Dense / Moderate Canopy,True
MOIL-GM-02,700.0,-1100.0,21.381319,78.988296,0.0487,0.0862,0.0676,0.6236,0.1683,0.0951,0.8044,-0.7572,-0.575,1.389,1.77,1.545,49.7,Medium Potential Zone,Dense / Moderate Canopy,True
MOIL-GM-02,700.0,-1000.0,21.382217,78.988296,0.0327,0.0894,0.0581,0.6765,0.1504,0.051,0.8417,-0.7666,-0.6362,1.78,2.948,1.76,70.9,Medium Potential Zone,Dense / Moderate Canopy,True
MOIL-GM-02,700.0,-900.0,21.383115,78.988296,0.0347,0.0538,0.0553,0.7042,0.1602,0.1126,0.8544,-0.8581,-0.6293,1.595,1.423,1.2,45.7,Medium Potential Zone,Dense / Moderate Canopy,True
MOIL-GM-02,700.0,-800.0,21.384014,78.988296,0.0249,0.1051,0.0507,0.698,0.1389,0.0588,0.8646,-0.7383,-0.668,2.039,2.365,2.274,64.9,Medium Potential Zone,Dense / Moderate Canopy,True
MOIL-GM-02,700.0,-700.0,21.384912,78.988296,0.0836,0.1392,0.1826,0.2616,0.3448,0.2374,0.1778,-0.3054,0.1372,2.185,1.453,2.08,73.7,Medium Potential Zone,Barren Soil & Country Rock,True
MOIL-GM-02,700.0,-600.0,21.38581,78.988296,0.0267,0.0585,0.0584,0.4561,0.1568,0.0601,0.7732,-0.7725,-0.4883,2.185,2.609,1.347,73.5,Medium Potential Zone,Dense / Moderate Canopy,True
MOIL-GM-02,700.0,-500.0,21.386708,78.988296,0.0447,0.0542,0.052,0.5297,0.1393,0.0718,0.8212,-0.8143,-0.5837,1.163,1.939,1.306,50.7,Medium Potential Zone,Dense / Moderate Canopy,True
MOIL-GM-02,700.0,-400.0,21.387607,78.988296,0.0217,0.0954,0.0665,0.571,0.2102,0.1135,0.7913,-0.7137,-0.4619,3.061,1.852,1.802,72.4,Medium Potential Zone,Dense / Moderate Canopy,True
MOIL-GM-02,700.0,-300.0,21.388505,78.988296,0.0337,0.1016,0.0666,0.6336,0.141,0.1074,0.8096,-0.7235,-0.636,1.979,1.312,1.747,51.8,Medium Potential Zone,Dense / Moderate Canopy,True
MOIL-GM-02,700.0,-200.0,21.389403,78.988296,0.0323,0.0988,0.0507,0.4802,0.155,0.0615,0.8089,-0.6587,-0.512,1.57,2.521,2.271,65.8,Medium Potential Zone,Dense / Moderate Canopy,True
MOIL-GM-02,700.0,-100.0,21.390302,78.988296,0.0375,0.0523,0.0325,0.5204,0.1945,0.0589,0.8826,-0.8172,-0.4559,0.867,3.303,1.986,67.8,Medium Potential Zone,Dense / Moderate Canopy,True
MOIL-GM-02,700.0,0.0,21.3912,78.988296,0.1345,0.1528,0.2097,0.2656,0.322,0.2499,0.1176,-0.2697,0.096,1.559,1.288,1.941,69.1,Medium Potential Zone,Barren Soil & Country Rock,True
MOIL-GM-02,700.0,100.0,21.392098,78.988296,0.0341,0.0782,0.0578,0.5591,0.1237,0.1088,0.8127,-0.7546,-0.6377,1.693,1.137,1.575,48.2,Medium Potential Zone,Dense / Moderate Canopy,True
MOIL-GM-02,700.0,200.0,21.392997,78.988296,0.1368,0.1728,0.1787,0.3165,0.3995,0.3382,0.2783,-0.2938,0.1158,1.307,1.181,2.229,61.4,Medium Potential Zone,Barren Soil & Country Rock,True
MOIL-GM-02,700.0,300.0,21.393895,78.988296,0.0479,0.0983,0.0642,0.6148,0.2129,0.0863,0.8109,-0.7243,-0.4855,1.34,2.468,1.877,66.0,Medium Potential Zone,Dense / Moderate Canopy,True
MOIL-GM-02,700.0,400.0,21.394793,78.988296,0.0475,0.0796,0.0311,0.4805,0.2172,0.1111,0.8786,-0.7159,-0.3774,0.654,1.954,3.014,49.5,Medium Potential Zone,Dense / Moderate Canopy,True
MOIL-GM-02,700.0,500.0,21.395692,78.988296,0.0488,0.063,0.0344,0.6124,0.1582,0.0738,0.8935,-0.8135,-0.5894,0.705,2.144,2.087,53.7,Medium Potential Zone,Dense / Moderate Canopy,True
MOIL-GM-02,700.0,600.0,21.39659,78.988296,0.0694,0.0675,0.1978,0.1759,0.3781,0.269,-0.0586,-0.4455,0.3649,2.852,1.406,2.49,95.3,High Potential Exploration Zone,Manganese Gossan / Alteration Outcrop,True
MOIL-GM-02,700.0,700.0,21.397488,78.988296,0.0658,0.0715,0.2156,0.1433,0.2713,0.184,-0.2016,-0.3344,0.3087,3.275,1.474,2.225,98.0,High Potential Exploration Zone,Manganese Gossan / Alteration Outcrop,True
MOIL-GM-02,700.0,800.0,21.398386,78.988296,0.0787,0.1036,0.2152,0.2115,0.2438,0.2825,-0.0087,-0.3426,0.071,2.736,0.863,1.634,89.1,High Potential Exploration Zone,Manganese Gossan / Alteration Outcrop,True
MOIL-GM-02,700.0,900.0,21.399285,78.988296,0.0568,0.0784,0.1484,0.1687,0.3521,0.2082,0.0639,-0.3653,0.3522,2.611,1.691,2.616,98.0,High Potential Exploration Zone,Manganese Gossan / Alteration Outcrop,True
MOIL-GM-02,700.0,1000.0,21.400183,78.988296,0.0489,0.0949,0.1487,0.1413,0.3704,0.2145,-0.0256,-0.1965,0.4477,3.043,1.727,3.259,98.0,High Potential Exploration Zone,Manganese Gossan / Alteration Outcrop,True
MOIL-GM-02,700.0,1100.0,21.401081,78.988296,0.0706,0.0834,0.1334,0.2062,0.2724,0.2117,0.2143,-0.4238,0.1384,1.89,1.287,1.947,86.2,High Potential Exploration Zone,Manganese Gossan / Alteration Outcrop,True
MOIL-GM-02,700.0,1200.0,21.40198,78.988296,0.0413,0.0608,0.1714,0.1458,0.2693,0.2816,-0.0807,-0.4112,0.2976,4.15,0.956,2.202,98.0,High Potential Exploration Zone,Manganese Gossan / Alteration Outcrop,True
MOIL-GM-02,800.0,-1200.0,21.38042,78.989267,0.0974,0.1636,0.2307,0.2246,0.306,0.2665,-0.0135,-0.1572,0.1533,2.368,1.148,2.071,75.3,High Potential Exploration Zone,Barren Soil & Country Rock,True
MOIL-GM-02,800.0,-1100.0,21.381319,78.989267,0.0973,0.1345,0.1815,0.2333,0.3029,0.2928,0.125,-0.2686,0.1297,1.865,1.034,2.039,64.2,Medium Potential Zone,Barren Soil & Country Rock,True
MOIL-GM-02,800.0,-1000.0,21.382217,78.989267,0.104,0.1447,0.1688,0.3019,0.4139,0.2516,0.2829,-0.352,0.1564,1.623,1.645,2.228,66.0,Medium Potential Zone,Barren Soil & Country Rock,True
MOIL-GM-02,800.0,-900.0,21.383115,78.989267,0.1216,0.1248,0.2326,0.2321,0.3825,0.255,-0.0011,-0.3004,0.2448,1.913,1.5,2.185,75.8,High Potential Exploration Zone,Barren Soil & Country Rock,True
MOIL-GM-02,800.0,-800.0,21.384014,78.989267,0.0885,0.1588,0.2236,0.315,0.3264,0.2945,0.1697,-0.3298,0.0178,2.528,1.108,1.746,72.0,Medium Potential Zone,Barren Soil & Country Rock,True
MOIL-GM-02,800.0,-700.0,21.384912,78.989267,0.0367,0.0614,0.0533,0.6793,0.2064,0.0838,0.8546,-0.8342,-0.534,1.45,2.461,1.457,59.7,Medium Potential Zone,Dense / Moderate Canopy,True
MOIL-GM-02,800.0,-600.0,21.38581,78.989267,0.1302,0.18,0.1902,0.3124,0.4177,0.2675,0.2433,-0.269,0.1442,1.461,1.562,2.283,64.9,Medium Potential Zone,Barren Soil & Country Rock,True
MOIL-GM-02,800.0,-500.0,21.386708,78.989267,0.0374,0.1006,0.0362,0.549,0.1263,0.0929,0.8764,-0.6904,-0.626,0.966,1.359,3.01,37.5,Low Potential / Barren,Dense / Moderate Canopy,True
MOIL-GM-02,800.0,-400.0,21.387607,78.989267,0.0368,0.0549,0.0672,0.4859,0.2083,0.1,0.757,-0.7969,-0.3999,1.826,2.083,1.246,62.1,Medium Potential Zone,Dense / Moderate Canopy,True
MOIL-GM-02,800.0,-300.0,21.388505,78.989267,0.0376,0.0592,0.05,0.5031,0.1772,0.0813,0.8191,-0.7895,-0.4791,1.33,2.179,1.535,56.4,Medium Potential Zone,Dense / Moderate Canopy,True
MOIL-GM-02,800.0,-200.0,21.389403,78.989267,0.0495,0.0753,0.0547,0.6834,0.1293,0.106,0.8519,-0.8016,-0.6818,1.105,1.22,1.566,38.8,Low Potential / Barren,Dense / Moderate Canopy,True
MOIL-GM-02,800.0,-100.0,21.390302,78.989267,0.1124,0.1795,0.2387,0.2516,0.2984,0.3326,0.0262,-0.1672,0.0852,2.124,0.897,1.938,70.8,Medium Potential Zone,Barren Soil & Country Rock,True
MOIL-GM-02,800.0,0.0,21.3912,78.989267,0.0385,0.0523,0.0601,0.4934,0.2143,0.0805,0.783,-0.8084,-0.3944,1.561,2.664,1.305,68.7,Medium Potential Zone,Dense / Moderate Canopy,True
MOIL-GM-02,800.0,100.0,21.392098,78.989267,0.0284,0.0833,0.0602,0.5828,0.2047,0.0999,0.8128,-0.75,-0.4801,2.117,2.049,1.735,65.6,Medium Potential Zone,Dense / Moderate Canopy,True
MOIL-GM-02,800.0,200.0,21.392997,78.989267,0.1164,0.1568,0.1905,0.2523,0.2888,0.2735,0.1396,-0.2335,0.0675,1.636,1.056,1.968,66.0,Medium Potential Zone,Barren Soil & Country Rock,True
MOIL-GM-02,800.0,300.0,21.393895,78.989267,0.1371,0.1605,0.1968,0.2955,0.389,0.2777,0.2004,-0.2961,0.1367,1.436,1.401,2.132,67.8,Medium Potential Zone,Barren Soil & Country Rock,True
MOIL-GM-02,800.0,400.0,21.394793,78.989267,0.1268,0.1254,0.2278,0.2534,0.3694,0.3088,0.0532,-0.3379,0.1862,1.796,1.196,2.008,74.2,Medium Potential Zone,Barren Soil & Country Rock,True
MOIL-GM-02,800.0,500.0,21.395692,78.989267,0.1031,0.1562,0.2279,0.2918,0.4055,0.2299,0.123,-0.3025,0.163,2.211,1.763,2.075,86.3,High Potential Exploration Zone,Barren Soil & Country Rock,True
MOIL-GM-02,800.0,600.0,21.39659,78.989267,0.1228,0.1439,0.1985,0.2804,0.418,0.2281,0.171,-0.3217,0.197,1.617,1.833,2.216,80.2,High Potential Exploration Zone,Barren Soil & Country Rock,True
MOIL-GM-02,800.0,700.0,21.397488,78.989267,0.1298,0.1212,0.196,0.2974,0.3073,0.2424,0.2054,-0.4208,0.0164,1.511,1.268,1.652,70.7,Medium Potential Zone,Barren Soil & Country Rock,True
MOIL-GM-02,800.0,800.0,21.398386,78.989267,0.0524,0.0675,0.1879,0.16,0.2718,0.2432,-0.08,-0.4066,0.2588,3.584,1.117,2.058,98.0,High Potential Exploration Zone,Manganese Gossan / Alteration Outcrop,True
MOIL-GM-02,800.0,900.0,21.399285,78.989267,0.0787,0.1057,0.2064,0.1931,0.2817,0.2576,-0.0334,-0.2925,0.1866,2.623,1.093,1.971,90.0,High Potential Exploration Zone,Manganese Gossan / Alteration Outcrop,True
MOIL-GM-02,800.0,1000.0,21.400183,78.989267,0.0556,0.0989,0.1216,0.193,0.2872,0.2074,0.2268,-0.3223,0.1963,2.188,1.385,2.302,84.4,High Potential Exploration Zone,Manganese Gossan / Alteration Outcrop,True
MOIL-GM-02,800.0,1100.0,21.401081,78.989267,0.0665,0.0929,0.1237,0.2348,0.2907,0.2809,0.3098,-0.4329,0.1064,1.861,1.035,1.989,75.0,High Potential Exploration Zone,Manganese Gossan / Alteration Outcrop,True
MOIL-GM-02,800.0,1200.0,21.40198,78.989267,0.0633,0.0926,0.2161,0.2222,0.2596,0.1806,0.0141,-0.4116,0.0776,3.411,1.438,1.597,98.0,High Potential Exploration Zone,Manganese Gossan / Alteration Outcrop,True
MOIL-GM-02,900.0,-1200.0,21.38042,78.990238,0.1093,0.1639,0.2129,0.2513,0.3559,0.2981,0.0827,-0.2104,0.1723,1.947,1.194,2.186,68.5,Medium Potential Zone,Barren Soil & Country Rock,True
MOIL-GM-02,900.0,-1100.0,21.381319,78.990238,0.0407,0.084,0.0512,0.704,0.1589,0.1029,0.8644,-0.7869,-0.6317,1.259,1.544,1.866,42.5,Low Potential / Barren,Dense / Moderate Canopy,True
MOIL-GM-02,900.0,-1000.0,21.382217,78.990238,0.0999,0.1756,0.2159,0.3129,0.4192,0.22,0.1834,-0.2811,0.1453,2.161,1.905,2.153,78.8,High Potential Exploration Zone,Barren Soil & Country Rock,True
MOIL-GM-02,900.0,-900.0,21.383115,78.990238,0.023,0.0549,0.0607,0.5445,0.2118,0.0881,0.7994,-0.8167,-0.44,2.637,2.403,1.294,73.4,Medium Potential Zone,Dense / Moderate Canopy,True
MOIL-GM-02,900.0,-800.0,21.384014,78.990238,0.0844,0.1479,0.1822,0.2277,0.3739,0.3373,0.1108,-0.2124,0.243,2.159,1.108,2.454,69.3,Medium Potential Zone,Barren Soil & Country Rock,True
MOIL-GM-02,900.0,-700.0,21.384912,78.990238,0.0978,0.1254,0.1779,0.2485,0.3282,0.2961,0.1657,-0.3292,0.1382,1.818,1.108,2.026,63.9,Medium Potential Zone,Barren Soil & Country Rock,True
MOIL-GM-02,900.0,-600.0,21.38581,78.990238,0.0835,0.1758,0.2239,0.2478,0.3694,0.2911,0.0506,-0.1699,0.197,2.682,1.269,2.276,79.8,High Potential Exploration Zone,Barren Soil & Country Rock,True
MOIL-GM-02,900.0,-500.0,21.386708,78.990238,0.0458,0.075,0.0564,0.6666,0.1899,0.1145,0.8439,-0.7976,-0.5565,1.233,1.658,1.615,45.5,Medium Potential Zone,Dense / Moderate Canopy,True
MOIL-GM-02,900.0,-400.0,21.387607,78.990238,0.0441,0.1137,0.0523,0.4547,0.2018,0.1092,0.7937,-0.6,-0.3852,1.186,1.848,2.618,49.6,Medium Potential Zone,Dense / Moderate Canopy,True
MOIL-GM-02,900.0,-300.0,21.388505,78.990238,0.0937,0.1787,0.2041,0.2716,0.4125,0.269,0.1419,-0.2064,0.2059,2.178,1.533,2.394,76.1,High Potential Exploration Zone,Barren Soil & Country Rock,True
MOIL-GM-02,900.0,-200.0,21.389403,78.990238,0.041,0.1177,0.0471,0.6951,0.1769,0.0833,0.873,-0.7103,-0.5943,1.149,2.123,2.752,51.6,Medium Potential Zone,Dense / Moderate Canopy,True
MOIL-GM-02,900.0,-100.0,21.390302,78.990238,0.1132,0.1544,0.2319,0.2904,0.3957,0.3123,0.1121,-0.3059,0.1535,2.049,1.267,2.028,72.2,Medium Potential Zone,Barren Soil & Country Rock,True
MOIL-GM-02,900.0,0.0,21.3912,78.990238,0.0923,0.1355,0.1717,0.2586,0.3715,0.2844,0.2019,-0.3123,0.1792,1.86,1.306,2.226,68.4,Medium Potential Zone,Barren Soil & Country Rock,True
MOIL-GM-02,900.0,100.0,21.392098,78.990238,0.0307,0.0644,0.0381,0.6122,0.1364,0.0778,0.8828,-0.8097,-0.6355,1.242,1.754,1.912,48.1,Medium Potential Zone,Dense / Moderate Canopy,True
MOIL-GM-02,900.0,200.0,21.392997,78.990238,0.1198,0.1569,0.1905,0.2329,0.3097,0.2767,0.1001,-0.1948,0.1415,1.591,1.119,2.154,66.5,Medium Potential Zone,Barren Soil & Country Rock,True
MOIL-GM-02,900.0,300.0,21.393895,78.990238,0.0281,0.0634,0.0388,0.6412,0.2115,0.0553,0.8858,-0.8201,-0.504,1.381,3.827,1.962,81.8,High Potential Exploration Zone,Dense / Moderate Canopy,True
MOIL-GM-02,900.0,400.0,21.394793,78.990238,0.0348,0.1078,0.0469,0.4514,0.1883,0.1066,0.8119,-0.6146,-0.4113,1.345,1.767,2.717,53.4,Medium Potential Zone,Dense / Moderate Canopy,True
MOIL-GM-02,900.0,500.0,21.395692,78.990238,0.0371,0.0585,0.0448,0.6617,0.1694,0.0989,0.8732,-0.8374,-0.5923,1.208,1.712,1.563,50.0,Medium Potential Zone,Dense / Moderate Canopy,True
MOIL-GM-02,900.0,600.0,21.39659,78.990238,0.0844,0.1609,0.1832,0.2588,0.3699,0.2334,0.171,-0.2334,0.1767,2.171,1.585,2.307,81.0,High Potential Exploration Zone,Barren Soil & Country Rock,True
MOIL-GM-02,900.0,700.0,21.397488,78.990238,0.0243,0.1013,0.0417,0.5202,0.2021,0.0887,0.8515,-0.6739,-0.4403,1.714,2.28,2.818,66.8,Medium Potential Zone,Dense / Moderate Canopy,True
MOIL-GM-02,900.0,800.0,21.398386,78.990238,0.0802,0.1784,0.1945,0.2597,0.287,0.3273,0.1436,-0.1857,0.0499,2.427,0.877,2.022,76.3,High Potential Exploration Zone,Barren Soil & Country Rock,True
MOIL-GM-02,900.0,900.0,21.399285,78.990238,0.1001,0.1453,0.2248,0.2559,0.3544,0.2714,0.0648,-0.2759,0.1613,2.245,1.306,2.031,84.3,High Potential Exploration Zone,Barren Soil & Country Rock,True
MOIL-GM-02,900.0,1000.0,21.400183,78.990238,0.0525,0.1073,0.1997,0.1574,0.3177,0.2676,-0.1183,-0.1893,0.3372,3.805,1.187,2.555,98.0,High Potential Exploration Zone,Manganese Gossan / Alteration Outcrop,True
MOIL-GM-02,900.0,1100.0,21.401081,78.990238,0.0632,0.0847,0.1272,0.1506,0.2743,0.2365,0.0842,-0.2801,0.2912,2.013,1.16,2.487,82.0,High Potential Exploration Zone,Manganese Gossan / Alteration Outcrop,True
MOIL-GM-02,900.0,1200.0,21.40198,78.990238,0.0795,0.1001,0.131,0.2117,0.3535,0.2256,0.2355,-0.3579,0.2508,1.648,1.567,2.434,81.2,High Potential Exploration Zone,Manganese Gossan / Alteration Outcrop,True
MOIL-GM-02,1000.0,-1200.0,21.38042,78.991209,0.1151,0.1511,0.1812,0.2597,0.3562,0.2896,0.1781,-0.2643,0.1566,1.575,1.23,2.206,61.7,Medium Potential Zone,Barren Soil & Country Rock,True
MOIL-GM-02,1000.0,-1100.0,21.381319,78.991209,0.0454,0.0522,0.0433,0.6525,0.1852,0.1143,0.8755,-0.8518,-0.5579,0.955,1.62,1.489,39.7,Low Potential / Barren,Dense / Moderate Canopy,True
MOIL-GM-02,1000.0,-1000.0,21.382217,78.991209,0.0391,0.0993,0.0374,0.6534,0.15,0.0797,0.8916,-0.736,-0.6266,0.957,1.882,2.882,43.2,Low Potential / Barren,Dense / Moderate Canopy,True
MOIL-GM-02,1000.0,-900.0,21.383115,78.991209,0.1306,0.1772,0.1648,0.2835,0.4145,0.2928,0.2648,-0.2307,0.1877,1.262,1.416,2.537,58.6,Medium Potential Zone,Barren Soil & Country Rock,True
MOIL-GM-02,1000.0,-800.0,21.384014,78.991209,0.0235,0.0671,0.0438,0.7149,0.1982,0.112,0.8845,-0.8283,-0.5659,1.862,1.77,1.809,52.3,Medium Potential Zone,Dense / Moderate Canopy,True
MOIL-GM-02,1000.0,-700.0,21.384912,78.991209,0.0415,0.1012,0.0528,0.6871,0.1358,0.054,0.8574,-0.7432,-0.6699,1.271,2.514,2.116,57.7,Medium Potential Zone,Dense / Moderate Canopy,True
MOIL-GM-02,1000.0,-600.0,21.38581,78.991209,0.0853,0.1236,0.1935,0.2401,0.3906,0.2896,0.1073,-0.3202,0.2387,2.269,1.349,2.266,74.3,Medium Potential Zone,Barren Soil & Country Rock,True
MOIL-GM-02,1000.0,-500.0,21.386708,78.991209,0.0972,0.1538,0.1947,0.2256,0.3731,0.28,0.0734,-0.1892,0.2465,2.003,1.333,2.444,72.2,Medium Potential Zone,Barren Soil & Country Rock,True
MOIL-GM-02,1000.0,-400.0,21.387607,78.991209,0.0974,0.1472,0.2262,0.2623,0.3975,0.271,0.0739,-0.2812,0.205,2.322,1.467,2.166,78.1,High Potential Exploration Zone,Barren Soil & Country Rock,True
MOIL-GM-02,1000.0,-300.0,21.388505,78.991209,0.0479,0.0514,0.0325,0.4862,0.1322,0.0818,0.8747,-0.8086,-0.5724,0.678,1.616,1.855,37.7,Low Potential / Barren,Dense / Moderate Canopy,True
MOIL-GM-02,1000.0,-200.0,21.389403,78.991209,0.0488,0.0792,0.0575,0.6216,0.1593,0.1005,0.8305,-0.7739,-0.592,1.178,1.586,1.634,44.6,Low Potential / Barren,Dense / Moderate Canopy,True
MOIL-GM-02,1000.0,-100.0,21.390302,78.991209,0.0428,0.0636,0.0444,0.6312,0.1325,0.1039,0.8685,-0.8171,-0.6531,1.038,1.275,1.641,37.5,Low Potential / Barren,Dense / Moderate Canopy,True
MOIL-GM-02,1000.0,0.0,21.3912,78.991209,0.0995,0.1343,0.1649,0.2471,0.4076,0.2232,0.1995,-0.2959,0.2452,1.658,1.826,2.464,73.2,Medium Potential Zone,Barren Soil & Country Rock,True
MOIL-GM-02,1000.0,100.0,21.392098,78.991209,0.1223,0.142,0.1784,0.2709,0.3173,0.267,0.2059,-0.3121,0.079,1.459,1.188,1.968,61.6,Medium Potential Zone,Barren Soil & Country Rock,True
MOIL-GM-02,1000.0,200.0,21.392997,78.991209,0.0235,0.1172,0.0317,0.6678,0.1925,0.0697,0.9094,-0.7014,-0.5525,1.349,2.759,3.984,63.2,Medium Potential Zone,Dense / Moderate Canopy,True
MOIL-GM-02,1000.0,300.0,21.393895,78.991209,0.1311,0.1608,0.1833,0.2217,0.4114,0.2685,0.0949,-0.1593,0.2996,1.397,1.532,2.733,70.3,Medium Potential Zone,Barren Soil & Country Rock,True
MOIL-GM-02,1000.0,400.0,21.394793,78.991209,0.1347,0.1415,0.1971,0.2899,0.3947,0.232,0.1906,-0.3438,0.1532,1.463,1.701,2.08,71.2,Medium Potential Zone,Barren Soil & Country Rock,True
MOIL-GM-02,1000.0,500.0,21.395692,78.991209,0.048,0.0681,0.0499,0.6816,0.1687,0.0837,0.8636,-0.8182,-0.6031,1.04,2.015,1.613,51.6,Medium Potential Zone,Dense / Moderate Canopy,True
MOIL-GM-02,1000.0,600.0,21.39659,78.991209,0.043,0.0966,0.0551,0.5504,0.183,0.0572,0.8181,-0.7014,-0.5009,1.28,3.198,2.087,74.1,Medium Potential Zone,Dense / Moderate Canopy,True
MOIL-GM-02,1000.0,700.0,21.397488,78.991209,0.0257,0.0876,0.0405,0.5866,0.1977,0.0804,0.8709,-0.7401,-0.4958,1.578,2.46,2.502,65.7,Medium Potential Zone,Dense / Moderate Canopy,True
MOIL-GM-02,1000.0,800.0,21.398386,78.991209,0.0934,0.1744,0.2225,0.2237,0.412,0.2335,0.0027,-0.1238,0.2963,2.382,1.764,2.626,91.4,High Potential Exploration Zone,Barren Soil & Country Rock,True
MOIL-GM-02,1000.0,900.0,21.399285,78.991209,0.0365,0.0533,0.0418,0.6595,0.1507,0.0836,0.8808,-0.8505,-0.628,1.144,1.802,1.503,52.5,Medium Potential Zone,Dense / Moderate Canopy,True
MOIL-GM-02,1000.0,1000.0,21.400183,78.991209,0.0221,0.1083,0.0317,0.5208,0.1963,0.1138,0.8854,-0.6558,-0.4525,1.43,1.725,3.797,55.7,Medium Potential Zone,Dense / Moderate Canopy,True
MOIL-GM-02,1000.0,1100.0,21.401081,78.991209,0.0704,0.0713,0.2186,0.1813,0.2927,0.2752,-0.0931,-0.4353,0.2349,3.104,1.064,1.941,92.8,High Potential Exploration Zone,Manganese Gossan / Alteration Outcrop,True
MOIL-GM-02,1000.0,1200.0,21.40198,78.991209,0.0426,0.0878,0.2166,0.15,0.3157,0.1946,-0.1815,-0.2616,0.3558,5.078,1.623,2.51,98.0,High Potential Exploration Zone,Manganese Gossan / Alteration Outcrop,True
MOIL-GM-02,1100.0,-1200.0,21.38042,78.99218,0.0376,0.0664,0.0423,0.5895,0.1925,0.0841,0.8661,-0.7975,-0.5076,1.124,2.289,1.898,51.7,Medium Potential Zone,Dense / Moderate Canopy,True
MOIL-GM-02,1100.0,-1100.0,21.381319,78.99218,0.1225,0.1271,0.2248,0.2596,0.3714,0.2614,0.0719,-0.3426,0.1772,1.835,1.421,1.996,70.7,Medium Potential Zone,Barren Soil & Country Rock,True
MOIL-GM-02,1100.0,-1000.0,21.382217,78.99218,0.0467,0.0991,0.0569,0.6545,0.17,0.0654,0.8401,-0.737,-0.5876,1.218,2.599,2.003,58.4,Medium Potential Zone,Dense / Moderate Canopy,True
MOIL-GM-02,1100.0,-900.0,21.383115,78.99218,0.0395,0.072,0.041,0.585,0.1407,0.1115,0.8689,-0.7809,-0.6122,1.04,1.262,1.994,35.5,Low Potential / Barren,Dense / Moderate Canopy,True
MOIL-GM-02,1100.0,-800.0,21.384014,78.99218,0.0292,0.0535,0.0321,0.5302,0.1348,0.1111,0.8859,-0.8168,-0.5947,1.097,1.213,1.921,35.0,Low Potential / Barren,Dense / Moderate Canopy,True
MOIL-GM-02,1100.0,-700.0,21.384912,78.99218,0.0304,0.0653,0.0636,0.664,0.1584,0.0619,0.8251,-0.821,-0.6147,2.091,2.561,1.264,68.5,Medium Potential Zone,Dense / Moderate Canopy,True
MOIL-GM-02,1100.0,-600.0,21.38581,78.99218,0.0295,0.104,0.0485,0.661,0.1682,0.1148,0.8632,-0.7282,-0.5944,1.646,1.465,2.397,46.0,Medium Potential Zone,Dense / Moderate Canopy,True
MOIL-GM-02,1100.0,-500.0,21.386708,78.99218,0.0278,0.0801,0.034,0.6939,0.1269,0.0513,0.9065,-0.793,-0.6907,1.223,2.475,2.538,55.2,Medium Potential Zone,Dense / Moderate Canopy,True
MOIL-GM-02,1100.0,-400.0,21.387607,78.99218,0.0381,0.0656,0.0528,0.6918,0.1826,0.0819,0.8581,-0.8267,-0.5823,1.387,2.23,1.506,54.9,Medium Potential Zone,Dense / Moderate Canopy,True
MOIL-GM-02,1100.0,-300.0,21.388505,78.99218,0.0901,0.1491,0.197,0.2722,0.3511,0.261,0.1602,-0.2924,0.1265,2.186,1.345,2.046,71.9,Medium Potential Zone,Barren Soil & Country Rock,True
MOIL-GM-02,1100.0,-200.0,21.389403,78.99218,0.0264,0.1097,0.0378,0.5623,0.1411,0.0933,0.8741,-0.6736,-0.5989,1.433,1.512,3.154,44.6,Low Potential / Barren,Dense / Moderate Canopy,True
MOIL-GM-02,1100.0,-100.0,21.390302,78.99218,0.0312,0.0833,0.0468,0.6809,0.1324,0.1055,0.8712,-0.7821,-0.6744,1.5,1.255,1.972,41.9,Low Potential / Barren,Dense / Moderate Canopy,True
MOIL-GM-02,1100.0,0.0,21.3912,78.99218,0.0304,0.1143,0.0371,0.5338,0.1575,0.0953,0.8701,-0.6472,-0.5444,1.218,1.652,3.379,44.9,Low Potential / Barren,Dense / Moderate Canopy,True
MOIL-GM-02,1100.0,100.0,21.392098,78.99218,0.0378,0.1099,0.0662,0.5759,0.1672,0.0675,0.7938,-0.6794,-0.5499,1.751,2.478,1.951,66.0,Medium Potential Zone,Dense / Moderate Canopy,True
MOIL-GM-02,1100.0,200.0,21.392997,78.99218,0.0236,0.0944,0.0657,0.6554,0.1849,0.1087,0.8177,-0.7482,-0.5599,2.784,1.701,1.719,65.8,Medium Potential Zone,Dense / Moderate Canopy,True
MOIL-GM-02,1100.0,300.0,21.393895,78.99218,0.0359,0.0865,0.0343,0.5673,0.1722,0.0829,0.886,-0.7355,-0.5342,0.955,2.078,2.826,48.9,Medium Potential Zone,Dense / Moderate Canopy,True
MOIL-GM-02,1100.0,400.0,21.394793,78.99218,0.0248,0.1056,0.0597,0.6932,0.1573,0.0624,0.8415,-0.7355,-0.63,2.403,2.523,1.998,73.9,Medium Potential Zone,Dense / Moderate Canopy,True
MOIL-GM-02,1100.0,500.0,21.395692,78.99218,0.0377,0.0999,0.0699,0.5025,0.1611,0.0635,0.7559,-0.6684,-0.5145,1.856,2.538,1.75,70.9,Medium Potential Zone,Dense / Moderate Canopy,True
MOIL-GM-02,1100.0,600.0,21.39659,78.99218,0.0205,0.0595,0.0399,0.6583,0.1828,0.0772,0.8857,-0.8343,-0.5652,1.946,2.368,1.768,66.1,Medium Potential Zone,Dense / Moderate Canopy,True
MOIL-GM-02,1100.0,700.0,21.397488,78.99218,0.0993,0.1646,0.1906,0.2663,0.3652,0.3295,0.1657,-0.2359,0.1567,1.919,1.108,2.235,69.1,Medium Potential Zone,Barren Soil & Country Rock,True
MOIL-GM-02,1100.0,800.0,21.398386,78.99218,0.1069,0.1386,0.1973,0.2896,0.3475,0.3201,0.1897,-0.3526,0.0908,1.846,1.085,1.902,68.0,Medium Potential Zone,Barren Soil & Country Rock,True
MOIL-GM-02,1100.0,900.0,21.399285,78.99218,0.0316,0.1048,0.0473,0.5892,0.2195,0.1051,0.8515,-0.6981,-0.4572,1.497,2.089,2.59,60.0,Medium Potential Zone,Dense / Moderate Canopy,True
MOIL-GM-02,1100.0,1000.0,21.400183,78.99218,0.0378,0.0744,0.0697,0.5159,0.2073,0.1138,0.7621,-0.748,-0.4267,1.843,1.822,1.47,63.6,Medium Potential Zone,Dense / Moderate Canopy,True
MOIL-GM-02,1100.0,1100.0,21.401081,78.99218,0.0234,0.1098,0.0566,0.6338,0.1987,0.0843,0.8362,-0.7047,-0.5227,2.414,2.355,2.255,77.0,High Potential Exploration Zone,Dense / Moderate Canopy,True
MOIL-GM-02,1100.0,1200.0,21.40198,78.99218,0.1145,0.1265,0.214,0.2683,0.3503,0.2423,0.1126,-0.3591,0.1326,1.869,1.446,1.897,80.0,High Potential Exploration Zone,Barren Soil & Country Rock,True
MOIL-GM-02,1200.0,-1200.0,21.38042,78.99315,0.1167,0.1595,0.1999,0.2966,0.3589,0.3218,0.1948,-0.3005,0.0951,1.713,1.115,2.008,60.9,Medium Potential Zone,Barren Soil & Country Rock,True
MOIL-GM-02,1200.0,-1100.0,21.381319,78.99315,0.0946,0.1357,0.1624,0.3101,0.4199,0.318,0.3124,-0.3913,0.1505,1.717,1.32,2.189,60.5,Medium Potential Zone,Barren Soil & Country Rock,True
MOIL-GM-02,1200.0,-1000.0,21.382217,78.99315,0.0306,0.1042,0.0504,0.7037,0.148,0.0727,0.8663,-0.742,-0.6525,1.646,2.036,2.278,53.9,Medium Potential Zone,Dense / Moderate Canopy,True
MOIL-GM-02,1200.0,-900.0,21.383115,78.99315,0.0493,0.112,0.0462,0.6762,0.1483,0.0678,0.8721,-0.7159,-0.6402,0.936,2.187,2.644,47.9,Medium Potential Zone,Dense / Moderate Canopy,True
MOIL-GM-02,1200.0,-800.0,21.384014,78.99315,0.0458,0.0568,0.0526,0.6146,0.178,0.0653,0.8423,-0.8307,-0.5509,1.149,2.726,1.37,59.4,Medium Potential Zone,Dense / Moderate Canopy,True
MOIL-GM-02,1200.0,-700.0,21.384912,78.99315,0.1337,0.1545,0.2214,0.2564,0.286,0.2511,0.0733,-0.2482,0.0544,1.656,1.139,1.813,64.6,Medium Potential Zone,Barren Soil & Country Rock,True
MOIL-GM-02,1200.0,-600.0,21.38581,78.99315,0.0847,0.1329,0.2107,0.3018,0.395,0.3325,0.1778,-0.3886,0.1338,2.488,1.188,1.94,71.8,Medium Potential Zone,Barren Soil & Country Rock,True
MOIL-GM-02,1200.0,-500.0,21.386708,78.99315,0.0206,0.0764,0.0345,0.6599,0.132,0.0574,0.9007,-0.7924,-0.6667,1.673,2.299,2.418,57.6,Medium Potential Zone,Dense / Moderate Canopy,True
MOIL-GM-02,1200.0,-400.0,21.387607,78.99315,0.1373,0.1671,0.1867,0.2576,0.2883,0.239,0.1598,-0.2131,0.0562,1.359,1.207,2.014,60.0,Medium Potential Zone,Barren Soil & Country Rock,True
MOIL-GM-02,1200.0,-300.0,21.388505,78.99315,0.1033,0.1572,0.188,0.3155,0.328,0.333,0.2531,-0.3348,0.0195,1.821,0.985,1.876,59.3,Medium Potential Zone,Barren Soil & Country Rock,True
MOIL-GM-02,1200.0,-200.0,21.389403,78.99315,0.047,0.0992,0.0527,0.5875,0.1491,0.0709,0.8352,-0.711,-0.5951,1.122,2.104,2.135,50.8,Medium Potential Zone,Dense / Moderate Canopy,True
MOIL-GM-02,1200.0,-100.0,21.390302,78.99315,0.1031,0.1276,0.191,0.3034,0.4018,0.2971,0.2273,-0.4078,0.1396,1.852,1.352,1.993,66.3,Medium Potential Zone,Barren Soil & Country Rock,True
MOIL-GM-02,1200.0,0.0,21.3912,78.99315,0.0944,0.1367,0.2,0.3176,0.2953,0.2801,0.2273,-0.3983,-0.0365,2.118,1.054,1.613,65.1,Medium Potential Zone,Barren Soil & Country Rock,True
MOIL-GM-02,1200.0,100.0,21.392098,78.99315,0.0274,0.1178,0.044,0.7017,0.1797,0.0503,0.8821,-0.7124,-0.5922,1.606,3.574,2.937,77.6,High Potential Exploration Zone,Dense / Moderate Canopy,True
MOIL-GM-02,1200.0,200.0,21.392997,78.99315,0.0813,0.1429,0.2346,0.2979,0.3668,0.2846,0.1189,-0.3517,0.1037,2.886,1.289,1.84,81.1,High Potential Exploration Zone,Barren Soil & Country Rock,True
MOIL-GM-02,1200.0,300.0,21.393895,78.99315,0.0927,0.1238,0.1752,0.2552,0.3528,0.2445,0.1858,-0.3468,0.1606,1.89,1.443,2.089,70.4,Medium Potential Zone,Barren Soil & Country Rock,True
MOIL-GM-02,1200.0,400.0,21.394793,78.99315,0.0223,0.0566,0.0573,0.6539,0.2172,0.0871,0.8388,-0.8406,-0.5012,2.569,2.493,1.321,74.7,Medium Potential Zone,Dense / Moderate Canopy,True
MOIL-GM-02,1200.0,500.0,21.395692,78.99315,0.1363,0.1788,0.2339,0.3072,0.2909,0.3226,0.1354,-0.2641,-0.0273,1.716,0.902,1.711,62.6,Medium Potential Zone,Barren Soil & Country Rock,True
MOIL-GM-02,1200.0,600.0,21.39659,78.99315,0.0366,0.1041,0.0564,0.5278,0.1788,0.1123,0.8068,-0.6706,-0.494,1.543,1.592,2.183,51.3,Medium Potential Zone,Dense / Moderate Canopy,True
MOIL-GM-02,1200.0,700.0,21.397488,78.99315,0.0377,0.0872,0.0413,0.6238,0.1709,0.0663,0.8758,-0.7547,-0.5698,1.095,2.579,2.386,59.4,Medium Potential Zone,Dense / Moderate Canopy,True
MOIL-GM-02,1200.0,800.0,21.398386,78.99315,0.0485,0.0539,0.0549,0.5621,0.1726,0.0762,0.822,-0.8251,-0.5301,1.132,2.266,1.289,57.3,Medium Potential Zone,Dense / Moderate Canopy,True
MOIL-GM-02,1200.0,900.0,21.399285,78.99315,0.0297,0.0582,0.0421,0.631,0.125,0.0768,0.875,-0.831,-0.6692,1.417,1.628,1.582,50.1,Medium Potential Zone,Dense / Moderate Canopy,True
MOIL-GM-02,1200.0,1000.0,21.400183,78.99315,0.1014,0.1253,0.1872,0.3038,0.3659,0.3019,0.2376,-0.4161,0.0927,1.846,1.212,1.874,68.6,Medium Potential Zone,Barren Soil & Country Rock,True
MOIL-GM-02,1200.0,1100.0,21.401081,78.99315,0.0477,0.0879,0.0342,0.7019,0.1333,0.1199,0.9072,-0.7775,-0.6808,0.717,1.111,2.762,35.0,Low Potential / Barren,Dense / Moderate Canopy,True
MOIL-GM-02,1200.0,1200.0,21.40198,78.99315,0.0222,0.1105,0.0337,0.4971,0.1617,0.0973,0.873,-0.6363,-0.509,1.518,1.662,3.602,54.4,Medium Potential Zone,Dense / Moderate Canopy,True
MOIL-UK-04,-1200.0,-1200.0,21.95722,80.45155,0.1174,0.1668,0.1699,0.2848,0.4142,0.3361,0.2527,-0.2612,0.1852,1.448,1.233,2.437,65.8,Medium Potential Zone,Barren Soil & Country Rock,True
MOIL-UK-04,-1200.0,-1100.0,21.958119,80.45155,0.1256,0.1708,0.2311,0.2524,0.3178,0.2257,0.044,-0.1928,0.1148,1.84,1.408,1.998,78.2,High Potential Exploration Zone,Barren Soil & Country Rock,True
MOIL-UK-04,-1200.0,-1000.0,21.959017,80.45155,0.0874,0.1672,0.1714,0.3019,0.2951,0.2777,0.2756,-0.2872,-0.0114,1.961,1.063,1.953,66.6,Medium Potential Zone,Barren Soil & Country Rock,True
MOIL-UK-04,-1200.0,-900.0,21.959915,80.45155,0.1161,0.1511,0.2079,0.2201,0.2979,0.2821,0.0285,-0.1858,0.1501,1.791,1.056,2.08,71.2,Medium Potential Zone,Barren Soil & Country Rock,True
MOIL-UK-04,-1200.0,-800.0,21.960814,80.45155,0.0846,0.1331,0.2224,0.2742,0.3066,0.2219,0.1043,-0.3465,0.0559,2.629,1.382,1.717,82.7,High Potential Exploration Zone,Barren Soil & Country Rock,True
MOIL-UK-04,-1200.0,-700.0,21.961712,80.45155,0.1014,0.1641,0.2336,0.2572,0.3763,0.2962,0.0482,-0.221,0.188,2.302,1.271,2.166,78.4,High Potential Exploration Zone,Barren Soil & Country Rock,True
MOIL-UK-04,-1200.0,-600.0,21.96261,80.45155,0.022,0.0831,0.0442,0.5986,0.1325,0.1007,0.8626,-0.7561,-0.6374,2.01,1.316,2.104,50.8,Medium Potential Zone,Dense / Moderate Canopy,True
MOIL-UK-04,-1200.0,-500.0,21.963508,80.45155,0.0317,0.0623,0.0549,0.7081,0.1901,0.0586,0.856,-0.8383,-0.5768,1.736,3.241,1.402,76.2,High Potential Exploration Zone,Dense / Moderate Canopy,True
MOIL-UK-04,-1200.0,-400.0,21.964407,80.45155,0.1349,0.1581,0.1718,0.2925,0.3295,0.2787,0.26,-0.2983,0.0595,1.273,1.182,2.047,57.5,Medium Potential Zone,Barren Soil & Country Rock,True
MOIL-UK-04,-1200.0,-300.0,21.965305,80.45155,0.0418,0.0653,0.0455,0.651,0.1905,0.0641,0.8693,-0.8178,-0.5473,1.09,2.971,1.726,63.6,Medium Potential Zone,Dense / Moderate Canopy,True
MOIL-UK-04,-1200.0,-200.0,21.966203,80.45155,0.0809,0.1518,0.1825,0.2212,0.3395,0.3312,0.0959,-0.186,0.211,2.257,1.025,2.367,70.7,Medium Potential Zone,Barren Soil & Country Rock,True
MOIL-UK-04,-1200.0,-100.0,21.967102,80.45155,0.0312,0.0814,0.0397,0.4684,0.1894,0.106,0.8437,-0.7038,-0.4242,1.274,1.787,2.455,48.2,Medium Potential Zone,Dense / Moderate Canopy,True
MOIL-UK-04,-1200.0,0.0,21.968,80.45155,0.0481,0.1141,0.0311,0.7141,0.158,0.112,0.9165,-0.7244,-0.6377,0.647,1.41,3.891,32.9,Low Potential / Barren,Dense / Moderate Canopy,True
MOIL-UK-04,-1200.0,100.0,21.968898,80.45155,0.0327,0.0508,0.0321,0.6312,0.2138,0.0657,0.9032,-0.8511,-0.4941,0.983,3.253,1.921,64.6,Medium Potential Zone,Dense / Moderate Canopy,True
MOIL-UK-04,-1200.0,200.0,21.969797,80.45155,0.0928,0.1327,0.1835,0.2295,0.313,0.3306,0.1115,-0.2671,0.1539,1.976,0.947,2.087,64.9,Medium Potential Zone,Barren Soil & Country Rock,True
MOIL-UK-04,-1200.0,300.0,21.970695,80.45155,0.0295,0.1198,0.0419,0.6449,0.1844,0.0545,0.8779,-0.6867,-0.5553,1.422,3.382,3.142,71.9,Medium Potential Zone,Dense / Moderate Canopy,True
MOIL-UK-04,-1200.0,400.0,21.971593,80.45155,0.1371,0.1231,0.174,0.3171,0.2856,0.2736,0.2914,-0.4409,-0.0523,1.269,1.044,1.608,52.5,Medium Potential Zone,Barren Soil & Country Rock,True
MOIL-UK-04,-1200.0,500.0,21.972492,80.45155,0.0483,0.1186,0.0493,0.4733,0.1973,0.0996,0.8115,-0.5994,-0.4117,1.02,1.98,2.824,48.0,Medium Potential Zone,Dense / Moderate Canopy,True
MOIL-UK-04,-1200.0,600.0,21.97339,80.45155,0.0466,0.1138,0.0573,0.4803,0.1296,0.0786,0.7867,-0.6169,-0.5751,1.229,1.648,2.255,46.0,Medium Potential Zone,Dense / Moderate Canopy,True
MOIL-UK-04,-1200.0,700.0,21.974288,80.45155,0.088,0.1567,0.2147,0.2898,0.3045,0.2567,0.1489,-0.2982,0.0248,2.44,1.186,1.781,72.0,Medium Potential Zone,Barren Soil & Country Rock,True
MOIL-UK-04,-1200.0,800.0,21.975186,80.45155,0.1161,0.154,0.2003,0.2496,0.3132,0.3268,0.1097,-0.2368,0.113,1.725,0.958,2.024,61.5,Medium Potential Zone,Barren Soil & Country Rock,True
MOIL-UK-04,-1200.0,900.0,21.976085,80.45155,0.1194,0.1212,0.1755,0.2489,0.4041,0.2365,0.173,-0.3452,0.2376,1.47,1.708,2.314,67.8,Medium Potential Zone,Barren Soil & Country Rock,True
MOIL-UK-04,-1200.0,1000.0,21.976983,80.45155,0.0445,0.0975,0.0465,0.6944,0.1728,0.076,0.8746,-0.7537,-0.6015,1.045,2.274,2.348,50.4,Medium Potential Zone,Dense / Moderate Canopy,True
MOIL-UK-04,-1200.0,1100.0,21.977881,80.45155,0.027,0.0691,0.0668,0.6644,0.1714,0.0792,0.8173,-0.8116,-0.5899,2.476,2.165,1.293,66.7,Medium Potential Zone,Dense / Moderate Canopy,True
MOIL-UK-04,-1200.0,1200.0,21.97878,80.45155,0.0371,0.0791,0.0506,0.5128,0.1402,0.1192,0.8203,-0.7329,-0.5706,1.364,1.176,1.835,39.0,Low Potential / Barren,Dense / Moderate Canopy,True
MOIL-UK-04,-1100.0,-1200.0,21.95722,80.45252,0.0326,0.0861,0.0631,0.646,0.13,0.0762,0.8221,-0.7649,-0.665,1.934,1.705,1.565,63.4,Medium Potential Zone,Dense / Moderate Canopy,True
MOIL-UK-04,-1100.0,-1100.0,21.958119,80.45252,0.1396,0.1649,0.1638,0.31,0.4099,0.26,0.3085,-0.3055,0.1388,1.174,1.577,2.329,66.9,Medium Potential Zone,Barren Soil & Country Rock,True
MOIL-UK-04,-1100.0,-1000.0,21.959017,80.45252,0.0405,0.1011,0.0577,0.6011,0.2154,0.0859,0.8247,-0.7121,-0.4724,1.427,2.508,2.109,67.3,Medium Potential Zone,Dense / Moderate Canopy,True
MOIL-UK-04,-1100.0,-900.0,21.959915,80.45252,0.0848,0.1211,0.1942,0.2473,0.4053,0.3241,0.1202,-0.3426,0.2421,2.29,1.251,2.262,78.4,High Potential Exploration Zone,Barren Soil & Country Rock,True
MOIL-UK-04,-1100.0,-800.0,21.960814,80.45252,0.046,0.0708,0.047,0.5342,0.1286,0.1147,0.8381,-0.7658,-0.6119,1.022,1.121,1.746,39.6,Low Potential / Barren,Dense / Moderate Canopy,True
MOIL-UK-04,-1100.0,-700.0,21.961712,80.45252,0.024,0.0644,0.048,0.464,0.1472,0.0992,0.8124,-0.7562,-0.5183,2.003,1.483,1.659,56.3,Medium Potential Zone,Dense / Moderate Canopy,True
MOIL-UK-04,-1100.0,-600.0,21.96261,80.45252,0.0479,0.0864,0.0425,0.6986,0.1987,0.0911,0.8853,-0.7799,-0.5572,0.888,2.181,2.318,51.2,Medium Potential Zone,Dense / Moderate Canopy,True
MOIL-UK-04,-1100.0,-500.0,21.963508,80.45252,0.0338,0.0579,0.0675,0.5942,0.1895,0.0775,0.7959,-0.8225,-0.5163,2.0,2.447,1.176,70.0,Medium Potential Zone,Dense / Moderate Canopy,True
MOIL-UK-04,-1100.0,-400.0,21.964407,80.45252,0.0963,0.1226,0.167,0.2405,0.3585,0.3391,0.1803,-0.3246,0.1971,1.734,1.057,2.225,64.1,Medium Potential Zone,Barren Soil & Country Rock,True
MOIL-UK-04,-1100.0,-300.0,21.965305,80.45252,0.0226,0.109,0.0515,0.6283,0.133,0.0777,0.8486,-0.7044,-0.6506,2.279,1.712,2.329,59.6,Medium Potential Zone,Dense / Moderate Canopy,True
MOIL-UK-04,-1100.0,-200.0,21.966203,80.45252,0.0328,0.0589,0.0424,0.5098,0.1887,0.1138,0.8463,-0.7929,-0.4597,1.296,1.658,1.758,47.3,Medium Potential Zone,Dense / Moderate Canopy,True
MOIL-UK-04,-1100.0,-100.0,21.967102,80.45252,0.0453,0.1064,0.0306,0.4836,0.1623,0.0578,0.881,-0.6393,-0.4973,0.675,2.806,3.815,56.0,Medium Potential Zone,Dense / Moderate Canopy,True
MOIL-UK-04,-1100.0,0.0,21.968,80.45252,0.0221,0.0791,0.0457,0.5967,0.1829,0.1163,0.8578,-0.7658,-0.5307,2.067,1.573,2.039,53.8,Medium Potential Zone,Dense / Moderate Canopy,True
MOIL-UK-04,-1100.0,100.0,21.968898,80.45252,0.12,0.1221,0.1601,0.2225,0.3428,0.2866,0.1632,-0.2914,0.2128,1.334,1.196,2.303,60.3,Medium Potential Zone,Barren Soil & Country Rock,True
MOIL-UK-04,-1100.0,200.0,21.969797,80.45252,0.1038,0.1225,0.2123,0.2831,0.3898,0.2856,0.143,-0.3962,0.1585,2.045,1.365,1.954,71.4,Medium Potential Zone,Barren Soil & Country Rock,True
MOIL-UK-04,-1100.0,300.0,21.970695,80.45252,0.0284,0.056,0.0595,0.6152,0.2138,0.1192,0.8236,-0.8332,-0.4841,2.096,1.793,1.289,57.7,Medium Potential Zone,Dense / Moderate Canopy,True
MOIL-UK-04,-1100.0,400.0,21.971593,80.45252,0.0496,0.0953,0.0337,0.4743,0.2007,0.0666,0.8674,-0.6653,-0.4053,0.679,3.015,3.254,58.4,Medium Potential Zone,Dense / Moderate Canopy,True
MOIL-UK-04,-1100.0,500.0,21.972492,80.45252,0.1083,0.1389,0.2071,0.28,0.3754,0.2892,0.1498,-0.3369,0.1455,1.911,1.298,2.011,68.1,Medium Potential Zone,Barren Soil & Country Rock,True
MOIL-UK-04,-1100.0,600.0,21.97339,80.45252,0.0814,0.1743,0.1862,0.2707,0.358,0.2578,0.1851,-0.2166,0.1388,2.286,1.389,2.259,72.5,Medium Potential Zone,Barren Soil & Country Rock,True
MOIL-UK-04,-1100.0,700.0,21.974288,80.45252,0.0957,0.1346,0.1624,0.3158,0.3633,0.233,0.3207,-0.4023,0.07,1.698,1.56,1.979,64.1,Medium Potential Zone,Barren Soil & Country Rock,True
MOIL-UK-04,-1100.0,800.0,21.975186,80.45252,0.027,0.0717,0.062,0.6892,0.19,0.1153,0.8348,-0.8114,-0.5678,2.301,1.648,1.432,56.8,Medium Potential Zone,Dense / Moderate Canopy,True
MOIL-UK-04,-1100.0,900.0,21.976085,80.45252,0.0365,0.1135,0.0518,0.4782,0.2029,0.0592,0.8045,-0.6162,-0.4041,1.418,3.429,2.617,74.3,Medium Potential Zone,Dense / Moderate Canopy,True
MOIL-UK-04,-1100.0,1000.0,21.976983,80.45252,0.1028,0.1684,0.1667,0.2645,0.3411,0.2899,0.2268,-0.2219,0.1266,1.622,1.177,2.3,60.0,Medium Potential Zone,Barren Soil & Country Rock,True
MOIL-UK-04,-1100.0,1100.0,21.977881,80.45252,0.1146,0.1792,0.1657,0.3075,0.3232,0.2759,0.2995,-0.2637,0.025,1.446,1.172,2.132,55.7,Medium Potential Zone,Barren Soil & Country Rock,True
MOIL-UK-04,-1100.0,1200.0,21.97878,80.45252,0.0473,0.0506,0.0565,0.4688,0.1726,0.1025,0.7849,-0.805,-0.4619,1.194,1.684,1.265,45.9,Medium Potential Zone,Dense / Moderate Canopy,True
MOIL-UK-04,-1000.0,-1200.0,21.95722,80.453491,0.0468,0.0982,0.151,0.2011,0.3321,0.2514,0.1423,-0.3438,0.2458,3.227,1.321,2.302,95.3,High Potential Exploration Zone,Manganese Gossan / Alteration Outcrop,True
MOIL-UK-04,-1000.0,-1100.0,21.958119,80.453491,0.0407,0.0676,0.2056,0.234,0.3189,0.2457,0.0645,-0.5516,0.1536,5.047,1.298,1.692,98.0,High Potential Exploration Zone,Manganese Gossan / Alteration Outcrop,True
MOIL-UK-04,-1000.0,-1000.0,21.959017,80.453491,0.0322,0.073,0.0607,0.4576,0.2085,0.0809,0.7657,-0.725,-0.3739,1.887,2.579,1.657,77.3,High Potential Exploration Zone,Dense / Moderate Canopy,True
MOIL-UK-04,-1000.0,-900.0,21.959915,80.453491,0.039,0.0692,0.0539,0.6371,0.1318,0.0864,0.844,-0.804,-0.6572,1.381,1.525,1.491,52.2,Medium Potential Zone,Dense / Moderate Canopy,True
MOIL-UK-04,-1000.0,-800.0,21.960814,80.453491,0.1134,0.1213,0.2194,0.2368,0.3765,0.3123,0.0382,-0.3227,0.2277,1.934,1.206,2.142,76.8,High Potential Exploration Zone,Barren Soil & Country Rock,True
MOIL-UK-04,-1000.0,-700.0,21.961712,80.453491,0.0445,0.0715,0.0687,0.4564,0.1681,0.0689,0.7384,-0.729,-0.4616,1.543,2.439,1.41,68.9,Medium Potential Zone,Dense / Moderate Canopy,True
MOIL-UK-04,-1000.0,-600.0,21.96261,80.453491,0.0442,0.1076,0.0419,0.524,0.1877,0.115,0.852,-0.6594,-0.4726,0.948,1.633,2.927,45.8,Medium Potential Zone,Dense / Moderate Canopy,True
MOIL-UK-04,-1000.0,-500.0,21.963508,80.453491,0.1346,0.1555,0.219,0.264,0.393,0.3365,0.0931,-0.2587,0.1963,1.627,1.168,2.198,68.7,Medium Potential Zone,Barren Soil & Country Rock,True
MOIL-UK-04,-1000.0,-400.0,21.964407,80.453491,0.1031,0.1717,0.1741,0.2613,0.3033,0.2978,0.2002,-0.2068,0.0743,1.688,1.018,2.147,63.3,Medium Potential Zone,Barren Soil & Country Rock,True
MOIL-UK-04,-1000.0,-300.0,21.965305,80.453491,0.1028,0.1495,0.1838,0.288,0.2956,0.3256,0.2209,-0.3167,0.013,1.787,0.908,1.84,61.6,Medium Potential Zone,Barren Soil & Country Rock,True
MOIL-UK-04,-1000.0,-200.0,21.966203,80.453491,0.0372,0.0935,0.0324,0.6544,0.2146,0.0864,0.9057,-0.7498,-0.5061,0.871,2.484,3.216,53.7,Medium Potential Zone,Dense / Moderate Canopy,True
MOIL-UK-04,-1000.0,-100.0,21.967102,80.453491,0.1271,0.1632,0.2121,0.3165,0.3614,0.2498,0.1976,-0.3196,0.0662,1.669,1.447,1.912,68.1,Medium Potential Zone,Barren Soil & Country Rock,True
MOIL-UK-04,-1000.0,0.0,21.968,80.453491,0.1072,0.1591,0.1738,0.2226,0.4073,0.2562,0.1231,-0.1662,0.2932,1.621,1.589,2.746,71.5,Medium Potential Zone,Barren Soil & Country Rock,True
MOIL-UK-04,-1000.0,100.0,21.968898,80.453491,0.0227,0.0767,0.047,0.6937,0.2065,0.0632,0.8732,-0.8009,-0.5412,2.065,3.267,1.932,78.9,High Potential Exploration Zone,Dense / Moderate Canopy,True
MOIL-UK-04,-1000.0,200.0,21.969797,80.453491,0.0419,0.0704,0.0458,0.7159,0.196,0.0806,0.8798,-0.8209,-0.5702,1.092,2.431,1.812,54.8,Medium Potential Zone,Dense / Moderate Canopy,True
MOIL-UK-04,-1000.0,300.0,21.970695,80.453491,0.0388,0.0849,0.0465,0.547,0.1369,0.1182,0.8434,-0.7312,-0.5997,1.198,1.159,2.078,37.7,Low Potential / Barren,Dense / Moderate Canopy,True
MOIL-UK-04,-1000.0,400.0,21.971593,80.453491,0.1161,0.1776,0.19,0.2452,0.4138,0.3162,0.1269,-0.16,0.2557,1.637,1.309,2.622,66.3,Medium Potential Zone,Barren Soil & Country Rock,True
MOIL-UK-04,-1000.0,500.0,21.972492,80.453491,0.0384,0.0752,0.0557,0.6458,0.1232,0.0582,0.8413,-0.7914,-0.6796,1.451,2.115,1.542,54.6,Medium Potential Zone,Dense / Moderate Canopy,True
MOIL-UK-04,-1000.0,600.0,21.97339,80.453491,0.0994,0.174,0.2148,0.2574,0.3933,0.2588,0.0902,-0.1931,0.2089,2.161,1.52,2.339,76.1,High Potential Exploration Zone,Barren Soil & Country Rock,True
MOIL-UK-04,-1000.0,700.0,21.974288,80.453491,0.0434,0.1066,0.0404,0.4892,0.159,0.0734,0.8473,-0.6422,-0.5095,0.931,2.166,2.961,48.9,Medium Potential Zone,Dense / Moderate Canopy,True
MOIL-UK-04,-1000.0,800.0,21.975186,80.453491,0.0252,0.0869,0.0551,0.554,0.1401,0.1127,0.819,-0.7288,-0.5964,2.185,1.243,1.83,50.1,Medium Potential Zone,Dense / Moderate Canopy,True
MOIL-UK-04,-1000.0,900.0,21.976085,80.453491,0.0982,0.1654,0.2084,0.2931,0.3932,0.3274,0.1688,-0.2785,0.1459,2.122,1.201,2.135,68.1,Medium Potential Zone,Barren Soil & Country Rock,True
MOIL-UK-04,-1000.0,1000.0,21.976983,80.453491,0.1085,0.1613,0.2236,0.2778,0.3519,0.303,0.1081,-0.2653,0.1177,2.061,1.161,1.988,68.6,Medium Potential Zone,Barren Soil & Country Rock,True
MOIL-UK-04,-1000.0,1100.0,21.977881,80.453491,0.1336,0.1327,0.2307,0.2844,0.3641,0.2764,0.1041,-0.3635,0.123,1.727,1.317,1.856,67.1,Medium Potential Zone,Barren Soil & Country Rock,True
MOIL-UK-04,-1000.0,1200.0,21.97878,80.453491,0.1319,0.1232,0.1816,0.231,0.295,0.2669,0.1197,-0.3045,0.1217,1.377,1.105,1.955,59.4,Medium Potential Zone,Barren Soil & Country Rock,True
MOIL-UK-04,-900.0,-1200.0,21.95722,80.454462,0.0464,0.0891,0.1827,0.2282,0.282,0.214,0.1107,-0.4385,0.1053,3.936,1.317,1.723,98.0,High Potential Exploration Zone,Manganese Gossan / Alteration Outcrop,True
MOIL-UK-04,-900.0,-1100.0,21.958119,80.454462,0.0499,0.0991,0.1628,0.1952,0.2924,0.1972,0.0906,-0.3267,0.1993,3.266,1.483,2.107,98.0,High Potential Exploration Zone,Manganese Gossan / Alteration Outcrop,True
MOIL-UK-04,-900.0,-1000.0,21.959017,80.454462,0.0441,0.1034,0.1465,0.2342,0.3726,0.2327,0.2301,-0.3873,0.2282,3.323,1.601,2.297,97.5,High Potential Exploration Zone,Manganese Gossan / Alteration Outcrop,True
MOIL-UK-04,-900.0,-900.0,21.959915,80.454462,0.0209,0.0564,0.0397,0.5065,0.1453,0.0817,0.8545,-0.7996,-0.5542,1.905,1.779,1.707,63.8,Medium Potential Zone,Dense / Moderate Canopy,True
MOIL-UK-04,-900.0,-800.0,21.960814,80.454462,0.1133,0.1386,0.1657,0.2953,0.3715,0.3152,0.2811,-0.3613,0.1142,1.462,1.179,2.094,65.6,Medium Potential Zone,Barren Soil & Country Rock,True
MOIL-UK-04,-900.0,-700.0,21.961712,80.454462,0.0376,0.1051,0.038,0.5608,0.173,0.0879,0.8732,-0.6844,-0.5285,1.01,1.969,3.076,53.4,Medium Potential Zone,Dense / Moderate Canopy,True
MOIL-UK-04,-900.0,-600.0,21.96261,80.454462,0.0439,0.0967,0.0319,0.5448,0.1772,0.0856,0.8894,-0.6986,-0.5091,0.727,2.072,3.357,50.2,Medium Potential Zone,Dense / Moderate Canopy,True
MOIL-UK-04,-900.0,-500.0,21.963508,80.454462,0.1388,0.1774,0.2219,0.2255,0.3402,0.2692,0.0081,-0.1196,0.2027,1.598,1.264,2.308,73.6,Medium Potential Zone,Barren Soil & Country Rock,True
MOIL-UK-04,-900.0,-400.0,21.964407,80.454462,0.0217,0.0797,0.0603,0.7195,0.1795,0.1158,0.8453,-0.8006,-0.6006,2.782,1.55,1.57,65.6,Medium Potential Zone,Dense / Moderate Canopy,True
MOIL-UK-04,-900.0,-300.0,21.965305,80.454462,0.033,0.0968,0.0385,0.5784,0.1278,0.052,0.8751,-0.7133,-0.638,1.166,2.457,2.734,59.1,Medium Potential Zone,Dense / Moderate Canopy,True
MOIL-UK-04,-900.0,-200.0,21.966203,80.454462,0.0458,0.0718,0.0483,0.5833,0.1721,0.0594,0.8471,-0.7807,-0.5444,1.055,2.896,1.783,64.7,Medium Potential Zone,Dense / Moderate Canopy,True
MOIL-UK-04,-900.0,-100.0,21.967102,80.454462,0.0304,0.0522,0.0571,0.6741,0.2118,0.0972,0.8439,-0.8562,-0.5218,1.875,2.179,1.229,62.8,Medium Potential Zone,Dense / Moderate Canopy,True
MOIL-UK-04,-900.0,0.0,21.968,80.454462,0.1154,0.1747,0.188,0.3153,0.2937,0.3074,0.2529,-0.287,-0.0356,1.63,0.955,1.86,58.9,Medium Potential Zone,Barren Soil & Country Rock,True
MOIL-UK-04,-900.0,100.0,21.968898,80.454462,0.1279,0.1259,0.1861,0.2977,0.3444,0.3259,0.2308,-0.4057,0.0728,1.454,1.057,1.833,58.7,Medium Potential Zone,Barren Soil & Country Rock,True
MOIL-UK-04,-900.0,200.0,21.969797,80.454462,0.0498,0.0513,0.0578,0.6973,0.1736,0.1192,0.8468,-0.8629,-0.6013,1.16,1.456,1.136,42.5,Low Potential / Barren,Dense / Moderate Canopy,True
MOIL-UK-04,-900.0,300.0,21.970695,80.454462,0.0329,0.0861,0.0651,0.7085,0.1756,0.0715,0.8317,-0.7834,-0.6028,1.98,2.456,1.57,67.0,Medium Potential Zone,Dense / Moderate Canopy,True
MOIL-UK-04,-900.0,400.0,21.971593,80.454462,0.1086,0.1378,0.1937,0.3034,0.3461,0.2969,0.2208,-0.3755,0.0656,1.783,1.166,1.852,63.4,Medium Potential Zone,Barren Soil & Country Rock,True
MOIL-UK-04,-900.0,500.0,21.972492,80.454462,0.1257,0.149,0.1889,0.2811,0.2943,0.2697,0.1962,-0.3072,0.0229,1.502,1.091,1.836,59.6,Medium Potential Zone,Barren Soil & Country Rock,True
MOIL-UK-04,-900.0,600.0,21.97339,80.454462,0.0279,0.114,0.0541,0.596,0.16,0.1019,0.8334,-0.6789,-0.5768,1.943,1.569,2.374,52.4,Medium Potential Zone,Dense / Moderate Canopy,True
MOIL-UK-04,-900.0,700.0,21.974288,80.454462,0.0439,0.0732,0.0581,0.7047,0.148,0.1187,0.8477,-0.8118,-0.6529,1.323,1.247,1.471,39.9,Low Potential / Barren,Dense / Moderate Canopy,True
MOIL-UK-04,-900.0,800.0,21.975186,80.454462,0.0212,0.075,0.036,0.5322,0.1296,0.0625,0.8733,-0.7528,-0.6083,1.701,2.074,2.329,55.7,Medium Potential Zone,Dense / Moderate Canopy,True
MOIL-UK-04,-900.0,900.0,21.976085,80.454462,0.0826,0.1378,0.2353,0.3149,0.3985,0.2215,0.1448,-0.3913,0.1172,2.848,1.8,1.851,86.4,High Potential Exploration Zone,Barren Soil & Country Rock,True
MOIL-UK-04,-900.0,1000.0,21.976983,80.454462,0.0806,0.142,0.2384,0.3097,0.3151,0.2692,0.13,-0.3712,0.0086,2.957,1.17,1.613,78.5,High Potential Exploration Zone,Barren Soil & Country Rock,True
MOIL-UK-04,-900.0,1100.0,21.977881,80.454462,0.0428,0.0593,0.0343,0.5968,0.1302,0.1078,0.8913,-0.8193,-0.6418,0.802,1.208,1.946,31.5,Low Potential / Barren,Dense / Moderate Canopy,True
MOIL-UK-04,-900.0,1200.0,21.97878,80.454462,0.0913,0.1311,0.1636,0.2842,0.303,0.248,0.2692,-0.3685,0.0321,1.792,1.222,1.868,61.5,Medium Potential Zone,Barren Soil & Country Rock,True
MOIL-UK-04,-800.0,-1200.0,21.95722,80.455433,0.0701,0.0629,0.1403,0.1549,0.2407,0.2393,0.0497,-0.4227,0.2167,2.002,1.006,2.002,86.3,High Potential Exploration Zone,Manganese Gossan / Alteration Outcrop,True
MOIL-UK-04,-800.0,-1100.0,21.958119,80.455433,0.0476,0.0916,0.1702,0.2068,0.3774,0.2042,0.0971,-0.3858,0.2921,3.575,1.848,2.364,98.0,High Potential Exploration Zone,Manganese Gossan / Alteration Outcrop,True
MOIL-UK-04,-800.0,-1000.0,21.959017,80.455433,0.0666,0.1017,0.2157,0.2022,0.2583,0.1859,-0.0323,-0.3309,0.1218,3.238,1.389,1.749,98.0,High Potential Exploration Zone,Manganese Gossan / Alteration Outcrop,True
MOIL-UK-04,-800.0,-900.0,21.959915,80.455433,0.0511,0.1064,0.1737,0.1979,0.3255,0.2165,0.0652,-0.3007,0.2437,3.396,1.503,2.257,98.0,High Potential Exploration Zone,Manganese Gossan / Alteration Outcrop,True
MOIL-UK-04,-800.0,-800.0,21.960814,80.455433,0.0473,0.1077,0.1955,0.1911,0.2927,0.2331,-0.0115,-0.2791,0.2101,4.137,1.256,2.083,98.0,High Potential Exploration Zone,Manganese Gossan / Alteration Outcrop,True
MOIL-UK-04,-800.0,-700.0,21.961712,80.455433,0.0948,0.135,0.1956,0.2436,0.306,0.3119,0.1093,-0.2868,0.1134,2.063,0.981,1.946,75.6,High Potential Exploration Zone,Barren Soil & Country Rock,True
MOIL-UK-04,-800.0,-600.0,21.96261,80.455433,0.022,0.0647,0.0609,0.6703,0.17,0.0986,0.8333,-0.824,-0.5953,2.769,1.724,1.315,71.9,Medium Potential Zone,Dense / Moderate Canopy,True
MOIL-UK-04,-800.0,-500.0,21.963508,80.455433,0.131,0.17,0.2155,0.3116,0.2867,0.2477,0.1824,-0.2942,-0.0417,1.645,1.157,1.709,69.0,Medium Potential Zone,Barren Soil & Country Rock,True
MOIL-UK-04,-800.0,-400.0,21.964407,80.455433,0.0895,0.1689,0.2206,0.2973,0.3208,0.3115,0.1482,-0.2755,0.0379,2.464,1.03,1.845,76.5,High Potential Exploration Zone,Barren Soil & Country Rock,True
MOIL-UK-04,-800.0,-300.0,21.965305,80.455433,0.0864,0.155,0.1639,0.3139,0.326,0.2772,0.3139,-0.3387,0.019,1.897,1.176,1.985,66.3,Medium Potential Zone,Barren Soil & Country Rock,True
MOIL-UK-04,-800.0,-200.0,21.966203,80.455433,0.032,0.0801,0.0439,0.545,0.1668,0.1162,0.8508,-0.7436,-0.5313,1.372,1.435,2.131,47.4,Medium Potential Zone,Dense / Moderate Canopy,True
MOIL-UK-04,-800.0,-100.0,21.967102,80.455433,0.0364,0.0819,0.0623,0.6339,0.2082,0.1011,0.8209,-0.7711,-0.5056,1.714,2.058,1.643,60.8,Medium Potential Zone,Dense / Moderate Canopy,True
MOIL-UK-04,-800.0,0.0,21.968,80.455433,0.0466,0.1099,0.0457,0.5543,0.1941,0.0559,0.8478,-0.6691,-0.4812,0.98,3.475,2.756,72.3,Medium Potential Zone,Dense / Moderate Canopy,True
MOIL-UK-04,-800.0,100.0,21.968898,80.455433,0.1359,0.147,0.1816,0.2676,0.3204,0.3122,0.1916,-0.2909,0.0897,1.336,1.026,2.007,58.8,Medium Potential Zone,Barren Soil & Country Rock,True
MOIL-UK-04,-800.0,200.0,21.969797,80.455433,0.0435,0.0604,0.0434,0.5078,0.1243,0.1017,0.8424,-0.7873,-0.6067,0.999,1.222,1.636,37.9,Low Potential / Barren,Dense / Moderate Canopy,True
MOIL-UK-04,-800.0,300.0,21.970695,80.455433,0.0283,0.0715,0.0354,0.6732,0.1344,0.0737,0.9001,-0.8079,-0.6672,1.251,1.824,2.22,47.7,Medium Potential Zone,Dense / Moderate Canopy,True
MOIL-UK-04,-800.0,400.0,21.971593,80.455433,0.1062,0.1413,0.2175,0.2915,0.2854,0.2339,0.1454,-0.3471,-0.0106,2.049,1.22,1.629,70.0,Medium Potential Zone,Barren Soil & Country Rock,True
MOIL-UK-04,-800.0,500.0,21.972492,80.455433,0.0438,0.0773,0.0367,0.5204,0.1858,0.1162,0.8684,-0.7415,-0.4738,0.838,1.599,2.465,39.9,Low Potential / Barren,Dense / Moderate Canopy,True
MOIL-UK-04,-800.0,600.0,21.97339,80.455433,0.0208,0.0956,0.0678,0.5468,0.2134,0.0969,0.7794,-0.7025,-0.4387,3.26,2.201,1.8,79.0,High Potential Exploration Zone,Dense / Moderate Canopy,True
MOIL-UK-04,-800.0,700.0,21.974288,80.455433,0.0887,0.1306,0.2159,0.279,0.3438,0.2516,0.1273,-0.3623,0.1041,2.434,1.366,1.837,76.3,High Potential Exploration Zone,Barren Soil & Country Rock,True
MOIL-UK-04,-800.0,800.0,21.975186,80.455433,0.0264,0.0699,0.0322,0.5243,0.2123,0.0631,0.8843,-0.7649,-0.4236,1.219,3.363,2.574,69.5,Medium Potential Zone,Dense / Moderate Canopy,True
MOIL-UK-04,-800.0,900.0,21.976085,80.455433,0.116,0.154,0.1741,0.2354,0.2964,0.3233,0.1498,-0.209,0.1146,1.501,0.917,2.144,57.8,Medium Potential Zone,Barren Soil & Country Rock,True
MOIL-UK-04,-800.0,1000.0,21.976983,80.455433,0.0486,0.0616,0.0484,0.6506,0.1414,0.0979,0.8615,-0.827,-0.643,0.996,1.443,1.49,38.5,Low Potential / Barren,Dense / Moderate Canopy,True
MOIL-UK-04,-800.0,1100.0,21.977881,80.455433,0.0329,0.0951,0.0487,0.6714,0.2131,0.0912,0.8647,-0.7517,-0.5182,1.479,2.336,2.271,57.1,Medium Potential Zone,Dense / Moderate Canopy,True
MOIL-UK-04,-800.0,1200.0,21.97878,80.455433,0.1266,0.1302,0.1676,0.2719,0.3705,0.3202,0.2373,-0.3523,0.1536,1.324,1.157,2.14,56.4,Medium Potential Zone,Barren Soil & Country Rock,True
MOIL-UK-04,-700.0,-1200.0,21.95722,80.456404,0.0782,0.1037,0.2189,0.1876,0.2843,0.2306,-0.077,-0.2881,0.205,2.799,1.233,1.989,98.0,High Potential Exploration Zone,Manganese Gossan / Alteration Outcrop,True
MOIL-UK-04,-700.0,-1100.0,21.958119,80.456404,0.0658,0.0854,0.1834,0.2287,0.2632,0.1932,0.1098,-0.4563,0.0702,2.789,1.362,1.616,98.0,High Potential Exploration Zone,Manganese Gossan / Alteration Outcrop,True
MOIL-UK-04,-700.0,-1000.0,21.959017,80.456404,0.0599,0.1091,0.1259,0.2387,0.3755,0.2122,0.3093,-0.3726,0.2228,2.1,1.77,2.44,90.4,High Potential Exploration Zone,Manganese Gossan / Alteration Outcrop,True
MOIL-UK-04,-700.0,-900.0,21.959915,80.456404,0.0756,0.0604,0.1654,0.1802,0.3664,0.232,0.0428,-0.498,0.3406,2.187,1.58,2.398,94.3,High Potential Exploration Zone,Manganese Gossan / Alteration Outcrop,True
MOIL-UK-04,-700.0,-800.0,21.960814,80.456404,0.0567,0.092,0.1576,0.1937,0.3738,0.2023,0.1027,-0.356,0.3174,2.778,1.848,2.514,98.0,High Potential Exploration Zone,Manganese Gossan / Alteration Outcrop,True
MOIL-UK-04,-700.0,-700.0,21.961712,80.456404,0.0584,0.0608,0.2042,0.1492,0.2533,0.2771,-0.1557,-0.4212,0.2586,3.5,0.914,1.995,96.9,High Potential Exploration Zone,Manganese Gossan / Alteration Outcrop,True
MOIL-UK-04,-700.0,-600.0,21.96261,80.456404,0.0564,0.0944,0.2058,0.1774,0.2766,0.1986,-0.0739,-0.3057,0.2184,3.65,1.393,2.017,98.0,High Potential Exploration Zone,Manganese Gossan / Alteration Outcrop,True
MOIL-UK-04,-700.0,-500.0,21.963508,80.456404,0.0276,0.0944,0.0427,0.5439,0.1449,0.0793,0.8545,-0.7042,-0.5792,1.548,1.828,2.478,59.7,Medium Potential Zone,Dense / Moderate Canopy,True
MOIL-UK-04,-700.0,-400.0,21.964407,80.456404,0.0992,0.1667,0.1772,0.3147,0.349,0.2328,0.2794,-0.3075,0.0517,1.787,1.499,2.049,73.6,Medium Potential Zone,Barren Soil & Country Rock,True
MOIL-UK-04,-700.0,-300.0,21.965305,80.456404,0.0337,0.089,0.0374,0.54,0.1904,0.0587,0.8704,-0.717,-0.4787,1.11,3.244,2.731,73.2,Medium Potential Zone,Dense / Moderate Canopy,True
MOIL-UK-04,-700.0,-200.0,21.966203,80.456404,0.0408,0.0501,0.0635,0.4652,0.1447,0.1174,0.7598,-0.8055,-0.5255,1.556,1.232,1.1,50.5,Medium Potential Zone,Dense / Moderate Canopy,True
MOIL-UK-04,-700.0,-100.0,21.967102,80.456404,0.1296,0.1591,0.2079,0.2782,0.3033,0.3003,0.1446,-0.2722,0.0432,1.604,1.01,1.856,65.4,Medium Potential Zone,Barren Soil & Country Rock,True
MOIL-UK-04,-700.0,0.0,21.968,80.456404,0.0223,0.0733,0.0489,0.5127,0.1941,0.0982,0.8259,-0.7499,-0.4508,2.191,1.976,1.877,65.4,Medium Potential Zone,Dense / Moderate Canopy,True
MOIL-UK-04,-700.0,100.0,21.968898,80.456404,0.1142,0.1421,0.1783,0.3048,0.2877,0.2761,0.262,-0.364,-0.029,1.561,1.042,1.741,60.5,Medium Potential Zone,Barren Soil & Country Rock,True
MOIL-UK-04,-700.0,200.0,21.969797,80.456404,0.0371,0.0638,0.0648,0.7106,0.1749,0.0679,0.8328,-0.8352,-0.605,1.748,2.575,1.23,67.9,Medium Potential Zone,Dense / Moderate Canopy,True
MOIL-UK-04,-700.0,300.0,21.970695,80.456404,0.0496,0.1019,0.0433,0.5137,0.1357,0.0664,0.8444,-0.6689,-0.5822,0.873,2.042,2.616,49.0,Medium Potential Zone,Dense / Moderate Canopy,True
MOIL-UK-04,-700.0,400.0,21.971593,80.456404,0.138,0.1586,0.1734,0.2688,0.3058,0.2927,0.2159,-0.2579,0.0645,1.256,1.045,2.053,56.9,Medium Potential Zone,Barren Soil & Country Rock,True
MOIL-UK-04,-700.0,500.0,21.972492,80.456404,0.0917,0.1346,0.214,0.2608,0.3518,0.3186,0.0986,-0.3193,0.1486,2.333,1.104,1.978,73.2,Medium Potential Zone,Barren Soil & Country Rock,True
MOIL-UK-04,-700.0,600.0,21.97339,80.456404,0.0339,0.1168,0.0386,0.528,0.2111,0.1097,0.8638,-0.6378,-0.4287,1.139,1.924,3.427,48.6,Medium Potential Zone,Dense / Moderate Canopy,True
MOIL-UK-04,-700.0,700.0,21.974288,80.456404,0.1358,0.1206,0.2258,0.2479,0.3064,0.2738,0.0466,-0.3454,0.1056,1.663,1.119,1.77,66.7,Medium Potential Zone,Barren Soil & Country Rock,True
MOIL-UK-04,-700.0,800.0,21.975186,80.456404,0.0436,0.1177,0.0516,0.5879,0.1213,0.0626,0.8385,-0.6664,-0.6579,1.185,1.936,2.485,49.5,Medium Potential Zone,Dense / Moderate Canopy,True
MOIL-UK-04,-700.0,900.0,21.976085,80.456404,0.0426,0.1076,0.0413,0.6424,0.2029,0.0762,0.8791,-0.7131,-0.52,0.971,2.661,2.919,56.4,Medium Potential Zone,Dense / Moderate Canopy,True
MOIL-UK-04,-700.0,1000.0,21.976983,80.456404,0.0331,0.119,0.0303,0.5619,0.1464,0.1095,0.8978,-0.6505,-0.5867,0.914,1.337,4.192,35.1,Low Potential / Barren,Dense / Moderate Canopy,True
MOIL-UK-04,-700.0,1100.0,21.977881,80.456404,0.1126,0.1644,0.1998,0.261,0.286,0.2228,0.1329,-0.2271,0.0455,1.774,1.284,1.918,66.9,Medium Potential Zone,Barren Soil & Country Rock,True
MOIL-UK-04,-700.0,1200.0,21.97878,80.456404,0.0393,0.1078,0.0492,0.5206,0.1495,0.053,0.8273,-0.657,-0.5539,1.252,2.818,2.477,63.0,Medium Potential Zone,Dense / Moderate Canopy,True
MOIL-UK-04,-600.0,-1200.0,21.95722,80.457375,0.0716,0.0891,0.1681,0.2252,0.3023,0.2843,0.1453,-0.4332,0.1461,2.346,1.063,1.872,88.9,High Potential Exploration Zone,Manganese Gossan / Alteration Outcrop,True
MOIL-UK-04,-600.0,-1100.0,21.958119,80.457375,0.0405,0.1092,0.2016,0.1755,0.3234,0.2751,-0.0692,-0.2327,0.2964,4.974,1.175,2.384,98.0,High Potential Exploration Zone,Manganese Gossan / Alteration Outcrop,True
MOIL-UK-04,-600.0,-1000.0,21.959017,80.457375,0.0593,0.0626,0.2104,0.1917,0.3163,0.1815,-0.0464,-0.508,0.2453,3.55,1.743,1.947,98.0,High Potential Exploration Zone,Manganese Gossan / Alteration Outcrop,True
MOIL-UK-04,-600.0,-900.0,21.959915,80.457375,0.044,0.0989,0.1635,0.2398,0.3374,0.2845,0.1892,-0.4161,0.1691,3.716,1.186,2.012,98.0,High Potential Exploration Zone,Manganese Gossan / Alteration Outcrop,True
MOIL-UK-04,-600.0,-800.0,21.960814,80.457375,0.0512,0.0688,0.1577,0.1665,0.3259,0.2619,0.0272,-0.4151,0.3237,3.081,1.244,2.394,98.0,High Potential Exploration Zone,Manganese Gossan / Alteration Outcrop,True
MOIL-UK-04,-600.0,-700.0,21.961712,80.457375,0.0561,0.0645,0.1226,0.1618,0.3425,0.2044,0.1377,-0.43,0.3584,2.187,1.676,2.643,92.4,High Potential Exploration Zone,Manganese Gossan / Alteration Outcrop,True
MOIL-UK-04,-600.0,-600.0,21.96261,80.457375,0.0764,0.0926,0.2062,0.1786,0.3777,0.2547,-0.0718,-0.3171,0.3579,2.698,1.483,2.564,97.5,High Potential Exploration Zone,Manganese Gossan / Alteration Outcrop,True
MOIL-UK-04,-600.0,-500.0,21.963508,80.457375,0.0543,0.0706,0.2067,0.1718,0.2462,0.2107,-0.0921,-0.4174,0.178,3.807,1.169,1.775,98.0,High Potential Exploration Zone,Manganese Gossan / Alteration Outcrop,True
MOIL-UK-04,-600.0,-400.0,21.964407,80.457375,0.0992,0.1568,0.2,0.2911,0.3267,0.2344,0.1854,-0.2998,0.0577,2.017,1.394,1.906,79.6,High Potential Exploration Zone,Barren Soil & Country Rock,True
MOIL-UK-04,-600.0,-300.0,21.965305,80.457375,0.1278,0.1259,0.2239,0.2413,0.375,0.2948,0.0374,-0.3143,0.217,1.751,1.272,2.117,77.9,High Potential Exploration Zone,Barren Soil & Country Rock,True
MOIL-UK-04,-600.0,-200.0,21.966203,80.457375,0.12,0.1469,0.2166,0.3035,0.2855,0.2978,0.1672,-0.3479,-0.0306,1.805,0.959,1.619,68.8,Medium Potential Zone,Barren Soil & Country Rock,True
MOIL-UK-04,-600.0,-100.0,21.967102,80.457375,0.1027,0.1208,0.1863,0.2369,0.3579,0.2815,0.1197,-0.3248,0.2033,1.813,1.271,2.159,73.9,Medium Potential Zone,Barren Soil & Country Rock,True
MOIL-UK-04,-600.0,0.0,21.968,80.457375,0.0392,0.1,0.0337,0.4575,0.217,0.0799,0.8628,-0.6412,-0.3566,0.86,2.716,3.442,61.5,Medium Potential Zone,Dense / Moderate Canopy,True
MOIL-UK-04,-600.0,100.0,21.968898,80.457375,0.0821,0.1271,0.2352,0.2895,0.3373,0.3285,0.1034,-0.3897,0.0763,2.865,1.027,1.706,81.1,High Potential Exploration Zone,Barren Soil & Country Rock,True
MOIL-UK-04,-600.0,200.0,21.969797,80.457375,0.0424,0.0802,0.0473,0.4685,0.1934,0.0569,0.8167,-0.7076,-0.4156,1.115,3.397,2.11,74.5,Medium Potential Zone,Dense / Moderate Canopy,True
MOIL-UK-04,-600.0,300.0,21.970695,80.457375,0.0257,0.0673,0.0667,0.5773,0.1325,0.1134,0.7928,-0.7912,-0.6266,2.593,1.169,1.239,58.1,Medium Potential Zone,Dense / Moderate Canopy,True
MOIL-UK-04,-600.0,400.0,21.971593,80.457375,0.0239,0.0774,0.0536,0.5478,0.2124,0.0689,0.8218,-0.7525,-0.4412,2.24,3.084,1.832,81.3,High Potential Exploration Zone,Dense / Moderate Canopy,True
MOIL-UK-04,-600.0,500.0,21.972492,80.457375,0.0933,0.125,0.1962,0.3078,0.3227,0.251,0.2215,-0.4223,0.0237,2.104,1.286,1.686,70.3,Medium Potential Zone,Barren Soil & Country Rock,True
MOIL-UK-04,-600.0,600.0,21.97339,80.457375,0.0292,0.0834,0.0312,0.5275,0.1331,0.0574,0.8881,-0.727,-0.5971,1.071,2.318,2.921,53.6,Medium Potential Zone,Dense / Moderate Canopy,True
MOIL-UK-04,-600.0,700.0,21.974288,80.457375,0.0283,0.0617,0.0505,0.6617,0.1935,0.0676,0.8583,-0.8295,-0.5475,1.782,2.864,1.514,70.4,Medium Potential Zone,Dense / Moderate Canopy,True
MOIL-UK-04,-600.0,800.0,21.975186,80.457375,0.1239,0.1534,0.2194,0.2201,0.2922,0.3162,0.0017,-0.1786,0.1407,1.771,0.924,2.027,66.6,Medium Potential Zone,Barren Soil & Country Rock,True
MOIL-UK-04,-600.0,900.0,21.976085,80.457375,0.0303,0.1171,0.0421,0.6904,0.1622,0.0893,0.8851,-0.71,-0.6196,1.388,1.815,3.018,48.8,Medium Potential Zone,Dense / Moderate Canopy,True
MOIL-UK-04,-600.0,1000.0,21.976983,80.457375,0.024,0.0526,0.0471,0.4933,0.1749,0.0818,0.8258,-0.8073,-0.4765,1.962,2.139,1.472,61.7,Medium Potential Zone,Dense / Moderate Canopy,True
MOIL-UK-04,-600.0,1100.0,21.977881,80.457375,0.1199,0.1212,0.1701,0.29,0.3539,0.2538,0.2606,-0.4104,0.0992,1.418,1.394,1.933,61.0,Medium Potential Zone,Barren Soil & Country Rock,True
MOIL-UK-04,-600.0,1200.0,21.97878,80.457375,0.1185,0.1323,0.2388,0.3069,0.2985,0.3231,0.1249,-0.3975,-0.0139,2.014,0.924,1.527,64.7,Medium Potential Zone,Barren Soil & Country Rock,True
MOIL-UK-04,-500.0,-1200.0,21.95722,80.458346,0.0538,0.0845,0.1343,0.1519,0.3612,0.2493,0.0614,-0.285,0.408,2.496,1.449,3.008,94.9,High Potential Exploration Zone,Manganese Gossan / Alteration Outcrop,True
MOIL-UK-04,-500.0,-1100.0,21.958119,80.458346,0.0584,0.0618,0.2122,0.1776,0.2983,0.2119,-0.0887,-0.4837,0.2536,3.632,1.408,1.971,98.0,High Potential Exploration Zone,Manganese Gossan / Alteration Outcrop,True
MOIL-UK-04,-500.0,-1000.0,21.959017,80.458346,0.0757,0.0772,0.1374,0.1901,0.3494,0.2208,0.1607,-0.4221,0.2954,1.817,1.582,2.4,90.8,High Potential Exploration Zone,Manganese Gossan / Alteration Outcrop,True
MOIL-UK-04,-500.0,-900.0,21.959915,80.458346,0.0661,0.0752,0.192,0.2069,0.3353,0.251,0.0373,-0.4667,0.2369,2.905,1.336,2.013,98.0,High Potential Exploration Zone,Manganese Gossan / Alteration Outcrop,True
MOIL-UK-04,-500.0,-800.0,21.960814,80.458346,0.0463,0.1044,0.1786,0.1782,0.2641,0.2662,-0.0009,-0.2612,0.1942,3.861,0.992,2.066,98.0,High Potential Exploration Zone,Manganese Gossan / Alteration Outcrop,True
MOIL-UK-04,-500.0,-700.0,21.961712,80.458346,0.0604,0.0674,0.2121,0.1506,0.3134,0.2472,-0.1696,-0.3819,0.3508,3.515,1.268,2.398,98.0,High Potential Exploration Zone,Manganese Gossan / Alteration Outcrop,True
MOIL-UK-04,-500.0,-600.0,21.96261,80.458346,0.08,0.067,0.1814,0.1877,0.276,0.2836,0.0171,-0.4736,0.1905,2.268,0.973,1.84,87.9,High Potential Exploration Zone,Manganese Gossan / Alteration Outcrop,True
MOIL-UK-04,-500.0,-500.0,21.963508,80.458346,0.0716,0.0989,0.2099,0.2125,0.3109,0.2231,0.0061,-0.365,0.1881,2.93,1.394,1.934,98.0,High Potential Exploration Zone,Manganese Gossan / Alteration Outcrop,True
MOIL-UK-04,-500.0,-400.0,21.964407,80.458346,0.0682,0.0901,0.1743,0.1989,0.3317,0.2866,0.066,-0.3763,0.2503,2.557,1.158,2.185,88.6,High Potential Exploration Zone,Manganese Gossan / Alteration Outcrop,True
MOIL-UK-04,-500.0,-300.0,21.965305,80.458346,0.0701,0.0688,0.1667,0.2078,0.2646,0.2826,0.1099,-0.5025,0.1202,2.377,0.936,1.686,80.2,High Potential Exploration Zone,Manganese Gossan / Alteration Outcrop,True
MOIL-UK-04,-500.0,-200.0,21.966203,80.458346,0.1167,0.1786,0.2182,0.2877,0.4196,0.315,0.1374,-0.2341,0.1865,1.871,1.332,2.277,78.1,High Potential Exploration Zone,Barren Soil & Country Rock,True
MOIL-UK-04,-500.0,-100.0,21.967102,80.458346,0.041,0.0966,0.0605,0.501,0.2006,0.1179,0.7845,-0.6767,-0.4282,1.477,1.701,1.997,58.5,Medium Potential Zone,Dense / Moderate Canopy,True
MOIL-UK-04,-500.0,0.0,21.968,80.458346,0.0204,0.055,0.0394,0.5826,0.1614,0.1185,0.8733,-0.8273,-0.5662,1.934,1.361,1.675,54.8,Medium Potential Zone,Dense / Moderate Canopy,True
MOIL-UK-04,-500.0,100.0,21.968898,80.458346,0.0318,0.1056,0.0555,0.5156,0.2131,0.0682,0.8058,-0.66,-0.4151,1.745,3.126,2.318,80.1,High Potential Exploration Zone,Dense / Moderate Canopy,True
MOIL-UK-04,-500.0,200.0,21.969797,80.458346,0.0391,0.0935,0.0635,0.5835,0.2053,0.0885,0.8036,-0.7238,-0.4794,1.624,2.32,1.823,65.8,Medium Potential Zone,Dense / Moderate Canopy,True
MOIL-UK-04,-500.0,300.0,21.970695,80.458346,0.0398,0.0762,0.0605,0.5877,0.2006,0.1083,0.8132,-0.7705,-0.491,1.521,1.852,1.6,56.6,Medium Potential Zone,Dense / Moderate Canopy,True
MOIL-UK-04,-500.0,400.0,21.971593,80.458346,0.0462,0.0782,0.0323,0.6289,0.1964,0.0551,0.9023,-0.7787,-0.524,0.7,3.566,2.735,69.5,Medium Potential Zone,Dense / Moderate Canopy,True
MOIL-UK-04,-500.0,500.0,21.972492,80.458346,0.0392,0.0581,0.0516,0.4794,0.1522,0.1063,0.8056,-0.7836,-0.5181,1.317,1.432,1.444,46.9,Medium Potential Zone,Dense / Moderate Canopy,True
MOIL-UK-04,-500.0,600.0,21.97339,80.458346,0.1076,0.1563,0.2352,0.2937,0.2995,0.3363,0.1106,-0.3053,0.0097,2.187,0.891,1.684,69.0,Medium Potential Zone,Barren Soil & Country Rock,True
MOIL-UK-04,-500.0,700.0,21.974288,80.458346,0.0311,0.059,0.0673,0.6083,0.2188,0.0622,0.8007,-0.8231,-0.4709,2.166,3.519,1.236,87.1,High Potential Exploration Zone,Dense / Moderate Canopy,True
MOIL-UK-04,-500.0,800.0,21.975186,80.458346,0.0233,0.0867,0.0656,0.4795,0.147,0.0978,0.7593,-0.6938,-0.5308,2.816,1.503,1.628,65.1,Medium Potential Zone,Dense / Moderate Canopy,True
MOIL-UK-04,-500.0,900.0,21.976085,80.458346,0.1072,0.14,0.2271,0.2249,0.4009,0.3044,-0.0047,-0.2327,0.2812,2.117,1.317,2.399,76.7,High Potential Exploration Zone,Barren Soil & Country Rock,True
MOIL-UK-04,-500.0,1000.0,21.976983,80.458346,0.0919,0.177,0.2043,0.2545,0.2862,0.2399,0.1093,-0.1795,0.0587,2.224,1.193,1.991,72.5,Medium Potential Zone,Barren Soil & Country Rock,True
MOIL-UK-04,-500.0,1100.0,21.977881,80.458346,0.0354,0.103,0.0634,0.5572,0.1301,0.1054,0.7957,-0.6879,-0.6215,1.791,1.234,1.859,47.3,Medium Potential Zone,Dense / Moderate Canopy,True
MOIL-UK-04,-500.0,1200.0,21.97878,80.458346,0.0494,0.1057,0.0432,0.5657,0.1436,0.0858,0.8582,-0.685,-0.5952,0.874,1.672,2.704,41.2,Low Potential / Barren,Dense / Moderate Canopy,True
MOIL-UK-04,-400.0,-1200.0,21.95722,80.459317,0.0684,0.0906,0.1542,0.2223,0.2547,0.1957,0.1809,-0.4208,0.0679,2.254,1.302,1.733,83.1,High Potential Exploration Zone,Manganese Gossan / Alteration Outcrop,True
MOIL-UK-04,-400.0,-1100.0,21.958119,80.459317,0.0562,0.0951,0.1894,0.1767,0.3375,0.1867,-0.0349,-0.3,0.3129,3.372,1.808,2.413,98.0,High Potential Exploration Zone,Manganese Gossan / Alteration Outcrop,True
MOIL-UK-04,-400.0,-1000.0,21.959017,80.459317,0.0516,0.0947,0.1384,0.1613,0.2522,0.2201,0.0763,-0.2601,0.2198,2.682,1.146,2.248,92.6,High Potential Exploration Zone,Manganese Gossan / Alteration Outcrop,True
MOIL-UK-04,-400.0,-900.0,21.959915,80.459317,0.073,0.1018,0.2062,0.1437,0.3791,0.2353,-0.1788,-0.1705,0.4503,2.825,1.611,3.132,98.0,High Potential Exploration Zone,Manganese Gossan / Alteration Outcrop,True
MOIL-UK-04,-400.0,-800.0,21.960814,80.459317,0.0749,0.1053,0.1714,0.1451,0.3236,0.2168,-0.0832,-0.1592,0.3809,2.289,1.493,2.844,98.0,High Potential Exploration Zone,Manganese Gossan / Alteration Outcrop,True
MOIL-UK-04,-400.0,-700.0,21.961712,80.459317,0.0483,0.0691,0.1759,0.1504,0.355,0.205,-0.0781,-0.3704,0.4047,3.645,1.732,2.753,98.0,High Potential Exploration Zone,Manganese Gossan / Alteration Outcrop,True
MOIL-UK-04,-400.0,-600.0,21.96261,80.459317,0.062,0.0663,0.206,0.2092,0.2689,0.2587,0.0078,-0.5189,0.1249,3.324,1.039,1.607,98.0,High Potential Exploration Zone,Manganese Gossan / Alteration Outcrop,True
MOIL-UK-04,-400.0,-500.0,21.963508,80.459317,0.0433,0.0986,0.169,0.152,0.3171,0.2021,-0.053,-0.2131,0.3519,3.902,1.569,2.669,98.0,High Potential Exploration Zone,Manganese Gossan / Alteration Outcrop,True
MOIL-UK-04,-400.0,-400.0,21.964407,80.459317,0.0669,0.0954,0.1961,0.2295,0.3317,0.2341,0.0785,-0.4126,0.1821,2.931,1.417,1.932,98.0,High Potential Exploration Zone,Manganese Gossan / Alteration Outcrop,True
MOIL-UK-04,-400.0,-300.0,21.965305,80.459317,0.0742,0.105,0.1982,0.2342,0.3771,0.2076,0.0834,-0.381,0.2337,2.672,1.816,2.14,98.0,High Potential Exploration Zone,Manganese Gossan / Alteration Outcrop,True
MOIL-UK-04,-400.0,-200.0,21.966203,80.459317,0.0473,0.0824,0.2197,0.1488,0.3397,0.2736,-0.1922,-0.2872,0.3906,4.64,1.242,2.657,98.0,High Potential Exploration Zone,Manganese Gossan / Alteration Outcrop,True
MOIL-UK-04,-400.0,-100.0,21.967102,80.459317,0.0799,0.091,0.158,0.1566,0.3774,0.2817,-0.0043,-0.2652,0.4134,1.979,1.34,2.985,84.6,High Potential Exploration Zone,Manganese Gossan / Alteration Outcrop,True
MOIL-UK-04,-400.0,0.0,21.968,80.459317,0.0483,0.0543,0.0553,0.5242,0.1966,0.0567,0.8093,-0.8124,-0.4546,1.144,3.467,1.357,81.3,High Potential Exploration Zone,Dense / Moderate Canopy,True
MOIL-UK-04,-400.0,100.0,21.968898,80.459317,0.131,0.165,0.2394,0.2844,0.3224,0.2857,0.086,-0.2658,0.0627,1.827,1.128,1.823,74.5,Medium Potential Zone,Barren Soil & Country Rock,True
MOIL-UK-04,-400.0,200.0,21.969797,80.459317,0.0396,0.1117,0.0309,0.5498,0.2135,0.0528,0.8935,-0.6623,-0.4405,0.782,4.048,4.002,81.0,High Potential Exploration Zone,Dense / Moderate Canopy,True
MOIL-UK-04,-400.0,300.0,21.970695,80.459317,0.0304,0.0952,0.0365,0.6264,0.2192,0.069,0.8899,-0.7361,-0.4816,1.2,3.177,2.96,71.9,Medium Potential Zone,Dense / Moderate Canopy,True
MOIL-UK-04,-400.0,400.0,21.971593,80.459317,0.0209,0.0804,0.0462,0.6025,0.1457,0.073,0.8574,-0.7646,-0.6106,2.213,1.995,1.98,65.9,Medium Potential Zone,Dense / Moderate Canopy,True
MOIL-UK-04,-400.0,500.0,21.972492,80.459317,0.0473,0.0665,0.0571,0.5914,0.1305,0.0896,0.8239,-0.798,-0.6386,1.208,1.456,1.385,46.6,Medium Potential Zone,Dense / Moderate Canopy,True
MOIL-UK-04,-400.0,600.0,21.97339,80.459317,0.0379,0.0573,0.0642,0.4611,0.1436,0.0931,0.7556,-0.7789,-0.525,1.691,1.542,1.204,54.8,Medium Potential Zone,Dense / Moderate Canopy,True
MOIL-UK-04,-400.0,700.0,21.974288,80.459317,0.0861,0.1507,0.2178,0.2611,0.3778,0.3233,0.0904,-0.268,0.1827,2.529,1.169,2.139,78.1,High Potential Exploration Zone,Barren Soil & Country Rock,True
MOIL-UK-04,-400.0,800.0,21.975186,80.459317,0.027,0.0924,0.0407,0.6851,0.209,0.0726,0.8879,-0.7624,-0.5325,1.507,2.881,2.576,67.7,Medium Potential Zone,Dense / Moderate Canopy,True
MOIL-UK-04,-400.0,900.0,21.976085,80.459317,0.0466,0.0856,0.0588,0.6662,0.2072,0.0861,0.8378,-0.7723,-0.5256,1.261,2.407,1.766,58.8,Medium Potential Zone,Dense / Moderate Canopy,True
MOIL-UK-04,-400.0,1000.0,21.976983,80.459317,0.0389,0.0606,0.0545,0.5306,0.1572,0.1066,0.8137,-0.7949,-0.5429,1.402,1.474,1.409,46.7,Medium Potential Zone,Dense / Moderate Canopy,True
MOIL-UK-04,-400.0,1100.0,21.977881,80.459317,0.0461,0.0728,0.0481,0.7155,0.2124,0.1184,0.8739,-0.8153,-0.5423,1.044,1.794,1.809,45.3,Medium Potential Zone,Dense / Moderate Canopy,True
MOIL-UK-04,-400.0,1200.0,21.97878,80.459317,0.044,0.111,0.0318,0.5218,0.2083,0.0772,0.8852,-0.6492,-0.4293,0.722,2.698,3.893,54.5,Medium Potential Zone,Dense / Moderate Canopy,True
MOIL-UK-04,-300.0,-1200.0,21.95722,80.460287,0.0964,0.1425,0.1795,0.2203,0.3042,0.3259,0.1021,-0.2144,0.1598,1.863,0.933,2.174,72.9,Medium Potential Zone,Barren Soil & Country Rock,True
MOIL-UK-04,-300.0,-1100.0,21.958119,80.460287,0.043,0.0807,0.1656,0.2178,0.2754,0.2141,0.136,-0.4596,0.1167,3.85,1.286,1.751,98.0,High Potential Exploration Zone,Manganese Gossan / Alteration Outcrop,True
MOIL-UK-04,-300.0,-1000.0,21.959017,80.460287,0.0406,0.1051,0.1886,0.1663,0.3643,0.1895,-0.0628,-0.2253,0.3731,4.648,1.922,2.748,98.0,High Potential Exploration Zone,Manganese Gossan / Alteration Outcrop,True
MOIL-UK-04,-300.0,-900.0,21.959915,80.460287,0.0547,0.0882,0.1706,0.2055,0.2817,0.2634,0.0929,-0.3995,0.1564,3.116,1.069,1.888,94.4,High Potential Exploration Zone,Manganese Gossan / Alteration Outcrop,True
MOIL-UK-04,-300.0,-800.0,21.960814,80.460287,0.0562,0.0663,0.194,0.2312,0.291,0.2449,0.0874,-0.5545,0.1146,3.452,1.189,1.6,98.0,High Potential Exploration Zone,Manganese Gossan / Alteration Outcrop,True
MOIL-UK-04,-300.0,-700.0,21.961712,80.460287,0.0675,0.1016,0.1398,0.197,0.3437,0.2019,0.1698,-0.3196,0.2713,2.071,1.702,2.471,94.1,High Potential Exploration Zone,Manganese Gossan / Alteration Outcrop,True
MOIL-UK-04,-300.0,-600.0,21.96261,80.460287,0.0589,0.0832,0.2039,0.2177,0.2725,0.2056,0.0327,-0.447,0.1117,3.462,1.325,1.659,98.0,High Potential Exploration Zone,Manganese Gossan / Alteration Outcrop,True
MOIL-UK-04,-300.0,-500.0,21.963508,80.460287,0.0689,0.097,0.1379,0.1811,0.3556,0.1887,0.1355,-0.3025,0.3251,2.0,1.884,2.667,98.0,High Potential Exploration Zone,Manganese Gossan / Alteration Outcrop,True
MOIL-UK-04,-300.0,-400.0,21.964407,80.460287,0.055,0.0922,0.1971,0.2053,0.2957,0.2891,0.0203,-0.38,0.1804,3.587,1.023,1.908,98.0,High Potential Exploration Zone,Manganese Gossan / Alteration Outcrop,True
MOIL-UK-04,-300.0,-300.0,21.965305,80.460287,0.0417,0.0847,0.171,0.164,0.3182,0.2042,-0.021,-0.3186,0.3199,4.105,1.558,2.436,98.0,High Potential Exploration Zone,Manganese Gossan / Alteration Outcrop,True
MOIL-UK-04,-300.0,-200.0,21.966203,80.460287,0.0577,0.0816,0.1973,0.2343,0.2684,0.2891,0.0856,-0.4834,0.0679,3.417,0.928,1.559,97.2,High Potential Exploration Zone,Manganese Gossan / Alteration Outcrop,True
MOIL-UK-04,-300.0,-100.0,21.967102,80.460287,0.0776,0.0656,0.2112,0.1965,0.3631,0.284,-0.0362,-0.4992,0.2978,2.722,1.278,2.159,95.1,High Potential Exploration Zone,Manganese Gossan / Alteration Outcrop,True
MOIL-UK-04,-300.0,0.0,21.968,80.460287,0.0744,0.0801,0.1837,0.1865,0.2913,0.2076,0.0076,-0.3988,0.2194,2.47,1.403,1.998,92.1,High Potential Exploration Zone,Manganese Gossan / Alteration Outcrop,True
MOIL-UK-04,-300.0,100.0,21.968898,80.460287,0.0577,0.1003,0.2044,0.2358,0.2807,0.2515,0.0713,-0.4032,0.0869,3.545,1.116,1.681,96.6,High Potential Exploration Zone,Manganese Gossan / Alteration Outcrop,True
MOIL-UK-04,-300.0,200.0,21.969797,80.460287,0.0257,0.0757,0.0437,0.7162,0.2158,0.1075,0.885,-0.8089,-0.5368,1.697,2.007,2.034,63.1,Medium Potential Zone,Dense / Moderate Canopy,True
MOIL-UK-04,-300.0,300.0,21.970695,80.460287,0.0279,0.1141,0.0407,0.5909,0.1445,0.118,0.8711,-0.6763,-0.607,1.458,1.225,3.047,47.9,Medium Potential Zone,Dense / Moderate Canopy,True
MOIL-UK-04,-300.0,400.0,21.971593,80.460287,0.0905,0.1659,0.1721,0.3179,0.325,0.3302,0.2976,-0.3142,0.011,1.903,0.984,1.986,65.5,Medium Potential Zone,Barren Soil & Country Rock,True
MOIL-UK-04,-300.0,500.0,21.972492,80.460287,0.039,0.1141,0.0505,0.5582,0.1418,0.0601,0.834,-0.6606,-0.5949,1.295,2.358,2.511,62.1,Medium Potential Zone,Dense / Moderate Canopy,True
MOIL-UK-04,-300.0,600.0,21.97339,80.460287,0.0238,0.0776,0.0464,0.6294,0.1479,0.1087,0.8628,-0.7805,-0.6196,1.945,1.36,1.908,52.9,Medium Potential Zone,Dense / Moderate Canopy,True
MOIL-UK-04,-300.0,700.0,21.974288,80.460287,0.1273,0.171,0.1755,0.3009,0.3799,0.3249,0.2634,-0.2754,0.116,1.378,1.169,2.237,60.8,Medium Potential Zone,Barren Soil & Country Rock,True
MOIL-UK-04,-300.0,800.0,21.975186,80.460287,0.027,0.1138,0.0616,0.4557,0.2139,0.1164,0.7618,-0.6002,-0.361,2.28,1.838,2.318,65.6,Medium Potential Zone,Dense / Moderate Canopy,True
MOIL-UK-04,-300.0,900.0,21.976085,80.460287,0.0806,0.1532,0.2331,0.2324,0.3627,0.3078,-0.0014,-0.2056,0.2188,2.892,1.178,2.217,85.0,High Potential Exploration Zone,Barren Soil & Country Rock,True
MOIL-UK-04,-300.0,1000.0,21.976983,80.460287,0.1108,0.1253,0.2047,0.2642,0.3171,0.3224,0.127,-0.3565,0.0909,1.847,0.984,1.812,65.8,Medium Potential Zone,Barren Soil & Country Rock,True
MOIL-UK-04,-300.0,1100.0,21.977881,80.460287,0.122,0.1674,0.1743,0.2319,0.2811,0.2567,0.1419,-0.1614,0.0959,1.429,1.095,2.173,61.8,Medium Potential Zone,Barren Soil & Country Rock,True
MOIL-UK-04,-300.0,1200.0,21.97878,80.460287,0.0432,0.111,0.0604,0.4565,0.1586,0.0504,0.7662,-0.6087,-0.4844,1.399,3.145,2.185,73.1,Medium Potential Zone,Dense / Moderate Canopy,True
MOIL-UK-04,-200.0,-1200.0,21.95722,80.461258,0.1087,0.1416,0.2047,0.2266,0.3624,0.2278,0.0509,-0.2309,0.2305,1.883,1.591,2.291,82.5,High Potential Exploration Zone,Barren Soil & Country Rock,True
MOIL-UK-04,-200.0,-1100.0,21.958119,80.461258,0.0306,0.0657,0.0425,0.4501,0.1524,0.0555,0.8275,-0.7454,-0.4941,1.39,2.747,1.885,72.0,Medium Potential Zone,Dense / Moderate Canopy,True
MOIL-UK-04,-200.0,-1000.0,21.959017,80.461258,0.0222,0.1167,0.0497,0.5886,0.1988,0.0987,0.8444,-0.669,-0.495,2.234,2.015,2.688,71.5,Medium Potential Zone,Dense / Moderate Canopy,True
MOIL-UK-04,-200.0,-900.0,21.959915,80.461258,0.0495,0.0613,0.1978,0.153,0.3238,0.2837,-0.1279,-0.428,0.3583,3.998,1.141,2.426,98.0,High Potential Exploration Zone,Manganese Gossan / Alteration Outcrop,True
MOIL-UK-04,-200.0,-800.0,21.960814,80.461258,0.062,0.0743,0.1379,0.1427,0.3273,0.2414,0.0172,-0.3153,0.3927,2.225,1.356,2.832,89.4,High Potential Exploration Zone,Manganese Gossan / Alteration Outcrop,True
MOIL-UK-04,-200.0,-700.0,21.961712,80.461258,0.0585,0.0697,0.1437,0.2359,0.2429,0.22,0.2429,-0.5438,0.0146,2.457,1.104,1.515,83.4,High Potential Exploration Zone,Manganese Gossan / Alteration Outcrop,True
MOIL-UK-04,-200.0,-600.0,21.96261,80.461258,0.0416,0.0696,0.2133,0.155,0.3241,0.2182,-0.1585,-0.3802,0.3531,5.134,1.486,2.418,98.0,High Potential Exploration Zone,Manganese Gossan / Alteration Outcrop,True
MOIL-UK-04,-200.0,-500.0,21.963508,80.461258,0.0653,0.1026,0.1487,0.1479,0.2686,0.2283,-0.0027,-0.1807,0.2899,2.276,1.176,2.507,94.3,High Potential Exploration Zone,Manganese Gossan / Alteration Outcrop,True
MOIL-UK-04,-200.0,-400.0,21.964407,80.461258,0.0606,0.1071,0.1216,0.2158,0.2502,0.1886,0.2791,-0.3366,0.0738,2.007,1.327,2.04,87.8,High Potential Exploration Zone,Manganese Gossan / Alteration Outcrop,True
MOIL-UK-04,-200.0,-300.0,21.965305,80.461258,0.0662,0.1054,0.1488,0.1669,0.3265,0.2654,0.0575,-0.2257,0.3234,2.248,1.23,2.665,96.0,High Potential Exploration Zone,Manganese Gossan / Alteration Outcrop,True
MOIL-UK-04,-200.0,-200.0,21.966203,80.461258,0.0748,0.0725,0.194,0.1707,0.3163,0.201,-0.0639,-0.4039,0.2989,2.595,1.574,2.226,98.0,High Potential Exploration Zone,Manganese Gossan / Alteration Outcrop,True
MOIL-UK-04,-200.0,-100.0,21.967102,80.461258,0.0458,0.1068,0.1747,0.1405,0.3511,0.256,-0.1087,-0.1363,0.4285,3.812,1.371,3.111,98.0,High Potential Exploration Zone,Manganese Gossan / Alteration Outcrop,True
MOIL-UK-04,-200.0,0.0,21.968,80.461258,0.053,0.0832,0.165,0.1675,0.3773,0.2398,0.0075,-0.3362,0.3851,3.111,1.573,2.757,98.0,High Potential Exploration Zone,Manganese Gossan / Alteration Outcrop,True
MOIL-UK-04,-200.0,100.0,21.968898,80.461258,0.0759,0.0893,0.189,0.143,0.3117,0.2593,-0.1388,-0.2312,0.3711,2.491,1.202,2.652,90.8,High Potential Exploration Zone,Manganese Gossan / Alteration Outcrop,True
MOIL-UK-04,-200.0,200.0,21.969797,80.461258,0.0449,0.0939,0.1284,0.2207,0.3769,0.2489,0.2643,-0.403,0.2614,2.862,1.514,2.439,90.1,High Potential Exploration Zone,Manganese Gossan / Alteration Outcrop,True
MOIL-UK-04,-200.0,300.0,21.970695,80.461258,0.1152,0.1645,0.2346,0.2245,0.3885,0.2359,-0.022,-0.1545,0.2674,2.037,1.647,2.431,89.1,High Potential Exploration Zone,Barren Soil & Country Rock,True
MOIL-UK-04,-200.0,400.0,21.971593,80.461258,0.0467,0.1103,0.0561,0.5852,0.2075,0.0863,0.825,-0.6829,-0.4766,1.203,2.403,2.32,64.9,Medium Potential Zone,Dense / Moderate Canopy,True
MOIL-UK-04,-200.0,500.0,21.972492,80.461258,0.1366,0.1424,0.2099,0.2399,0.2955,0.2861,0.0666,-0.2551,0.1038,1.537,1.033,1.91,69.7,Medium Potential Zone,Barren Soil & Country Rock,True
MOIL-UK-04,-200.0,600.0,21.97339,80.461258,0.0311,0.0718,0.045,0.6647,0.1558,0.1145,0.8733,-0.805,-0.6203,1.446,1.361,1.832,48.4,Medium Potential Zone,Dense / Moderate Canopy,True
MOIL-UK-04,-200.0,700.0,21.974288,80.461258,0.1359,0.1614,0.1875,0.2207,0.3923,0.3363,0.0812,-0.1552,0.28,1.38,1.167,2.638,67.6,Medium Potential Zone,Barren Soil & Country Rock,True
MOIL-UK-04,-200.0,800.0,21.975186,80.461258,0.0327,0.0549,0.0426,0.5336,0.1302,0.0867,0.8523,-0.8133,-0.6076,1.301,1.502,1.535,47.8,Medium Potential Zone,Dense / Moderate Canopy,True
MOIL-UK-04,-200.0,900.0,21.976085,80.461258,0.0419,0.0536,0.041,0.5459,0.2092,0.1131,0.8602,-0.8213,-0.4459,0.98,1.85,1.689,48.4,Medium Potential Zone,Dense / Moderate Canopy,True
MOIL-UK-04,-200.0,1000.0,21.976983,80.461258,0.1092,0.1455,0.2021,0.2486,0.3448,0.2374,0.1031,-0.2617,0.1621,1.85,1.452,2.107,74.5,Medium Potential Zone,Barren Soil & Country Rock,True
MOIL-UK-04,-200.0,1100.0,21.977881,80.461258,0.0311,0.088,0.0542,0.6759,0.1282,0.0838,0.8516,-0.7697,-0.6812,1.743,1.53,1.813,51.4,Medium Potential Zone,Dense / Moderate Canopy,True
MOIL-UK-04,-200.0,1200.0,21.97878,80.461258,0.0299,0.0811,0.0334,0.6527,0.1285,0.0942,0.9026,-0.7789,-0.671,1.117,1.365,2.625,39.8,Low Potential / Barren,Dense / Moderate Canopy,True
MOIL-UK-04,-100.0,-1200.0,21.95722,80.462229,0.1003,0.1551,0.2054,0.2605,0.319,0.281,0.1183,-0.2536,0.1008,2.048,1.135,1.979,73.8,Medium Potential Zone,Barren Soil & Country Rock,True
MOIL-UK-04,-100.0,-1100.0,21.958119,80.462229,0.0862,0.1679,0.2162,0.2284,0.3028,0.232,0.0276,-0.1526,0.1399,2.509,1.305,2.102,85.3,High Potential Exploration Zone,Barren Soil & Country Rock,True
MOIL-UK-04,-100.0,-1000.0,21.959017,80.462229,0.0432,0.0786,0.0629,0.713,0.217,0.1187,0.838,-0.8015,-0.5332,1.455,1.829,1.554,57.8,Medium Potential Zone,Dense / Moderate Canopy,True
MOIL-UK-04,-100.0,-900.0,21.959915,80.462229,0.0265,0.054,0.0625,0.5333,0.1538,0.0551,0.7903,-0.8161,-0.5524,2.356,2.79,1.153,85.2,High Potential Exploration Zone,Dense / Moderate Canopy,True
MOIL-UK-04,-100.0,-800.0,21.960814,80.462229,0.0686,0.0815,0.1404,0.2052,0.3772,0.2348,0.1875,-0.4314,0.2952,2.047,1.606,2.418,83.3,High Potential Exploration Zone,Manganese Gossan / Alteration Outcrop,True
MOIL-UK-04,-100.0,-700.0,21.961712,80.462229,0.0643,0.0681,0.1361,0.1858,0.3583,0.28,0.1545,-0.4634,0.3169,2.118,1.279,2.429,81.7,High Potential Exploration Zone,Manganese Gossan / Alteration Outcrop,True
MOIL-UK-04,-100.0,-600.0,21.96261,80.462229,0.0657,0.078,0.195,0.1692,0.2707,0.2675,-0.0709,-0.3688,0.2308,2.969,1.012,2.0,93.8,High Potential Exploration Zone,Manganese Gossan / Alteration Outcrop,True
MOIL-UK-04,-100.0,-500.0,21.963508,80.462229,0.0701,0.1041,0.1776,0.2297,0.2437,0.2079,0.1277,-0.3762,0.0296,2.536,1.172,1.647,89.3,High Potential Exploration Zone,Manganese Gossan / Alteration Outcrop,True
MOIL-UK-04,-100.0,-400.0,21.964407,80.462229,0.0722,0.0812,0.1439,0.2196,0.3551,0.2302,0.2082,-0.4602,0.2358,1.994,1.543,2.181,88.5,High Potential Exploration Zone,Manganese Gossan / Alteration Outcrop,True
MOIL-UK-04,-100.0,-300.0,21.965305,80.462229,0.0587,0.099,0.1971,0.2267,0.3304,0.2004,0.0697,-0.3918,0.1862,3.36,1.648,1.96,98.0,High Potential Exploration Zone,Manganese Gossan / Alteration Outcrop,True
MOIL-UK-04,-100.0,-200.0,21.966203,80.462229,0.062,0.0791,0.1227,0.1597,0.2688,0.1891,0.1309,-0.3373,0.2547,1.979,1.422,2.328,94.2,High Potential Exploration Zone,Manganese Gossan / Alteration Outcrop,True
MOIL-UK-04,-100.0,-100.0,21.967102,80.462229,0.0581,0.0854,0.154,0.1812,0.3169,0.1933,0.0812,-0.3594,0.2724,2.649,1.64,2.303,98.0,High Potential Exploration Zone,Manganese Gossan / Alteration Outcrop,True
MOIL-UK-04,-100.0,0.0,21.968,80.462229,0.0625,0.0955,0.2075,0.1702,0.3446,0.2467,-0.0988,-0.281,0.3389,3.32,1.397,2.486,98.0,High Potential Exploration Zone,Manganese Gossan / Alteration Outcrop,True
MOIL-UK-04,-100.0,100.0,21.968898,80.462229,0.0601,0.106,0.182,0.1766,0.3398,0.2856,-0.015,-0.2499,0.316,3.028,1.19,2.506,98.0,High Potential Exploration Zone,Manganese Gossan / Alteration Outcrop,True
MOIL-UK-04,-100.0,200.0,21.969797,80.462229,0.0767,0.109,0.1295,0.1843,0.3006,0.2222,0.1747,-0.2568,0.2397,1.688,1.353,2.472,80.0,High Potential Exploration Zone,Manganese Gossan / Alteration Outcrop,True
MOIL-UK-04,-100.0,300.0,21.970695,80.462229,0.0471,0.1016,0.1873,0.2006,0.3026,0.2227,0.0343,-0.3276,0.2026,3.973,1.358,2.051,98.0,High Potential Exploration Zone,Manganese Gossan / Alteration Outcrop,True
MOIL-UK-04,-100.0,400.0,21.971593,80.462229,0.0715,0.0863,0.1808,0.15,0.306,0.1943,-0.093,-0.2693,0.3421,2.53,1.575,2.518,94.7,High Potential Exploration Zone,Manganese Gossan / Alteration Outcrop,True
MOIL-UK-04,-100.0,500.0,21.972492,80.462229,0.1214,0.1365,0.2372,0.2805,0.3703,0.2436,0.0837,-0.3454,0.1379,1.955,1.52,1.895,83.4,High Potential Exploration Zone,Barren Soil & Country Rock,True
MOIL-UK-04,-100.0,600.0,21.97339,80.462229,0.1115,0.1755,0.1645,0.2708,0.3078,0.3138,0.2443,-0.2135,0.0639,1.475,0.981,2.204,63.7,Medium Potential Zone,Barren Soil & Country Rock,True
MOIL-UK-04,-100.0,700.0,21.974288,80.462229,0.0229,0.0931,0.0693,0.5926,0.1485,0.0606,0.7905,-0.7283,-0.5991,3.026,2.449,1.594,86.0,High Potential Exploration Zone,Dense / Moderate Canopy,True
MOIL-UK-04,-100.0,800.0,21.975186,80.462229,0.0369,0.0762,0.0386,0.7066,0.1827,0.054,0.8965,-0.8052,-0.5891,1.045,3.381,2.235,73.2,Medium Potential Zone,Dense / Moderate Canopy,True
MOIL-UK-04,-100.0,900.0,21.976085,80.462229,0.1364,0.1626,0.1683,0.2824,0.3387,0.3146,0.2532,-0.2692,0.0907,1.234,1.077,2.166,59.2,Medium Potential Zone,Barren Soil & Country Rock,True
MOIL-UK-04,-100.0,1000.0,21.976983,80.462229,0.103,0.13,0.1802,0.2389,0.2834,0.2255,0.1401,-0.2951,0.0852,1.75,1.257,1.908,70.4,Medium Potential Zone,Barren Soil & Country Rock,True
MOIL-UK-04,-100.0,1100.0,21.977881,80.462229,0.0441,0.0599,0.0567,0.6513,0.1251,0.0562,0.8398,-0.8317,-0.6777,1.286,2.227,1.247,58.0,Medium Potential Zone,Dense / Moderate Canopy,True
MOIL-UK-04,-100.0,1200.0,21.97878,80.462229,0.0312,0.099,0.0523,0.4584,0.1884,0.0643,0.7951,-0.6449,-0.4175,1.675,2.931,2.303,73.7,Medium Potential Zone,Dense / Moderate Canopy,True
MOIL-UK-04,0.0,-1200.0,21.95722,80.4632,0.1242,0.1663,0.1877,0.2289,0.3878,0.3244,0.099,-0.1585,0.2576,1.511,1.195,2.58,67.8,Medium Potential Zone,Barren Soil & Country Rock,True
MOIL-UK-04,0.0,-1100.0,21.958119,80.4632,0.0295,0.0587,0.0675,0.5579,0.1294,0.0849,0.7841,-0.8097,-0.6236,2.286,1.523,1.101,61.8,Medium Potential Zone,Dense / Moderate Canopy,True
MOIL-UK-04,0.0,-1000.0,21.959017,80.4632,0.1013,0.1392,0.239,0.284,0.3489,0.2817,0.086,-0.342,0.1026,2.359,1.239,1.811,80.1,High Potential Exploration Zone,Barren Soil & Country Rock,True
MOIL-UK-04,0.0,-900.0,21.959915,80.4632,0.0462,0.0602,0.054,0.537,0.1771,0.0862,0.8173,-0.7983,-0.5039,1.169,2.054,1.445,57.8,Medium Potential Zone,Dense / Moderate Canopy,True
MOIL-UK-04,0.0,-800.0,21.960814,80.4632,0.1149,0.1626,0.1797,0.2307,0.3096,0.2964,0.1243,-0.1733,0.1461,1.563,1.045,2.247,69.0,Medium Potential Zone,Barren Soil & Country Rock,True
MOIL-UK-04,0.0,-700.0,21.961712,80.4632,0.046,0.0699,0.0446,0.5926,0.166,0.0883,0.86,-0.7888,-0.5623,0.971,1.879,1.848,53.9,Medium Potential Zone,Dense / Moderate Canopy,True
MOIL-UK-04,0.0,-600.0,21.96261,80.4632,0.0525,0.0683,0.2003,0.1439,0.2918,0.1896,-0.1638,-0.3561,0.3393,3.817,1.539,2.368,98.0,High Potential Exploration Zone,Manganese Gossan / Alteration Outcrop,True
MOIL-UK-04,0.0,-500.0,21.963508,80.4632,0.0695,0.0783,0.123,0.1476,0.2678,0.2666,0.0908,-0.3069,0.2894,1.771,1.005,2.451,76.0,High Potential Exploration Zone,Manganese Gossan / Alteration Outcrop,True
MOIL-UK-04,0.0,-400.0,21.964407,80.4632,0.072,0.1098,0.1441,0.146,0.2796,0.1997,0.0067,-0.1415,0.3138,2.002,1.401,2.677,88.9,High Potential Exploration Zone,Manganese Gossan / Alteration Outcrop,True
MOIL-UK-04,0.0,-300.0,21.965305,80.4632,0.0684,0.1085,0.1473,0.1729,0.2892,0.2743,0.0798,-0.2289,0.2517,2.153,1.054,2.409,85.2,High Potential Exploration Zone,Manganese Gossan / Alteration Outcrop,True
MOIL-UK-04,0.0,-200.0,21.966203,80.4632,0.0631,0.1087,0.1827,0.2106,0.2525,0.2847,0.0709,-0.3191,0.0905,2.895,0.887,1.794,93.7,High Potential Exploration Zone,Manganese Gossan / Alteration Outcrop,True
MOIL-UK-04,0.0,-100.0,21.967102,80.4632,0.0651,0.086,0.1587,0.1477,0.2587,0.1813,-0.036,-0.264,0.2731,2.438,1.427,2.293,98.0,High Potential Exploration Zone,Manganese Gossan / Alteration Outcrop,True
MOIL-UK-04,0.0,0.0,21.968,80.4632,0.0799,0.0993,0.1997,0.213,0.3078,0.1897,0.0321,-0.364,0.182,2.498,1.622,1.942,98.0,High Potential Exploration Zone,Manganese Gossan / Alteration Outcrop,True
MOIL-UK-04,0.0,100.0,21.968898,80.4632,0.0429,0.1058,0.12,0.2099,0.328,0.2351,0.2724,-0.3297,0.2195,2.799,1.395,2.444,96.8,High Potential Exploration Zone,Manganese Gossan / Alteration Outcrop,True
MOIL-UK-04,0.0,200.0,21.969797,80.4632,0.079,0.0699,0.1985,0.2075,0.3764,0.2827,0.0221,-0.496,0.2893,2.513,1.331,2.166,97.5,High Potential Exploration Zone,Manganese Gossan / Alteration Outcrop,True
MOIL-UK-04,0.0,300.0,21.970695,80.4632,0.0451,0.0754,0.2051,0.1629,0.293,0.2489,-0.1147,-0.3672,0.2855,4.543,1.177,2.167,98.0,High Potential Exploration Zone,Manganese Gossan / Alteration Outcrop,True
MOIL-UK-04,0.0,400.0,21.971593,80.4632,0.0625,0.092,0.1913,0.2129,0.3433,0.2891,0.0533,-0.3963,0.2344,3.061,1.187,2.093,96.4,High Potential Exploration Zone,Manganese Gossan / Alteration Outcrop,True
MOIL-UK-04,0.0,500.0,21.972492,80.4632,0.0543,0.0622,0.1549,0.2312,0.2517,0.2512,0.1976,-0.5759,0.0425,2.854,1.002,1.49,85.1,High Potential Exploration Zone,Manganese Gossan / Alteration Outcrop,True
MOIL-UK-04,0.0,600.0,21.97339,80.4632,0.0569,0.1061,0.2129,0.2185,0.2538,0.1827,0.0131,-0.3464,0.0747,3.739,1.389,1.66,98.0,High Potential Exploration Zone,Manganese Gossan / Alteration Outcrop,True
MOIL-UK-04,0.0,700.0,21.974288,80.4632,0.0993,0.1345,0.1896,0.2343,0.3854,0.3214,0.1055,-0.2707,0.2438,1.909,1.199,2.354,77.1,High Potential Exploration Zone,Barren Soil & Country Rock,True
MOIL-UK-04,0.0,800.0,21.975186,80.4632,0.0487,0.0584,0.0342,0.5041,0.2182,0.0792,0.8728,-0.7923,-0.3958,0.703,2.757,2.14,62.4,Medium Potential Zone,Dense / Moderate Canopy,True
MOIL-UK-04,0.0,900.0,21.976085,80.4632,0.0261,0.1092,0.0424,0.6483,0.2174,0.1153,0.8772,-0.7116,-0.4977,1.627,1.886,2.911,58.7,Medium Potential Zone,Dense / Moderate Canopy,True
MOIL-UK-04,0.0,1000.0,21.976983,80.4632,0.0215,0.0925,0.0634,0.5578,0.1931,0.0597,0.7958,-0.7154,-0.4857,2.949,3.237,1.805,95.5,High Potential Exploration Zone,Dense / Moderate Canopy,True
MOIL-UK-04,0.0,1100.0,21.977881,80.4632,0.1186,0.1462,0.1775,0.2483,0.3666,0.307,0.1664,-0.2587,0.1925,1.496,1.194,2.301,66.3,Medium Potential Zone,Barren Soil & Country Rock,True
MOIL-UK-04,0.0,1200.0,21.97878,80.4632,0.1373,0.1205,0.216,0.2491,0.347,0.2884,0.0712,-0.348,0.1642,1.573,1.203,1.951,69.5,Medium Potential Zone,Barren Soil & Country Rock,True
MOIL-UK-04,100.0,-1200.0,21.95722,80.464171,0.0433,0.1077,0.0329,0.6398,0.1599,0.1073,0.9021,-0.7119,-0.6001,0.761,1.49,3.519,38.5,Low Potential / Barren,Dense / Moderate Canopy,True
MOIL-UK-04,100.0,-1100.0,21.958119,80.464171,0.0203,0.0967,0.067,0.4724,0.1694,0.0938,0.7515,-0.6603,-0.4721,3.301,1.806,1.801,77.4,High Potential Exploration Zone,Dense / Moderate Canopy,True
MOIL-UK-04,100.0,-1000.0,21.959017,80.464171,0.119,0.123,0.2325,0.2963,0.4117,0.2702,0.1207,-0.4133,0.1631,1.953,1.524,1.919,77.3,High Potential Exploration Zone,Barren Soil & Country Rock,True
MOIL-UK-04,100.0,-900.0,21.959915,80.464171,0.1005,0.1509,0.2349,0.3083,0.3632,0.3076,0.1352,-0.3426,0.0817,2.337,1.181,1.821,76.9,High Potential Exploration Zone,Barren Soil & Country Rock,True
MOIL-UK-04,100.0,-800.0,21.960814,80.464171,0.0455,0.0961,0.0516,0.5785,0.1957,0.1066,0.8362,-0.7151,-0.4945,1.134,1.835,2.201,52.8,Medium Potential Zone,Dense / Moderate Canopy,True
MOIL-UK-04,100.0,-700.0,21.961712,80.464171,0.1084,0.1663,0.2141,0.2792,0.3253,0.2931,0.132,-0.2534,0.0764,1.974,1.11,1.942,73.6,Medium Potential Zone,Barren Soil & Country Rock,True
MOIL-UK-04,100.0,-600.0,21.96261,80.464171,0.033,0.1172,0.0561,0.6797,0.1329,0.103,0.8474,-0.7058,-0.6729,1.702,1.291,2.284,52.9,Medium Potential Zone,Dense / Moderate Canopy,True
MOIL-UK-04,100.0,-500.0,21.963508,80.464171,0.0292,0.0595,0.0452,0.5692,0.1341,0.0969,0.8529,-0.8106,-0.6187,1.545,1.384,1.553,53.6,Medium Potential Zone,Dense / Moderate Canopy,True
MOIL-UK-04,100.0,-400.0,21.964407,80.464171,0.0523,0.1003,0.1848,0.1711,0.2904,0.2836,-0.0387,-0.2607,0.2586,3.535,1.024,2.24,98.0,High Potential Exploration Zone,Manganese Gossan / Alteration Outcrop,True
MOIL-UK-04,100.0,-300.0,21.965305,80.464171,0.0779,0.0809,0.1879,0.238,0.3792,0.1879,0.1176,-0.4925,0.2287,2.412,2.018,2.024,98.0,High Potential Exploration Zone,Manganese Gossan / Alteration Outcrop,True
MOIL-UK-04,100.0,-200.0,21.966203,80.464171,0.0621,0.0963,0.1387,0.2222,0.3056,0.2348,0.2314,-0.3951,0.158,2.232,1.302,2.07,83.8,High Potential Exploration Zone,Manganese Gossan / Alteration Outcrop,True
MOIL-UK-04,100.0,-100.0,21.967102,80.464171,0.051,0.075,0.1284,0.2332,0.2935,0.1978,0.2897,-0.5132,0.1145,2.519,1.483,1.843,90.1,High Potential Exploration Zone,Manganese Gossan / Alteration Outcrop,True
MOIL-UK-04,100.0,0.0,21.968,80.464171,0.0457,0.0804,0.1832,0.2178,0.3694,0.2499,0.0862,-0.4609,0.2583,4.01,1.478,2.135,98.0,High Potential Exploration Zone,Manganese Gossan / Alteration Outcrop,True
MOIL-UK-04,100.0,100.0,21.968898,80.464171,0.0568,0.0811,0.1774,0.1938,0.3297,0.2354,0.0441,-0.41,0.2596,3.122,1.401,2.158,98.0,High Potential Exploration Zone,Manganese Gossan / Alteration Outcrop,True
MOIL-UK-04,100.0,200.0,21.969797,80.464171,0.0424,0.085,0.1223,0.1581,0.2942,0.2406,0.1277,-0.3004,0.3011,2.886,1.223,2.557,98.0,High Potential Exploration Zone,Manganese Gossan / Alteration Outcrop,True
MOIL-UK-04,100.0,300.0,21.970695,80.464171,0.0474,0.0738,0.1574,0.1597,0.3798,0.2685,0.0073,-0.3679,0.4079,3.322,1.415,2.847,98.0,High Potential Exploration Zone,Manganese Gossan / Alteration Outcrop,True
MOIL-UK-04,100.0,400.0,21.971593,80.464171,0.0724,0.0884,0.2161,0.2132,0.2863,0.2472,-0.0068,-0.4136,0.1463,2.984,1.158,1.752,98.0,High Potential Exploration Zone,Manganese Gossan / Alteration Outcrop,True
MOIL-UK-04,100.0,500.0,21.972492,80.464171,0.0617,0.089,0.2018,0.191,0.342,0.2076,-0.0275,-0.3641,0.2834,3.268,1.648,2.232,98.0,High Potential Exploration Zone,Manganese Gossan / Alteration Outcrop,True
MOIL-UK-04,100.0,600.0,21.97339,80.464171,0.0773,0.0643,0.2194,0.2033,0.3058,0.2142,-0.0381,-0.5193,0.2014,2.838,1.428,1.798,98.0,High Potential Exploration Zone,Manganese Gossan / Alteration Outcrop,True
MOIL-UK-04,100.0,700.0,21.974288,80.464171,0.0562,0.0991,0.1339,0.1653,0.2573,0.2269,0.1047,-0.2502,0.2178,2.383,1.134,2.297,84.0,High Potential Exploration Zone,Manganese Gossan / Alteration Outcrop,True
MOIL-UK-04,100.0,800.0,21.975186,80.464171,0.0555,0.0924,0.2196,0.2292,0.3633,0.251,0.0215,-0.4253,0.2262,3.957,1.447,2.006,98.0,High Potential Exploration Zone,Manganese Gossan / Alteration Outcrop,True
MOIL-UK-04,100.0,900.0,21.976085,80.464171,0.103,0.135,0.1708,0.2636,0.4057,0.3093,0.2136,-0.3226,0.2123,1.658,1.312,2.329,72.3,Medium Potential Zone,Barren Soil & Country Rock,True
MOIL-UK-04,100.0,1000.0,21.976983,80.464171,0.0258,0.085,0.0617,0.5743,0.1555,0.1071,0.8059,-0.7421,-0.5739,2.388,1.452,1.649,63.8,Medium Potential Zone,Dense / Moderate Canopy,True
MOIL-UK-04,100.0,1100.0,21.977881,80.464171,0.0474,0.0688,0.0659,0.5252,0.149,0.0794,0.7771,-0.7684,-0.5581,1.39,1.875,1.328,58.5,Medium Potential Zone,Dense / Moderate Canopy,True
MOIL-UK-04,100.0,1200.0,21.97878,80.464171,0.0325,0.1104,0.0618,0.5337,0.1712,0.0802,0.7924,-0.6573,-0.5143,1.9,2.135,2.106,66.9,Medium Potential Zone,Dense / Moderate Canopy,True
MOIL-UK-04,200.0,-1200.0,21.95722,80.465142,0.1249,0.1309,0.2347,0.2598,0.3671,0.3182,0.0506,-0.3299,0.1712,1.88,1.154,1.971,70.9,Medium Potential Zone,Barren Soil & Country Rock,True
MOIL-UK-04,200.0,-1100.0,21.958119,80.465142,0.1125,0.1342,0.2008,0.2779,0.3037,0.2897,0.1612,-0.3486,0.0442,1.785,1.048,1.761,65.4,Medium Potential Zone,Barren Soil & Country Rock,True
MOIL-UK-04,200.0,-1000.0,21.959017,80.465142,0.0357,0.1133,0.0494,0.5786,0.167,0.0936,0.8428,-0.6724,-0.5519,1.384,1.784,2.585,51.9,Medium Potential Zone,Dense / Moderate Canopy,True
MOIL-UK-04,200.0,-900.0,21.959915,80.465142,0.1281,0.1372,0.184,0.2789,0.3164,0.2308,0.2051,-0.3406,0.063,1.436,1.371,1.88,66.1,Medium Potential Zone,Barren Soil & Country Rock,True
MOIL-UK-04,200.0,-800.0,21.960814,80.465142,0.1348,0.1206,0.1707,0.2958,0.4172,0.3026,0.2682,-0.4206,0.1702,1.266,1.379,2.117,63.1,Medium Potential Zone,Barren Soil & Country Rock,True
MOIL-UK-04,200.0,-700.0,21.961712,80.465142,0.0457,0.0836,0.0433,0.6207,0.1734,0.0518,0.8695,-0.7626,-0.5634,0.949,3.346,2.208,71.7,Medium Potential Zone,Dense / Moderate Canopy,True
MOIL-UK-04,200.0,-600.0,21.96261,80.465142,0.0371,0.1112,0.0594,0.542,0.2101,0.1053,0.8025,-0.6595,-0.4413,1.6,1.995,2.26,61.8,Medium Potential Zone,Dense / Moderate Canopy,True
MOIL-UK-04,200.0,-500.0,21.963508,80.465142,0.0452,0.069,0.0568,0.4809,0.2066,0.1011,0.7887,-0.749,-0.3991,1.257,2.044,1.644,60.0,Medium Potential Zone,Dense / Moderate Canopy,True
MOIL-UK-04,200.0,-400.0,21.964407,80.465142,0.0813,0.1434,0.214,0.2483,0.4163,0.3322,0.0742,-0.2679,0.2527,2.633,1.253,2.346,86.5,High Potential Exploration Zone,Barren Soil & Country Rock,True
MOIL-UK-04,200.0,-300.0,21.965305,80.465142,0.0295,0.1127,0.0621,0.4733,0.1676,0.1187,0.7679,-0.6152,-0.4769,2.109,1.412,2.169,63.4,Medium Potential Zone,Dense / Moderate Canopy,True
MOIL-UK-04,200.0,-200.0,21.966203,80.465142,0.0582,0.1066,0.2177,0.1787,0.375,0.1952,-0.0984,-0.2526,0.3545,3.744,1.922,2.588,98.0,High Potential Exploration Zone,Manganese Gossan / Alteration Outcrop,True
MOIL-UK-04,200.0,-100.0,21.967102,80.465142,0.0464,0.0738,0.1668,0.1581,0.2876,0.1914,-0.0266,-0.3634,0.2906,3.594,1.503,2.262,98.0,High Potential Exploration Zone,Manganese Gossan / Alteration Outcrop,True
MOIL-UK-04,200.0,0.0,21.968,80.465142,0.0572,0.1014,0.1795,0.221,0.259,0.2239,0.1036,-0.3711,0.0791,3.138,1.157,1.737,96.3,High Potential Exploration Zone,Manganese Gossan / Alteration Outcrop,True
MOIL-UK-04,200.0,100.0,21.968898,80.465142,0.0416,0.0785,0.1814,0.1969,0.2484,0.1868,0.0408,-0.4299,0.1158,4.365,1.33,1.694,98.0,High Potential Exploration Zone,Manganese Gossan / Alteration Outcrop,True
MOIL-UK-04,200.0,200.0,21.969797,80.465142,0.0522,0.0986,0.1221,0.2016,0.2657,0.2839,0.2457,-0.3432,0.1372,2.338,0.936,2.126,84.2,High Potential Exploration Zone,Manganese Gossan / Alteration Outcrop,True
MOIL-UK-04,200.0,300.0,21.970695,80.465142,0.0572,0.0624,0.1914,0.1885,0.3634,0.2517,-0.0076,-0.5025,0.317,3.345,1.444,2.254,98.0,High Potential Exploration Zone,Manganese Gossan / Alteration Outcrop,True
MOIL-UK-04,200.0,400.0,21.971593,80.465142,0.0677,0.0984,0.162,0.2193,0.2471,0.2642,0.1501,-0.3806,0.0597,2.393,0.935,1.734,90.3,High Potential Exploration Zone,Manganese Gossan / Alteration Outcrop,True
MOIL-UK-04,200.0,500.0,21.972492,80.465142,0.0655,0.0883,0.1518,0.1514,0.3306,0.2319,-0.0013,-0.2631,0.3718,2.319,1.426,2.765,98.0,High Potential Exploration Zone,Manganese Gossan / Alteration Outcrop,True
MOIL-UK-04,200.0,600.0,21.97339,80.465142,0.0487,0.0622,0.1739,0.1526,0.3701,0.1966,-0.0651,-0.4211,0.416,3.569,1.883,2.782,98.0,High Potential Exploration Zone,Manganese Gossan / Alteration Outcrop,True
MOIL-UK-04,200.0,700.0,21.974288,80.465142,0.0413,0.0731,0.1375,0.2191,0.2805,0.207,0.2289,-0.4997,0.1229,3.331,1.355,1.812,97.6,High Potential Exploration Zone,Manganese Gossan / Alteration Outcrop,True
MOIL-UK-04,200.0,800.0,21.975186,80.465142,0.0798,0.0675,0.1285,0.1706,0.2967,0.2636,0.1406,-0.4329,0.27,1.61,1.125,2.265,75.2,High Potential Exploration Zone,Manganese Gossan / Alteration Outcrop,True
MOIL-UK-04,200.0,900.0,21.976085,80.465142,0.0782,0.0982,0.1927,0.2391,0.3472,0.1953,0.1076,-0.4179,0.1842,2.463,1.777,1.961,94.1,High Potential Exploration Zone,Manganese Gossan / Alteration Outcrop,True
MOIL-UK-04,200.0,1000.0,21.976983,80.465142,0.0351,0.0713,0.0366,0.6422,0.1477,0.0937,0.8922,-0.8,-0.6259,1.042,1.576,2.181,49.8,Medium Potential Zone,Dense / Moderate Canopy,True
MOIL-UK-04,200.0,1100.0,21.977881,80.465142,0.1104,0.1402,0.1929,0.2932,0.4037,0.281,0.2062,-0.353,0.1586,1.748,1.437,2.104,75.1,High Potential Exploration Zone,Barren Soil & Country Rock,True
MOIL-UK-04,200.0,1200.0,21.97878,80.465142,0.0459,0.06,0.0365,0.547,0.1509,0.119,0.8749,-0.8022,-0.5675,0.794,1.268,1.921,40.4,Low Potential / Barren,Dense / Moderate Canopy,True
MOIL-UK-04,300.0,-1200.0,21.95722,80.466113,0.0357,0.0905,0.065,0.5158,0.1711,0.069,0.7761,-0.7014,-0.5018,1.82,2.481,1.724,67.6,Medium Potential Zone,Dense / Moderate Canopy,True
MOIL-UK-04,300.0,-1100.0,21.958119,80.466113,0.0433,0.117,0.0479,0.4928,0.2096,0.1123,0.8229,-0.6162,-0.4031,1.105,1.866,2.87,49.2,Medium Potential Zone,Dense / Moderate Canopy,True
MOIL-UK-04,300.0,-1000.0,21.959017,80.466113,0.0966,0.1388,0.1961,0.3029,0.3002,0.304,0.2139,-0.3715,-0.0045,2.031,0.987,1.699,65.3,Medium Potential Zone,Barren Soil & Country Rock,True
MOIL-UK-04,300.0,-900.0,21.959915,80.466113,0.0917,0.1403,0.2027,0.3121,0.368,0.2928,0.2127,-0.3798,0.0821,2.209,1.256,1.871,72.0,Medium Potential Zone,Barren Soil & Country Rock,True
MOIL-UK-04,300.0,-800.0,21.960814,80.466113,0.0848,0.1278,0.1676,0.2776,0.3434,0.2206,0.247,-0.3697,0.1058,1.977,1.557,1.999,73.3,Medium Potential Zone,Barren Soil & Country Rock,True
MOIL-UK-04,300.0,-700.0,21.961712,80.466113,0.0876,0.1793,0.1968,0.2626,0.3702,0.2629,0.1432,-0.1886,0.17,2.246,1.408,2.321,77.9,High Potential Exploration Zone,Barren Soil & Country Rock,True
MOIL-UK-04,300.0,-600.0,21.96261,80.466113,0.0471,0.0849,0.0453,0.5909,0.1804,0.1093,0.8575,-0.7487,-0.5323,0.961,1.65,2.179,46.2,Medium Potential Zone,Dense / Moderate Canopy,True
MOIL-UK-04,300.0,-500.0,21.963508,80.466113,0.0831,0.1578,0.239,0.3054,0.3862,0.2412,0.1221,-0.3186,0.1167,2.876,1.601,1.925,90.2,High Potential Exploration Zone,Barren Soil & Country Rock,True
MOIL-UK-04,300.0,-400.0,21.964407,80.466113,0.0224,0.0846,0.0448,0.6944,0.136,0.1052,0.8787,-0.7829,-0.6725,1.998,1.292,2.082,53.8,Medium Potential Zone,Dense / Moderate Canopy,True
MOIL-UK-04,300.0,-300.0,21.965305,80.466113,0.1221,0.1376,0.2381,0.2872,0.3232,0.2483,0.0935,-0.352,0.0591,1.95,1.302,1.704,78.0,High Potential Exploration Zone,Barren Soil & Country Rock,True
MOIL-UK-04,300.0,-200.0,21.966203,80.466113,0.0282,0.0631,0.0559,0.6456,0.1438,0.0875,0.8406,-0.822,-0.6356,1.984,1.643,1.351,62.3,Medium Potential Zone,Dense / Moderate Canopy,True
MOIL-UK-04,300.0,-100.0,21.967102,80.466113,0.0665,0.1071,0.2003,0.1821,0.3582,0.2286,-0.0478,-0.2593,0.326,3.011,1.567,2.502,98.0,High Potential Exploration Zone,Manganese Gossan / Alteration Outcrop,True
MOIL-UK-04,300.0,0.0,21.968,80.466113,0.0452,0.0771,0.2005,0.2356,0.3777,0.2503,0.0805,-0.5071,0.2317,4.435,1.509,1.988,98.0,High Potential Exploration Zone,Manganese Gossan / Alteration Outcrop,True
MOIL-UK-04,300.0,100.0,21.968898,80.466113,0.0591,0.0681,0.1303,0.1919,0.3419,0.2156,0.1912,-0.476,0.2811,2.203,1.586,2.305,88.0,High Potential Exploration Zone,Manganese Gossan / Alteration Outcrop,True
MOIL-UK-04,300.0,200.0,21.969797,80.466113,0.067,0.0885,0.2141,0.161,0.3227,0.2255,-0.1416,-0.2902,0.3345,3.196,1.431,2.419,98.0,High Potential Exploration Zone,Manganese Gossan / Alteration Outcrop,True
MOIL-UK-04,300.0,300.0,21.970695,80.466113,0.0505,0.0779,0.1495,0.1928,0.3181,0.2752,0.1266,-0.4246,0.2454,2.962,1.156,2.171,96.4,High Potential Exploration Zone,Manganese Gossan / Alteration Outcrop,True
MOIL-UK-04,300.0,400.0,21.971593,80.466113,0.0713,0.0751,0.2131,0.2268,0.3276,0.182,0.0311,-0.5024,0.1818,2.991,1.8,1.797,98.0,High Potential Exploration Zone,Manganese Gossan / Alteration Outcrop,True
MOIL-UK-04,300.0,500.0,21.972492,80.466113,0.0484,0.0995,0.1654,0.1526,0.2972,0.2033,-0.0402,-0.2108,0.3214,3.419,1.462,2.549,98.0,High Potential Exploration Zone,Manganese Gossan / Alteration Outcrop,True
MOIL-UK-04,300.0,600.0,21.97339,80.466113,0.0757,0.1045,0.1587,0.1537,0.2902,0.1942,-0.0159,-0.1908,0.3074,2.096,1.495,2.546,98.0,High Potential Exploration Zone,Manganese Gossan / Alteration Outcrop,True
MOIL-UK-04,300.0,700.0,21.974288,80.466113,0.0522,0.0986,0.1492,0.1944,0.2566,0.2182,0.1316,-0.3272,0.1379,2.86,1.176,1.981,96.3,High Potential Exploration Zone,Manganese Gossan / Alteration Outcrop,True
MOIL-UK-04,300.0,800.0,21.975186,80.466113,0.0416,0.0874,0.1548,0.2272,0.295,0.2414,0.1896,-0.4443,0.1298,3.722,1.222,1.863,98.0,High Potential Exploration Zone,Manganese Gossan / Alteration Outcrop,True
MOIL-UK-04,300.0,900.0,21.976085,80.466113,0.0791,0.0921,0.17,0.1498,0.3549,0.2507,-0.0633,-0.2384,0.4064,2.151,1.416,2.911,91.4,High Potential Exploration Zone,Manganese Gossan / Alteration Outcrop,True
MOIL-UK-04,300.0,1000.0,21.976983,80.466113,0.0443,0.0723,0.1738,0.1445,0.3406,0.2051,-0.0919,-0.3331,0.4042,3.919,1.661,2.773,98.0,High Potential Exploration Zone,Manganese Gossan / Alteration Outcrop,True
MOIL-UK-04,300.0,1100.0,21.977881,80.466113,0.0596,0.0721,0.1689,0.159,0.3231,0.2801,-0.0303,-0.376,0.3405,2.835,1.154,2.46,91.8,High Potential Exploration Zone,Manganese Gossan / Alteration Outcrop,True
MOIL-UK-04,300.0,1200.0,21.97878,80.466113,0.0272,0.0849,0.0469,0.7107,0.1999,0.0575,0.8761,-0.7866,-0.561,1.722,3.475,2.09,86.2,High Potential Exploration Zone,Dense / Moderate Canopy,True
MOIL-UK-04,400.0,-1200.0,21.95722,80.467083,0.1221,0.1296,0.236,0.3193,0.389,0.2232,0.1499,-0.4226,0.0984,1.933,1.743,1.767,76.1,High Potential Exploration Zone,Barren Soil & Country Rock,True
MOIL-UK-04,400.0,-1100.0,21.958119,80.467083,0.0322,0.106,0.0415,0.5543,0.1294,0.074,0.8607,-0.679,-0.6216,1.289,1.748,2.788,47.8,Medium Potential Zone,Dense / Moderate Canopy,True
MOIL-UK-04,400.0,-1000.0,21.959017,80.467083,0.0483,0.1025,0.0663,0.507,0.1822,0.085,0.7687,-0.6636,-0.4713,1.373,2.143,1.906,57.8,Medium Potential Zone,Dense / Moderate Canopy,True
MOIL-UK-04,400.0,-900.0,21.959915,80.467083,0.0297,0.1106,0.0494,0.6455,0.1906,0.0595,0.8579,-0.7073,-0.5441,1.66,3.202,2.536,74.7,Medium Potential Zone,Dense / Moderate Canopy,True
MOIL-UK-04,400.0,-800.0,21.960814,80.467083,0.1304,0.1494,0.2248,0.2497,0.4007,0.3197,0.0525,-0.2513,0.2321,1.724,1.253,2.269,70.8,Medium Potential Zone,Barren Soil & Country Rock,True
MOIL-UK-04,400.0,-700.0,21.961712,80.467083,0.1047,0.1411,0.1628,0.2888,0.3182,0.3261,0.279,-0.3437,0.0485,1.555,0.976,1.968,58.4,Medium Potential Zone,Barren Soil & Country Rock,True
MOIL-UK-04,400.0,-600.0,21.96261,80.467083,0.0417,0.0627,0.0336,0.6704,0.2093,0.0746,0.9046,-0.8289,-0.5242,0.806,2.804,2.18,59.1,Medium Potential Zone,Dense / Moderate Canopy,True
MOIL-UK-04,400.0,-500.0,21.963508,80.467083,0.1034,0.1697,0.2166,0.2322,0.3689,0.2212,0.0348,-0.1556,0.2274,2.094,1.668,2.372,83.5,High Potential Exploration Zone,Barren Soil & Country Rock,True
MOIL-UK-04,400.0,-400.0,21.964407,80.467083,0.0429,0.107,0.055,0.4988,0.1994,0.113,0.8013,-0.6466,-0.4288,1.281,1.765,2.345,53.5,Medium Potential Zone,Dense / Moderate Canopy,True
MOIL-UK-04,400.0,-300.0,21.965305,80.467083,0.0283,0.0626,0.0393,0.4546,0.121,0.0708,0.841,-0.7581,-0.5795,1.39,1.709,1.86,53.5,Medium Potential Zone,Dense / Moderate Canopy,True
MOIL-UK-04,400.0,-200.0,21.966203,80.467083,0.0386,0.077,0.0304,0.7172,0.1656,0.1194,0.9186,-0.806,-0.6249,0.788,1.387,2.762,40.4,Low Potential / Barren,Dense / Moderate Canopy,True
MOIL-UK-04,400.0,-100.0,21.967102,80.467083,0.0215,0.1101,0.0512,0.5722,0.1958,0.1042,0.8357,-0.6772,-0.4902,2.378,1.878,2.492,69.6,Medium Potential Zone,Dense / Moderate Canopy,True
MOIL-UK-04,400.0,0.0,21.968,80.467083,0.0428,0.0949,0.057,0.6818,0.1891,0.0571,0.8456,-0.7557,-0.5658,1.332,3.311,1.941,80.0,High Potential Exploration Zone,Dense / Moderate Canopy,True
MOIL-UK-04,400.0,100.0,21.968898,80.467083,0.0658,0.0685,0.1214,0.1614,0.2616,0.1912,0.1414,-0.4041,0.2369,1.845,1.368,2.185,79.3,High Potential Exploration Zone,Manganese Gossan / Alteration Outcrop,True
MOIL-UK-04,400.0,200.0,21.969797,80.467083,0.0486,0.0882,0.1351,0.1679,0.3589,0.2777,0.1082,-0.3114,0.3625,2.781,1.293,2.79,91.4,High Potential Exploration Zone,Manganese Gossan / Alteration Outcrop,True
MOIL-UK-04,400.0,300.0,21.970695,80.467083,0.0533,0.1049,0.1786,0.1626,0.3456,0.2814,-0.0467,-0.2156,0.36,3.349,1.228,2.713,98.0,High Potential Exploration Zone,Manganese Gossan / Alteration Outcrop,True
MOIL-UK-04,400.0,400.0,21.971593,80.467083,0.0664,0.0701,0.1286,0.1629,0.2874,0.2167,0.1178,-0.3986,0.2764,1.937,1.326,2.309,85.8,High Potential Exploration Zone,Manganese Gossan / Alteration Outcrop,True
MOIL-UK-04,400.0,500.0,21.972492,80.467083,0.0599,0.0853,0.1671,0.1744,0.255,0.226,0.0212,-0.3433,0.1877,2.788,1.128,1.972,97.8,High Potential Exploration Zone,Manganese Gossan / Alteration Outcrop,True
MOIL-UK-04,400.0,600.0,21.97339,80.467083,0.0794,0.0927,0.164,0.1483,0.2699,0.2432,-0.05,-0.2309,0.2905,2.064,1.11,2.384,92.5,High Potential Exploration Zone,Manganese Gossan / Alteration Outcrop,True
MOIL-UK-04,400.0,700.0,21.974288,80.467083,0.0599,0.061,0.1286,0.1756,0.2597,0.2854,0.1544,-0.4846,0.1932,2.147,0.91,1.953,88.3,High Potential Exploration Zone,Manganese Gossan / Alteration Outcrop,True
MOIL-UK-04,400.0,800.0,21.975186,80.467083,0.0414,0.1087,0.1857,0.1807,0.3155,0.2251,-0.0135,-0.2488,0.2716,4.488,1.402,2.331,98.0,High Potential Exploration Zone,Manganese Gossan / Alteration Outcrop,True
MOIL-UK-04,400.0,900.0,21.976085,80.467083,0.0629,0.0676,0.132,0.1929,0.25,0.2122,0.1873,-0.4809,0.129,2.098,1.178,1.808,85.3,High Potential Exploration Zone,Manganese Gossan / Alteration Outcrop,True
MOIL-UK-04,400.0,1000.0,21.976983,80.467083,0.0771,0.1038,0.2031,0.1907,0.2439,0.1934,-0.0315,-0.2951,0.1224,2.636,1.261,1.79,96.1,High Potential Exploration Zone,Manganese Gossan / Alteration Outcrop,True
MOIL-UK-04,400.0,1100.0,21.977881,80.467083,0.0768,0.1018,0.1577,0.2129,0.3596,0.2482,0.1491,-0.3529,0.2563,2.053,1.449,2.335,85.8,High Potential Exploration Zone,Manganese Gossan / Alteration Outcrop,True
MOIL-UK-04,400.0,1200.0,21.97878,80.467083,0.0741,0.0722,0.1662,0.1979,0.3284,0.2886,0.087,-0.4652,0.2479,2.242,1.138,2.094,83.3,High Potential Exploration Zone,Manganese Gossan / Alteration Outcrop,True
MOIL-UK-04,500.0,-1200.0,21.95722,80.468054,0.0217,0.0618,0.0563,0.5149,0.1359,0.0967,0.8029,-0.7856,-0.5824,2.599,1.406,1.363,58.6,Medium Potential Zone,Dense / Moderate Canopy,True
MOIL-UK-04,500.0,-1100.0,21.958119,80.468054,0.0442,0.0724,0.0432,0.4906,0.1852,0.0996,0.8382,-0.743,-0.4519,0.978,1.859,2.053,46.1,Medium Potential Zone,Dense / Moderate Canopy,True
MOIL-UK-04,500.0,-1000.0,21.959017,80.468054,0.0952,0.1293,0.2198,0.2409,0.3013,0.2284,0.0458,-0.3016,0.1114,2.308,1.319,1.839,77.2,High Potential Exploration Zone,Barren Soil & Country Rock,True
MOIL-UK-04,500.0,-900.0,21.959915,80.468054,0.0237,0.0521,0.0326,0.549,0.1797,0.0779,0.888,-0.8267,-0.5069,1.373,2.307,1.926,56.4,Medium Potential Zone,Dense / Moderate Canopy,True
MOIL-UK-04,500.0,-800.0,21.960814,80.468054,0.0476,0.1031,0.0436,0.4917,0.1949,0.0901,0.8369,-0.6532,-0.4322,0.917,2.162,2.759,50.9,Medium Potential Zone,Dense / Moderate Canopy,True
MOIL-UK-04,500.0,-700.0,21.961712,80.468054,0.0473,0.0895,0.0328,0.4584,0.2038,0.0989,0.8665,-0.6734,-0.3845,0.694,2.061,3.172,46.4,Medium Potential Zone,Dense / Moderate Canopy,True
MOIL-UK-04,500.0,-600.0,21.96261,80.468054,0.0407,0.0878,0.0531,0.511,0.1656,0.0508,0.8116,-0.7068,-0.5106,1.307,3.26,1.976,73.5,Medium Potential Zone,Dense / Moderate Canopy,True
MOIL-UK-04,500.0,-500.0,21.963508,80.468054,0.03,0.0959,0.0671,0.6097,0.1528,0.0645,0.8018,-0.7281,-0.5992,2.238,2.369,1.681,71.6,Medium Potential Zone,Dense / Moderate Canopy,True
MOIL-UK-04,500.0,-400.0,21.964407,80.468054,0.1392,0.1569,0.1952,0.2431,0.3882,0.2665,0.1092,-0.2154,0.2299,1.402,1.457,2.401,69.7,Medium Potential Zone,Barren Soil & Country Rock,True
MOIL-UK-04,500.0,-300.0,21.965305,80.468054,0.0933,0.1311,0.1819,0.2827,0.3136,0.2273,0.2171,-0.3663,0.0517,1.949,1.38,1.83,72.3,Medium Potential Zone,Barren Soil & Country Rock,True
MOIL-UK-04,500.0,-200.0,21.966203,80.468054,0.1151,0.1236,0.1962,0.2252,0.3875,0.3246,0.0689,-0.2913,0.2649,1.705,1.194,2.351,71.9,Medium Potential Zone,Barren Soil & Country Rock,True
MOIL-UK-04,500.0,-100.0,21.967102,80.468054,0.0407,0.0942,0.0578,0.6808,0.2007,0.0807,0.8436,-0.7568,-0.5446,1.418,2.487,1.926,65.7,Medium Potential Zone,Dense / Moderate Canopy,True
MOIL-UK-04,500.0,0.0,21.968,80.468054,0.0249,0.0986,0.0592,0.6664,0.2018,0.0808,0.8367,-0.7421,-0.5352,2.383,2.497,1.968,78.1,High Potential Exploration Zone,Dense / Moderate Canopy,True
MOIL-UK-04,500.0,100.0,21.968898,80.468054,0.0494,0.1185,0.0534,0.6011,0.1657,0.071,0.8367,-0.6707,-0.5677,1.081,2.335,2.493,61.9,Medium Potential Zone,Dense / Moderate Canopy,True
MOIL-UK-04,500.0,200.0,21.969797,80.468054,0.0929,0.1773,0.2096,0.3134,0.3342,0.2558,0.1986,-0.2773,0.032,2.255,1.307,1.912,80.3,High Potential Exploration Zone,Barren Soil & Country Rock,True
MOIL-UK-04,500.0,300.0,21.970695,80.468054,0.0453,0.075,0.209,0.1982,0.3033,0.2425,-0.0265,-0.4509,0.2096,4.613,1.251,1.889,98.0,High Potential Exploration Zone,Manganese Gossan / Alteration Outcrop,True
MOIL-UK-04,500.0,400.0,21.971593,80.468054,0.0757,0.0696,0.2166,0.2066,0.3597,0.2378,-0.0235,-0.4958,0.2704,2.861,1.513,2.063,98.0,High Potential Exploration Zone,Manganese Gossan / Alteration Outcrop,True
MOIL-UK-04,500.0,500.0,21.972492,80.468054,0.0495,0.0884,0.1268,0.2252,0.3309,0.2111,0.2796,-0.4364,0.1901,2.563,1.568,2.166,90.2,High Potential Exploration Zone,Manganese Gossan / Alteration Outcrop,True
MOIL-UK-04,500.0,600.0,21.97339,80.468054,0.051,0.1051,0.2041,0.2163,0.2981,0.276,0.0291,-0.3458,0.1589,4.003,1.08,1.893,98.0,High Potential Exploration Zone,Manganese Gossan / Alteration Outcrop,True
MOIL-UK-04,500.0,700.0,21.974288,80.468054,0.0499,0.0612,0.1633,0.232,0.32,0.2052,0.1738,-0.5824,0.1595,3.274,1.559,1.754,98.0,High Potential Exploration Zone,Manganese Gossan / Alteration Outcrop,True
MOIL-UK-04,500.0,800.0,21.975186,80.468054,0.066,0.0972,0.175,0.2243,0.3229,0.1906,0.1233,-0.395,0.1803,2.651,1.695,1.996,98.0,High Potential Exploration Zone,Manganese Gossan / Alteration Outcrop,True
MOIL-UK-04,500.0,900.0,21.976085,80.468054,0.0724,0.0673,0.2083,0.1922,0.3425,0.2869,-0.0402,-0.4812,0.2811,2.877,1.194,2.105,98.0,High Potential Exploration Zone,Manganese Gossan / Alteration Outcrop,True
MOIL-UK-04,500.0,1000.0,21.976983,80.468054,0.0573,0.083,0.2026,0.151,0.2439,0.2465,-0.1458,-0.2907,0.2351,3.537,0.989,2.024,98.0,High Potential Exploration Zone,Manganese Gossan / Alteration Outcrop,True
MOIL-UK-04,500.0,1100.0,21.977881,80.468054,0.0467,0.0728,0.2176,0.2053,0.3598,0.2788,-0.0291,-0.4765,0.2734,4.66,1.291,2.087,98.0,High Potential Exploration Zone,Manganese Gossan / Alteration Outcrop,True
MOIL-UK-04,500.0,1200.0,21.97878,80.468054,0.0449,0.1064,0.2067,0.1445,0.3768,0.2304,-0.1769,-0.152,0.4455,4.607,1.635,3.122,98.0,High Potential Exploration Zone,Manganese Gossan / Alteration Outcrop,True
MOIL-UK-04,600.0,-1200.0,21.95722,80.469025,0.0447,0.0808,0.0505,0.5243,0.1687,0.0575,0.8244,-0.7329,-0.5131,1.129,2.933,1.923,63.7,Medium Potential Zone,Dense / Moderate Canopy,True
MOIL-UK-04,600.0,-1100.0,21.958119,80.469025,0.0414,0.1064,0.0512,0.4839,0.1737,0.073,0.8085,-0.6396,-0.4717,1.238,2.378,2.435,57.3,Medium Potential Zone,Dense / Moderate Canopy,True
MOIL-UK-04,600.0,-1000.0,21.959017,80.469025,0.1169,0.1712,0.2168,0.2424,0.3947,0.2571,0.0556,-0.172,0.2391,1.855,1.535,2.418,74.5,Medium Potential Zone,Barren Soil & Country Rock,True
MOIL-UK-04,600.0,-900.0,21.959915,80.469025,0.1377,0.121,0.1734,0.2667,0.3034,0.24,0.212,-0.3758,0.0644,1.26,1.264,1.835,59.2,Medium Potential Zone,Barren Soil & Country Rock,True
MOIL-UK-04,600.0,-800.0,21.960814,80.469025,0.0446,0.0963,0.0341,0.6918,0.2123,0.0697,0.9062,-0.7556,-0.5304,0.764,3.047,3.135,59.8,Medium Potential Zone,Dense / Moderate Canopy,True
MOIL-UK-04,600.0,-700.0,21.961712,80.469025,0.0346,0.0968,0.0691,0.7163,0.1709,0.0564,0.824,-0.762,-0.6147,2.0,3.028,1.639,76.4,High Potential Exploration Zone,Dense / Moderate Canopy,True
MOIL-UK-04,600.0,-600.0,21.96261,80.469025,0.1048,0.1521,0.2368,0.2462,0.3551,0.2549,0.0195,-0.2364,0.1811,2.26,1.393,2.084,79.4,High Potential Exploration Zone,Barren Soil & Country Rock,True
MOIL-UK-04,600.0,-500.0,21.963508,80.469025,0.0497,0.111,0.0435,0.525,0.1631,0.1023,0.8468,-0.6511,-0.5259,0.876,1.594,2.858,42.2,Low Potential / Barren,Dense / Moderate Canopy,True
MOIL-UK-04,600.0,-400.0,21.964407,80.469025,0.1397,0.173,0.1619,0.2582,0.3763,0.249,0.2292,-0.1976,0.1861,1.159,1.511,2.526,63.2,Medium Potential Zone,Barren Soil & Country Rock,True
MOIL-UK-04,600.0,-300.0,21.965305,80.469025,0.1178,0.1742,0.2364,0.221,0.4024,0.2873,-0.0337,-0.1184,0.291,2.008,1.401,2.557,78.6,High Potential Exploration Zone,Barren Soil & Country Rock,True
MOIL-UK-04,600.0,-200.0,21.966203,80.469025,0.117,0.1797,0.1821,0.2477,0.3779,0.2252,0.1526,-0.159,0.2081,1.556,1.678,2.513,73.7,Medium Potential Zone,Barren Soil & Country Rock,True
MOIL-UK-04,600.0,-100.0,21.967102,80.469025,0.0396,0.1089,0.0392,0.6787,0.1649,0.0593,0.8907,-0.7235,-0.6091,0.991,2.781,3.018,62.3,Medium Potential Zone,Dense / Moderate Canopy,True
MOIL-UK-04,600.0,0.0,21.968,80.469025,0.0412,0.0618,0.0399,0.5226,0.2163,0.112,0.8583,-0.7886,-0.4145,0.969,1.931,1.964,51.1,Medium Potential Zone,Dense / Moderate Canopy,True
MOIL-UK-04,600.0,100.0,21.968898,80.469025,0.108,0.1371,0.2194,0.2361,0.3274,0.2927,0.0367,-0.2653,0.162,2.032,1.118,2.012,76.6,High Potential Exploration Zone,Barren Soil & Country Rock,True
MOIL-UK-04,600.0,200.0,21.969797,80.469025,0.0391,0.1158,0.0672,0.6439,0.1479,0.0978,0.8109,-0.6952,-0.6265,1.721,1.512,1.952,56.8,Medium Potential Zone,Dense / Moderate Canopy,True
MOIL-UK-04,600.0,300.0,21.970695,80.469025,0.1,0.1655,0.2281,0.2617,0.3533,0.2663,0.0687,-0.2252,0.149,2.281,1.326,2.076,83.8,High Potential Exploration Zone,Barren Soil & Country Rock,True
MOIL-UK-04,600.0,400.0,21.971593,80.469025,0.0354,0.0984,0.06,0.7133,0.1638,0.0558,0.8448,-0.7575,-0.6265,1.697,2.934,1.87,79.3,High Potential Exploration Zone,Dense / Moderate Canopy,True
MOIL-UK-04,600.0,500.0,21.972492,80.469025,0.0675,0.0849,0.2041,0.1547,0.3303,0.2305,-0.1378,-0.2911,0.3622,3.023,1.433,2.552,98.0,High Potential Exploration Zone,Manganese Gossan / Alteration Outcrop,True
MOIL-UK-04,600.0,600.0,21.97339,80.469025,0.0568,0.0882,0.1884,0.2251,0.2729,0.2122,0.0887,-0.4367,0.096,3.319,1.286,1.681,98.0,High Potential Exploration Zone,Manganese Gossan / Alteration Outcrop,True
MOIL-UK-04,600.0,700.0,21.974288,80.469025,0.0619,0.0773,0.1768,0.16,0.2831,0.2157,-0.0499,-0.3484,0.2777,2.855,1.312,2.206,98.0,High Potential Exploration Zone,Manganese Gossan / Alteration Outcrop,True
MOIL-UK-04,600.0,800.0,21.975186,80.469025,0.0797,0.1027,0.2038,0.1914,0.3054,0.1877,-0.0314,-0.3014,0.2295,2.557,1.627,2.1,98.0,High Potential Exploration Zone,Manganese Gossan / Alteration Outcrop,True
MOIL-UK-04,600.0,900.0,21.976085,80.469025,0.0479,0.1048,0.1726,0.2387,0.3229,0.2215,0.1609,-0.39,0.1498,3.603,1.457,1.959,98.0,High Potential Exploration Zone,Manganese Gossan / Alteration Outcrop,True
MOIL-UK-04,600.0,1000.0,21.976983,80.469025,0.051,0.1059,0.1571,0.1546,0.279,0.251,-0.0079,-0.1869,0.2868,3.082,1.111,2.479,98.0,High Potential Exploration Zone,Manganese Gossan / Alteration Outcrop,True
MOIL-UK-04,600.0,1100.0,21.977881,80.469025,0.0453,0.0646,0.1658,0.1484,0.295,0.2155,-0.0554,-0.3935,0.3307,3.658,1.369,2.378,98.0,High Potential Exploration Zone,Manganese Gossan / Alteration Outcrop,True
MOIL-UK-04,600.0,1200.0,21.97878,80.469025,0.0557,0.0844,0.1385,0.1842,0.2906,0.2675,0.1416,-0.3717,0.224,2.489,1.086,2.187,90.9,High Potential Exploration Zone,Manganese Gossan / Alteration Outcrop,True
MOIL-UK-04,700.0,-1200.0,21.95722,80.469996,0.0462,0.0968,0.0348,0.5869,0.1942,0.1089,0.8879,-0.7168,-0.5027,0.755,1.783,3.11,40.0,Low Potential / Barren,Dense / Moderate Canopy,True
MOIL-UK-04,700.0,-1100.0,21.958119,80.469996,0.0934,0.1717,0.1988,0.2652,0.3492,0.2408,0.1431,-0.214,0.1366,2.129,1.45,2.18,73.2,Medium Potential Zone,Barren Soil & Country Rock,True
MOIL-UK-04,700.0,-1000.0,21.959017,80.469996,0.0442,0.1086,0.0312,0.6431,0.1291,0.1177,0.9074,-0.7111,-0.6656,0.706,1.097,3.68,28.9,Low Potential / Barren,Dense / Moderate Canopy,True
MOIL-UK-04,700.0,-900.0,21.959915,80.469996,0.0433,0.0935,0.0681,0.7129,0.1479,0.0838,0.8257,-0.768,-0.6564,1.574,1.765,1.581,51.5,Medium Potential Zone,Dense / Moderate Canopy,True
MOIL-UK-04,700.0,-800.0,21.960814,80.469996,0.0253,0.1133,0.044,0.4736,0.1355,0.0859,0.83,-0.614,-0.5552,1.736,1.576,2.861,50.6,Medium Potential Zone,Dense / Moderate Canopy,True
MOIL-UK-04,700.0,-700.0,21.961712,80.469996,0.0388,0.065,0.0419,0.7135,0.1253,0.1196,0.8891,-0.8329,-0.7013,1.078,1.048,1.729,33.6,Low Potential / Barren,Dense / Moderate Canopy,True
MOIL-UK-04,700.0,-600.0,21.96261,80.469996,0.0404,0.116,0.0361,0.7045,0.1413,0.0882,0.9025,-0.7172,-0.666,0.895,1.601,3.415,39.8,Low Potential / Barren,Dense / Moderate Canopy,True
MOIL-UK-04,700.0,-500.0,21.963508,80.469996,0.0354,0.0687,0.0612,0.6505,0.2154,0.0855,0.828,-0.8089,-0.5025,1.731,2.52,1.453,65.7,Medium Potential Zone,Dense / Moderate Canopy,True
MOIL-UK-04,700.0,-400.0,21.964407,80.469996,0.0471,0.1144,0.056,0.6715,0.1705,0.0772,0.8461,-0.709,-0.595,1.189,2.209,2.297,54.7,Medium Potential Zone,Dense / Moderate Canopy,True
MOIL-UK-04,700.0,-300.0,21.965305,80.469996,0.0433,0.067,0.0319,0.6027,0.2042,0.0673,0.8994,-0.8,-0.4939,0.737,3.033,2.438,60.7,Medium Potential Zone,Dense / Moderate Canopy,True
MOIL-UK-04,700.0,-200.0,21.966203,80.469996,0.0324,0.0735,0.0369,0.7023,0.1426,0.0695,0.9001,-0.8105,-0.6625,1.139,2.05,2.194,51.0,Medium Potential Zone,Dense / Moderate Canopy,True
MOIL-UK-04,700.0,-100.0,21.967102,80.469996,0.0971,0.1298,0.1884,0.2672,0.3572,0.2388,0.173,-0.3461,0.1442,1.94,1.496,2.026,74.3,Medium Potential Zone,Barren Soil & Country Rock,True
MOIL-UK-04,700.0,0.0,21.968,80.469996,0.0293,0.1143,0.0432,0.683,0.1553,0.0854,0.8811,-0.7134,-0.6296,1.471,1.818,2.873,53.1,Medium Potential Zone,Dense / Moderate Canopy,True
MOIL-UK-04,700.0,100.0,21.968898,80.469996,0.1032,0.1571,0.2154,0.307,0.3597,0.246,0.1753,-0.323,0.0789,2.087,1.462,1.901,76.7,High Potential Exploration Zone,Barren Soil & Country Rock,True
MOIL-UK-04,700.0,200.0,21.969797,80.469996,0.0405,0.0762,0.0687,0.7088,0.128,0.0514,0.8232,-0.8058,-0.6942,1.696,2.49,1.29,69.1,Medium Potential Zone,Dense / Moderate Canopy,True
MOIL-UK-04,700.0,300.0,21.970695,80.469996,0.1211,0.1627,0.2179,0.283,0.32,0.2401,0.13,-0.2701,0.0613,1.799,1.333,1.877,74.6,Medium Potential Zone,Barren Soil & Country Rock,True
MOIL-UK-04,700.0,400.0,21.971593,80.469996,0.0474,0.067,0.0367,0.5513,0.1248,0.0613,0.8751,-0.7834,-0.6307,0.775,2.035,2.05,52.2,Medium Potential Zone,Dense / Moderate Canopy,True
MOIL-UK-04,700.0,500.0,21.972492,80.469996,0.0943,0.1642,0.2324,0.3109,0.3646,0.3044,0.1445,-0.3088,0.0795,2.464,1.198,1.879,82.0,High Potential Exploration Zone,Barren Soil & Country Rock,True
MOIL-UK-04,700.0,600.0,21.97339,80.469996,0.0598,0.0673,0.1835,0.175,0.2408,0.2432,-0.0237,-0.4443,0.1583,3.071,0.99,1.743,91.6,High Potential Exploration Zone,Manganese Gossan / Alteration Outcrop,True
MOIL-UK-04,700.0,700.0,21.974288,80.469996,0.0479,0.1043,0.2134,0.1562,0.2441,0.1804,-0.1547,-0.1992,0.2196,4.452,1.353,2.052,98.0,High Potential Exploration Zone,Manganese Gossan / Alteration Outcrop,True
MOIL-UK-04,700.0,800.0,21.975186,80.469996,0.0765,0.0676,0.1635,0.1457,0.2923,0.2664,-0.0576,-0.3662,0.3346,2.137,1.097,2.419,85.8,High Potential Exploration Zone,Manganese Gossan / Alteration Outcrop,True
MOIL-UK-04,700.0,900.0,21.976085,80.469996,0.0563,0.0988,0.1889,0.1917,0.3433,0.2767,0.0075,-0.32,0.2833,3.357,1.241,2.313,98.0,High Potential Exploration Zone,Manganese Gossan / Alteration Outcrop,True
MOIL-UK-04,700.0,1000.0,21.976983,80.469996,0.0717,0.0946,0.1902,0.1561,0.3731,0.2026,-0.0984,-0.2454,0.41,2.652,1.841,2.887,98.0,High Potential Exploration Zone,Manganese Gossan / Alteration Outcrop,True
MOIL-UK-04,700.0,1100.0,21.977881,80.469996,0.054,0.0859,0.1326,0.1994,0.2656,0.2816,0.201,-0.3977,0.1424,2.458,0.943,1.98,87.9,High Potential Exploration Zone,Manganese Gossan / Alteration Outcrop,True
MOIL-UK-04,700.0,1200.0,21.97878,80.469996,0.0755,0.0872,0.1649,0.1503,0.3553,0.2217,-0.0466,-0.2654,0.4055,2.183,1.602,2.893,98.0,High Potential Exploration Zone,Manganese Gossan / Alteration Outcrop,True
MOIL-UK-04,800.0,-1200.0,21.95722,80.470967,0.1397,0.1601,0.1659,0.3001,0.3851,0.2681,0.288,-0.3043,0.1239,1.187,1.436,2.248,57.5,Medium Potential Zone,Barren Soil & Country Rock,True
MOIL-UK-04,800.0,-1100.0,21.958119,80.470967,0.1098,0.1658,0.1661,0.2363,0.3666,0.2871,0.1746,-0.1754,0.2161,1.512,1.277,2.55,62.3,Medium Potential Zone,Barren Soil & Country Rock,True
MOIL-UK-04,800.0,-1000.0,21.959017,80.470967,0.0444,0.1143,0.0486,0.6627,0.1249,0.0706,0.8632,-0.7058,-0.6829,1.094,1.768,2.539,44.4,Low Potential / Barren,Dense / Moderate Canopy,True
MOIL-UK-04,800.0,-900.0,21.959915,80.470967,0.0429,0.0899,0.0492,0.513,0.1374,0.1113,0.8249,-0.7017,-0.5774,1.147,1.235,2.095,38.3,Low Potential / Barren,Dense / Moderate Canopy,True
MOIL-UK-04,800.0,-800.0,21.960814,80.470967,0.1061,0.1733,0.1718,0.2328,0.377,0.2598,0.1506,-0.1464,0.2365,1.619,1.451,2.628,67.4,Medium Potential Zone,Barren Soil & Country Rock,True
MOIL-UK-04,800.0,-700.0,21.961712,80.470967,0.0388,0.0765,0.062,0.7116,0.2133,0.0882,0.8397,-0.8058,-0.5388,1.599,2.419,1.534,61.2,Medium Potential Zone,Dense / Moderate Canopy,True
MOIL-UK-04,800.0,-600.0,21.96261,80.470967,0.106,0.1398,0.1953,0.2213,0.2877,0.3126,0.0623,-0.2257,0.1305,1.842,0.921,2.016,65.1,Medium Potential Zone,Barren Soil & Country Rock,True
MOIL-UK-04,800.0,-500.0,21.963508,80.470967,0.1277,0.1488,0.2245,0.2864,0.3081,0.2737,0.1211,-0.3161,0.0366,1.758,1.126,1.739,65.7,Medium Potential Zone,Barren Soil & Country Rock,True
MOIL-UK-04,800.0,-400.0,21.964407,80.470967,0.0299,0.0635,0.0516,0.5239,0.1794,0.069,0.8207,-0.7837,-0.4898,1.724,2.6,1.574,66.8,Medium Potential Zone,Dense / Moderate Canopy,True
MOIL-UK-04,800.0,-300.0,21.965305,80.470967,0.0303,0.1135,0.0412,0.6132,0.133,0.1045,0.8741,-0.6876,-0.6435,1.358,1.273,2.974,41.4,Low Potential / Barren,Dense / Moderate Canopy,True
MOIL-UK-04,800.0,-200.0,21.966203,80.470967,0.1318,0.1471,0.1676,0.2564,0.3892,0.2292,0.2095,-0.2706,0.2057,1.271,1.698,2.396,67.2,Medium Potential Zone,Barren Soil & Country Rock,True
MOIL-UK-04,800.0,-100.0,21.967102,80.470967,0.0352,0.0717,0.0602,0.4642,0.1698,0.0855,0.7703,-0.7324,-0.4644,1.71,1.986,1.556,60.1,Medium Potential Zone,Dense / Moderate Canopy,True
MOIL-UK-04,800.0,0.0,21.968,80.470967,0.0882,0.1446,0.2029,0.2253,0.2816,0.2431,0.0523,-0.2183,0.1111,2.302,1.159,1.962,76.5,High Potential Exploration Zone,Barren Soil & Country Rock,True
MOIL-UK-04,800.0,100.0,21.968898,80.470967,0.0212,0.1013,0.0361,0.6586,0.1405,0.0743,0.8961,-0.7333,-0.6484,1.701,1.892,3.022,55.9,Medium Potential Zone,Dense / Moderate Canopy,True
MOIL-UK-04,800.0,200.0,21.969797,80.470967,0.0304,0.0517,0.0663,0.5273,0.1336,0.0593,0.7765,-0.8216,-0.5957,2.181,2.254,1.032,71.1,Medium Potential Zone,Dense / Moderate Canopy,True
MOIL-UK-04,800.0,300.0,21.970695,80.470967,0.0237,0.0743,0.0327,0.6486,0.1797,0.0873,0.904,-0.7945,-0.5661,1.38,2.057,2.548,55.9,Medium Potential Zone,Dense / Moderate Canopy,True
MOIL-UK-04,800.0,400.0,21.971593,80.470967,0.0372,0.1169,0.0549,0.5457,0.1237,0.1008,0.8171,-0.6472,-0.6305,1.476,1.227,2.355,48.1,Medium Potential Zone,Dense / Moderate Canopy,True
MOIL-UK-04,800.0,500.0,21.972492,80.470967,0.116,0.1726,0.1606,0.296,0.3409,0.2349,0.2964,-0.2633,0.0706,1.385,1.452,2.226,67.0,Medium Potential Zone,Barren Soil & Country Rock,True
MOIL-UK-04,800.0,600.0,21.97339,80.470967,0.036,0.109,0.0509,0.6734,0.1744,0.0813,0.8595,-0.7214,-0.5885,1.414,2.146,2.401,61.9,Medium Potential Zone,Dense / Moderate Canopy,True
MOIL-UK-04,800.0,700.0,21.974288,80.470967,0.0904,0.155,0.2035,0.3176,0.3377,0.2706,0.2188,-0.3439,0.0308,2.251,1.248,1.825,78.5,High Potential Exploration Zone,Barren Soil & Country Rock,True
MOIL-UK-04,800.0,800.0,21.975186,80.470967,0.0466,0.0899,0.2048,0.1648,0.2413,0.2561,-0.1082,-0.2942,0.1883,4.399,0.942,1.903,98.0,High Potential Exploration Zone,Manganese Gossan / Alteration Outcrop,True
MOIL-UK-04,800.0,900.0,21.976085,80.470967,0.0413,0.0805,0.1813,0.1786,0.2765,0.2679,-0.0074,-0.3788,0.2151,4.394,1.032,1.992,98.0,High Potential Exploration Zone,Manganese Gossan / Alteration Outcrop,True
MOIL-UK-04,800.0,1000.0,21.976983,80.470967,0.052,0.069,0.1588,0.1532,0.3367,0.2581,-0.0182,-0.3788,0.3746,3.052,1.304,2.632,98.0,High Potential Exploration Zone,Manganese Gossan / Alteration Outcrop,True
MOIL-UK-04,800.0,1100.0,21.977881,80.470967,0.0406,0.0947,0.1499,0.2056,0.3389,0.2106,0.1567,-0.3691,0.2448,3.693,1.61,2.28,98.0,High Potential Exploration Zone,Manganese Gossan / Alteration Outcrop,True
MOIL-UK-04,800.0,1200.0,21.97878,80.470967,0.0474,0.1013,0.1939,0.2237,0.301,0.2302,0.0713,-0.3766,0.1473,4.09,1.308,1.868,98.0,High Potential Exploration Zone,Manganese Gossan / Alteration Outcrop,True
MOIL-UK-04,900.0,-1200.0,21.95722,80.471938,0.1099,0.1588,0.2252,0.2383,0.3368,0.2753,0.0284,-0.2003,0.1712,2.048,1.223,2.118,71.7,Medium Potential Zone,Barren Soil & Country Rock,True
MOIL-UK-04,900.0,-1100.0,21.958119,80.471938,0.0363,0.1061,0.0655,0.493,0.1913,0.0835,0.7656,-0.6457,-0.4409,1.805,2.29,2.009,62.9,Medium Potential Zone,Dense / Moderate Canopy,True
MOIL-UK-04,900.0,-1000.0,21.959017,80.471938,0.0234,0.0545,0.0691,0.6234,0.1652,0.1033,0.8004,-0.8392,-0.581,2.953,1.599,1.053,64.8,Medium Potential Zone,Dense / Moderate Canopy,True
MOIL-UK-04,900.0,-900.0,21.959915,80.471938,0.1164,0.1596,0.1962,0.2453,0.4136,0.2561,0.1112,-0.2115,0.2555,1.685,1.615,2.5,71.3,Medium Potential Zone,Barren Soil & Country Rock,True
MOIL-UK-04,900.0,-800.0,21.960814,80.471938,0.1178,0.1545,0.2204,0.2954,0.3668,0.2449,0.1454,-0.3133,0.1079,1.87,1.498,1.943,70.8,Medium Potential Zone,Barren Soil & Country Rock,True
MOIL-UK-04,900.0,-700.0,21.961712,80.471938,0.0274,0.0566,0.0421,0.5805,0.1407,0.0734,0.8649,-0.8224,-0.6098,1.532,1.918,1.588,51.8,Medium Potential Zone,Dense / Moderate Canopy,True
MOIL-UK-04,900.0,-600.0,21.96261,80.471938,0.0297,0.0563,0.0379,0.6644,0.2154,0.0604,0.8921,-0.8439,-0.5103,1.276,3.567,1.809,73.0,Medium Potential Zone,Dense / Moderate Canopy,True
MOIL-UK-04,900.0,-500.0,21.963508,80.471938,0.0472,0.0709,0.0632,0.6943,0.1499,0.054,0.8332,-0.8146,-0.6448,1.339,2.778,1.339,63.9,Medium Potential Zone,Dense / Moderate Canopy,True
MOIL-UK-04,900.0,-400.0,21.964407,80.471938,0.0299,0.051,0.049,0.4813,0.2102,0.0608,0.8152,-0.8085,-0.3921,1.638,3.454,1.477,78.2,High Potential Exploration Zone,Dense / Moderate Canopy,True
MOIL-UK-04,900.0,-300.0,21.965305,80.471938,0.1274,0.1684,0.2321,0.2697,0.4181,0.2819,0.075,-0.2313,0.2157,1.821,1.483,2.276,73.3,Medium Potential Zone,Barren Soil & Country Rock,True
MOIL-UK-04,900.0,-200.0,21.966203,80.471938,0.0309,0.1159,0.0574,0.4708,0.1309,0.1124,0.7827,-0.6049,-0.565,1.86,1.165,2.297,48.0,Medium Potential Zone,Dense / Moderate Canopy,True
MOIL-UK-04,900.0,-100.0,21.967102,80.471938,0.0299,0.0865,0.0641,0.4779,0.1338,0.1001,0.7634,-0.6935,-0.5625,2.144,1.337,1.629,54.8,Medium Potential Zone,Dense / Moderate Canopy,True
MOIL-UK-04,900.0,0.0,21.968,80.471938,0.1012,0.1351,0.2208,0.2202,0.2962,0.2319,-0.0013,-0.2396,0.147,2.183,1.277,1.956,77.7,High Potential Exploration Zone,Barren Soil & Country Rock,True
MOIL-UK-04,900.0,100.0,21.968898,80.471938,0.0939,0.1337,0.1896,0.2414,0.2949,0.29,0.1201,-0.2871,0.0997,2.018,1.017,1.927,68.8,Medium Potential Zone,Barren Soil & Country Rock,True
MOIL-UK-04,900.0,200.0,21.969797,80.471938,0.0382,0.103,0.0689,0.4914,0.166,0.0907,0.7541,-0.6534,-0.495,1.803,1.829,1.833,60.0,Medium Potential Zone,Dense / Moderate Canopy,True
MOIL-UK-04,900.0,300.0,21.970695,80.471938,0.1168,0.1574,0.2274,0.3033,0.3,0.2403,0.143,-0.3165,-0.0055,1.947,1.248,1.681,71.9,Medium Potential Zone,Barren Soil & Country Rock,True
MOIL-UK-04,900.0,400.0,21.971593,80.471938,0.0957,0.1539,0.1862,0.3153,0.2966,0.2496,0.2574,-0.3441,-0.0306,1.946,1.188,1.767,68.2,Medium Potential Zone,Barren Soil & Country Rock,True
MOIL-UK-04,900.0,500.0,21.972492,80.471938,0.0375,0.0883,0.0538,0.5181,0.1961,0.0848,0.8119,-0.7087,-0.4508,1.433,2.314,2.021,63.4,Medium Potential Zone,Dense / Moderate Canopy,True
MOIL-UK-04,900.0,600.0,21.97339,80.471938,0.0906,0.169,0.1876,0.2973,0.3729,0.2562,0.2263,-0.2752,0.1127,2.07,1.456,2.155,76.2,High Potential Exploration Zone,Barren Soil & Country Rock,True
MOIL-UK-04,900.0,700.0,21.974288,80.471938,0.1284,0.1586,0.1841,0.2723,0.3657,0.2203,0.1934,-0.264,0.1463,1.433,1.66,2.204,74.0,Medium Potential Zone,Barren Soil & Country Rock,True
MOIL-UK-04,900.0,800.0,21.975186,80.471938,0.0397,0.0558,0.0615,0.6728,0.149,0.0614,0.8325,-0.8469,-0.6373,1.55,2.429,1.128,68.9,Medium Potential Zone,Dense / Moderate Canopy,True
MOIL-UK-04,900.0,900.0,21.976085,80.471938,0.0237,0.1101,0.0492,0.6956,0.1842,0.07,0.8679,-0.7268,-0.5813,2.076,2.633,2.502,78.2,High Potential Exploration Zone,Dense / Moderate Canopy,True
MOIL-UK-04,900.0,1000.0,21.976983,80.471938,0.0587,0.0865,0.2015,0.2262,0.3356,0.2124,0.0577,-0.4469,0.1948,3.432,1.58,1.913,98.0,High Potential Exploration Zone,Manganese Gossan / Alteration Outcrop,True
MOIL-UK-04,900.0,1100.0,21.977881,80.471938,0.0611,0.0665,0.143,0.1703,0.2502,0.2773,0.0871,-0.4382,0.19,2.339,0.902,1.934,81.7,High Potential Exploration Zone,Manganese Gossan / Alteration Outcrop,True
MOIL-UK-04,900.0,1200.0,21.97878,80.471938,0.0449,0.0948,0.1706,0.2232,0.3437,0.2636,0.1336,-0.4035,0.2127,3.798,1.304,2.096,98.0,High Potential Exploration Zone,Manganese Gossan / Alteration Outcrop,True
MOIL-UK-04,1000.0,-1200.0,21.95722,80.472909,0.045,0.0566,0.0478,0.7185,0.2148,0.0558,0.8753,-0.8539,-0.5397,1.061,3.853,1.484,74.3,Medium Potential Zone,Dense / Moderate Canopy,True
MOIL-UK-04,1000.0,-1100.0,21.958119,80.472909,0.0295,0.101,0.0594,0.45,0.2046,0.0657,0.7667,-0.6334,-0.3749,2.017,3.116,2.154,77.5,High Potential Exploration Zone,Dense / Moderate Canopy,True
MOIL-UK-04,1000.0,-1000.0,21.959017,80.472909,0.0472,0.0633,0.0555,0.53,0.1303,0.1112,0.8106,-0.7865,-0.6053,1.176,1.172,1.388,37.5,Low Potential / Barren,Dense / Moderate Canopy,True
MOIL-UK-04,1000.0,-900.0,21.959915,80.472909,0.1053,0.1755,0.166,0.2751,0.3601,0.3116,0.2472,-0.2211,0.1339,1.577,1.156,2.366,58.9,Medium Potential Zone,Barren Soil & Country Rock,True
MOIL-UK-04,1000.0,-800.0,21.960814,80.472909,0.0327,0.1021,0.0664,0.6893,0.1702,0.0925,0.8242,-0.7421,-0.604,2.03,1.84,1.784,57.1,Medium Potential Zone,Dense / Moderate Canopy,True
MOIL-UK-04,1000.0,-700.0,21.961712,80.472909,0.0446,0.0855,0.0345,0.554,0.192,0.0937,0.8828,-0.7325,-0.4852,0.773,2.05,2.828,44.3,Low Potential / Barren,Dense / Moderate Canopy,True
MOIL-UK-04,1000.0,-600.0,21.96261,80.472909,0.035,0.0622,0.0346,0.5799,0.1406,0.1188,0.8874,-0.8062,-0.6098,0.989,1.184,2.04,33.8,Low Potential / Barren,Dense / Moderate Canopy,True
MOIL-UK-04,1000.0,-500.0,21.963508,80.472909,0.114,0.1201,0.1803,0.2459,0.3833,0.2795,0.154,-0.3437,0.2184,1.581,1.372,2.225,65.6,Medium Potential Zone,Barren Soil & Country Rock,True
MOIL-UK-04,1000.0,-400.0,21.964407,80.472909,0.1028,0.1587,0.2109,0.2254,0.41,0.2496,0.0331,-0.1737,0.2906,2.053,1.643,2.572,78.8,High Potential Exploration Zone,Barren Soil & Country Rock,True
MOIL-UK-04,1000.0,-300.0,21.965305,80.472909,0.0264,0.0897,0.0462,0.607,0.1698,0.0501,0.8584,-0.7424,-0.5628,1.751,3.386,2.221,77.0,High Potential Exploration Zone,Dense / Moderate Canopy,True
MOIL-UK-04,1000.0,-200.0,21.966203,80.472909,0.0807,0.161,0.2283,0.2585,0.3535,0.2279,0.062,-0.2324,0.1552,2.83,1.551,2.073,86.0,High Potential Exploration Zone,Barren Soil & Country Rock,True
MOIL-UK-04,1000.0,-100.0,21.967102,80.472909,0.0883,0.1239,0.1738,0.3071,0.4175,0.3255,0.2773,-0.4251,0.1524,1.967,1.283,2.073,65.9,Medium Potential Zone,Barren Soil & Country Rock,True
MOIL-UK-04,1000.0,0.0,21.968,80.472909,0.0419,0.0612,0.0525,0.6475,0.1713,0.0888,0.8499,-0.8274,-0.5815,1.253,1.929,1.429,50.6,Medium Potential Zone,Dense / Moderate Canopy,True
MOIL-UK-04,1000.0,100.0,21.968898,80.472909,0.034,0.0703,0.0555,0.4644,0.1371,0.1148,0.7866,-0.7369,-0.5442,1.632,1.195,1.563,46.2,Medium Potential Zone,Dense / Moderate Canopy,True
MOIL-UK-04,1000.0,200.0,21.969797,80.472909,0.0447,0.1009,0.0428,0.667,0.1291,0.1112,0.8793,-0.7373,-0.6756,0.959,1.161,2.549,35.7,Low Potential / Barren,Dense / Moderate Canopy,True
MOIL-UK-04,1000.0,300.0,21.970695,80.472909,0.0478,0.1127,0.0452,0.6813,0.1763,0.061,0.8755,-0.7162,-0.5889,0.946,2.89,2.751,62.1,Medium Potential Zone,Dense / Moderate Canopy,True
MOIL-UK-04,1000.0,400.0,21.971593,80.472909,0.0472,0.0559,0.0672,0.6123,0.1226,0.0879,0.8022,-0.8326,-0.6664,1.423,1.394,1.032,47.8,Medium Potential Zone,Dense / Moderate Canopy,True
MOIL-UK-04,1000.0,500.0,21.972492,80.472909,0.036,0.0995,0.0652,0.6848,0.1379,0.0799,0.8262,-0.7463,-0.6648,1.811,1.726,1.728,57.2,Medium Potential Zone,Dense / Moderate Canopy,True
MOIL-UK-04,1000.0,600.0,21.97339,80.472909,0.1157,0.1773,0.1745,0.2604,0.4136,0.31,0.1973,-0.1898,0.2273,1.509,1.334,2.604,67.4,Medium Potential Zone,Barren Soil & Country Rock,True
MOIL-UK-04,1000.0,700.0,21.974288,80.472909,0.1057,0.1793,0.1963,0.2829,0.3781,0.2997,0.1809,-0.2243,0.144,1.857,1.262,2.25,71.6,Medium Potential Zone,Barren Soil & Country Rock,True
MOIL-UK-04,1000.0,800.0,21.975186,80.472909,0.024,0.0996,0.0673,0.7043,0.1793,0.0845,0.8255,-0.7522,-0.5941,2.807,2.124,1.734,77.0,High Potential Exploration Zone,Dense / Moderate Canopy,True
MOIL-UK-04,1000.0,900.0,21.976085,80.472909,0.0862,0.173,0.171,0.2488,0.3837,0.3046,0.1854,-0.1797,0.2132,1.983,1.26,2.554,74.8,Medium Potential Zone,Barren Soil & Country Rock,True
MOIL-UK-04,1000.0,1000.0,21.976983,80.472909,0.0423,0.0879,0.0362,0.7196,0.2092,0.0802,0.9042,-0.7822,-0.5495,0.857,2.609,2.72,61.8,Medium Potential Zone,Dense / Moderate Canopy,True
MOIL-UK-04,1000.0,1100.0,21.977881,80.472909,0.0612,0.0797,0.1838,0.2131,0.2724,0.2276,0.0739,-0.4557,0.1221,3.003,1.197,1.712,91.4,High Potential Exploration Zone,Manganese Gossan / Alteration Outcrop,True
MOIL-UK-04,1000.0,1200.0,21.97878,80.472909,0.0656,0.1094,0.1525,0.2145,0.2885,0.1902,0.169,-0.3245,0.1472,2.324,1.517,2.063,87.1,High Potential Exploration Zone,Manganese Gossan / Alteration Outcrop,True
MOIL-UK-04,1100.0,-1200.0,21.95722,80.47388,0.0395,0.086,0.057,0.6874,0.1957,0.11,0.8469,-0.7776,-0.5569,1.444,1.778,1.793,48.3,Medium Potential Zone,Dense / Moderate Canopy,True
MOIL-UK-04,1100.0,-1100.0,21.958119,80.47388,0.128,0.1416,0.1617,0.2243,0.3822,0.2526,0.1624,-0.2261,0.2604,1.263,1.513,2.58,62.8,Medium Potential Zone,Barren Soil & Country Rock,True
MOIL-UK-04,1100.0,-1000.0,21.959017,80.47388,0.1174,0.1645,0.2047,0.2906,0.4117,0.3225,0.1735,-0.2772,0.1724,1.744,1.277,2.22,64.5,Medium Potential Zone,Barren Soil & Country Rock,True
MOIL-UK-04,1100.0,-900.0,21.959915,80.47388,0.1344,0.1378,0.2128,0.3075,0.3673,0.3167,0.1819,-0.3809,0.0886,1.584,1.16,1.842,60.8,Medium Potential Zone,Barren Soil & Country Rock,True
MOIL-UK-04,1100.0,-800.0,21.960814,80.47388,0.049,0.0787,0.0697,0.5234,0.1662,0.1032,0.7649,-0.7384,-0.5179,1.422,1.61,1.447,48.3,Medium Potential Zone,Dense / Moderate Canopy,True
MOIL-UK-04,1100.0,-700.0,21.961712,80.47388,0.0216,0.1162,0.0699,0.6956,0.1308,0.1088,0.8173,-0.7137,-0.6834,3.24,1.202,1.849,61.5,Medium Potential Zone,Dense / Moderate Canopy,True
MOIL-UK-04,1100.0,-600.0,21.96261,80.47388,0.0203,0.1189,0.036,0.5571,0.123,0.0717,0.8785,-0.6482,-0.6382,1.776,1.717,3.522,50.8,Medium Potential Zone,Dense / Moderate Canopy,True
MOIL-UK-04,1100.0,-500.0,21.963508,80.47388,0.0479,0.1193,0.0469,0.5656,0.136,0.0849,0.8468,-0.6516,-0.6122,0.979,1.603,2.783,41.1,Low Potential / Barren,Dense / Moderate Canopy,True
MOIL-UK-04,1100.0,-400.0,21.964407,80.47388,0.025,0.0687,0.0657,0.6191,0.1531,0.1069,0.8083,-0.8004,-0.6036,2.63,1.432,1.293,58.7,Medium Potential Zone,Dense / Moderate Canopy,True
MOIL-UK-04,1100.0,-300.0,21.965305,80.47388,0.1315,0.1511,0.2206,0.2718,0.3145,0.2969,0.1042,-0.2855,0.0727,1.677,1.059,1.842,63.5,Medium Potential Zone,Barren Soil & Country Rock,True
MOIL-UK-04,1100.0,-200.0,21.966203,80.47388,0.0938,0.153,0.1912,0.2945,0.3617,0.2658,0.2127,-0.3164,0.1024,2.039,1.361,2.028,69.1,Medium Potential Zone,Barren Soil & Country Rock,True
MOIL-UK-04,1100.0,-100.0,21.967102,80.47388,0.1348,0.1224,0.2153,0.2592,0.3328,0.2982,0.0925,-0.3585,0.1244,1.597,1.116,1.853,64.3,Medium Potential Zone,Barren Soil & Country Rock,True
MOIL-UK-04,1100.0,0.0,21.968,80.47388,0.0417,0.0969,0.0498,0.5767,0.1661,0.0602,0.8409,-0.7123,-0.5528,1.194,2.76,2.232,62.1,Medium Potential Zone,Dense / Moderate Canopy,True
MOIL-UK-04,1100.0,100.0,21.968898,80.47388,0.0295,0.0933,0.0514,0.7038,0.1635,0.0965,0.8639,-0.7659,-0.623,1.744,1.694,2.048,52.0,Medium Potential Zone,Dense / Moderate Canopy,True
MOIL-UK-04,1100.0,200.0,21.969797,80.47388,0.0405,0.0687,0.0403,0.6011,0.2049,0.1004,0.8744,-0.7949,-0.4916,0.994,2.041,2.046,48.7,Medium Potential Zone,Dense / Moderate Canopy,True
MOIL-UK-04,1100.0,300.0,21.970695,80.47388,0.0277,0.1032,0.067,0.5075,0.1999,0.0621,0.7666,-0.6622,-0.4348,2.425,3.221,1.932,86.4,High Potential Exploration Zone,Dense / Moderate Canopy,True
MOIL-UK-04,1100.0,400.0,21.971593,80.47388,0.0393,0.0627,0.0315,0.6375,0.1806,0.0928,0.906,-0.821,-0.5585,0.801,1.946,2.276,45.0,Medium Potential Zone,Dense / Moderate Canopy,True
MOIL-UK-04,1100.0,500.0,21.972492,80.47388,0.0384,0.1111,0.0681,0.543,0.1688,0.0691,0.7772,-0.6602,-0.5257,1.771,2.442,1.943,67.9,Medium Potential Zone,Dense / Moderate Canopy,True
MOIL-UK-04,1100.0,600.0,21.97339,80.47388,0.0439,0.0797,0.0457,0.6795,0.1201,0.1097,0.8741,-0.7899,-0.6996,1.041,1.096,1.923,37.0,Low Potential / Barren,Dense / Moderate Canopy,True
MOIL-UK-04,1100.0,700.0,21.974288,80.47388,0.0965,0.1417,0.2305,0.3109,0.3726,0.2727,0.1486,-0.3738,0.0903,2.389,1.366,1.813,78.9,High Potential Exploration Zone,Barren Soil & Country Rock,True
MOIL-UK-04,1100.0,800.0,21.975186,80.47388,0.0374,0.1168,0.0688,0.6788,0.1784,0.0774,0.816,-0.7064,-0.5838,1.838,2.306,1.961,67.4,Medium Potential Zone,Dense / Moderate Canopy,True
MOIL-UK-04,1100.0,900.0,21.976085,80.47388,0.1121,0.1407,0.1658,0.2676,0.36,0.2934,0.2349,-0.3107,0.1471,1.48,1.227,2.194,65.4,Medium Potential Zone,Barren Soil & Country Rock,True
MOIL-UK-04,1100.0,1000.0,21.976983,80.47388,0.109,0.1594,0.2369,0.2225,0.3747,0.2275,-0.0313,-0.1654,0.2548,2.174,1.647,2.357,87.6,High Potential Exploration Zone,Barren Soil & Country Rock,True
MOIL-UK-04,1100.0,1100.0,21.977881,80.47388,0.0904,0.1397,0.2265,0.3056,0.3325,0.2718,0.1487,-0.3725,0.0421,2.506,1.223,1.705,81.7,High Potential Exploration Zone,Barren Soil & Country Rock,True
MOIL-UK-04,1100.0,1200.0,21.97878,80.47388,0.106,0.1365,0.174,0.2358,0.3886,0.234,0.1509,-0.2668,0.2446,1.642,1.66,2.432,79.5,High Potential Exploration Zone,Barren Soil & Country Rock,True
MOIL-UK-04,1200.0,-1200.0,21.95722,80.47485,0.025,0.1086,0.041,0.4621,0.1652,0.12,0.8371,-0.6193,-0.4733,1.638,1.377,3.009,44.7,Low Potential / Barren,Dense / Moderate Canopy,True
MOIL-UK-04,1200.0,-1100.0,21.958119,80.47485,0.0371,0.0633,0.0347,0.6764,0.1988,0.0824,0.9024,-0.8289,-0.5458,0.935,2.414,2.117,50.3,Medium Potential Zone,Dense / Moderate Canopy,True
MOIL-UK-04,1200.0,-1000.0,21.959017,80.47485,0.0425,0.0875,0.0462,0.518,0.1323,0.0916,0.8363,-0.7109,-0.5932,1.087,1.443,2.151,39.5,Low Potential / Barren,Dense / Moderate Canopy,True
MOIL-UK-04,1200.0,-900.0,21.959915,80.47485,0.0424,0.0987,0.0672,0.5565,0.1337,0.0571,0.7846,-0.6986,-0.6125,1.584,2.34,1.711,60.3,Medium Potential Zone,Dense / Moderate Canopy,True
MOIL-UK-04,1200.0,-800.0,21.960814,80.47485,0.0377,0.1068,0.0514,0.5576,0.14,0.1099,0.8311,-0.6786,-0.5986,1.365,1.274,2.327,40.5,Low Potential / Barren,Dense / Moderate Canopy,True
MOIL-UK-04,1200.0,-700.0,21.961712,80.47485,0.134,0.1323,0.1608,0.2304,0.4037,0.2288,0.178,-0.2704,0.2733,1.2,1.764,2.575,65.6,Medium Potential Zone,Barren Soil & Country Rock,True
MOIL-UK-04,1200.0,-600.0,21.96261,80.47485,0.095,0.1222,0.2025,0.3198,0.3994,0.2403,0.2246,-0.4471,0.1107,2.131,1.662,1.852,73.4,Medium Potential Zone,Barren Soil & Country Rock,True
MOIL-UK-04,1200.0,-500.0,21.963508,80.47485,0.0336,0.0691,0.0556,0.5085,0.208,0.0937,0.8028,-0.7607,-0.4195,1.657,2.22,1.652,59.1,Medium Potential Zone,Dense / Moderate Canopy,True
MOIL-UK-04,1200.0,-400.0,21.964407,80.47485,0.1142,0.1506,0.1977,0.2565,0.3464,0.2903,0.1294,-0.2601,0.1491,1.731,1.193,2.112,64.9,Medium Potential Zone,Barren Soil & Country Rock,True
MOIL-UK-04,1200.0,-300.0,21.965305,80.47485,0.0475,0.0531,0.0528,0.653,0.1316,0.1138,0.8505,-0.8496,-0.6647,1.11,1.156,1.208,35.8,Low Potential / Barren,Dense / Moderate Canopy,True
MOIL-UK-04,1200.0,-200.0,21.966203,80.47485,0.13,0.1597,0.2048,0.3069,0.4157,0.3397,0.1997,-0.3155,0.1505,1.575,1.224,2.134,61.8,Medium Potential Zone,Barren Soil & Country Rock,True
MOIL-UK-04,1200.0,-100.0,21.967102,80.47485,0.0302,0.1112,0.0562,0.5373,0.2132,0.1023,0.8107,-0.657,-0.4318,1.862,2.084,2.377,59.9,Medium Potential Zone,Dense / Moderate Canopy,True
MOIL-UK-04,1200.0,0.0,21.968,80.47485,0.0336,0.1197,0.0449,0.4754,0.1739,0.1119,0.8272,-0.5977,-0.4644,1.336,1.553,3.029,45.6,Medium Potential Zone,Dense / Moderate Canopy,True
MOIL-UK-04,1200.0,100.0,21.968898,80.47485,0.0438,0.0538,0.0569,0.4714,0.1756,0.0848,0.7845,-0.795,-0.4571,1.3,2.07,1.318,54.5,Medium Potential Zone,Dense / Moderate Canopy,True
MOIL-UK-04,1200.0,200.0,21.969797,80.47485,0.024,0.0507,0.0355,0.4961,0.1451,0.1071,0.8665,-0.8147,-0.5474,1.481,1.355,1.72,43.6,Low Potential / Barren,Dense / Moderate Canopy,True
MOIL-UK-04,1200.0,300.0,21.970695,80.47485,0.1304,0.1363,0.2288,0.2208,0.4108,0.3095,-0.0179,-0.2366,0.3008,1.754,1.327,2.456,72.7,Medium Potential Zone,Barren Soil & Country Rock,True
MOIL-UK-04,1200.0,400.0,21.971593,80.47485,0.0373,0.1153,0.0533,0.5117,0.1773,0.111,0.8113,-0.6322,-0.4854,1.428,1.597,2.51,49.0,Medium Potential Zone,Dense / Moderate Canopy,True
MOIL-UK-04,1200.0,500.0,21.972492,80.47485,0.0375,0.0609,0.0609,0.7192,0.1674,0.0769,0.8439,-0.8439,-0.6224,1.622,2.177,1.233,59.4,Medium Potential Zone,Dense / Moderate Canopy,True
MOIL-UK-04,1200.0,600.0,21.97339,80.47485,0.0249,0.118,0.0635,0.4805,0.2145,0.116,0.7664,-0.6057,-0.3827,2.547,1.849,2.304,67.8,Medium Potential Zone,Dense / Moderate Canopy,True
MOIL-UK-04,1200.0,700.0,21.974288,80.47485,0.1171,0.1266,0.1667,0.2702,0.287,0.325,0.2368,-0.3617,0.0301,1.423,0.883,1.822,56.9,Medium Potential Zone,Barren Soil & Country Rock,True
MOIL-UK-04,1200.0,800.0,21.975186,80.47485,0.022,0.0533,0.0389,0.7011,0.1969,0.0974,0.895,-0.8587,-0.5615,1.765,2.023,1.653,58.7,Medium Potential Zone,Dense / Moderate Canopy,True
MOIL-UK-04,1200.0,900.0,21.976085,80.47485,0.026,0.068,0.0427,0.6134,0.1808,0.0646,0.8698,-0.8005,-0.5446,1.643,2.799,1.886,70.4,Medium Potential Zone,Dense / Moderate Canopy,True
MOIL-UK-04,1200.0,1000.0,21.976983,80.47485,0.0407,0.0717,0.033,0.5033,0.1365,0.0942,0.8769,-0.7507,-0.5734,0.811,1.448,2.442,41.2,Low Potential / Barren,Dense / Moderate Canopy,True
MOIL-UK-04,1200.0,1100.0,21.977881,80.47485,0.1331,0.1251,0.2078,0.313,0.2887,0.266,0.2018,-0.429,-0.0402,1.562,1.086,1.524,65.4,Medium Potential Zone,Barren Soil & Country Rock,True
MOIL-UK-04,1200.0,1200.0,21.97878,80.47485,0.1007,0.156,0.181,0.2227,0.4147,0.3099,0.1035,-0.1761,0.3012,1.798,1.338,2.724,75.9,High Potential Exploration Zone,Barren Soil & Country Rock,True
